tree
version=v4
num_class=1
num_tree_per_iteration=1
label_index=0
max_feature_idx=126
objective=binary sigmoid:1
feature_names=recency_days region_recency_deviation recency_pct_of_tenure mean_gap_days zero_days_7d zero_days_14d rec_le7 rec_8_29 rec_ge30 span_days span_days__isna n_trx_7d n_trx_7d__isna n_trx_14d n_trx_14d__isna n_trx_30d n_trx_30d__isna n_trx_60d n_trx_60d__isna n_trx_90d n_trx_90d__isna n_trx_total n_trx_total__isna out_trx_cnt_7d out_trx_cnt_30d out_trx_cnt_90d active_days_7d active_days_7d__isna active_days_14d active_days_14d__isna active_days_30d active_days_30d__isna active_days_60d active_days_60d__isna active_days_90d active_days_90d__isna cnt_m1 cnt_m1__isna cnt_m2 cnt_m2__isna cnt_m3 cnt_m3__isna vel_ratio_7_30 vel_ratio_7_30__isna vel_ratio_14_60 vel_ratio_14_60__isna vel_ratio_30_90 vel_ratio_30_90__isna freq_recent_share_7d freq_recent_share_30d freq_momentum_7d_vs_30d freq_momentum_30d_vs_90d activity_drop_ratio momentum_ratio avg_trx_per_active_day_90d n_limit_7d n_limit_7d__isna n_limit_14d n_limit_14d__isna n_limit_30d n_limit_30d__isna total_amt_7d total_amt_7d__isna total_amt_30d total_amt_30d__isna total_amt_60d total_amt_60d__isna total_amt_90d total_amt_90d__isna avg_amt_7d avg_amt_7d__isna out_amt_std_30d n_salary_30d n_salary_30d__isna uniq_cp_30d uniq_cp_30d__isna recency_p2p recency_billpay n_weekend_7d n_weekend_7d__isna n_weekend_14d n_weekend_14d__isna n_weekend_90d n_weekend_90d__isna weekend_ratio_14d weekend_ratio_14d__isna weekend_ratio_30d weekend_ratio_30d__isna n_sunday_7d n_sunday_7d__isna active_days_mar active_days_mar_1_15 active_days_mar_16_31 n_trx_mar_16_31 total_amt_mar_1_15 total_amt_mar_16_31 late_march_share late_march_active_share march_second_half_drop last_balance mean_bal_7d max_bal_7d min_bal_7d std_bal_7d std_bal_7d__isna std_bal_14d std_bal_14d__isna balance_std_7d balance_first_90d last_bal_to_mean dec_cluster dec_latent_3 dec_latent_4 dec_latent_5 dec_latent_9 dec_prob_4 GENDER=Female GENDER=Male GENDER=Other REGION=Barishal REGION=Chattogram REGION=Dhaka REGION=Khulna REGION=Mymensingh REGION=Rajshahi REGION=Rangpur REGION=Sylhet
feature_infos=[0:4.5217885971069336] [-1:90] [0:4.1108736991882324] [0.21989504992961884:4.5217885971069336] [0:6] [0:13] [0:1] [0:0.69314718246459961] [0:0.69314718246459961] [0:91] [0:1] [0:35] [0:1] [0:63] [0:1] [0:126] [0:1] [0:244] [0:1] [0:360] [0:1] [0:370] [0:1] [0:39] [0:130] [0:370] [0:6] [0:1] [0:13] [0:1] [0:29] [0:1] [0:59] [0:1] [0:89] [0:1] [0:137] [0:1] [0:129] [0:1] [0:136] [0:1] [0:0.66666668653488159] [0:1] [0:0.60000002384185791] [0:1] [0:0.6428571343421936] [0:1] [0:0.37499994039535522] [0:0.74999982118606567] [0:4.2857050895690918] [0:2.2499983310699463] [0.09081818163394928:1] [0.083333335816860199:2.7059664726257324] [0:4.1744184494018555] [0:0.69314718246459961] [0:1] [0:1.0986123085021973] [0:1] [0:1.0986123085021973] [0:1] [0:13.546110153198242] [0:1] [0:14.689797401428223] [0:1] [0:15.305975914001465] [0:1] [0:15.675131797790527] [0:1] [0:11.113802909851074] [0:1] [0:11.154898643493652] [0:2.1972246170043945] [0:1] [0:116] [0:1] [0:91] [0:91] [0:13] [0:1] [0:20] [0:1] [0:95] [0:1] [0:1] [0:1] [0:1] [0:1] [0:2.1972246170043945] [0:1] [0:31] [0:15] [0:16] [0:74] [0:14.191494941711426] [0:14.199810028076172] [0:0.83333331346511841] [0:0.80000001192092896] [-24.000999450683594:23] [0:15.373227119445801] [0:15.34560489654541] [0:15.373227119445801] [0:15.314265251159668] [0:11.82155704498291] [0:1] [0:12.315423965454102] [0:1] [0:11.911970138549805] [0:13.122374534606934] [0:3.5729587078094482] [0:4] [-16.082473754882812:5.9756999015808105] [-14.768078804016113:3.7735135555267334] [-9.0940380096435547:4.4788112640380859] [-5.7307357788085938:21.129375457763672] [0.00018867959443014115:0.69242459535598755] [0:1] [0:1] [0:1] [0:1] [0:1] [0:1] [0:1] [0:1] [0:1] [0:1] [0:1]
tree_sizes=9725 10443 11511 11629 10157 10398 11988 13225 11709 11900 11530 11065 11819 9321 10738 9898 9850 9968 10668 11309 10950 10703 10000 10498 11831 11520 11251 10728 10185 11418 11020 11371 10865 9765 10391 11627 9070 10999 10430 9202 9764 11659 11425 9909 10311 9631 10552 11447 9750 8653 8536 9952 7755 10057 8836 8799 8471

Tree=0
num_leaves=92
num_cat=0
split_feature=97 107 21 2 1 1 92 52 52 30 21 1 1 13 48 98 107 48 107 51 13 40 46 1 52 51 23 1 2 13 82 24 82 2 76 105 23 40 107 107 9 115 86 105 107 74 54 54 1 99 115 46 77 105 102 109 53 5 105 71 51 51 77 113 9 65 52 9 92 115 94 92 115 82 105 102 21 30 105 51 54 82 46 107 105 3 11 2 69 5 48
split_gain=212376 14857.8 13163.9 1433.49 1158.08 1031.35 749.054 274.701 250.643 237.901 174.185 192.278 162.854 158.998 151.842 177.347 109.927 87.0793 74.0152 63.3663 59.5535 57.2156 49.0036 48.3344 44.8647 37.5841 35.8885 31.0479 26.1724 26.1249 21.611 21.4813 21.1698 19.9902 19.9214 19.8712 18.204 17.6784 18.3329 16.5747 15.8278 15.2749 13.3917 13.2828 12.2425 11.6613 12.2629 11.5504 11.072 13.4638 12.3993 10.399 14.3502 10.2016 11.1209 9.67446 11.9457 10.1298 9.50759 9.10235 8.84599 8.79782 8.57337 8.49361 7.95199 7.7287 7.63085 7.4827 7.33923 7.31817 9.90976 7.21151 7.19112 6.20425 7.74051 6.13558 5.89611 5.7825 5.60386 5.58949 5.54383 4.10244 3.97066 3.02502 2.39488 2.28627 1.83539 1.56576 1.53061 0.52602 0.404713
threshold=0.080128207802772536 0.90531492233276378 19.500000000000004 2.0669869184494023 5.5000000000000009 20.500000000000004 1.5000000000000002 0.83390802145004284 0.83390802145004284 2.5000000000000004 16.500000000000004 25.500000000000004 10.500000000000002 1.5000000000000002 0.019607842899858955 11.500000000000002 0.14130328595638278 0.019607842899858955 1.3767713308334353 0.74999958276748668 1.5000000000000002 1.5000000000000002 0.15412896126508716 3.5000000000000004 0.84654632210731517 0.66666650772094738 1.5000000000000002 17.500000000000004 1.7814815044403078 2.5000000000000004 1.5000000000000002 8.5000000000000018 2.5000000000000004 0.094748698174953475 54.500000000000007 7.6261699199676523 1.5000000000000002 3.5000000000000004 1.0392531752586367 0.4516549706459046 76.500000000000014 0.000579798739636317 0.16594202816486361 7.0674781799316415 5.433460235595704 5.5000000000000009 1.2110323309898379 1.0895721316337588 1.5000000000000002 10.703652858734133 0.00042013720667455351 0.22866480052471164 15.500000000000002 1.4299196600914004 10.272866725921633 0.004314481746405364 1.2441734671592715 4.5000000000000009 1.9299011230468752 7.4484684467315683 1.7999991774559023 0.59999975562095653 17.500000000000004 -7.1695644855499259 76.500000000000014 10.383899688720705 0.61433240771293651 61.500000000000007 2.5000000000000004 0.00056355344713665556 6.4727637767791757 1.5000000000000002 0.00045201103785075253 2.5000000000000004 5.5591962337493905 10.832940578460695 31.500000000000004 2.5000000000000004 6.5826220512390146 1.1999995112419131 1.1123737096786501 1.5000000000000002 0.3629883229732514 1.4367581605911257 2.197242379188538 1.5062947273254397 2.5000000000000004 0.43565997481346136 5.5839724540710458 4.5000000000000009 0.027027026750147346
decision_type=2 2 2 2 2 2 2 2 2 2 2 2 2 2 2 2 2 2 2 2 2 2 2 2 2 2 2 2 2 2 2 2 2 2 2 2 2 2 2 2 2 2 2 2 2 2 2 2 2 2 2 2 2 2 2 2 2 2 2 2 2 2 2 2 2 2 2 2 2 2 2 2 2 2 2 2 2 2 2 2 2 2 2 2 2 2 2 2 2 2 2
left_child=1 16 4 6 13 7 9 27 25 -4 11 77 20 23 15 24 -1 22 -13 -18 32 89 76 48 29 -5 33 34 -9 -8 41 -24 37 73 47 65 68 38 -6 -28 44 79 60 -42 -35 46 -19 -3 63 50 -50 52 58 -25 67 57 -57 -32 -23 -39 -41 -36 -43 71 -44 -34 -65 -55 87 72 -71 -2 -53 74 -15 -56 -11 83 -75 -22 -63 -51 -29 -7 -54 -70 -38 -16 -47 -14 -88
right_child=2 5 3 8 12 10 14 28 -10 17 -12 18 21 26 36 -17 19 45 -20 -21 30 51 31 53 -26 -27 39 82 -30 -31 55 -33 35 40 61 -37 86 59 -40 42 43 62 64 -45 -46 88 -48 -49 49 81 -52 69 84 54 75 56 -58 -59 -60 -61 -62 80 -64 66 -66 -67 -68 -69 85 70 -72 -73 -74 78 -76 -77 -78 -79 -80 -81 -82 -83 -84 -85 -86 -87 90 -89 -90 -91 -92
leaf_value=-1.5357704962339533 -1.8958896019960838 -1.7601489852570442 -1.7227968384820873 -1.7725861345980318 -1.7906732923900153 -1.7008087227029576 -1.956072396122583 -1.7602053224673413 -1.5969357098948824 -1.7902252126768472 -1.5830458424758937 -1.6421518936754724 -1.7816959680134998 -1.8966400474651395 -1.9812949169370357 -1.8222423791132585 -1.5930027758223146 -1.9061473089874563 -1.692411233940009 -1.7549916813341393 -1.8141955945857779 -1.8345344923238311 -1.8825505350541765 -1.908914989709622 -1.8735728303353341 -1.8887801538179392 -1.9708396972937998 -1.7631421955861357 -1.6170673869861871 -1.9778044944792761 -1.831309324613704 -1.9381708771935227 -1.8672892959944625 -1.8847884833439006 -1.7868685057797147 -1.9297247817163503 -1.9850625058502702 -1.8866725271754741 -1.843268983985767 -1.9163651477007646 -1.906053190464061 -1.8524023613164959 -1.9393641025801249 -1.9307419537580033 -1.9189145755661987 -1.9478807453355858 -1.9540279052710001 -1.8054769801429178 -1.9238170811345159 -1.8853832469599858 -1.8886253371445896 -1.8521869602689809 -1.8022101512928506 -1.8988705072807432 -1.9188619592794567 -1.8839332005394425 -1.9146149025915262 -1.8914490884883859 -1.899599214135675 -1.848496023339063 -1.8830818897585282 -1.8101289658631856 -1.9054609396011677 -1.9541808610710965 -1.9239750001246831 -1.8341327104123546 -1.9057489987547047 -1.8580058024752104 -1.9828086599271497 -1.8557891707974263 -1.8261879082226957 -1.9145669163304397 -1.9017040443558393 -1.9485482041732152 -1.9404675528603643 -1.8776894540115989 -1.8568895890148092 -1.7909981065422687 -1.9119804379705381 -1.8673066477118747 -1.8457993765356528 -1.837383072581066 -1.8112939123651397 -1.735974937812693 -1.8400838519071692 -1.9644168242848694 -1.9707796388453949 -1.9693296072246784 -1.9764352649521089 -1.8377578148580256 -1.9867750283866992
leaf_weight=2698.9408448040485 246.87797218561172 84.359199464321136 17.713217735290527 14.945527464151384 21.809399336576462 72.845607936382294 265.25543558597565 11.181468695402144 21.255861282348633 11.845714360475542 39.411909461021423 136.61319178342819 81.923632025718689 23.137890666723251 68.085180670022964 20.81303083896637 74.838344931602478 24.798504829406738 577.56160578131676 12.620667636394499 19.48453950881958 16.052603572607044 55.243097811937332 18.045340567827225 11.513591527938841 15.056235074996946 16.827556848526001 232.48598277568817 30.333885371685028 313.9667843580246 11.513591527938841 24.023551553487778 180.01057523488998 136.72389939427376 75.83471342921257 11.402883917093275 4367.5259554684162 44.615167170763016 303.44956132769585 210.56587582826614 352.82515576481819 12.06712958216667 109.7112423479557 63.324753403663635 34.872897416353226 11.181468695402144 25.684165716171265 51.257623821496964 29.780347317457199 14.502697020769121 210.23375299572945 45.057997614145279 82.255754858255386 16.384726405143738 16.495434015989304 63.767583847045898 68.638718724250793 25.462750494480133 11.956421971321104 34.430066972970963 21.366568893194199 118.23572838306427 24.577089607715607 13.617036134004595 338.5438739657402 27.455487489700317 16.05260357260704 169.2719369828701 1494.3313311934471 66.535274118185043 136.72389939427376 72.734900325536728 12.288544803857802 42.622430175542831 15.609773129224775 24.355674386024475 15.609773129224775 19.041709065437317 12.177837193012236 17.934632956981659 34.097944140434265 16.05260357260704 23.69142872095108 276.87973472476006 25.905580937862396 31.551669090986252 26.016288548707962 210.67658343911171 21.809399336576462 11.070761084556578 22688.5284743011
leaf_count=24379 2230 762 160 135 197 658 2396 101 192 107 356 1234 740 209 615 188 676 224 5217 114 176 145 499 163 104 136 152 2100 274 2836 104 217 1626 1235 685 103 39451 403 2741 1902 3187 109 991 572 315 101 232 463 269 131 1899 407 743 148 149 576 620 230 108 311 193 1068 222 123 3058 248 145 1529 13498 601 1235 657 111 385 141 220 141 172 110 162 308 145 214 2501 234 285 235 1903 197 100 204941
internal_value=-1.92977 -1.61018 -1.97357 -1.9845 -1.88327 -1.72315 -1.98496 -1.77344 -1.72397 -1.89064 -1.69377 -1.69829 -1.84682 -1.90536 -1.98562 -1.96081 -1.53802 -1.90782 -1.6822 -1.61293 -1.86013 -1.82358 -1.87817 -1.88856 -1.96597 -1.82585 -1.91594 -1.78251 -1.64813 -1.96796 -1.88175 -1.89938 -1.85183 -1.90779 -1.79419 -1.86571 -1.98615 -1.84461 -1.83909 -1.92396 -1.90438 -1.85893 -1.92269 -1.90982 -1.89151 -1.94584 -1.93031 -1.77566 -1.89617 -1.88838 -1.89289 -1.83275 -1.819 -1.86963 -1.8667 -1.89232 -1.89942 -1.86936 -1.85903 -1.86872 -1.91298 -1.80618 -1.88537 -1.90239 -1.92778 -1.8622 -1.92841 -1.86128 -1.98098 -1.84057 -1.83522 -1.90002 -1.86164 -1.92937 -1.91429 -1.8931 -1.82205 -1.73034 -1.93999 -1.83601 -1.81715 -1.85671 -1.76684 -1.72768 -1.80984 -1.98247 -1.98649 -1.97255 -1.96826 -1.7867 -1.98676
internal_weight=37926.8 4570.23 33356.5 29757.4 3599.1 1783.83 29706.2 661.478 51.2576 207.909 1122.35 1082.94 1356.39 2242.71 29498.3 611.549 2786.4 190.196 714.175 87.459 866.619 489.77 106.722 864.405 590.736 30.0018 1378.31 619.963 41.5154 579.222 243.446 79.2666 623.173 681.295 363.785 218.869 28886.7 404.304 325.259 697.015 587.747 74.0634 680.188 416.15 171.597 83.4735 50.4827 135.617 619.852 270.569 240.014 396.776 136.17 244.553 226.508 169.383 132.406 36.9763 28.009 79.0452 231.932 228.168 36.6442 349.283 448.255 207.466 29.6696 185.657 1804.64 260.606 203.259 319.613 57.3465 93.5479 38.7477 40.8511 27.4555 368.767 54.8003 37.4192 152.334 30.5553 256.177 349.725 108.161 1525.88 27082.1 278.762 32.9909 92.9944 22714.5
internal_count=342585 41282 301303 268793 32510 16113 268330 5975 463 1878 10138 9782 12252 20258 266452 5524 25169 1718 6451 790 7828 4424 964 7808 5336 271 12450 5600 375 5232 2199 716 5629 6154 3286 1977 260928 3652 2938 6296 5309 669 6144 3759 1550 754 456 1225 5599 2444 2168 3584 1230 2209 2046 1530 1196 334 253 714 2095 2061 331 3155 4049 1874 268 1677 16301 2354 1836 2887 518 845 350 369 248 3331 495 338 1376 276 2314 3159 977 13783 244627 2518 298 840 205176
is_linear=0
shrinkage=1


Tree=1
num_leaves=97
num_cat=0
split_feature=0 34 103 44 36 42 0 52 93 93 92 103 90 13 49 19 103 2 0 48 0 0 2 2 74 34 49 98 93 105 49 21 21 105 13 112 114 34 111 93 11 49 0 53 111 113 0 19 76 44 46 2 108 67 112 111 77 98 53 95 113 112 2 69 67 94 114 34 108 34 44 94 97 93 46 65 108 100 32 113 36 65 49 90 34 111 24 2 49 49 49 32 114 74 48 0
split_gain=157559 11338.2 7783.59 1090.22 866.124 746.803 650.666 198.299 146.76 144.731 130.726 122.935 92.5943 88.2686 86.669 72.7936 69.1362 65.7571 52.6215 47.8242 37.1203 30.7439 30.0024 27.8087 25.5311 24.9202 24.7891 24.7404 21.7164 21.5391 21.1201 19.1203 15.3776 15.301 15.256 14.945 14.3988 15.2955 13.7831 13.6955 13.2629 12.2056 12.1347 12.05 13.1277 11.9949 11.4568 11.1309 11.0411 10.8352 11.4582 14.0062 10.9735 9.86567 9.15838 15.7733 8.97779 8.95236 8.79507 10.7371 8.77574 8.574 8.3335 8.93615 9.17298 8.22081 7.90887 7.82746 11.303 7.66673 6.87809 6.8739 6.84539 6.40431 6.23389 6.1807 6.08952 5.90933 13.7262 5.42957 4.87352 4.44577 3.93212 3.39911 3.1168 2.94018 2.83926 2.84305 2.09746 1.9848 1.97167 1.07443 0.68345 0.25507 0.236049 0.0921056
threshold=2.7403194904327397 17.500000000000004 0.5159914791584016 0.067041199654340758 25.500000000000004 0.090097405016422286 3.113268375396729 0.83390802145004284 1.5000000000000002 1.5000000000000002 1.5000000000000002 1.2203990221023562 3.5000000000000004 1.5000000000000002 0.2070197016000748 15.500000000000002 0.10116358101367952 1.3963115811347964 3.3140207529067998 0.019607842899858955 2.3502402305603032 2.9174053668975835 1.5788814425468447 0.094748698174953475 1.5000000000000002 13.500000000000002 0.10749299451708795 10.500000000000002 2.5000000000000004 5.4655697345733651 0.2623532116413117 42.500000000000007 9.5000000000000018 2.3236738443374638 1.5000000000000002 -6.4667758941650382 3.2981952428817753 14.500000000000002 -8.2684550285339338 2.5000000000000004 1.5000000000000002 0.18936583399772647 1.7005987167358401 0.57247900962829601 -8.3617119789123517 -7.1946833133697501 1.7005987167358401 17.500000000000004 15.500000000000002 0.074271079152822508 0.29933090507984167 1.0896198153495791 7.0357351303100595 10.131567001342775 -6.5864269733428946 -15.173142433166502 17.500000000000004 1.5000000000000002 0.87456294894218456 9.2450251579284686 -7.1516027450561515 -0.39008176326751703 0.48150750994682318 7.1678857803344735 10.069855690002443 7.9292075634002694 3.2704727649688725 10.500000000000002 8.1584072113037127 11.500000000000002 0.4220647811889649 6.7007434368133554 0.32575757801532751 2.5000000000000004 0.43920916318893438 9.8857212066650408 9.3551845550537127 9.1820554733276385 3.5000000000000004 -8.7077040672302228 33.500000000000007 9.3216023445129412 0.28552378714084631 4.5000000000000009 6.5000000000000009 -14.798714637756346 9.5000000000000018 1.4058027267456057 0.25431162118911749 0.25681874155998236 0.09090908989310266 4.5000000000000009 3.1586830615997319 2.5000000000000004 0.19999998062849048 1.4978661537170412
decision_type=2 2 2 2 2 2 2 2 2 2 2 2 2 2 2 2 2 2 2 2 2 2 2 2 2 2 2 2 2 2 2 2 2 2 2 2 2 2 2 2 2 2 2 2 2 2 2 2 2 2 2 2 2 2 2 2 2 2 2 2 2 2 2 2 2 2 2 2 2 2 2 2 2 2 2 2 2 2 2 2 2 2 2 2 2 2 2 2 2 2 2 2 2 2 2 2
left_child=1 5 -2 4 10 8 7 21 16 -5 12 26 -3 42 -6 18 -1 79 90 27 43 48 86 45 33 -9 -8 39 46 49 -19 41 34 -22 -31 -26 66 84 47 72 73 -24 54 71 -45 67 57 -30 88 81 51 -51 -52 -36 55 -7 69 -25 59 -56 -60 76 77 64 -64 -48 89 70 -69 -50 -15 -18 -11 83 -58 -63 -34 78 -44 -14 -41 -10 -57 -21 -38 94 87 -12 -4 -23 -13 -79 -92 -88 -47 -75
right_child=2 3 6 9 14 13 11 25 29 19 22 15 17 23 -16 -17 20 30 -20 40 24 36 31 28 35 -27 -28 -29 38 32 -32 -33 61 -35 53 -37 37 -39 -40 80 -42 -43 62 44 -46 85 65 -49 56 50 52 -53 -54 -55 58 82 74 -59 60 -61 -62 75 63 -65 -66 -67 -68 68 -70 -71 -72 -73 -74 95 -76 -77 -78 91 -80 -81 -82 -83 -84 -85 -86 -87 93 -89 -90 -91 92 -93 -94 -95 -96 -97
leaf_value=0.1929236784085 0.2821645520863626 0.15772282785116643 0.042247865709034577 0.08039649741431934 0.2450530300440332 0.042704500127380522 0.24188607287197886 0.12894117679411693 0.053084807102760229 -0.027795450035230873 -0.033718930520754725 0.11570522390450243 -0.0046632127430268856 0.001003208452055289 0.085289705966999224 0.25110876290830808 0.069714954513797583 0.065919506131575406 0.18383683279475785 -0.016208037123048965 0.10585548066328952 0.13289292780507245 0.028237742879645603 0.017429516083866944 0.031367082534398232 0.2387709314267728 0.18856016852583116 0.01320886317923633 0.011373962229284411 0.084327186796322284 0.0032016130789815434 0.051838819636167446 0.052855250698586258 0.076959934599737448 0.019367041782994542 0.075988923995349011 0.14761878934415318 0.19988149046739428 -0.036311252363590306 -0.046610803315635677 -0.056469702537775335 -0.022173076585225035 0.020533965624569616 0.046086480688667476 0.069312756024670019 -0.044661029066941763 0.030557477885187131 -0.028981519378742888 0.10091336566164713 0.064881687260581716 0.059439727994517411 0.006819556214875443 0.034456581868733439 0.070417289115579276 0.040499240690600423 -0.032786059289054585 0.1203560326284695 0.045094221717142745 0.027283854434312416 -0.0016297317069481885 -0.01016015018355799 0.013373404762116166 0.020371451483956277 -0.0045129855404630248 0.073511429278091914 0.072063784761996832 0.068092597261840582 -0.030870070832597653 0.004571615791215118 0.052419448214109481 0.023030883974286806 0.11304206138387876 0.011705271564410853 -0.054286776923622285 0.069529919246978031 -0.022323045758462674 0.01231147887198835 0.044463449290940343 0.081039113861540168 -0.034599070788912931 -0.010403712747093407 0.10182992649142869 0.003996357143342736 -0.043996639987125018 0.12541620183819766 -0.0055090731529893536 -0.027164699882851685 -0.010394530618445842 0.086242477834267584 0.08003678656369112 0.10661366691740631 0.017846205984270433 0.16061942598706586 -0.047382090461734909 -0.023275110865244891 -0.05111718594607393
leaf_weight=11.949640102684496 3678.9630641341209 12.031834565103052 12.212044715881349 18.205453380942345 39.685025446116924 17.224933043122292 128.58521719276905 13.309077598154543 17.663552783429623 49.451574742794037 90.819948777556419 24.154555112123489 45.020201705396175 107.05332113057375 13.720761269330977 40.031347677111626 75.151315927505493 58.552566945552826 714.63169404864311 15.561574652791021 169.70306877791882 25.806876711547375 14.010513737797735 351.01004767417908 24.008312374353409 45.990662172436714 78.291245363652706 20.003026179969311 531.38452044129372 18.743609644472599 17.930088885128498 13.37816199660301 17.760161995887756 101.73165868222713 45.649671576917171 291.40173214673996 115.56456913053989 15.249882839620112 14.95367596298456 398.64246103912592 25049.260827578604 51.349538519978523 14.169332168996332 161.95315431058407 126.518165551126 14.051969692111017 52.785807341337204 16.120862476527691 71.259225219488144 134.12015622854233 65.77944653481245 12.075752004981039 183.88700310140848 11.600951284170149 264.01513800770044 14.559257850050928 279.38166660070419 31.933336950838566 290.69593647867441 15.434431374073027 15.39467481523752 34.11283141374588 23.816841349005699 13.484206937253473 13.182271614670752 17.235234580934048 21.624632075428963 36.256095014512539 53.906836144626141 16.379759646952152 52.363692797720432 17.090914189815521 12.659049719572065 1403.7336524948478 14.373727373778818 16.849047958850861 21.776369176805019 11.491534806787969 41.923801310360432 22.577636636793613 11.261565513908861 16.193622060120106 11.947282984852789 160.27235980331898 211.51800163090229 11.948145531117914 11.777965299785135 18.742777831852436 11.861284852027891 13.871746599674223 13.780972242355345 12.759964786469935 331.97067748010159 60.734039045870304 11.620924629271029 899.63750281184912
leaf_count=99 25289 96 101 154 307 152 947 106 150 452 847 189 408 966 119 284 642 505 5427 145 1410 207 127 3128 204 336 592 172 4753 161 161 119 156 860 401 2466 932 123 134 3713 236144 472 122 1391 1081 127 469 148 589 1159 573 104 1598 102 2323 129 2293 285 2561 136 139 299 206 117 114 153 174 328 487 136 472 146 115 13201 119 148 191 100 361 204 104 137 106 1496 1704 108 110 172 100 113 108 111 2604 567 105 8459
internal_value=-0.000324744 -0.043851 0.237641 -0.0544591 0.0209618 0.0392542 0.163036 0.12884 0.0651608 -0.0557257 -0.00358554 0.185162 0.0323904 0.0194262 0.207641 0.177857 0.0771158 0.0203382 0.174801 -0.0558188 0.0753788 0.121896 -0.0252195 0.0114918 0.0835478 0.218075 0.223256 -0.0400192 0.0153734 0.0453592 0.051689 0.000466254 0.0294894 0.0955448 0.0459746 0.0727885 0.132866 0.137756 0.00874687 -0.0423307 -0.0560986 -0.0108264 0.0329613 0.0624823 0.0566134 -0.00220591 0.0235237 0.0100916 0.110502 0.0513607 0.0485922 0.0602714 0.0413944 0.0314156 0.0298888 0.00722637 0.112875 0.0199294 0.0315415 0.0381405 0.0253278 0.0150136 0.0471582 0.0293831 0.0416907 0.0422109 0.102762 0.00178109 -0.00984296 0.0929966 0.00844802 0.0795298 -0.0195012 -0.052313 0.118269 0.00107999 0.0320341 0.0574615 0.0668618 -0.0153405 -0.0456819 0.080013 -0.016524 -0.0417516 0.133929 -0.0279656 -0.0362948 -0.0300132 0.0681028 0.118246 0.156646 0.0327024 0.158965 -0.0448504 -0.0371678 -0.0530872
internal_weight=38026.3 32147.5 5878.81 28509 470.331 3638.44 2199.85 868.403 1575.72 28038.7 416.925 1331.45 156.112 2062.72 53.4058 1124.57 979.508 144.08 1084.54 28020.5 967.558 809.103 260.813 1302.62 586.845 59.2997 206.876 492.018 1015.42 596.212 76.4827 78.7382 166.493 271.435 75.9942 315.41 403.636 342.332 562.459 472.015 27528.5 65.3601 760.1 380.714 288.471 287.201 452.964 547.505 405.468 429.72 395.862 146.196 249.666 57.2506 629.272 43.7315 381.394 382.943 585.54 279.45 306.091 90.4984 130.828 50.4833 36.9991 70.021 61.3033 249.58 90.1629 87.639 159.417 92.2422 62.1106 2479.21 293.755 50.9619 39.5365 80.3446 56.0931 67.5978 409.904 33.8572 26.5065 175.834 327.083 37.621 182.075 109.563 24.0733 39.6786 369.906 24.2515 345.752 72.512 25.6729 2303.37
internal_count=342660 300187 42473 268369 4214 31818 17184 7033 13478 264155 3788 10151 1374 18340 426 8612 8299 1278 8328 264001 8200 6591 2414 11663 4940 442 1539 4556 9070 5179 666 718 1458 2270 664 2670 3253 2759 5035 4384 259445 599 6677 3260 2472 2593 4035 4901 3338 3721 3434 1263 2171 503 5546 387 3137 3413 5159 2459 2700 794 1131 437 320 622 494 2253 815 725 1438 788 567 23301 2412 447 347 694 483 612 3817 287 235 1641 2636 340 1696 1019 201 320 2901 211 2712 677 232 21660
is_linear=0
shrinkage=0.05


Tree=2
num_leaves=107
num_cat=0
split_feature=0 19 46 44 105 36 0 0 13 105 115 13 13 21 0 52 53 48 2 19 98 36 102 104 92 52 9 50 82 82 0 108 24 112 49 54 2 100 100 86 11 102 105 54 65 46 92 100 74 98 9 61 114 49 2 2 92 21 17 105 3 96 115 54 44 101 115 101 49 82 2 54 9 53 114 5 46 101 112 105 49 52 114 67 63 52 53 63 13 96 82 86 49 94 97 114 44 36 49 105 112 0 0 94 94 11
split_gain=126123 9331.97 4857.81 728.594 650.401 588.302 527.098 475.244 128.348 96.0744 88.3817 82.8747 72.5921 58.6568 66.0191 56.18 52.5078 46.9766 40.8318 38.1487 35.9632 34.8696 29.466 27.5665 25.8344 21.2128 19.5449 18.6225 19.3525 18.5975 17.7393 21.1966 17.1868 16.3761 16.2867 17.7119 15.163 12.9985 12.9936 12.9342 12.7306 12.7 11.6541 11.622 22.5116 13.6473 11.3872 10.8363 10.8035 10.409 11.4945 10.725 9.79083 13.1666 9.78067 9.74672 9.68995 9.59823 9.58178 9.3993 9.11442 12.2443 14.781 9.17947 9.82704 9.08199 8.93786 15.508 10.9759 9.60278 9.49846 8.85659 8.84977 8.53305 7.93018 7.70813 8.37785 9.79609 7.54908 7.00732 6.99721 6.91051 6.08906 6.02694 5.48326 5.14452 6.81725 5.23223 4.67812 4.41682 3.91359 3.67138 3.58096 3.45631 3.34637 3.02726 2.80384 2.62334 2.23381 2.04405 1.93886 1.63539 1.42683 0.669489 0.497436 0.0376479
threshold=2.6020033359527592 19.500000000000004 0.064968343824148192 0.067041199654340758 1.6028159856796267 24.500000000000004 2.9700856208801274 1.8688348531723025 1.5000000000000002 1.4524544477462771 0.0006842157745268197 1.5000000000000002 1.5000000000000002 15.500000000000002 3.1567740440368657 0.87428161501884472 0.59290647506713878 0.019607842899858955 1.4883010387420657 15.500000000000002 10.500000000000002 18.500000000000004 0.65492260456085216 1.0000000180025095e-35 1.5000000000000002 0.73487392067909252 83.500000000000014 1.4285699129104616 4.5000000000000009 1.5000000000000002 2.3502402305603032 4.910151720046998 1.5000000000000002 -0.34643369913101191 0.2070197016000748 1.0971675515174868 0.28908464312553411 4.5762476921081552 1.0197493433952334 0.12390350922942163 1.5000000000000002 0.65492260456085216 1.5090739130973818 1.1310068368911745 9.6597313880920428 0.1673669517040253 1.5000000000000002 9.3991327285766619 1.5000000000000002 1.5000000000000002 89.500000000000014 6.2266058921813974 3.3354965448379521 0.39999996125698095 0.33729255199432379 0.65370419621467601 2.5000000000000004 30.500000000000004 3.5000000000000004 1.4299196600914004 1.9685453772544863 0.56903558969497692 0.00056500907521694909 1.1076254248619082 0.36023256182670599 2.8234599828720097 0.0005700385372620077 2.6751825809478764 0.19538705796003344 1.0000000180025095e-35 0.1708868891000748 1.1310068368911745 78.500000000000014 1.199099123477936 -4.5993375778198233 5.5000000000000009 0.10042016953229906 8.699440002441408 -0.30067282915115351 1.3408487439155581 0.49999992549419409 0.72713786363601696 3.3099960088729863 10.006258487701418 8.3116230964660662 0.52803984284400951 0.99640288949012767 8.070960998535158 2.5000000000000004 0.18834459781646731 1.5000000000000002 0.58578431606292736 0.10749299451708795 8.0216274261474627 0.28174604475498205 3.2476881742477421 0.1179633140563965 7.5000000000000009 0.26656685769557958 1.7668303847312929 -0.33093583583831782 3.3497501611709599 3.4175922870635991 10.762464523315431 5.364760398864747 3.5000000000000004
decision_type=2 2 2 2 2 2 2 2 2 2 2 2 2 2 2 2 2 2 2 2 2 2 2 2 2 2 2 2 2 2 2 2 2 2 2 2 2 2 2 2 2 2 2 2 2 2 2 2 2 2 2 2 2 2 2 2 2 2 2 2 2 2 2 2 2 2 2 2 2 2 2 2 2 2 2 2 2 2 2 2 2 2 2 2 2 2 2 2 2 2 2 2 2 2 2 2 2 2 2 2 2 2 2 2 2 2
left_child=1 7 4 5 79 15 10 11 26 22 24 36 30 14 41 18 -7 20 46 23 56 34 -8 102 32 89 -5 28 49 37 43 -32 78 42 99 80 66 38 -14 58 88 -11 -34 45 81 92 57 -27 74 50 -13 -51 65 -54 91 -50 94 -3 -29 -47 61 62 -31 64 -62 -41 67 90 -69 70 -68 -26 -65 -71 -33 76 -38 -78 100 -2 -36 -45 -77 -60 -40 87 -87 -39 103 -20 -1 -30 -9 -35 -10 -56 -58 -48 -37 -12 -4 -16 -6 -19 -90 -42
right_child=2 3 6 8 19 16 9 12 17 13 21 27 29 -15 101 -17 -18 40 25 -21 -22 -23 -24 -25 71 47 -28 39 54 60 31 48 33 93 35 98 75 85 84 52 105 -43 -44 44 -46 59 97 -49 55 51 -52 -53 53 -55 95 -57 96 -59 83 -61 63 -63 -64 72 -66 -67 69 68 -70 73 -72 -73 -74 -75 -76 82 77 -79 -80 -81 -82 -83 -84 -85 -86 86 -88 -89 104 -91 -92 -93 -94 -95 -96 -97 -98 -99 -100 -101 -102 -103 -104 -105 -106 -107
leaf_value=0.006908944376874851 0.22485675065954758 0.011799154805375266 0.10015294063946567 0.078347383370287182 0.14291941977738948 0.19532923966170757 0.14537305822591784 0.10291588687295423 -0.033537181990792815 0.086925809676204613 0.13500781806870091 0.020107313544891692 0.023060196135216881 0.19579115283690279 0.14501419723720951 0.085474494183885988 0.069198108039281975 -0.047348929494923947 -0.0013543315430252214 0.22057373799206736 0.025897812857847088 0.19221531653096846 0.20092852059023231 0.22076660981401286 0.055640392405868155 0.013035739706544508 0.00076652879572838405 0.048269923591941995 -0.032817945581577121 -0.0099441749225884241 0.12468867657744515 0.032410064979196566 0.10309774105511889 0.077814815706838056 0.11004515494158128 0.054228454383063278 0.011820249705206745 -0.0022503198150176551 0.10367156821529554 -0.016650863060480119 -0.055233479538755605 0.12337121343114257 0.053675827889194651 0.064811905113661028 -0.0040266352970923062 0.022181030247984838 -0.0086853459018707956 0.057531746647572039 0.094884747888088247 0.076853463283600321 -0.016212333138658434 0.016717095062661707 0.029135100152907319 -0.0029874947124302227 0.033997018249573789 0.056489509635554207 -0.038448590730480701 -0.024589897221303884 0.017300527462610262 0.056255246250168103 0.021312642719378366 0.075040461248744791 0.044645002527654631 0.022142655195387939 0.057254747779274931 0.00091635326794805108 0.038177529841651327 -0.0029584796350426417 0.032529981265533185 0.039647080743418675 -0.013492208971485726 0.0052191766545446943 -0.020366791656200329 0.020057591299825001 0.080703151233778178 0.039784209455775842 0.052500188399167272 0.031180605256789895 0.071375946353231828 0.20315142574690201 0.060433729149009012 0.019496059132975897 -0.0028038842519012733 0.00080255058600013727 0.058117948725374916 0.018966548309924558 0.068819335997382089 0.037390947666883542 -0.031315042891102922 -0.0326113977570818 -0.023241905786120176 -0.0022998611261074546 0.068712591678004073 0.10096007815481417 -0.011969127468758538 0 -0.050074726846406049 -0.0368747596197877 0.083085525725436163 0.11082066679532956 0.14452790769770793 0.16927413879116815 0.17027398794103107 -0.034896444595989062 -0.053267624306130613 -0.056368280194595943
leaf_weight=16.71683619171381 3952.3574071675539 27.726674996316433 46.646192938089371 16.620876193046573 71.12290696054697 38.769297681748867 61.512089982628822 18.504623055458069 62.590432859957218 46.320396542549133 77.221377559006214 449.07505247741938 13.625132545828817 53.815870195627213 466.78660847246647 12.871950365602968 13.578067183494566 409.39016345143318 22.568161383271217 62.736853495240211 19.112462945282459 14.18771095573902 117.84889337420464 42.696301236748695 22.855096161365509 54.798950463533401 15.238943621516226 17.650191083550453 26.881525106728077 16.19679468870163 18.570613794028759 12.537140786647795 15.327121719717978 108.91693171858788 197.20845104753971 25.232146814465523 23.273109100759029 14.632824689149858 22.150712683796883 102.94162363559008 6215.9047309756279 322.42916421592236 112.59425464272499 38.939740717411041 23.32053168118 25.576449126005173 10.88385298848152 17.841589979827404 21.497436337172985 15.045755192637445 21.507172517478466 16.335233174264431 57.779039040207863 67.450954973697662 11.35331227630377 241.11318641155958 126.84472574293613 45.974652171134949 146.56939197331667 304.81192018091679 101.83927408605814 21.279800668358803 42.686137415468693 25.084593959152699 23.935695335268974 245.2731454372406 12.328032322227953 27.657875292003155 89.699439831078053 178.4351496770978 23.246929682791233 14.809054866433142 21.117753706872463 92.126383483409882 181.57553592324257 12.605886712670328 162.18066596239805 99.295738197863102 25.528502769768238 215.94087651371956 14.625471659004686 13.622558198869227 19.314183428883553 90.745924443006516 23.690133512020111 13.805199652910231 18.432975612580776 16.112104296684265 12.170068077743052 22.95118336379528 24.54220050573349 16.598560899496078 86.048435412347317 62.231034725904465 30.645371660590172 12.327675238251684 226.7272577509284 146.99837776273489 60.290438108146191 134.40516390651464 17.285693153738976 78.615256413817406 691.01473188400269 39.76923194527626 1930.8281347304583 17781.585874810815
leaf_count=145 22903 245 352 137 474 263 411 150 590 333 552 3954 114 340 3227 100 109 3982 204 379 163 94 734 250 186 481 135 155 241 139 149 100 119 861 1480 195 198 125 184 926 61148 2337 891 320 191 211 104 157 173 130 193 142 518 606 100 1957 1215 421 1292 2507 872 182 366 214 205 2198 106 239 778 1535 199 129 181 800 1436 108 1373 845 195 1339 112 111 164 802 198 117 156 138 119 214 213 149 700 493 287 109 2195 1410 468 991 131 521 4539 387 18909 175062
internal_value=-0.000559842 -0.0445109 0.188842 -0.0542889 0.215489 0.0114015 0.124728 0.0330885 -0.0553036 0.147647 0.096829 0.0180244 0.0560516 0.140758 0.137192 -0.0114273 0.165638 -0.0554233 -0.0153719 0.17519 -0.0393296 0.110907 0.183295 0.171236 0.0791963 0.00841276 0.0432423 0.0102462 0.0170198 0.0369908 0.0632148 0.0705955 0.0831002 0.0762397 0.108062 0.0985589 0.0308826 0.0531588 0.0702801 0.00491607 -0.0557048 0.119191 0.0608009 0.0561413 0.0363887 0.0594277 -0.0275264 0.0250424 0.0679732 0.020392 0.01838 0.0480445 0 0.0119239 -0.00793268 0.0601915 -0.0422193 -0.010805 0.0139593 0.0537598 0.0288317 0.0429341 0.0295897 0.0218861 0.0288254 -0.00429754 0.0249154 0.0149332 0.0241504 0.029957 0.00496371 0.03703 0.00247372 0.033161 0.0779076 0.03945 0.0420925 0.0446661 0.10429 0.223808 0.107116 0.0541192 0.0147466 0.0110785 0.0829285 0.0355797 0.0495599 0.0189868 -0.0519222 -0.0178646 -0.0109781 -0.0218552 0.0762305 0.0870926 -0.0268554 0.0170121 -0.046112 -0.0350943 0.0757681 0.120581 0.115342 0.148984 0.16802 -0.0463884 -0.0531595 -0.0560782
internal_weight=37874.6 30742.1 7132.56 27302.4 5035.87 414.963 2096.69 3439.66 26887.4 1147.33 949.365 2078.96 1360.71 967.967 914.151 362.615 52.3474 26855.6 349.743 867.571 465.92 523.171 179.361 804.834 426.194 118.16 31.8598 1297.53 569.124 374.589 986.118 475.294 388.53 299.069 508.983 297.357 781.422 122.449 59.466 728.41 26389.6 368.75 127.921 510.824 75.8828 434.941 231.584 72.6405 456.723 501.963 470.582 31.381 473.445 125.23 67.1611 262.611 446.808 73.7013 254.966 330.388 252.14 80.1627 58.8829 171.977 125.775 348.215 464.753 158.616 117.357 306.136 35.575 37.6642 46.2023 270.562 194.113 316.67 284.75 261.476 89.4604 4168.3 211.834 52.5623 31.9201 237.315 45.8408 62.9831 32.2382 30.7449 2392.16 45.5193 41.259 43.4801 104.553 171.148 93.2358 23.681 353.572 157.882 85.5226 211.627 63.9319 545.402 762.138 449.159 1943 23997.5
internal_count=342487 297451 45036 268037 29884 3708 15152 29414 264329 7903 7249 18218 11196 6758 6418 3336 372 264057 3236 5642 4450 3892 1145 5263 3357 1056 272 11515 5018 3191 8005 3815 3042 2364 3798 2255 6703 1032 496 6497 259607 2670 1010 4190 622 3568 2180 638 3666 4419 4147 272 4248 1124 599 2130 4287 666 2249 2718 2159 687 505 1472 1077 3124 4015 1375 1017 2640 305 315 395 2335 1536 2688 2416 2218 678 24242 1592 431 272 2094 382 536 273 263 23397 418 358 390 850 1354 877 209 3410 1514 663 1543 483 3748 5013 4369 19028 236210
is_linear=0
shrinkage=0.05


Tree=3
num_leaves=108
num_cat=0
split_feature=0 19 103 0 44 36 0 115 93 52 103 13 93 93 93 48 53 19 0 2 15 34 67 49 65 49 0 112 80 113 49 0 74 107 107 76 93 2 93 113 77 107 26 115 21 94 113 115 86 113 99 44 114 77 49 107 71 0 2 112 61 61 99 115 82 76 65 65 2 52 71 53 105 107 86 53 17 3 77 105 101 77 76 77 2 111 94 111 63 74 21 111 3 93 94 113 19 67 54 46 3 90 95 94 49 19 94
split_gain=105773 8075.37 4889.23 687.627 565.34 399.61 291.411 146.266 113.381 99.1527 58.9401 51.7203 51.1755 50.6053 45.4015 44.8568 43.3315 33.3956 29.8593 28.6052 30.3989 27.1967 27.045 22.6237 18.8639 18.19 16.8049 14.8879 14.636 14.2812 14.0516 13.778 18.4085 20.3317 26.542 13.5212 13.4126 12.9765 12.8872 12.2856 11.9749 11.5345 11.0977 10.4744 10.3433 19.6163 10.2192 17.4709 9.96564 9.84956 10.4565 8.68028 8.61467 8.5659 8.5588 9.21818 8.46646 11.2228 8.45798 8.45607 8.39833 10.5405 8.75107 8.24865 8.05132 9.5745 7.88568 15.9867 7.92227 7.68804 7.64561 7.55764 7.33061 9.94643 7.27454 7.74442 7.22568 7.18161 7.1552 6.66124 6.63742 5.84202 9.8001 7.46044 5.73533 5.59444 6.72142 6.50277 5.56701 5.36824 5.31692 4.9314 4.87321 4.43665 4.20826 3.70165 5.53815 3.6845 3.40697 3.21696 3.00512 2.84179 2.66053 2.48792 1.14742 0.653052 0.214413
threshold=2.5249279737472539 19.500000000000004 0.48538140952587133 3.113268375396729 0.067041199654340758 24.500000000000004 1.7005987167358401 0.00076886598253622662 1.5000000000000002 0.83390802145004284 1.198858976364136 1.5000000000000002 1.5000000000000002 1.5000000000000002 1.5000000000000002 0.019607842899858955 0.58397436141967785 15.500000000000002 3.3140207529067998 0.98153895139694225 4.5000000000000009 17.500000000000004 12.984753608703615 0.19999998062849048 10.35757637023926 0.10749299451708795 2.1383330821990971 -6.6556015014648429 1.0000000180025095e-35 -7.1946833133697501 0.25931262969970709 2.2499048709869389 2.5000000000000004 1.8623130321502688 1.9040084481239321 12.500000000000002 2.5000000000000004 1.5964131355285647 2.5000000000000004 -8.790181636810301 17.500000000000004 0.98231628537178051 1.5000000000000002 0.00037056308065075433 7.5000000000000009 6.0648889541625985 -8.8880276679992658 0.00066512497141957294 0.12390350922942163 -7.2810890674591056 1.6124329566955569 0.19817744195461276 3.1586830615997319 22.500000000000004 0.49999992549419409 8.3232302665710467 7.2845258712768564 1.2424533367156985 0.81608760356903087 -0.28002038598060602 8.5371928215026873 7.1867382526397714 0.61247560381889354 0.00040617659396957611 2.5000000000000004 89.500000000000014 9.4643807411193865 8.5011582374572772 0.3832873553037644 0.76752376556396495 6.5152020454406747 1.6622806787490847 6.1196115016937265 2.2920839786529545 0.19920635223388675 0.85435608029365551 7.5000000000000009 1.9685453772544863 47.500000000000007 5.258277654647828 1.2570385336875918 71.500000000000014 55.500000000000007 90.500000000000014 0.64155811071395885 -8.3650555610656721 6.4727637767791757 -8.3719506263732892 7.6799979209899911 3.5000000000000004 19.500000000000004 -8.3970842361450178 2.3075603246688847 2.5000000000000004 8.0216274261474627 -8.8830614089965803 33.500000000000007 9.5863356590271014 1.242833733558655 0.2470233887434006 1.30061811208725 4.5000000000000009 7.3022301197052011 8.855194568634035 0.33131614327430731 21.500000000000004 9.2761416435241717
decision_type=2 2 2 2 2 2 2 2 2 2 2 2 2 2 2 2 2 2 2 2 2 2 2 2 2 2 2 2 2 2 2 2 2 2 2 2 2 2 2 2 2 2 2 2 2 2 2 2 2 2 2 2 2 2 2 2 2 2 2 2 2 2 2 2 2 2 2 2 2 2 2 2 2 2 2 2 2 2 2 2 2 2 2 2 2 2 2 2 2 2 2 2 2 2 2 2 2 2 2 2 2 2 2 2 2 2 2
left_child=1 6 104 7 5 13 14 12 -6 40 25 31 23 19 54 22 -7 18 52 53 -21 74 36 24 39 -5 27 -13 46 43 78 66 33 41 -35 59 48 95 49 -4 64 -33 93 -30 45 -29 47 51 -10 50 -28 -16 -12 -3 55 56 63 -58 -46 -34 61 -48 -62 -1 65 -9 67 68 -8 98 -69 77 73 -68 -14 -76 -37 -40 -23 -22 -45 82 -42 -83 -74 87 -87 -25 -49 -55 -11 -56 94 101 -31 96 -15 -73 -39 -54 -26 -17 -38 -97 -2 -95 -20
right_child=2 4 3 10 8 16 11 9 15 90 17 26 21 37 28 42 -18 -19 106 20 79 30 -24 85 100 -27 38 44 29 92 -32 32 35 34 -36 76 102 69 71 -41 81 -43 -44 80 58 -47 60 88 -50 -51 -52 -53 99 89 91 -57 57 -59 -60 -61 62 -63 -64 -65 -66 -67 72 70 -70 -71 -72 97 84 -75 75 -77 -78 -79 -80 -81 -82 83 -84 -85 -86 86 -88 -89 -90 -91 -92 -93 -94 105 -96 103 -98 -99 -100 -101 -102 -103 -104 -105 -106 -107 -108
leaf_value=-0.00074251999233257361 0.19037829932491723 -0.044194723231871624 0.061563819510712582 0.17099051844735677 0.067051441287915389 0.1644464346503626 0.026968310531505297 0.12192252457927455 0.021149169248321095 0.10706108576852438 0.067943064360922817 0.067980162536916619 0.025605714182536016 0.011644487567853717 0.010121138901509456 -0.018520213074715398 0.053978492670887883 0.17540061187979877 0.1338561158949827 0.085501546558456737 0.0018179589957323114 0.046339293112430631 0.016812528957295552 0.062085416774075954 0.089601052493880076 0.1324723356898351 0.017664561850314515 0.015884065658339653 0.046258565506411581 -0.033100307855948322 -0.031986210178035941 0.10962399898132874 0.035666607555600825 -0.018728504418046462 0.053651940766023309 0.060766660078619021 -0.026910587410952754 0 0.061829736790739331 0.093869818672461913 0.12226905300214529 0.067590006104501998 -0.055739089787023313 -0.015938855814846189 0.014075302370753343 0.083617741053225558 0.014682783020010574 0.02792024900129508 -0.028582555410063971 0.015041778484766746 0.064425113679015253 0.056534995321533124 0.12055540236172745 0.022076380731426992 0.019700326452753381 -0.010308500179118784 0.027657552929485737 0.058918999953814846 0.054825953628959458 -0.0078335373470353031 -0.0011693615121256202 -0.0026144775274524273 0.03541150495657585 0.028340552980895797 0.043731944463543865 0.065478231956293639 0.053451428551735139 0.040497558807259242 0.055301139725487572 0.022618550316860303 0.01706580252588907 -0.014812330296832772 0.04633896462674332 0.098561416814705136 0.032872739092052225 0.078145714655984203 0.029167757604876238 0.018440259511706015 -0.0017572004302759698 0.042932849651780403 0.0076392336541517142 0.058131670754728852 0.095847988634963216 0.094113066939263301 0.0031295544921875191 0.057758769923341086 0.084431935790193702 0.021762218948343279 -0.011659871713813053 -0.020815422204983017 0.16919463975080415 -0.017816911976526836 0.003328276137922716 -0.029735391509948979 -0.00036295773479795275 -0.024278648969129221 -0.036232262628085779 0.019206860383502458 -0.036427518153357284 0.1002969094428291 0.14347516415650766 -0.044920549998763493 -0.046391272383353215 -0.041271774916931458 0.13648228511689911 -0.052785316014994338 0.096494002812945165
leaf_weight=25.649933435022831 4890.8628784865141 17.488244652748108 71.125336967408657 157.63575741648674 17.758951596915722 35.957726448774338 36.83234341442585 14.305736541748045 11.632422424852846 16.506185159087181 17.688548639416695 16.971487499773502 18.951322369277477 10.588951267302038 14.334920838475226 15.434645608067511 14.630503691732882 48.135353699326515 895.16524884104729 18.050357736647129 41.822396524250507 16.492520585656166 19.703589975833893 175.52473570406437 18.957356132566929 89.385268434882164 15.956244103610514 29.335271924734116 15.630763210356234 35.554865814745426 14.271081507205961 22.304321952164173 23.159662045538425 13.34719745069742 108.36690746992826 67.299454376101494 28.79644038528204 12.440655909478666 17.444437943398952 88.099058292806149 93.665430046617985 222.60040491819382 22341.536068558693 29.816022641956806 231.60207548737526 16.691806450486183 314.57226844131947 12.242521442472933 42.522755794227123 17.28191053122282 94.117624647915363 47.341676607728004 347.9683558344841 12.618582561612131 17.53289707005024 13.150523126125334 72.431740075349808 55.576888889074326 12.465061642229555 19.041691027581692 20.606744974851608 120.26691298931837 67.620100229978561 309.13155549019575 25.325514614582062 37.767521478235722 108.91992004215717 64.306398913264275 148.73611724376678 16.299545176327229 87.451063632965088 12.328499153256418 21.181120432913303 16.503385998308659 17.851481258869171 39.19231192022562 32.956242933869362 24.957833148539066 12.697648219764234 11.687345653772352 585.00508014857769 25.685378476977348 176.1902429163456 469.64278757572174 12.744855239987372 58.088702790439129 100.18576760590076 13.649598658084868 23.434004232287407 13.593335710465906 55.849997118115425 14.630439244210718 22.030760705471039 11.456428609788416 14.247508183121679 41.658388338983059 10.542761765420435 16.966298207640648 12.772364526987074 93.690519273281097 21.989997051656246 159.79013202339411 347.5397287234664 109.70772821456194 19.563726082444191 2734.8160169199109 20.341269120573997
leaf_count=222 25308 161 513 893 138 219 296 101 109 110 117 143 148 103 122 150 111 261 5422 140 365 142 175 1336 132 542 130 248 139 321 132 165 183 103 838 528 285 117 142 639 639 1718 229706 268 1969 140 2724 106 401 142 778 412 2235 111 149 112 614 465 104 149 181 1050 593 2596 185 271 868 510 1179 144 701 104 171 133 138 305 261 207 110 102 5187 177 1211 3246 103 438 751 103 204 127 314 124 199 115 129 405 103 142 117 606 159 1597 3458 1077 115 27928 124
internal_value=-0.000554792 -0.0446943 0.158697 0.111048 -0.0540616 0.00644321 0.0284656 0.0872408 -0.0549555 0.100356 0.133496 0.0447068 0.0690522 -0.0138262 0.0150226 -0.0550441 0.135165 0.129077 0.127259 0.0127171 0.0319807 0.0384774 -0.0390346 0.0755801 0.089824 0.157977 0.0314476 0.0238305 0.0101107 0.00512916 0.00632446 0.0513124 0.0574005 0.0635202 0.0455022 0.041084 -0.0416634 -0.0281572 0.042882 0.0802102 0.0951559 0.0721028 -0.0553266 0.00755398 0.0208769 0.042522 0.0157074 0.0305959 -0.0174385 0.0525475 0.058065 0.0464022 0.115008 -0.0186209 0.0277226 0.0294067 0.0305865 0.0418326 0.0165194 0.0162149 0.0128378 0.00988328 0.0268793 0.0260892 0.0721352 0.084151 0.0448982 0.0400058 0.0499923 -0.00267425 0.0273593 0.0248516 0.0547229 0.0605605 0.0562582 0.0653539 0.0510608 0.0380212 0.0260283 0.0119057 0.00644357 0.0973257 0.105681 0.0924485 0.0312087 0.0669945 0.0753393 0.0594225 0.00223171 0 0.157618 0.00230398 -0.0157354 -0.0521422 -0.0242141 -0.0341564 -0.012618 0.00454126 -0.0197517 0.116634 0.122816 -0.0428286 -0.0450399 -0.0369445 0.190207 -0.0527091 0.133196
internal_weight=37616 29453.5 8162.45 3252.03 26110.8 379.859 3342.68 1582.02 25731 914.939 1670.01 1511.87 667.077 329.271 1830.81 25713.2 50.5882 1422.99 1374.85 115.26 71.5601 119.456 450.195 547.621 200.172 247.021 506.119 307.066 1322.7 702.285 43.4613 1005.75 509.076 366.619 121.714 142.457 430.491 214.01 199.053 159.224 842.583 244.905 25263 630.452 290.094 46.0271 620.419 97.3531 54.1552 127.356 110.074 61.6766 459.347 43.7002 508.104 475.941 462.79 128.009 244.067 42.2014 523.066 434.839 88.2268 334.781 77.3988 52.0733 496.675 337.326 185.568 41.5126 151.757 71.6971 159.349 125.423 75.9951 57.0438 100.256 42.4023 29.1902 53.5097 614.821 765.184 269.856 495.328 33.926 347.449 158.274 189.174 35.6765 26.2119 72.3562 32.1633 71.8331 2921.5 49.8024 172.498 21.1317 29.2948 25.213 441.659 40.9474 175.225 376.336 151.366 4910.43 2746.27 915.507
internal_count=342459 295536 46923 21500 267464 3402 28072 11300 264062 6254 10200 12155 5046 3072 15917 263924 330 8765 8504 1006 607 975 4428 4071 1443 1435 4249 2604 11635 6243 384 7906 3945 2824 941 1121 4253 2066 1645 1152 5830 1883 259496 5594 2461 388 5392 844 510 1050 908 534 2958 399 4282 4009 3897 1079 2073 332 4548 3774 774 2818 557 372 3961 2686 1475 378 1211 595 1275 1001 591 443 789 349 252 467 5455 5273 1850 3423 274 2628 1189 1439 310 238 424 273 649 29790 450 1688 206 246 234 2841 291 1747 3743 1482 25423 28043 5546
is_linear=0
shrinkage=0.05


Tree=4
num_leaves=94
num_cat=0
split_feature=1 19 103 1 13 1 3 2 21 24 48 98 90 93 21 1 93 53 1 103 92 52 107 93 115 1 93 100 52 48 61 74 86 113 15 49 54 93 50 21 100 103 103 2 50 9 103 2 108 103 1 107 113 76 2 95 109 69 113 2 2 105 52 46 9 108 69 67 34 61 53 103 34 63 63 99 63 76 49 77 109 34 84 115 50 23 95 48 77 111 32 114 2
split_gain=90391.4 7841.37 3817.29 501.451 435.576 293.525 197.107 172.124 111.512 84.1426 80.2655 110.305 71.1065 61.0787 61.0213 62.1333 55.0469 54.2394 48.0543 37.4519 26.9382 24.6884 23.9317 22.1494 20.1665 18.8244 16.8428 16.3093 15.3759 14.4484 14.3341 12.7912 12.7316 13.4247 12.2397 12.1683 11.7693 10.8774 10.6513 12.6559 11.8843 10.644 10.411 10.2335 9.79096 12.9917 12.5534 10.8175 12.9857 9.70461 9.6263 12.8294 9.51722 10.1859 9.13289 9.02479 8.71122 8.18445 8.10638 7.88884 8.0019 7.81244 7.7415 7.55255 9.5006 8.18535 8.05077 7.40928 7.11911 6.95207 6.86913 6.72561 6.54929 6.34947 6.27976 5.9935 5.94322 6.20112 5.30421 4.94224 4.41338 4.08962 3.03012 2.97212 3.56198 2.55553 2.44037 2.39992 2.33139 1.93513 1.50531 1.06541 0.0811917
threshold=10.500000000000002 19.500000000000004 0.5159914791584016 18.500000000000004 1.5000000000000002 3.5000000000000004 0.98927053809165966 2.0088856220245366 50.500000000000007 7.5000000000000009 0.019607842899858955 11.500000000000002 3.5000000000000004 1.5000000000000002 16.500000000000004 23.500000000000004 1.5000000000000002 0.64747309684753429 13.500000000000002 1.198858976364136 1.5000000000000002 0.83390802145004284 0.48254701495170599 2.5000000000000004 0.00066512497141957294 6.5000000000000009 1.5000000000000002 1.1099367737770083 0.84654632210731517 0.03846153803169728 7.8291051387786874 2.5000000000000004 0.36180344223976141 -7.2132890224456778 4.5000000000000009 0.37483151257038122 1.1123737096786501 2.5000000000000004 0.8538709580898286 11.500000000000002 0.88891947269439708 1.6609563231468203 1.7686034440994265 0.36818796396255499 0.69821602106094371 72.500000000000014 1.9249698519706728 0.45655755698680883 7.5028843879699716 1.7924404740333559 7.5000000000000009 1.8623130321502688 -7.2691662311553946 1.5000000000000002 0.90320971608161937 6.4586675167083749 0.69682326912879955 5.6976134777069101 -8.6978006362915021 1.5439419746398928 1.6847434639930727 6.6409223079681405 0.76752376556396495 0.3629883229732514 74.500000000000014 7.2071225643157968 7.5448760986328134 11.346914768218996 9.5000000000000018 6.4795000553131112 0.42980295419692999 2.2486531734466557 5.5000000000000009 9.2908968925476092 9.4173741340637225 10.210374355316164 6.6254985332489023 89.500000000000014 0.14285712689161303 66.500000000000014 0.1573261842131615 21.500000000000004 0.09175084158778192 0.00054840615484863531 1.4285699129104616 2.5000000000000004 8.1782050132751483 0.19999996572732928 29.500000000000004 5.6834557056427011 10.500000000000002 3.316308975219727 0.82340019941329967
decision_type=2 2 2 2 2 2 2 2 2 2 2 2 2 2 2 2 2 2 2 2 2 2 2 2 2 2 2 2 2 2 2 2 2 2 2 2 2 2 2 2 2 2 2 2 2 2 2 2 2 2 2 2 2 2 2 2 2 2 2 2 2 2 2 2 2 2 2 2 2 2 2 2 2 2 2 2 2 2 2 2 2 2 2 2 2 2 2 2 2 2 2 2 2
left_child=1 5 -2 8 6 16 -3 10 9 18 11 21 -8 22 15 31 62 -9 27 -17 25 37 -7 44 35 58 -11 55 36 78 50 71 38 52 -29 54 -20 -6 69 43 -41 -37 91 -40 45 46 -15 48 -46 -44 70 -52 53 -34 -25 -4 -27 -54 -14 81 -61 -49 63 64 66 -65 -1 -47 76 79 -24 74 -66 -71 -5 -67 77 -64 92 -18 -70 -22 -80 87 -85 90 -26 -35 -28 -33 -31 -21 -12
right_child=2 4 3 14 7 13 12 17 -10 26 29 -13 20 23 -16 19 32 -19 28 42 59 -23 30 24 86 56 88 34 -30 85 -32 89 33 83 -36 41 -38 -39 39 40 -42 -43 49 -45 47 67 -48 61 -50 -51 51 -53 57 -55 -56 -57 -58 -59 -60 60 -62 -63 68 65 72 75 -68 -69 80 73 -72 -73 -74 -75 -76 -77 -78 -79 82 -81 -82 -83 -84 84 -86 -87 -88 -89 -90 -91 -92 -93 -94
leaf_value=0.038344876868658215 0.16584261772677467 0.1490833698633334 0.053334182006162127 0.10357830995498823 -0.018663753137381309 0.11733279811928971 0.085812956150843042 0.11838738460414699 0.17569863970654903 0.038269423715331007 -0.026679524666250877 0.067383715810904354 0.00048157852199688986 0.068260756687817142 0.15589467246386532 0.13996023197686086 0.018245740737480622 -0.014658583628814337 0.085625010536717436 0.10387940966944061 -0.0052569940591118388 0.027698166321524387 0.064265072578705063 0.03067585328524949 -0.032945266368091912 0.042133544370734716 -0.030344034948391049 0.068749208731153907 0.12156346687566495 -0.027689825495892575 0.0079490027433544632 0.077256590081887414 -0.01634845817311488 -0.041473989776507098 0.042335356233531955 0.027749850475154741 0.068484144244497225 -0.044498854663224466 0.011833490806568651 -0.021955203655529772 0.0058391457496199022 0 0.071259640315609454 0.032595814494990237 0.082294211443263821 0.033076828323026899 0.025305740271102908 0.026254862242925059 0.027980313152262206 0.1087757938592044 0.064399191527858404 0.043757424663854301 0.060747951839960429 0.0060741747502154018 0.076724675874294712 0.00056806902345541332 -0.003571608813056341 0.0072134267931354915 -0.034594404887606157 0.013251948537242961 -0.028726267161501423 -0.0046296751198094555 0.065139196132937824 0.042006969261289294 0.0078266798537605774 -0.0018237183889186605 0.081580117846946076 0.072403331363910473 -0.017250086884641934 -0.012623968962045363 0.042627895754864559 0.069282116197744589 0.031607450325153809 0.035389734658705055 0.071725503945290495 0.031968504237059853 0.0011258077326252922 0.015386655982743431 -0.046627395794337521 0.062126529239874863 0.014651127567663262 -0.034394529671922171 -0.052318075937961332 0.0095795222895119769 -0.026377556978055994 -0.055538365140406568 -0.0029039604199111958 -0.0097632135750651602 -0.00064373865456744878 0.044410217363738271 -0.05328414185084264 0.12191322086208452 -0.011973843003799273
leaf_weight=51.59955345839262 5353.9908938780427 20.108128391206264 14.597000040113928 467.70817551016808 50.914418891072273 13.578881546854971 17.875867486000061 17.006225377321247 26.532659918069839 26.290943652391434 10.210911191999914 24.267885342240334 49.962835997343063 80.90949659794569 94.014008671045303 206.30763314664364 12.649408631026743 12.354740940034388 591.43260212242603 93.482174649834633 14.962335750460623 12.174875371158121 50.946871116757393 52.817288793623447 14.23444961756468 34.088003687560558 13.228474132716656 439.67202045768499 31.779172897338867 12.417659677565096 19.941711366176605 28.808292999863625 60.423590876162052 20.332498081028465 61.306621596217155 79.733013153076172 181.3563291952014 362.72342287749052 483.679762147367 43.497381940484047 261.32595122605562 59.45418531447649 31.513245582580566 67.942173346877098 17.513729557394981 198.99726805835962 25.577460534870625 115.2031582146883 34.728273637592793 464.88505165278912 274.3909095749259 131.52601166069508 11.826330184936525 274.67858593165874 14.552534334361551 17.169386953115463 13.883956506848333 17.463794231414795 22.653421401977539 23.065016224980354 19.476872086524963 23.69619370251894 12.098802283406258 21.255683176219463 35.269510686397552 50.0005177333951 16.22113885730505 13.195665225386618 21.635204993188381 12.839260794222357 331.75656356662512 32.836545318365097 254.68746818602085 11.674761936068533 33.662593051791191 16.002898663282394 15.839360214769838 15.18605450540781 557.42536329478025 19.960258148610592 18.772042542695999 119.03131313621998 1220.7389384135604 13.092663146555426 11.362009130418299 19990.675628744066 13.811659477651117 11.085154518485067 13.392380185425282 17.556908249855042 2409.2573639154434 566.30077114701271 9.6597556546330434
leaf_count=426 25506 116 103 2858 489 96 130 105 146 193 106 182 451 633 478 1096 108 110 3904 539 146 105 387 438 118 279 121 3140 176 130 159 181 535 183 471 664 1215 3729 4195 387 2282 496 180 583 141 1564 201 939 284 2655 2024 985 104 2409 113 125 111 155 208 215 179 198 100 178 292 418 134 104 179 111 2564 203 2092 101 207 133 132 126 5893 169 155 1195 12984 118 104 214762 114 102 120 111 25755 3193 99
internal_value=-0.000569069 -0.0438978 0.139388 0.098322 -0.0536137 0.0269994 0.0029667 -0.0543822 0.0752958 0.0731851 -0.0545275 -0.033351 -0.00699148 0.0429447 0.114264 0.112126 0.0135579 0.0640878 0.0756315 0.118255 -0.0130114 -0.0393319 0.0523945 0.0324107 0.0194142 0.00510871 0.0107887 0.0634321 0.0835638 -0.0549187 0.0510763 0.0974597 0.00811933 0.00088607 0.0656728 0.0248326 0.0817558 -0.0414218 0.011429 0.00997925 0.00175224 0.015984 0.114196 0.0144903 0.0382972 0.043839 0.0585307 0.0287362 0.0481634 0.106636 0.0521371 0.0579211 0.00443175 0.00194652 0.0422225 0.0264269 0.0289963 0.03106 -0.0108045 -0.0253838 -0.00606361 0.0209216 0.0272013 0.0298487 0.0331137 0.0160154 0.0503715 0.0360603 0.0127012 0.0321824 0.045774 0.0999067 0.0288043 0.0105802 0.10168 0.00674957 0.0264896 0.0400404 -0.050281 0.0469491 -0.00219714 -0.0313089 -0.0505806 -0.0215754 -0.00730033 -0.0552869 -0.019388 -0.0315439 -0.0165894 0.0668092 -0.0531743 0.119615 -0.0213408
internal_weight=37261.7 28453.9 8807.82 3453.83 25024.9 3428.97 335.108 24689.8 1416.76 1390.22 24660.5 450.081 315 1566.57 2037.08 1943.06 1862.4 29.361 1337.31 1362.49 297.124 425.813 822.141 744.424 234.603 120.588 52.9118 532.745 804.568 24210.4 808.562 580.573 1333.83 420.265 500.979 206.557 772.789 413.638 913.569 856.445 304.823 139.187 1156.18 551.622 509.821 318.68 106.487 191.141 52.242 496.398 788.62 405.917 364.392 335.102 67.3698 31.7664 47.972 29.2901 72.6163 176.536 42.5419 138.899 528.568 445.037 357.778 87.2591 67.8207 212.193 83.5315 57.1237 382.703 534.207 289.957 24.514 501.371 66.0034 43.1242 27.2849 1798.03 32.6097 40.4072 133.994 1778.16 55.8723 24.4547 22412.4 28.0461 31.4177 26.6209 46.3652 2421.68 659.783 19.8707
internal_count=342633 295712 46921 21415 267479 28233 3030 264449 9714 9568 264234 4505 2914 12222 11701 11223 16011 215 9134 7663 2784 4323 6215 6007 1943 1049 434 3839 5295 259729 6119 3560 11646 3710 3611 1711 5119 4218 7936 7447 2669 1160 6567 4778 4064 2502 834 1562 425 2835 5960 3009 3203 2944 551 228 390 259 659 1735 394 1137 4365 3673 2944 729 560 1668 692 489 2951 3268 2384 212 3065 551 358 226 19082 277 334 1341 18877 507 222 240647 232 285 241 292 25885 3732 205
is_linear=0
shrinkage=0.05


Tree=5
num_leaves=96
num_cat=0
split_feature=0 21 103 44 0 3 0 93 52 0 48 53 28 93 103 93 40 19 98 107 3 24 3 30 93 107 34 11 46 109 74 108 0 49 102 69 103 91 42 94 103 107 0 49 111 95 52 112 108 17 108 107 103 74 0 69 102 111 69 103 52 77 69 108 108 3 32 107 77 109 114 114 9 53 112 93 46 44 112 99 109 63 46 99 109 82 90 67 46 21 11 44 3 94 52
split_gain=79076.4 7331.29 3089.37 577.719 406.386 335.995 199.941 120.115 107.677 92.7657 57.8441 55.0555 43.6879 38.7503 37.6658 35.1278 27.9453 26.188 22.1621 21.223 20.6571 55.8544 16.3947 14.3262 13.4037 12.9457 12.3095 12.2454 12.0483 11.958 11.3122 11.0603 11.0023 10.9689 12.241 10.6311 10.6025 11.4377 10.4903 12.1008 10.4382 15.4888 10.2926 10.0742 11.2646 9.77672 9.32127 10.8022 9.00612 8.77828 9.73088 8.46328 9.81393 8.30767 8.10463 9.40292 7.99515 11.9146 8.32603 7.93435 7.87746 9.41601 7.81886 7.5595 7.51293 6.97496 13.3292 6.92546 6.83056 6.23307 6.13531 6.54962 6.07923 5.94345 5.7902 5.42934 4.85523 4.72759 4.60006 4.36067 4.00272 3.94601 3.48703 3.25831 3.13073 1.57764 1.40217 1.25446 1.048 0.835296 0.798561 2.61326 1.44868 0.703053 0.637254
threshold=2.5249279737472539 19.500000000000004 0.48538140952587133 0.067041199654340758 3.113268375396729 0.95838922262191784 1.7005987167358401 1.5000000000000002 0.87555310130119335 2.7403194904327397 0.019607842899858955 0.61938297748565685 1.5000000000000002 1.5000000000000002 1.2203990221023562 1.5000000000000002 4.5000000000000009 15.500000000000002 10.500000000000002 0.61549207568168651 1.0545489192008974 7.5000000000000009 2.4029204845428471 3.5000000000000004 2.5000000000000004 1.5431668758392336 10.500000000000002 1.5000000000000002 0.21070533245801928 0.0026043194811791186 4.5000000000000009 10.287386417388918 1.2424533367156985 0.18181817978620532 11.439351081848146 3.3510435819625859 5.6800792217254648 2.5000000000000004 0.16597796231508258 9.4136457443237322 1.2947032451629641 1.8761635422706606 3.3140207529067998 0.43333332240581518 -15.066437244415281 5.5890634059906015 0.83390802145004284 -6.4790058135986319 9.0737509727478045 6.5000000000000009 8.2936019897460955 8.3232302665710467 4.9298467636108407 4.5000000000000009 1.0000000180025095e-35 6.8179128170013437 9.7252650260925311 -8.5107259750366193 5.2533462047576913 1.4218642711639407 0.78471276164054882 1.0000000180025095e-35 9.1261744499206561 6.5297691822052011 7.7511160373687753 2.1245721578598027 5.5000000000000009 1.7855648398399355 17.500000000000004 1.2509608864784243 3.2771816253662114 3.1586830615997319 76.500000000000014 0.76370793581008922 -0.34940135478973383 2.5000000000000004 0.24272927641868594 0.10551619529724122 -0.28623649477958674 1.7182918787002566 0.82771414518356334 8.2340941429138201 0.14226190745830539 2.1382998228073125 0.17986778169870379 6.5000000000000009 4.5000000000000009 7.2790532112121591 0.2470233887434006 19.500000000000004 2.5000000000000004 0.091326106339693083 1.591491222381592 5.364760398864747 0.76936116814613353
decision_type=2 2 2 2 2 2 2 2 2 2 2 2 2 2 2 2 2 2 2 2 2 2 2 2 2 2 2 2 2 2 2 2 2 2 2 2 2 2 2 2 2 2 2 2 2 2 2 2 2 2 2 2 2 2 2 2 2 2 2 2 2 2 2 2 2 2 2 2 2 2 2 2 2 2 2 2 2 2 2 2 2 2 2 2 2 2 2 2 2 2 2 2 2 2 2
left_child=1 6 28 5 8 11 15 -5 9 20 18 -3 19 16 29 51 -7 42 24 -8 -4 30 33 25 59 49 36 75 -2 -6 -22 54 94 35 -35 -21 38 62 -17 -40 48 -42 80 44 -33 -25 47 68 -24 50 -14 52 60 -34 64 -56 58 -58 -27 -9 61 -1 -38 84 -28 81 -67 70 -11 87 71 -15 -65 -72 -49 86 -23 -26 -62 -51 88 -54 -31 -69 -47 -85 -12 -44 -16 -48 92 -92 -29 -77 -18
right_child=2 3 4 7 14 13 12 10 -10 46 27 -13 23 67 17 26 32 -19 -20 22 21 76 40 45 77 56 31 90 -30 82 -32 43 53 34 -36 -37 37 -39 39 -41 41 -43 69 -45 -46 63 89 74 -50 79 -52 -53 65 -55 55 -57 57 -59 -60 -61 78 -63 -64 72 -66 66 -68 83 -70 -71 73 -73 -74 -75 -76 93 -78 -79 -80 -81 -82 -83 -84 85 -86 -87 -88 -89 -90 -91 91 -93 -94 -95 -96
leaf_value=0.064211319428060826 0.14828780449225223 0.13479780164309627 0.11093087349883168 0.062612658434039181 0.091965229440597762 0.067062320618474378 0.089376748579218457 0.011631848374645096 0.14109756499887516 0.060942645057759787 -0.020995614799345683 0.030083003616084788 0.053650379273419604 -0.020581246748023668 0.098190733245098416 0.052307302492424379 -0.041156792515289108 0.13845547208429609 0.013853748613159526 0.054334769593945002 0.056811542416876262 0.011828772104446746 0.043245703238867006 0.050278188210007395 -0.031110772071316774 0.038365812630085185 -0.030209076688899706 -0.053544508698394493 0.10356695117132986 0.13303334874788106 0.025210083153769894 -0.0060085626678129771 0.02581869749289898 0.032773122177113999 0.06464742102522196 0.013735282885665195 -0.0033683695275728859 0.038394876297086399 0.017026095436046589 -0.012091485123786702 0.069691208405350827 0.042698975889394759 0.090554789447131925 -0.0089224847075830907 0.041548766566638244 0.052064747466755462 0.075537984732642116 0.040201237869817025 -3.886051851131598e-05 0.042199845506609088 0.0081916495314903678 -0.012601432456323395 0.034984929105744758 -0.0062462485208063662 -0.0034706778658065251 0.013558652776708075 0.040046577032494597 -0.011929496645400941 0.0028074062868678087 -0.027487710640636306 -0.014152230293710086 0.021313478754019864 0.025858676770820006 0.019387004641397421 -0.0007460920363188357 0.039989280510542721 0.0026752728044609868 -0.052728621655973078 0.080099716421610345 0.065940083490778942 -0.01206636257008588 0.015833151552177099 0.0011652320906495462 -0.04787489307056781 0.068118463498004295 -0.030852396808096885 -0.025809465736244992 -0.045733972396037298 0.019536139676077965 0.091544159264223643 0.075796351530743711 0.080140151043832 0.10464998763213014 -0.016371074388412916 0.018178356004046114 -0.034710139764567084 -0.042112374197578628 0.10586491901765756 0.082684245928826033 0.11616617916636174 -0.027437563364219753 -0.055260408814233775 -0.025151275724551926 -0.051611521978348618 -0.017239385664128557
leaf_weight=12.586689099669455 5656.5210843533278 48.952667407691479 14.817462220788 20.7419278845191 49.754375979304314 15.936990037560461 24.329014778137207 17.90086805075407 53.992985486984253 81.895802691578865 15.324294351041315 18.443236649036407 28.527508966624737 24.877398006618023 346.3406573086977 18.692158617079258 11.039836391806604 57.052003875374794 20.340831182897091 148.6078335493803 510.25238009542227 12.461076207458971 41.448665849864483 18.038362599909306 96.726193949580193 90.881487153470516 37.389073811471462 2769.671406544745 31.673470586538315 204.21175660192966 34.835866399109364 15.860033772885798 33.363767445087433 587.02872955054045 32.976188771426678 20.187778308987617 186.25256018340588 20.107673637568951 543.86040197312832 36.734492383897305 124.4295235350728 118.0655148178339 101.00178426504135 22.032923705875874 46.63911546766758 14.11250653862953 18.125236928462982 38.264721214771271 16.043682172894478 13.638308040797712 21.349911473691463 13.837312772870062 15.378088563680651 46.166575141251087 202.99401993304491 132.3278020247817 15.519294820725916 29.611367650330067 21.087241232395172 37.724730499088764 23.417034968733788 313.48337722569704 24.553978197276592 77.837232358753681 50.57693237811327 91.722886264324188 33.296625472605228 26.225578397512436 851.52469609677792 21.789192885160446 27.697702407836914 21.579144857823849 111.68892949074507 21.875362686812878 81.782731756567955 14.31384617090225 20.519487850368023 260.90266292542219 15.561685621738432 15.978751234710215 75.574834033846855 13.117594279348848 54.741210237145424 23.340928636491299 19.091248281300068 56.266516283154488 144.1455740109086 897.26438108086586 94.305546015501022 28.931713119149208 14.292957581579683 18265.702147908509 9.6782710850238782 1960.7150493636727 11.000296875834463
leaf_count=102 25347 267 98 150 252 112 168 173 272 533 154 148 224 249 1958 158 106 267 167 1064 3511 105 302 144 1014 716 344 30984 161 1012 262 138 281 4376 247 156 1616 174 4691 316 899 877 535 192 405 113 107 257 117 108 170 116 124 408 1753 1154 125 240 175 364 194 2536 213 630 455 742 269 271 5238 116 277 207 920 224 544 155 185 2800 128 126 429 105 292 233 155 572 1548 4760 545 145 160 205140 103 21702 104
internal_value=-0.000686888 -0.0433807 0.125016 -0.0531776 0.0890377 0.00738791 0.0246469 -0.054169 0.0714819 0.0691335 -0.0542759 0.107566 0.0376777 -0.0141253 0.105092 0.0135398 0.0085723 0.10161 -0.0358693 0.0431335 0.0528552 0.0510661 0.0419695 0.0248396 -0.0383821 0.033622 0.00918772 -0.0546173 0.148068 0.122453 0.054885 0.0030177 -0.0013505 0.0379611 0.0346364 0.0497016 0.0129375 0.0037473 0.0164438 0.0151402 0.0522349 0.0569336 0.100101 0.019363 0.0294662 0.0160134 0.0778101 0.0765057 0.0313034 0.0502143 0.0351938 0.024402 0.0254422 0.00731084 -0.000279823 0.00325036 0.0247676 0.00644258 0.0318828 -0.0147487 0.0207574 0.0232864 0.000147435 0.012876 -0.0136773 0.036209 0.03028 -0.0273529 0.0785301 0.103749 -0.0170089 -0.003492 0.00879462 -0.0290056 0.0599081 -0.0506918 -0.0114026 -0.0419532 -0.00023005 0.0722726 0.0925949 0.059073 0.127709 -0.0362767 0.034497 -0.0298586 -0.0403598 0.104464 0.0951865 0.10354 -0.055011 -0.0552415 -0.0534629 -0.0514897 -0.0315035
internal_weight=36833.5 27495.8 9337.63 24034.9 3649.44 386.766 3460.9 23648.2 1747.4 1693.41 23627.4 67.3959 1590.48 319.37 1902.04 1870.42 117.507 1593.33 433.595 1113.12 592.886 578.069 1088.79 477.362 413.254 236.594 1338.02 23193.8 5688.19 308.707 545.088 507.82 101.57 788.801 620.005 168.796 830.201 230.914 599.287 580.595 299.987 242.495 1536.28 84.5321 62.4991 240.768 1100.52 1053.47 57.4923 79.4945 49.8774 532.401 518.564 79.5303 423.288 335.322 157.099 45.1307 111.969 55.6256 365.049 326.07 210.807 222.73 87.966 153.515 125.02 201.863 933.42 1020.06 96.0296 46.4565 189.526 49.5731 120.047 2134.5 32.9806 357.629 38.9787 29.6171 516.221 28.4957 258.953 105.833 33.2038 79.6074 159.47 998.266 440.646 47.057 21059.3 18280 2779.35 1975.03 22.0401
internal_count=342981 296050 46931 268073 21423 3459 27977 264614 11257 10985 264464 415 12052 3044 10166 15925 1011 8610 4518 8206 4161 4063 8038 3846 4351 1884 11609 259946 25508 1556 3773 4441 899 5843 4623 1220 7168 2003 5165 5007 2195 1776 8343 735 543 1962 6824 6572 419 628 394 4316 4200 689 3706 2907 1256 365 891 537 2960 2638 1829 1818 799 1240 1011 2033 5771 5411 957 456 1550 501 801 23559 290 3814 322 234 2932 229 1304 1076 268 805 1702 5295 2503 252 236387 205300 31087 21857 210
is_linear=0
shrinkage=0.05


Tree=6
num_leaves=110
num_cat=0
split_feature=93 103 21 112 44 36 6 46 12 52 48 103 17 21 21 84 54 23 15 44 48 38 53 23 21 46 13 112 103 94 82 93 15 115 80 49 103 86 100 93 109 101 94 115 74 113 99 3 109 113 76 115 115 115 112 67 76 100 109 95 94 48 52 108 67 53 49 67 86 108 109 82 95 109 53 28 67 115 99 112 46 65 48 95 112 112 93 103 44 44 112 94 74 67 53 109 46 93 23 103 94 34 12 76 53 82 90 21 44
split_gain=70043.5 4913.85 3878.96 1119.08 373.509 278.558 147.007 105.385 100.815 57.5281 43.9661 38.8298 38.333 23.5106 22.7134 21.3952 21.2505 19.7483 19.425 18.0425 17.7126 20.6832 16.9458 16.5432 15.3374 14.9642 14.6451 16.6892 11.9131 11.8226 11.3267 10.9856 10.8731 10.5938 14.1625 12.9172 11.0308 13.8956 10.5747 10.4593 9.85702 19.611 15.335 9.61617 13.528 10.6306 10.5075 10.2657 10.1816 9.33861 11.2449 9.48644 13.4747 9.23291 8.8652 8.56537 8.24762 7.9322 7.82536 7.20965 9.61666 6.96841 10.958 9.55468 6.09712 5.89066 8.60641 7.70217 5.86188 5.81511 5.79106 7.17888 5.78934 5.69924 8.37443 8.24401 5.48036 5.46671 8.93509 7.70065 5.32692 5.11486 4.34926 6.76235 4.23501 3.98858 3.96718 3.88929 3.81436 3.08829 3.0464 2.72079 2.47173 3.05985 3.51136 2.75088 2.36469 2.19102 2.10773 1.9911 1.92305 1.80239 1.33887 1.10804 1.05433 0.59262 0.34031 0.0838753 0.0604734
threshold=1.5000000000000002 0.045435681939125068 19.500000000000004 -7.3498852252960196 0.067041199654340758 27.500000000000004 1.0000000180025095e-35 0.064968343824148192 1.0000000180025095e-35 0.87428161501884472 0.019607842899858955 1.026842534542084 11.500000000000002 19.500000000000004 16.500000000000004 0.19625350087881091 1.5603029727935793 1.5000000000000002 2.5000000000000004 0.10551619529724122 0.019607842899858955 20.500000000000004 0.3364779949188233 1.5000000000000002 13.500000000000002 0.15412896126508716 1.5000000000000002 -6.6556015014648429 1.7686034440994265 6.8055009841918954 3.5000000000000004 2.5000000000000004 5.5000000000000009 0.00060661480529233824 1.0000000180025095e-35 0.19999998062849048 1.026842534542084 0.58578431606292736 0.55627679824829113 3.5000000000000004 0.064031869173049941 1.9408973455429079 8.2362947463989276 0.0004023057699669153 1.5000000000000002 -8.9317941665649396 0.61247560381889354 2.3373869657516484 0.63114807009696972 -7.2132890224456778 5.5000000000000009 0.0005875074421055616 0.00058148292009718727 0.00065037742024287592 -0.24826104938983914 9.4696540832519549 10.500000000000002 8.837618827819826 0.20345678925514224 8.4149346351623553 6.2075331211090097 0.19999998062849048 0.33809524774551397 9.2564234733581561 10.069855690002443 0.87456294894218456 0.55684751272201549 9.2905049324035662 0.099019609391689314 8.1128950119018572 0.00014157714031171056 1.5000000000000002 6.822251796722413 0.719304919242859 1.2441734671592715 1.5000000000000002 10.697025299072267 0.00063065942958928655 10.309486389160158 -0.29904159903526301 0.37481117248535162 10.851160526275637 0.041117565706372268 6.4586675167083749 -0.32645067572593683 -14.465095996856688 2.5000000000000004 1.8043147921562197 0.19817744195461276 0.28423725068569189 -0.32645067572593683 4.8770277500152597 1.5000000000000002 11.178609371185305 0.52985739707946788 0.64638918638229381 0.21070533245801928 3.5000000000000004 4.5000000000000009 1.4218642711639407 8.0216274261474627 19.500000000000004 1.0000000180025095e-35 79.500000000000014 0.59290647506713878 34.500000000000007 4.5000000000000009 21.500000000000004 0.091326106339693083
decision_type=2 2 2 2 2 2 2 2 2 2 2 2 2 2 2 2 2 2 2 2 2 2 2 2 2 2 2 2 2 2 2 2 2 2 2 2 2 2 2 2 2 2 2 2 2 2 2 2 2 2 2 2 2 2 2 2 2 2 2 2 2 2 2 2 2 2 2 2 2 2 2 2 2 2 2 2 2 2 2 2 2 2 2 2 2 2 2 2 2 2 2 2 2 2 2 2 2 2 2 2 2 2 2 2 2 2 2 2 2
left_child=1 96 8 7 5 20 9 11 15 33 16 -3 43 18 28 17 31 24 38 -18 21 32 -14 86 29 -15 65 -28 -13 54 -30 68 -4 34 35 -5 -35 -38 -9 -7 41 64 -43 44 48 47 -47 -45 -8 50 51 52 -17 -31 -2 56 80 -58 -36 84 -61 62 -52 -63 -29 67 77 -10 -6 91 -20 -72 -51 75 -75 -42 88 79 -79 -67 -19 100 83 -24 -57 -40 102 -34 -26 -53 -71 -69 -22 95 -95 -94 -1 103 105 -70 -74 -88 106 -33 -27 107 -12 -25 -99
right_child=2 3 4 6 10 39 12 13 26 -11 23 14 22 25 -16 49 19 55 70 -21 92 -23 82 98 76 104 27 40 30 53 -32 97 87 36 58 -37 37 -39 85 -41 73 42 -44 45 -46 46 -48 -49 -50 72 61 89 -54 -55 -56 59 57 -59 -60 60 -62 63 -64 -65 -66 66 -68 69 99 90 71 -73 81 74 -76 -77 -78 78 -80 -81 -82 -83 -84 -85 -86 -87 101 -89 -90 -91 -92 -93 93 94 -96 -97 -98 108 -100 -101 -102 -103 -104 -105 -106 -107 -108 -109 -110
leaf_value=0.13490645825894049 0.020133587194140927 0.12698557421766937 0.021940165895087543 0.058381716401284658 0.010810826299341863 0.13207836505933593 -0.026282056226637724 0.041437867310508941 0.05076602085204264 0.12132447630492796 -0.022296864627741608 0.099336906684517931 0.047991278314640749 0.11636777136579675 0.13150488982696815 -0.0043375237075511828 0.045242787466774674 0.01598247838245136 0.032517202714548221 -0.030802198475334847 -0.011227743449597597 0.052748330557840978 -0.035396364960462348 -0.032622631726994054 -0.027357863133348117 0.086327467749310258 0.070138345961817547 0.020888727973521464 0.08773855564112637 0.03964927523212488 0.04427543960127367 -0.041445673322770327 -0.012332445548020378 0.015474774313972787 0.011234258821891302 0.044776232071677524 0.056032662013638837 0.088974491337933365 0.070159255537954199 0.074917548751898932 -0.016574504982464221 0.055319433065076633 0.011322528661769731 0.032948409576746461 0.046210249154237867 0.020194698282974287 0.035047914864383418 -0.019365242971513118 0.025785490405537743 0.0099933805627751369 0.046390427810521891 -0.0048377501399292531 0.048480491516783457 0 -0.019335202485701961 -0.00088851199764913781 0.010882871942833267 0.041599960634563532 0.041749774838490933 0.025940324134523976 -0.0043935381103250761 0.0089328941053709986 0.0099342248376962025 -0.020577220633277243 -0.015768453918410096 0.062896222762420281 0.014216469125831794 -0.013177026807179025 -0.010335311575914281 0.044415017132487231 0.079841392957111276 0.059648801080409347 -0.030917885705557004 0.042772065624928482 0.010478716866714996 0.015486250245875561 0.020235072911872917 -0.00052504798217745672 0.053274327418020274 0.034749079044412268 -0.02010752230940438 0.0072098517482676403 0.013226956355581181 -0.003248321102889324 -0.021327489299448714 0.082872173892875337 -0.026176416632405261 -0.034257790704993511 0.0021348301295362831 -0.03410939820038187 0.011198733064544681 0.016216117982159897 -0.03017785003055953 -0.012517380794874355 -0.046671300921921816 0.00066467097340645854 0.10144362107344772 -0.035991519419511502 -0.05509338751307457 -0.03440647327181675 -0.0071241112769583562 -0.04975137476020388 -0.020906747042541304 -0.026538254789078571 0.053922312692490981 -0.034575510882738886 -0.042113430802401167 -0.053626255308863294 -0.048531076543904393
leaf_weight=5860.7813358381391 208.11894410848618 134.14890886843204 17.013294577598572 310.0695768520236 11.383902639150618 25.445772677659988 24.772877596318722 22.279364913702011 27.631400421261787 28.978721991181374 10.121252723038195 595.43759091198444 11.48447100818157 84.156072288751602 53.061218976974487 116.75423563271761 12.791040271520616 17.142604887485504 17.927225112915039 15.628236837685106 14.005878791213034 11.63860462605953 30.229782097041607 11.194916866719721 19.437876731157303 20.134260624647141 19.212371505796909 23.254287675023079 365.95712335407734 144.75869876146317 21.537289470434189 53.948617622256279 67.784043118357658 15.09281165897846 42.398051656782627 555.79644169658422 217.35837641358376 45.177347719669342 146.99899430572987 26.238534905016422 21.937446601688862 81.239321976900101 28.037235759198666 15.117526561021803 14.929380238056181 161.90243541449308 609.10177920758724 19.927101753652096 13.052465341985224 21.128785498440266 20.800810441374779 14.537735953927038 11.940104678273199 16.335547029972076 13.843487627804278 58.237952090799809 54.184201702475548 35.950198315083981 45.952238194644451 43.588174313306808 60.254401810467243 73.422715239226818 347.72399235516787 41.680745966732502 19.29458274692297 94.277054615318775 21.093790799379349 14.41633887588978 15.655874982476233 19.358423113822937 99.822235465049744 172.07181549072266 42.073948286473751 41.993314184248447 41.575250409543514 135.38117032498121 17.339194051921368 14.423573449254038 14.184568367898462 44.763454131782055 20.943446114659309 13.630100928246973 11.33568651229143 36.03358917683363 45.095979608595371 1337.2842528149486 15.224082067608832 31.241565823554993 21.394865959882736 30.350752957165241 13.70028807222843 13.981971010565756 21.630606472492222 10.981480501592157 63.393887214362621 9.5173416882753354 30.682147271931171 30.815331399440765 13951.832922235131 32.245412826538086 13.355206519365309 1165.5252996757627 17.023315265774727 40.982019238173962 21.198943540453911 17.490595832467079 105.78920525312424 6864.4973301663995 211.3854465931654
leaf_count=25156 1718 615 149 2029 105 128 200 112 198 153 103 2956 79 398 237 1023 109 146 104 153 147 90 276 122 160 114 147 180 1859 1188 110 584 638 100 305 3808 1478 296 832 157 168 620 217 117 116 1266 4672 155 105 188 176 127 104 136 114 502 463 305 331 373 518 649 3007 366 150 677 151 102 151 139 596 1019 383 325 332 1063 144 103 101 325 179 123 88 325 389 7389 167 296 180 267 100 101 231 114 681 100 159 328 163865 319 120 13420 187 441 126 203 1174 80292 2355
internal_value=-0.000681705 0.10333 -0.0470717 0.0683671 -0.0531857 0.00229855 0.0411333 0.0877883 0.016114 0.0523311 -0.0539206 0.0998586 0.0261691 0.0803619 0.0961579 0.00891084 -0.0376235 0.0147178 0.0786907 0.00364244 -0.0198893 -0.0067107 -0.00488082 -0.05423 0.0216618 0.102995 0.0319612 0.0257276 0.0940421 0.0252837 0.0855286 -0.0406096 -0.0133565 0.0505544 0.047763 0.0497525 0.0598043 0.0622125 0.0811451 0.106179 0.0232709 0.0333325 0.0444275 0.0294044 0.00818257 0.0307632 0.0319871 0.00335426 -0.0077625 0.00284603 0.00493267 -0.00591345 0.000988156 0.0356674 0.017514 0.00549733 0.0155766 0.023724 0.0276491 -0.000759892 0.00843231 0.0088524 0.0121987 -0.00179466 0.00406792 0.0409798 0.0462571 0.0291082 -0.0197266 0.0182343 0.0655454 0.0674962 -0.0120825 0.0167211 0.0272918 0.0108382 -0.00205669 0.0500675 0.027143 0.0543731 -0.00362065 -0.0190472 -0.0135939 -0.0185209 -0.0100812 0.081692 -0.048437 -0.0197571 -0.0121405 -0.0253079 0.0320224 0.0010478 -0.033626 -0.0363064 -0.0421074 -0.02085 0.13476 -0.0441487 -0.0545911 -0.0272943 -0.0256994 -0.0494895 -0.0385669 -0.0356267 0.0724114 -0.0535613 -0.0407752 -0.0536006 -0.047208
internal_weight=36288.4 11192.2 25096.2 5300.73 22882.4 298.891 2208.71 3092.02 2213.78 1260.82 22583.5 1170.14 947.887 1921.87 1035.99 1524.02 424.836 776.626 1796.38 28.4193 247.207 127.678 89.0835 22158.7 441.229 125.489 689.756 411.925 982.932 383.057 387.494 396.417 116.039 1231.84 954.216 865.866 277.629 262.536 1506.56 51.6843 392.713 151.825 109.277 858.804 52.7547 806.049 771.004 35.0446 37.8253 747.399 657.211 173.583 128.694 161.094 221.962 335.397 128.22 90.1344 88.3503 207.177 103.843 483.628 368.525 115.103 42.5489 277.831 188.742 89.0884 59.2852 61.457 289.821 271.894 90.188 240.887 83.5686 157.319 58.1719 167.649 28.6081 139.041 38.0861 69.0593 77.5991 66.2634 103.334 1484.28 1313.68 99.0256 40.8327 44.8885 33.0587 28.3983 119.529 105.523 74.3754 31.1479 5891.46 337.131 20845 47.9013 55.4292 1180.75 132.934 94.9306 41.3332 6893.18 115.91 6875.69 242.201
internal_count=342737 57681 285056 32366 266809 2731 15899 16467 18247 8500 264078 5777 7399 10690 5162 13048 4545 6515 10052 262 2446 1173 768 259533 3640 638 5199 3202 4925 3156 1969 4283 1083 8347 6473 5837 1874 1774 8333 285 3055 1167 837 6631 421 6210 5938 272 305 6533 5719 1521 1127 1324 1832 2875 1093 768 636 1782 891 4198 3183 1015 330 1997 1357 640 575 442 1719 1615 814 1888 657 1231 484 1206 204 1002 325 626 689 601 891 8221 15051 934 340 394 239 203 1273 1126 795 331 25315 3708 244482 470 503 13587 1464 1025 240 80617 1277 80414 2683
is_linear=0
shrinkage=0.05


Tree=7
num_leaves=122
num_cat=0
split_feature=93 107 21 97 44 3 1 49 1 48 19 112 1 107 53 54 61 74 44 111 2 1 2 93 11 113 9 71 50 92 30 2 107 109 114 49 105 99 49 105 2 49 49 21 54 54 65 114 61 105 69 105 113 21 65 77 2 107 109 113 65 50 95 49 54 115 100 97 19 94 49 115 93 114 107 2 50 99 93 71 2 94 105 65 99 77 109 95 96 9 48 2 95 113 113 107 105 2 3 95 67 24 53 107 114 96 98 105 44 44 2 107 97 109 19 23 2 30 1 24 61
split_gain=62477.2 4120.03 3847.27 955.268 352.945 247.597 144.512 110.088 98.2109 48.2092 43.1797 42.3442 39.4207 27.6058 26.717 24.5688 23.2671 20.7579 20.6998 19.9391 19.8144 19.341 16.5688 14.2718 14.2245 13.2766 14.9298 17.0166 17.5042 12.5817 12.4298 11.5309 13.7028 11.2883 11.2106 10.882 10.6543 10.0416 9.99378 13.4222 10.2402 9.9526 9.89988 9.5103 8.65784 9.28261 8.27184 8.21261 9.44659 8.55476 9.06627 8.91298 8.0996 8.07006 8.03686 7.99798 9.06523 7.8919 7.5296 7.51862 7.39301 11.1467 10.4477 9.94892 12.3899 11.6402 7.27038 6.81226 6.73915 6.70722 6.65006 6.60305 6.55336 6.48275 8.794 6.44754 7.10733 6.42433 6.35221 6.10089 6.0584 5.89623 5.87097 5.59639 5.35878 4.88046 5.06625 4.57677 4.14463 3.90452 3.83654 5.02729 4.5872 3.28617 4.41464 4.38355 3.22952 3.4487 3.21601 3.16735 3.05881 2.87151 2.73062 2.47889 2.34758 2.19303 2.8484 2.18902 2.10667 1.99316 1.93757 1.81972 1.78039 1.53044 1.44838 1.33531 3.54807 1.20844 1.06171 1.03488 0.850382
threshold=1.5000000000000002 0.61549207568168651 19.500000000000004 0.087121214717626586 0.067041199654340758 0.87169691920280468 8.5000000000000018 0.10749299451708795 3.5000000000000004 0.019607842899858955 15.500000000000002 -0.3074133694171905 20.500000000000004 1.176360070705414 0.251315787434578 1.6141603589057925 2.8060839176177983 5.5000000000000009 0.10551619529724122 -8.3809823989868146 1.5439419746398928 7.5000000000000009 2.2728582620620732 2.5000000000000004 1.5000000000000002 -8.8148303031921369 76.500000000000014 9.3285284042358416 1.8113550543785097 3.5000000000000004 3.5000000000000004 0.094748698174953475 1.0657176375389101 0.031163751147687439 3.2656621932983403 0.16597794741392138 2.0790133476257329 9.3657307624816912 0.19999998062849048 3.4114217758178715 0.68754473328590404 0.39999993145465856 0.18936583399772647 8.5000000000000018 1.1428570151329043 1.1856158375740053 7.9802751541137704 3.2263212203979497 8.8972058296203631 6.5218706130981454 7.2926857471466073 1.7941355705261233 -8.8264145851135236 10.500000000000002 8.8135752677917498 50.500000000000007 0.94270494580268871 1.6842915415763857 0.97863864898681652 -8.679745674133299 9.3923692703247088 0.8538709580898286 9.892642021179201 0.49999992549419409 1.074536979198456 0.00058148292009718727 0.95390754938125621 0.32575757801532751 7.5000000000000009 9.3450903892517108 0.54545453190803539 0.00039680970076005911 2.5000000000000004 3.4190117120742802 1.9183169007301333 0.65370419621467601 1.0627154707908633 3.1707354784011845 2.5000000000000004 7.7988209724426278 0.69922715425491344 7.9769303798675546 4.872016668319703 8.8135752677917498 3.1083910465240483 16.500000000000004 0.68917688727378856 6.930387258529664 0.18834459781646731 83.500000000000014 0.15161964297294619 0.35611285269260412 7.5941698551177987 -8.8076543807983381 -8.8416314125061017 1.2226989865303042 7.307838201522828 0.58004316687583934 2.1373851299285893 7.2210538387298593 12.227745532989504 8.5000000000000018 1.199099123477936 2.0749455690383916 3.391609907150269 0.37549999356269842 1.5000000000000002 7.4497113227844247 0.22168649733066562 0.33180429041385656 1.8481920361518862 0.14130328595638278 0.39565217494964605 0.086950670927762999 21.500000000000004 4.5000000000000009 1.7413805127143862 1.0000000180025095e-35 2.5000000000000004 7.5000000000000009 6.8154480457305917
decision_type=2 2 2 2 2 2 2 2 2 2 2 2 2 2 2 2 2 2 2 2 2 2 2 2 2 2 2 2 2 2 2 2 2 2 2 2 2 2 2 2 2 2 2 2 2 2 2 2 2 2 2 2 2 2 2 2 2 2 2 2 2 2 2 2 2 2 2 2 2 2 2 2 2 2 2 2 2 2 2 2 2 2 2 2 2 2 2 2 2 2 2 2 2 2 2 2 2 2 2 2 2 2 2 2 2 2 2 2 2 2 2 2 2 2 2 2 2 2 2 2 2
left_child=1 11 8 7 5 29 16 10 31 15 13 111 22 -3 -8 23 19 33 -17 34 93 25 85 67 78 72 27 28 -27 -4 37 47 90 71 36 -35 -5 -28 39 58 52 43 -22 46 59 -46 -23 70 49 51 -51 -49 -40 103 -42 84 81 82 -16 -21 63 79 -63 65 -65 -34 -14 99 -36 113 87 -18 75 74 -68 76 -10 -59 112 -62 -32 -57 -45 -41 -43 104 -87 89 -71 -2 91 102 -92 94 101 -95 97 -74 -86 -6 -97 -7 -33 -15 -9 106 -25 -50 -48 -89 -55 -1 120 -44 -80 116 -26 -113 -116 -19 -11
right_child=2 3 4 6 9 20 14 12 21 24 -12 -13 66 53 38 18 17 119 -20 44 42 41 -24 105 115 26 30 -29 -30 -31 80 32 60 35 68 -37 -38 -39 40 83 54 55 69 57 45 -47 108 48 107 50 -52 -53 -54 110 -56 56 -58 77 -60 -61 61 62 -64 64 -66 -67 73 -69 -70 88 -72 -73 96 -75 -76 -77 -78 -79 114 -81 -82 -83 -84 -85 98 86 -88 109 -90 -91 92 -93 -94 95 -96 100 -98 -99 -100 -101 -102 -103 -104 -105 -106 -107 -108 -109 -110 -111 -112 117 -114 -115 118 -117 -118 -119 -120 -121 -122
leaf_value=0.12396035746904435 -0.01988871588942848 0.11024021166734495 0.11189148817997363 0.0082625155248902283 -0.0043201450375861495 -0.010541926911754363 0.10364911417283924 0.05630885069653984 -0.01925046149289587 -0.034711410654317015 0.12316460408404162 0.052101512890631356 0.048154567773646066 0.089943030618142253 0.059086747987609434 0.050953218676122992 -0.017282516635005008 -0.010276885894005203 -0.033033839522489825 0.051209122189603988 0.026290750286612204 0.030391347859914725 0.10616403986864707 -0.0099119545433333407 -0.053392763714839989 0.052525926407900936 0.023336535104282914 -0.011899640848471432 -0.0022873937793686551 0.055396534446269075 0.015053767872475319 0.027218252142653773 0.012497609851009749 0.010677998617880753 0.027938447746570491 0.031697464363291759 0.03545566289311413 0.061626440878707146 0.034868768075489685 0.011998610353639458 0.051966949728384441 -0.0038460433500176528 -0.014197751625494387 0.056294751314562165 -0.0068802131678796204 0.037881049541113009 0.056940446726147155 0.027543510204642904 -0.034490152862293622 0.057664025389481781 0.0048901759105503505 -0.0028412692254999364 0.074048551120617617 0.062231484411603456 0.038557001795413687 0.033920975275925129 0.06021823294213801 0.046343679291381001 0.089776856090528143 0.024132047014806115 0.0015949897654014479 0.00017529409873392378 0.021014794495873956 -0.0081147076208653336 0.022858131882606506 0.030134827099555828 0.082200512341971441 0.01777979915357809 -0.010811164730844513 0.020390440002364986 0.015772548993275272 0.016094095430646157 0.02102529710466064 0.089535772342811071 0.06600052603200883 0.038481504842753061 0.018061995562526443 0.015842795613013671 -0.024737580402014448 0.044880279264822562 -0.0093105192145734456 -3.2629612341753023e-05 0.017558198182058934 0.047988935147365581 0.041950663577842461 0.067938861452007546 0.057396712890033577 -0.0306008135673001 -0.010981244356043441 0.015263597293143123 0.0018064472682720472 -0.023723000473005421 -0.034691909691191569 -0.011232436488446525 0.0071689303827724747 -0.045222999900433825 -0.026155782178470057 -0.0097059477951619288 0.0074691693777492246 -0.033062885358852871 -0.013718986460755934 -0.042221301616332564 -0.002357882651980601 0.078527087832995834 0.028642057328604139 -0.048922590166031156 -0.040017076068929486 -0.0038216193746195034 0.098983754598272369 -0.013117564952399244 0.080712010850634022 0.11929032902232937 -0.016815329470813514 -0.04362468733032801 -0.052171034512440297 -0.054814969123525507 -0.015544819978193961 0.087932199457019453 -0.047997828838109595 -0.034854032913980329 -0.047622369631730235
leaf_weight=5927.5695165470243 11.685133107006552 155.69317579269409 36.173005543649197 49.18746804445982 15.647342517971991 15.884907655417917 25.356525287032127 24.551746733486652 16.002433955669403 82.939542539417744 111.94276876747608 24.181707568466663 25.769234523177147 770.21575133502483 269.88787280023098 13.338393062353136 14.27657391130924 11.184895075857641 12.980696588754652 213.05818726122379 21.12494994699955 15.905579946935175 27.194512158632278 10.406498312950133 5898.3301782533526 114.5079018175602 107.73342623561621 13.277534626424311 16.11958285421133 21.728226944804192 78.911057099699974 13.515603981912138 240.85833398252726 79.936660513281822 15.292827777564524 331.03890183568001 158.93653926998377 20.705340571701527 23.598435088992119 22.75548455119133 222.30038875341415 27.063926294445992 11.254356265068056 66.353417411446571 16.365549437701702 32.771155275404453 18.270097076892853 29.981850005686283 13.593099363148214 16.093175895512104 16.550369545817375 100.77538172155619 61.632718652486801 78.06537552177906 325.32873426377773 44.124146960675716 27.794647477567196 26.879488192498684 29.106599777936935 35.455295860767365 12.350237160921095 317.61849853396416 72.990535289049149 82.619403660297394 50.755238242447376 159.27813375741243 404.67497761547565 10.853869557380674 32.106444865465164 14.940013788640497 18.647661596536636 246.59399658441544 13.330806314945219 282.91166605055332 176.74216946959496 23.861424967646599 45.001792713999748 55.462545089423656 11.228424645960329 26.375490002334118 35.635568283498287 16.946198992431164 14.404481492936609 23.823019102215767 14.518606685101988 649.73969478160143 252.56213587522507 35.855320528149605 27.745800077915192 18.112555913627148 12.417524002492426 13.038200080394743 22.503900483250618 16.295105203986168 10.785149388015268 78.253906764090061 12.416464328765867 21.995441183447838 14.517994821071623 30.415100514888763 11.400264225900171 16.380973294377327 14.63307762891054 184.31688104569912 22.742799200117588 153.46573811024427 165.96017655730247 11.465910419821737 15.033028475940226 41.459151387214661 84.343075722455978 40.779608801007271 13.640303231775759 13.004079788923262 1098.3032222911716 13357.317523628473 8.4325506985187513 43.21314487606287 706.30894661694765 11.668684296309946 49.539354868233204
leaf_count=24654 103 690 184 354 155 164 134 146 123 950 484 150 125 3707 1667 107 118 103 126 1486 170 112 134 116 72156 867 818 102 126 135 630 116 2036 623 109 2561 1125 161 151 150 1453 198 106 463 119 237 124 266 121 142 146 885 398 414 2162 323 198 189 179 247 103 2706 622 696 427 1337 2034 100 235 138 165 1924 109 1417 905 182 353 397 124 216 275 126 106 156 107 3649 1423 325 262 161 109 111 200 175 116 846 102 177 106 304 123 177 124 905 137 1766 1869 101 108 376 409 173 142 121 13229 164104 101 214 8476 112 570
internal_value=-0.000788646 0.0949193 -0.0464948 0.0635976 -0.052856 0.00142812 0.0385163 0.0809378 0.0160635 -0.0535965 0.0917938 0.123453 0.0728138 0.0888848 0.0526564 -0.0363331 0.0270844 0.020872 0.00962328 0.0347907 -0.021288 0.0290901 0.0654963 -0.0395114 -0.0539294 0.0227607 0.0274455 0.0402825 0.045737 0.0927936 0.0196016 0.00759289 0.0101287 0.0224853 0.0242119 0.027687 0.0291817 0.0302263 0.051168 0.0585452 0.0469951 0.038132 -0.00228793 0.0452175 0.0436719 0.0230131 0.0652984 -0.000768221 0.00578637 0.0102443 0.0325907 0.00428354 0.0641066 0.0857552 0.0441458 0.0273297 0.0366412 0.0385583 0.0625409 0.047554 0.0117492 0.00678797 0.00416043 0.0156927 0.00372088 0.0196295 0.080709 -0.0155716 0.00195996 -0.0118309 -0.0106217 0.014141 0.00886381 0.081583 0.0774756 0.0171241 0.00788723 0.0265697 -0.0495718 0.0318988 0.00736547 0.0245646 0.0499532 0.0315371 0.0118362 0.0641556 0.0650992 -0.0154633 9.19715e-05 0.000866607 -0.0100741 0.000135144 -0.0218992 -0.0323171 -0.0190828 -0.0372601 -0.00569058 0.00200337 0.0262515 -0.0239534 -0.0416184 -0.0280824 0.0121644 0.0878758 0.044499 -0.0435231 -0.0383955 -0.0218425 0.0796543 -0.0217806 0.0725407 0.123725 -0.0381808 -0.0319825 -0.0504507 -0.0543688 -0.0533444 0.1051 -0.0505844 -0.0246101 -0.0400931
internal_weight=35702.9 11538.9 24164 5503.13 21934.1 294.971 2251.66 3251.47 2229.95 21639.1 1384.58 6035.74 1866.89 1272.63 1003.79 413.068 1247.87 694.7 26.3191 553.173 237.07 876.773 976.791 386.749 21226 519.499 386.89 143.905 130.627 57.9012 242.985 1353.17 1038.95 671.846 255.523 410.976 208.124 128.439 978.433 345.573 632.86 357.274 88.0692 212.309 297.65 49.1367 49.2087 314.22 188.46 163.401 32.6435 130.757 85.2312 1116.94 547.629 144.966 88.865 163.1 298.994 248.513 962.846 429.335 390.609 533.511 133.375 400.136 890.098 56.9163 47.3993 66.9442 125.76 260.871 132.608 864.329 581.417 84.8657 61.0042 82.342 1961.96 38.7257 114.547 61.0703 80.7579 46.5785 56.1005 949.596 902.302 107.112 42.6858 29.7977 76.1083 41.1869 34.9214 149 43.051 105.949 47.7427 35.3262 29.0366 46.0624 89.6542 32.2659 28.1487 954.533 47.2945 329.832 176.367 25.059 33.3031 77.3145 162.408 6011.56 146.119 24.2584 1815.84 19264.1 5906.76 83.9928 1804.61 22.8536 132.479
internal_count=342861 57573 285288 32382 267112 2717 15803 16579 18176 264395 6609 25191 9970 6125 6450 4543 9353 5441 233 3912 2398 6582 5489 4310 259852 4025 2979 1095 993 319 1884 11594 8803 5226 1823 3184 1479 979 6316 2152 4164 2557 797 1499 2089 356 344 2791 1661 1439 288 1151 549 5435 3615 1058 647 1155 1846 1733 8143 3647 3328 4496 1123 3373 4481 559 344 627 1130 2042 1046 4356 2939 658 476 586 23491 319 905 449 569 306 411 5355 5072 965 400 264 660 351 309 1601 457 1144 388 286 213 459 969 341 240 4612 283 3751 1985 222 232 701 823 25041 1662 227 21829 236361 72257 387 21705 215 1520
is_linear=0
shrinkage=0.05


Tree=8
num_leaves=108
num_cat=0
split_feature=93 103 21 1 44 21 1 42 1 52 48 21 103 5 38 19 9 1 23 1 42 52 1 98 11 28 21 67 109 94 15 107 67 49 24 77 34 84 99 113 69 61 63 63 53 93 113 113 105 32 103 95 76 103 67 38 49 113 113 100 74 114 2 44 86 102 63 105 2 36 82 69 114 96 93 103 63 96 76 63 36 100 21 49 46 49 95 76 1 2 114 103 69 74 113 21 67 21 74 1 34 1 15 96 23 2 82
split_gain=56079.5 3996.08 3726.24 814.327 315.323 208.775 129.435 98.8574 95.72 55.8725 51.9118 48.6387 41.4343 30.0791 22.7525 22.4176 18.9836 17.9281 17.7039 17.4401 16.2809 15.6301 15.247 15.0946 14.6658 14.2149 13.6999 11.7299 12.032 11.5365 11.0638 12.6976 10.9831 10.9582 10.8081 10.3688 10.081 13.3043 9.402 12.3671 12.9399 9.31997 9.27228 9.27213 9.23536 8.71921 8.71812 8.47772 8.45776 8.23831 15.0868 7.64425 7.35846 7.23213 7.12374 7.085 7.02903 7.3277 9.83767 7.33734 6.9281 9.18028 8.68228 6.68218 6.65017 6.46317 6.89618 9.31263 6.32421 6.11611 7.37538 5.86945 5.60031 8.88283 5.4017 5.36946 6.50737 5.23342 5.17673 5.11778 5.08626 4.9732 4.93568 4.75231 4.68107 4.48751 4.34631 4.19749 3.60834 3.09197 3.2825 5.26936 2.76781 2.64791 2.44583 2.38296 2.18899 1.91605 1.88231 1.64806 1.77991 1.56007 1.29565 1.22194 1.12327 1.69195 0.707275
threshold=1.5000000000000002 0.045435681939125068 19.500000000000004 13.500000000000002 0.067041199654340758 56.500000000000007 20.500000000000004 0.063164893537759795 3.5000000000000004 0.83390802145004284 0.019607842899858955 51.500000000000007 0.92400339245796215 4.5000000000000009 7.5000000000000009 16.500000000000004 76.500000000000014 8.5000000000000018 1.5000000000000002 9.5000000000000018 0.048199767246842391 0.85777497291564953 25.500000000000004 10.500000000000002 1.5000000000000002 1.5000000000000002 24.500000000000004 11.012624740600588 0.47278678417205816 8.558810234069826 4.5000000000000009 1.5930402278900149 11.227221488952638 0.25431162118911749 7.5000000000000009 85.500000000000014 10.500000000000002 0.39827586710453039 0.79072496294975292 -7.308551311492919 8.9776825904846209 4.1138203144073495 10.243911266326906 8.2340941429138201 0.42980295419692999 2.5000000000000004 -8.8041057586669904 -7.2042615413665763 2.197242379188538 8.5000000000000018 2.2163048982620244 9.3152699470520037 8.5000000000000018 1.7810930013656618 8.7728600502014178 4.5000000000000009 0.38375236093997961 -8.7937283515930158 -8.8377361297607404 0.73676520586013805 2.5000000000000004 3.2704727649688725 0.93411079049110424 0.22168649733066562 0.12390350922942163 10.854413986206056 10.016733646392824 4.872016668319703 0.50378113985061657 2.5000000000000004 1.5000000000000002 6.9292800426483163 3.3684997558593754 0.42600645124912268 2.5000000000000004 6.6377232074737558 8.5221848487854022 0.37232102453708654 43.500000000000007 9.1953783035278338 32.500000000000007 1.3134996294975283 16.500000000000004 0.41472446918487554 0.21070533245801928 0.5321912169456483 7.3841943740844735 90.500000000000014 2.5000000000000004 0.86259725689888012 3.2206560373306279 1.7345473170280459 4.695528745651246 3.5000000000000004 -8.8377361297607404 4.5000000000000009 11.178609371185305 21.500000000000004 7.5000000000000009 2.5000000000000004 19.500000000000004 2.5000000000000004 7.5000000000000009 0.32709789276123052 4.5000000000000009 1.6675660014152529 7.5000000000000009
decision_type=2 2 2 2 2 2 2 2 2 2 2 2 2 2 2 2 2 2 2 2 2 2 2 2 2 2 2 2 2 2 2 2 2 2 2 2 2 2 2 2 2 2 2 2 2 2 2 2 2 2 2 2 2 2 2 2 2 2 2 2 2 2 2 2 2 2 2 2 2 2 2 2 2 2 2 2 2 2 2 2 2 2 2 2 2 2 2 2 2 2 2 2 2 2 2 2 2 2 2 2 2 2 2 2 2 2 2
left_child=1 84 8 7 5 19 9 11 18 56 23 17 13 -8 42 22 27 26 29 89 -7 34 81 45 74 65 43 28 47 32 31 52 36 46 -19 -33 37 -2 54 40 51 -31 49 -3 -16 64 -21 79 -28 55 -51 -40 -27 -24 -20 -9 57 58 -5 -59 61 -30 -62 -32 -6 66 67 -18 -38 95 -71 -34 73 -43 92 76 -41 -56 -79 -10 86 -14 -11 -29 -1 -65 -47 -44 93 96 91 -91 101 -46 -66 -58 106 -26 -35 100 -76 -12 -92 -94 105 -99 -4
right_child=2 3 4 6 10 20 12 14 16 82 24 -13 15 -15 44 -17 25 21 38 33 -22 -23 53 -25 97 30 48 83 60 41 63 35 71 98 -36 -37 68 -39 39 75 -42 72 87 -45 88 80 -48 -49 -50 50 -52 -53 -54 -55 77 -57 69 59 -60 -61 62 -63 -64 85 94 -67 -68 -69 -70 70 -72 -73 -74 -75 99 -77 -78 78 -80 -81 -82 -83 -84 -85 -86 -87 -88 -89 -90 90 102 -93 103 -95 -96 -97 -98 104 -100 -101 -102 -103 -104 -105 -106 -107 -108
leaf_value=0.11556868092371045 0.023310406012456548 0.029327112572603044 -0.011528518925662789 0.056906559418609032 0.012436731665120047 0.095599568522339362 0.11734107297491253 0.022949120516681451 0.054592768106589473 0.064073533930730328 -0.039789605480371935 0.12129774406324044 0.043791021046216211 0.055189099789285073 0.017752764618175605 0.10658809230055406 0.031211899494898998 0.043878297030986523 0.020636246901203661 -0.012786715343695782 0.036949561585271497 0.088377051238731075 0.083359599731517783 0.006873723233963458 -0.022995501977233514 0.0021600532506942972 -0.016438752408071133 -0.0071718919183012073 0.026221489214667045 0.054723653381138986 0.019709625559566138 0.0251114712906641 -0.035708136187365173 -0.03815181677341372 0.0077564914432258856 -0.0022279680856499115 0.0038684305238357026 0.0040011952368636102 0.0088707549740234034 -0.018536244718974734 0.044682989827971226 0.038612500333740925 -0.022242872269869114 0.044959972715615242 -0.010939384972455821 -0.020717459847393385 0.037251161801057184 0.013415010100861949 0.026779456882021782 0.010232729904937267 0.079047106650552312 -0.014210089333613677 0.04241880176872008 0.073593136072543031 -0.037475708981560524 0.007555440892469515 0.067497296340621446 0.029115422279623139 0.0090392735771268086 0.059826048483949956 0.025036359860761914 0.062520605961279216 -0.016308949506313362 -0.0012552086177000992 -0.04823940157123173 0.063090482615519514 0.058643990187167643 0.0012091033308438076 -0.028538713364230191 0.054091332130908304 0.013564977458239589 0.0072171878694498037 -0.0069136459371571994 0.0037945148918076851 -0.024607185052487848 -0.033125819141455973 0.011762731262345758 -0.017976241091266984 -0.0001825360646096307 0.033030355964037278 -0.0056567184153400694 0.070416433948664578 0.10438915740741411 0.028211536021861956 0.083719945435111465 -0.031306923149026611 -0.043617730824705367 0.012374133662312123 -0.001450635313331481 0.0034427884200579611 -0.020597654895688322 -0.031332576088901824 -0.045430113784539441 -0.043792150609808983 -0.018499319867002983 0.046281280270627223 -0.047011340974425837 -0.053130082520695301 -0.0079032673660380023 -0.047099122138832349 -0.05197194987296691 -0.015141863611358511 -0.038200797840728003 -0.024125410348358481 -0.054536823720201792 -0.027161264403056884 -0.033632920167679568
leaf_weight=6181.2450248301029 222.79860720038414 329.6072141379118 11.947080597281458 23.293547049164772 12.550118423998354 42.802088648080826 121.08285439014435 521.7444639056921 145.69205071777105 20.896233737468719 10.974412038922308 17.466985270380974 29.607527494430542 28.869696468114853 19.458695642650127 74.442040324211121 116.11732317507267 816.95581544190645 18.027418226003647 12.751553021371363 20.852873861789703 19.783321961760521 826.90928527712822 19.533832132816315 9.1128428280353528 14.460147224366663 21.972657799720764 21.051863916218281 82.817883476614952 23.074923522770405 24.345416113734245 62.397782072424889 18.527076087892059 11.708233617246153 22.673904523253441 74.049054898321629 141.20643623918295 151.65001456439495 325.33006116002798 36.77655391395092 22.141637608408928 44.705459520220757 16.118042007088661 152.0481073781848 12.295595087110998 28.611859261989594 21.220147453248501 20.03963079303503 20.249691501259804 16.209784403443336 16.05736418813467 38.638793334364891 66.518532194197178 484.7947711199522 15.841271452605723 91.812555737793446 29.962799996137619 25.497197240591049 21.113880947232246 933.92576670646667 40.840897768735886 23.575681909918785 16.622582070529461 41.23973286151886 10.187905952334402 15.342069521546362 16.806601084768772 34.213714793324471 15.320146001875399 17.704797595739365 32.875103965401649 11.949419319629667 16.004540622234344 32.077430665493011 11.327990561723707 20.877863273024559 31.273095831274986 73.254848256707191 92.807413004338741 48.794578276574612 11.316346496343611 625.45606288313866 73.922756806015968 14.728891327977179 32.192390345036983 16.849326029419899 284.3420872464776 15.704150877892973 15.410166241228579 22.308593071997166 27.792388424277306 18.539462447166443 90.755386151373386 17.756324976682663 32.774705164134502 105.75054064393044 45.139479003846645 5619.5389723852277 11.703867644071577 677.49591990560293 1049.3463394865394 25.699635222554207 40.38615395128727 15.764177307486532 12726.293477490544 12.646886639297007 9.6012408286333066
leaf_count=25208 1812 2227 131 140 118 220 526 3962 1029 110 128 79 145 127 151 312 817 5143 159 108 130 109 3813 158 106 111 176 149 598 190 193 483 156 114 169 571 1193 1293 2803 321 187 368 125 1048 107 328 175 146 155 125 122 334 501 2294 141 702 166 132 128 5121 307 168 117 333 103 108 118 251 128 100 189 101 133 269 133 184 271 655 829 354 122 3120 322 108 156 137 3372 122 140 226 285 196 1080 176 333 599 512 71850 113 8451 13195 296 433 175 163590 156 107
internal_value=-0.000779093 0.0877896 -0.0459677 0.057208 -0.0525343 -0.00131867 0.072157 0.0329251 0.0151827 0.0593536 -0.0532697 0.0407501 0.0796149 0.106106 0.0180984 0.0775874 0.0278426 0.0395955 0.00676074 -0.0233356 0.0778327 0.0441402 0.0764043 -0.0350851 -0.0536252 0.0209319 0.0320161 0.0357623 0.0383513 0.0124637 0.0140605 0.0199428 0.00942396 0.000438992 0.0429303 0.0103391 0.0111241 0.015564 0.0010082 0.00484735 0.00873359 0.0268001 0.0208101 0.034407 -0.00988617 -0.0372879 0.0184407 0.0463176 0.00426747 0.0221096 0.0467637 0.00634487 0.0355212 0.0798458 -0.00803218 0.0206859 0.0562482 0.0580846 0.0354045 0.059067 0.0275355 0.035115 0.0127961 -0.00141425 -0.0179458 0.0319622 0.0285097 0.0245289 0.000392495 0.0459146 0.029092 -0.0190159 0.0189898 0.0245458 -0.04912 -0.0117806 -0.0045148 -0.0110734 -0.00818219 0.0495282 -0.0404706 0.069331 0.0967444 0.00767427 0.115426 -0.0107085 -0.0416647 -0.00507138 -0.0221183 -0.0310942 -0.0249656 -0.0126551 -0.0383285 -0.0318266 -0.0271661 0.0517249 -0.0401975 -0.054082 -0.0248181 -0.0499694 -0.0517243 -0.0240531 -0.0317664 -0.0427485 -0.054095 -0.0530808 -0.0233593
internal_weight=35026.7 11832.9 23193.8 5619.43 20945 296.753 3476.1 2143.32 2248.79 1284.94 20648.3 1400.76 2191.16 149.953 742.567 2041.21 896.504 1383.29 1352.28 233.098 63.655 859.413 1966.77 399.317 20249 482.34 523.878 414.164 378.383 677.314 299.86 217.426 561.452 57.3838 839.63 136.447 530.975 374.449 674.969 475.038 386.11 115.862 677.646 481.655 64.9208 379.783 33.9717 214.526 42.2223 645.824 32.2671 363.969 80.9787 1311.7 199.931 613.557 1190.12 1003.83 44.4074 959.423 163.857 106.394 57.4635 82.4345 55.5127 182.48 167.138 150.331 156.527 186.293 50.5799 30.4765 92.7874 76.7829 1881.36 88.9275 68.0496 181.904 166.062 194.487 324.27 655.064 94.819 35.7808 6213.44 58.0891 312.954 31.8222 45.4621 175.714 109.027 40.8481 143.194 30.0519 42.9626 135.713 66.6878 18367.6 23.4121 1738.17 1060.67 36.674 68.1785 106.52 18358.5 5632.19 21.5483
internal_count=342116 57546 284570 32182 266444 2750 17344 14838 18126 7007 263694 9106 10337 653 5732 9684 6599 9027 11527 2400 350 5421 9372 4534 259160 3623 3606 2976 2719 5643 2329 1666 4683 510 5312 1054 4426 3105 5884 4100 3324 960 5158 3275 574 4376 283 1529 331 4911 247 3137 612 6107 1784 4664 6575 5521 268 5253 1190 766 424 663 554 1294 1186 1068 1321 1054 289 257 770 637 23458 776 592 1625 1484 1383 3822 3265 432 257 25364 470 3700 247 423 1890 1140 422 1679 283 436 765 750 235702 227 21779 13328 424 718 1255 235596 72006 238
is_linear=0
shrinkage=0.05


Tree=9
num_leaves=110
num_cat=0
split_feature=93 103 21 1 2 1 13 38 1 51 1 112 19 2 19 19 98 46 67 103 50 98 51 1 34 9 1 100 2 51 93 63 113 65 3 63 115 67 86 69 1 67 63 114 93 111 82 13 67 105 114 32 46 109 32 103 102 114 86 5 65 105 71 86 105 69 17 115 108 46 63 108 2 38 3 114 112 13 108 109 76 34 46 99 113 69 109 94 46 51 3 109 50 23 9 77 115 69 115 69 17 36 51 103 4 99 21 13 46
split_gain=50939.7 3595.81 3538.53 679.647 322.6 112.089 101.382 78.3673 72.0847 64.7259 57.8953 41.7831 37.3358 37.294 31.4379 25.7495 22.2225 21.8505 21.0829 20.853 16.195 26.7353 26.6527 15.7803 21.1991 13.852 13.7546 13.1718 11.4224 10.3322 9.15613 9.01774 8.88072 8.75839 10.9448 18.0702 13.2092 8.55029 8.3162 10.5377 8.21839 8.20112 8.09622 9.1289 9.2108 7.84662 16.32 8.05712 10.5357 8.15304 7.7711 7.63891 7.91748 7.59462 7.5167 8.91564 7.41375 7.33714 7.31667 7.15919 7.03188 9.14644 8.97613 7.5177 11.7907 8.7039 7.35935 6.96904 6.88413 6.50037 6.49518 11.2352 9.0003 6.83925 6.60662 6.2394 5.94498 5.91044 5.78498 6.6126 6.48854 8.51281 6.72908 5.36074 5.27214 5.13534 5.06951 4.91831 4.86391 4.85898 4.60518 4.59897 4.51105 4.14372 3.93256 3.83869 4.28122 3.28574 3.18426 3.75722 3.03412 2.78716 2.54785 1.9603 22.9392 1.54394 1.19677 0.833738 0.482457
threshold=1.5000000000000002 0.48538140952587133 19.500000000000004 13.500000000000002 1.8481920361518862 20.500000000000004 2.5000000000000004 24.500000000000004 3.5000000000000004 0.66666650772094738 8.5000000000000018 -0.30396765470504755 14.500000000000002 1.4273410439491274 48.500000000000007 15.500000000000002 10.500000000000002 0.21960458159446719 11.978740692138674 0.93937113881111156 0.49450543522834783 11.500000000000002 0.80487802624702465 3.5000000000000004 20.500000000000004 71.500000000000014 23.500000000000004 0.70680341124534618 0.094748698174953475 1.71428519487381 2.5000000000000004 10.243911266326906 -8.711662292480467 11.603762626647951 2.0462243556976323 8.3116230964660662 0.00038281464367173618 10.731647968292238 0.42572893202304846 5.2533462047576913 16.500000000000004 8.698362350463869 9.1614847183227557 -4.3842337131500235 2.5000000000000004 -15.075162410736082 2.5000000000000004 1.5000000000000002 8.698362350463869 1.4524544477462771 3.316308975219727 14.500000000000002 0.23919712007045749 0.47278678417205816 6.5000000000000009 5.8253831863403329 3.3685020208358769 -4.400434970855712 0.5577777922153474 3.5000000000000004 7.8765702247619638 4.0041027069091806 5.5916051864624032 0.33195592463016516 3.0640349388122563 6.9292800426483163 4.5000000000000009 0.00059274054365232598 7.1267783641815194 0.11167800426483156 7.204829454421998 8.0143637657165545 0.13020747154951098 1.5000000000000002 2.4900881052017216 3.5373963117599492 -0.29904159903526301 1.5000000000000002 4.910151720046998 0.73663845658302318 11.500000000000002 9.5000000000000018 0.45961478352546697 8.6510944366455096 3.197390198707581 7.0917265415191659 0.53535553812980663 9.2520508766174334 0.18214996904134753 0.72413787245750438 2.1245721578598027 0.094054348766803755 0.38961027562618261 2.5000000000000004 88.500000000000014 48.500000000000007 0.00057813103194348525 8.7456831932067889 0.00044800035539083188 6.3793284893035898 30.500000000000004 5.5000000000000009 0.42857129871845251 0.045435681939125068 2.5000000000000004 9.111701965332033 23.500000000000004 1.5000000000000002 0.1673669517040253
decision_type=2 2 2 2 2 2 2 2 2 2 2 2 2 2 2 2 2 2 2 2 2 2 2 2 2 2 2 2 2 2 2 2 2 2 2 2 2 2 2 2 2 2 2 2 2 2 2 2 2 2 2 2 2 2 2 2 2 2 2 2 2 2 2 2 2 2 2 2 2 2 2 2 2 2 2 2 2 2 2 2 2 2 2 2 2 2 2 2 2 2 2 2 2 2 2 2 2 2 2 2 2 2 2 2 2 2 2 2 2
left_child=1 11 8 10 6 12 7 13 28 14 23 103 27 77 -6 19 56 40 78 59 21 88 -23 24 31 29 84 -5 38 42 60 37 -33 34 35 -25 -36 -3 41 58 69 -2 43 53 -45 46 83 49 67 -47 -28 52 -15 -10 55 -43 107 -50 -40 -7 61 62 -30 65 -65 -62 -63 -49 -51 -14 71 91 73 -72 -74 76 -29 97 79 -12 81 -80 -82 -27 -21 -56 -31 -53 108 94 -77 -32 -24 102 -26 -44 -97 -4 -41 -100 -79 -90 -22 -1 -105 -73 -104 -11 -8
right_child=2 3 4 5 9 15 20 -9 25 16 18 -13 17 51 -16 -17 -18 -19 -20 26 93 22 92 33 89 45 50 75 30 86 70 32 -34 -35 36 -37 -38 -39 39 98 -42 54 95 44 -46 47 -48 48 57 68 -52 87 -54 -55 85 -57 -58 -59 -60 -61 63 66 -64 64 -66 -67 -68 -69 -70 -71 72 105 74 -75 -76 90 -78 100 80 -81 82 -83 -84 -85 -86 -87 -88 -89 101 -91 -92 -93 -94 -95 -96 96 -98 -99 99 -101 -102 -103 106 104 -106 -107 -108 -109 -110
leaf_value=0.10832280643440567 0.033309052979003488 0.020102621452393131 -0.033500944731370878 0.010243090161834112 0.012870775297123561 0.10330266658607708 -0.027797356244795214 0.09082476387432202 0.089354100537125059 -0.021560165021561755 0.081563063494945631 0.040386191724485022 0.092273247614054643 0.024798956648339494 0.096223852364329523 0.10195294629981243 0.046437325456253925 0.031756526242258616 0.079992132301566224 0.059442626940558158 -0.021753801204891791 0.039944874663617957 -0.012937444601136433 -9.0235440219086559e-05 0.0083398446361378741 0.037701321749487406 0.063293078510331849 0.051712243143779049 -0.011301319937681797 0.02522717950815961 0.034973740469131279 0.019979476885468184 -0.032978698374772221 0.064189308529707459 -0.007514366252908692 0.033445481653182785 0.033982060996304957 0.040605575774023524 -0.0098958734968701868 -0.035894529416750739 0.099874962505239348 0.030809565861567457 0.0028644793011385807 0.044329129187643007 0.011413331695672466 0.0013622528381811031 0.0073416819146836483 0.0092575998772594006 -0.002912206233934918 0.04931636512558004 0.075151166247104204 -0.031761776771765171 -0.024900900283797177 0.034131014679199573 0.0021333437791830104 -0.014288737184297934 0.0033370709775071734 0.020244550811297501 0.030143586003488623 0.063364863953835976 -0.00086369926926455065 0.06415555328993891 0.039159083171037452 0.034137549241288888 0.0066247855853203298 0.017035877815800429 0.019774209861533443 -0.02624360046417016 0.024699595631011699 0.053653356339481512 0.017089053070209536 -0.037138908682868378 0.010028634592530382 -0.022896438378742293 -0.022083529152044746 0.048652052041166259 0.03026520347667748 -0.045297423729999675 0.03368148988002434 0.032606442633126058 0.038452484038428707 -0.0042693727045767871 0.063696026696723071 0.083769963760585986 0.082574522430644823 -0.022953738030307546 -0.00831762954350042 -0.011498233309784089 -0.018827690142377455 -0.040946934793104225 0.075421344678128194 -0.0062170786629090142 -0.048622458131599093 -0.054060146473234108 -0.026301481937024987 0.049196385778623883 0.0091739238949321705 -0.0029569220087919002 -0.026549050548475679 -0.0057957461503377839 -0.015256466020381214 -0.049689163023787862 -0.032065154985013479 0.11317371953433314 0.047148689372902675 -0.013891969529392548 -0.051355846052543425 -0.049607220643422642 -0.0076191476047195398
leaf_weight=6263.0757371336222 22.40010317414999 488.64175575971603 100.26048670709133 20.338273167610168 17.061962947249413 85.496292695403099 8.7319859787821787 10.719317823648451 18.967360250651836 9.6281002834439295 18.371052704751492 25.636895149946213 24.423469737172127 20.13107301294804 37.580669775605202 86.958789750933647 13.355049937963484 25.18715113401413 33.731896094977856 376.81433519721031 11.627668656408785 15.559321008622645 17.745099887251854 79.025142885744572 21.460860222578049 20.749269776046276 241.42236563563347 976.27584873139858 21.793180949985981 25.206547871232033 12.245067276060583 14.66813798248768 13.921065203845499 17.850219041109085 19.069953933358192 78.951842896640301 470.4098893404007 58.811594843864441 20.434394419193268 19.34747938811779 69.800295829772949 33.275574915111065 21.157560400664806 106.16578403860331 29.160893149673939 27.835223600268364 27.09741435199976 30.223657391965389 37.479343645274639 40.437976270914078 1356.2812962830067 55.752105012536049 11.161040931940077 14.156494766473768 50.130142495036125 14.590089894831179 13.923259772360323 292.33958116173744 22.17361294478178 25.818076744675636 171.52446778863668 20.319929502904415 12.611193440854548 74.650871016085148 83.80132657289505 109.73917915672064 21.24156753718853 22.835000276565552 129.5512832030654 44.08186149597168 12.882503002882002 20.00976474583149 405.87462881952524 40.086153522133827 15.109456174075602 43.859374597668648 43.412883728742599 531.03989364951849 46.204224690794945 17.028601497411728 727.48901042342186 20.322329938411713 31.236852809786797 14.339250914752482 40.341942697763443 31.941758528351784 17.88197173923254 73.481028623878956 10.831888973712919 11.186649926006792 63.359639063477516 11.942789547145365 22.611925005912781 16095.487049892545 11.126923888921736 14.720282681286337 14.032117985188959 10.769734442234038 33.918737530708313 64.33383946120739 11.519190609455107 1082.2642837017775 20.084053933620453 39.103572830557823 25.494877681136131 17.648479908704758 1884.4551451727748 14.978535927832125 8.858465299010275
leaf_count=25229 193 3699 1128 108 143 365 98 61 128 90 111 150 106 188 187 358 109 143 190 1832 145 123 186 542 191 148 1128 5232 177 181 104 113 110 119 129 583 3172 445 179 175 311 290 151 728 217 189 195 228 285 273 6173 587 118 100 446 128 144 2227 195 114 1403 163 102 622 696 903 173 177 881 236 111 170 3453 348 127 233 254 6722 291 102 4458 134 195 103 197 291 131 778 139 114 335 100 300 216221 102 103 100 124 300 576 121 14013 250 163 128 147 24975 178 108
internal_value=-0.000833727 0.0820108 -0.0454712 0.0531654 -0.0521487 0.0667432 -0.0526115 -0.0352839 0.0137166 0.0341887 0.031177 0.107885 0.0549678 -0.0371206 0.0714145 0.0736708 -0.00573347 0.077799 0.0409801 0.0724383 -0.0533534 -0.047279 -0.0128871 0.024307 0.018439 0.0246564 0.0711119 0.0516081 0.00643724 0.0344697 0.00893059 0.0209969 -0.00583384 0.0297049 0.0285926 0.0167641 0.032327 0.0224284 -0.00192175 -0.00985512 0.0856817 0.00637123 0.038894 0.044224 0.0375122 0.0205791 0.0376164 0.0186452 0.0142573 0.0269164 0.0734266 -0.015241 0.00643925 0.0685428 0.00132416 0.016844 -0.025129 0.0175817 0.0110308 0.0950939 0.0136881 0.02774 0.00778005 0.0111517 0.0198478 0.00613804 0.043184 -0.00613932 0.030994 0.069247 0.00430767 -0.0106986 0.00631445 -0.0127852 0.00877812 0.0523312 0.0508547 -0.0424319 0.039303 0.0605668 0.0382705 0.0221029 0.0396285 0.0594635 0.0619914 -0.00774744 0.0112701 -0.0205807 -0.0489818 -0.0145799 0.0653853 0.015071 -0.0341965 -0.0537423 -0.00383178 0.019945 0.031418 -0.030706 -0.01755 -0.0133519 -0.0447218 -0.0494187 -0.0510268 0.108148 0.0889284 -0.0274491 -0.0511831 -0.0408853 -0.0195566
internal_weight=34434.7 12056.7 22378 5703.38 20109.6 3523.87 20003.1 824.834 2268.36 106.528 2179.51 6353.31 1310.74 814.115 54.6426 2213.13 51.8849 163.493 894.384 2126.17 19178.3 1166.6 55.9163 1285.12 619.817 904.337 2014.86 1147.25 1364.03 261.449 1051.48 576.043 28.5892 665.307 647.457 157.977 489.48 547.453 312.546 160.208 138.306 152.338 218.36 168.451 135.327 642.888 62.1859 580.702 382.878 197.824 1597.7 160.525 31.2921 33.1239 129.938 47.8657 38.5299 329.819 42.608 111.314 515.682 75.9659 34.4044 439.716 158.452 281.264 41.5615 53.0587 169.989 68.5053 535.799 61.8461 473.953 52.9687 420.984 1126.91 1019.69 653.589 860.652 35.3997 825.252 66.5266 758.726 35.0885 417.156 82.0719 43.0885 129.233 1110.69 43.7744 107.219 24.1879 40.357 18011.7 32.5878 49.91 28.7524 111.03 117.6 98.2526 542.559 1093.1 1916.17 6327.67 64.5985 37.6582 1904.54 24.6066 17.5905
internal_count=342948 57595 285353 31925 267236 17125 266385 9827 18117 851 14800 25670 6958 9766 330 10167 521 796 5481 9809 256558 14967 609 9319 4774 6545 9330 6162 11572 1839 8799 4367 223 4545 4426 1125 3301 4144 2773 1425 653 1348 1527 1173 945 4706 446 4260 2917 1343 7301 1671 306 228 1155 418 412 2512 374 479 4239 615 279 3624 1318 2306 336 405 1154 342 4560 521 4039 459 3580 6054 5486 8095 5291 213 5078 425 4653 251 2029 737 312 1365 14358 407 568 204 486 241591 293 354 203 1252 1051 876 6843 14152 25370 25520 291 317 25225 268 206
is_linear=0
shrinkage=0.05


Tree=10
num_leaves=106
num_cat=0
split_feature=93 21 103 97 44 3 69 0 50 42 52 21 103 93 19 51 34 4 98 96 0 2 93 100 23 2 21 109 101 32 115 112 38 23 103 38 86 52 100 109 2 111 2 103 51 115 52 52 17 69 103 109 19 52 36 103 38 77 112 86 111 82 17 115 71 34 2 34 113 77 103 112 103 112 36 52 19 94 112 51 115 2 2 90 103 109 3 34 15 2 77 44 93 28 76 103 67 99 34 50 52 84 94 113 50
split_gain=46093.5 3476.79 3383.69 626.203 322.563 183.51 82.4938 79.5535 62.4629 50.9852 49.9877 40.1692 32.6766 21.0118 20.8147 18.9347 17.4623 16.8649 16.5919 16.5768 15.7027 13.741 13.175 12.4998 12.2473 11.5658 11.3278 11.2633 14.732 10.8747 10.4322 10.4211 10.6177 10.4102 11.8395 15.8374 10.0043 9.67951 9.13167 8.99418 8.53448 8.48269 8.16527 7.79406 7.65006 7.49507 9.15512 7.6256 7.48772 8.27473 12.4377 7.44604 7.34409 11.7997 7.31467 7.25358 7.50215 7.19263 7.1694 7.11252 6.99116 6.94425 6.88761 6.54985 6.49799 6.40976 6.26707 8.76955 6.30328 6.15442 6.04269 6.03969 5.71171 5.54908 5.44657 5.28248 5.21304 5.07165 5.38719 4.72233 4.63031 4.62873 4.47751 4.36431 4.32536 4.14593 3.98007 11.1727 3.9543 3.90506 3.55051 3.43152 3.33427 2.38397 2.14674 2.0725 2.0544 1.84571 1.49911 1.30648 1.13711 1.11031 1.89618 0.741375 0.573858
threshold=1.5000000000000002 19.500000000000004 0.045435681939125068 0.087121214717626586 0.067041199654340758 0.95838922262191784 2.7794400453567509 3.1984648704528813 0.8538709580898286 0.048199767246842391 0.87555310130119335 50.500000000000007 1.2203990221023562 4.5000000000000009 32.500000000000007 0.59999975562095653 20.500000000000004 1.5000000000000002 11.500000000000002 0.70659971237182628 2.4414010047912602 0.094748698174953475 2.5000000000000004 0.95390754938125621 2.5000000000000004 1.4542039632797243 15.500000000000002 0.0026043194811791186 1.5007379055023196 9.5000000000000018 0.00060661480529233824 -0.31098571419715876 3.5000000000000004 1.5000000000000002 2.0882700681686406 2.5000000000000004 0.42572893202304846 0.71798598766326915 0.55627679824829113 0.68383076786994945 0.9770263433456422 -8.3534550666809064 0.37543597817420965 0.92400339245796215 0.99999970197677623 0.00056719520944170665 0.46247655153274542 0.4301948100328446 6.5000000000000009 5.4658384323120126 5.4372019767761239 0.51570346951484691 14.500000000000002 0.78596058487892162 42.500000000000007 4.9298467636108407 3.5000000000000004 37.500000000000007 -0.35283309221267695 0.099019609391689314 -14.975169181823729 2.5000000000000004 4.5000000000000009 0.00039508623012807226 5.1558685302734384 6.5000000000000009 1.0058156847953799 11.500000000000002 -8.9139218330383283 29.500000000000004 2.2486531734466557 -6.5278379917144767 1.103570342063904 -0.31448602676391596 35.500000000000007 0.76490327715873729 10.500000000000002 6.0648889541625985 -0.32863581180572504 0.74999958276748668 0.00060883734840899717 0.34192238748073583 1.1220059990882876 5.5000000000000009 2.066346406936646 0.033925095573067672 2.084622979164124 8.5000000000000018 11.500000000000002 1.6105993390083315 4.5000000000000009 0.091326106339693083 3.5000000000000004 2.5000000000000004 63.500000000000007 1.6213137507438662 10.258164882659914 2.0182306766510014 19.500000000000004 0.67669162154197704 0.80658715963363659 0.48212005198001867 8.855194568634035 -8.8113570213317853 0.38961027562618261
decision_type=2 2 2 2 2 2 2 2 2 2 2 2 2 2 2 2 2 2 2 2 2 2 2 2 2 2 2 2 2 2 2 2 2 2 2 2 2 2 2 2 2 2 2 2 2 2 2 2 2 2 2 2 2 2 2 2 2 2 2 2 2 2 2 2 2 2 2 2 2 2 2 2 2 2 2 2 2 2 2 2 2 2 2 2 2 2 2 2 2 2 2 2 2 2 2 2 2 2 2 2 2 2 2 2 2
left_child=2 8 79 7 5 13 11 10 19 18 38 14 17 97 15 20 42 43 22 29 -5 36 59 27 54 83 39 60 -29 31 -17 66 62 34 35 -25 48 85 -4 82 75 61 57 -9 -34 47 -47 -35 49 -10 -51 -21 65 -54 93 56 -44 69 -16 -6 81 -31 -33 -59 -38 -40 68 -68 -2 -8 -41 -36 -30 80 88 -18 -62 78 -50 -1 -39 -23 -14 -7 -63 -27 92 -88 -24 -45 -79 99 -66 96 -77 -61 -11 -3 -95 -26 -19 102 -85 -103 -93
right_child=1 4 3 6 9 25 16 12 21 24 -12 -13 26 -15 58 30 40 100 -20 51 -22 23 74 33 91 37 -28 28 72 41 -32 32 44 45 71 -37 64 73 52 70 -42 -43 55 89 -46 46 -48 -49 77 50 -52 -53 53 -55 -56 -57 -58 63 -60 95 76 84 -64 -65 86 -67 67 -69 -70 -71 -72 -73 -74 -75 -76 94 -78 90 -80 -81 -82 -83 -84 101 -86 -87 87 -89 -90 -91 -92 104 -94 98 -96 -97 -98 -99 -100 -101 -102 103 -104 -105 -106
leaf_value=0.10233740424491025 0.009845048466682705 0.06029944766340592 0.017142573801867348 0.034310458522829192 0.0098241099246615428 -0.0065298135091909825 0.0097101464834734655 0.10294183287016451 -0.0085621113107814482 -0.016071205900917932 0.10197076901049887 0.1090841285830404 0.046202159166505205 0.024396197272997865 -0.011745841962453266 0.029502653815029929 -0.044437845214679562 0.043167065292663884 0.016264509102038603 0.01253468864149572 0.052625151532263909 0.023421104544540793 -0.038715092675598473 0.035939292861496462 -0.0064990572792509443 -0.0074165091077991081 0.094125903820476059 0.054477889795014306 -0.026904713095149559 0.027309109985828656 0.041403472052170723 0.037533482121852785 0.021761136693538938 0.016806155139668502 -0.0046284938245254219 0.013270791764830696 0.015869418293016919 -0.017019667496494736 0.057130368298704742 0.057441446138076294 0.025125983222840244 0.041021697511605032 0.035708079903819599 0.067506467896662578 0.062709969703867247 -0.0022985159836096769 0.017357574331430412 -0.0072602660109160532 -0.035586959492830229 0.056999462046922626 0.0020247442294113027 -0.030904761576408799 0.041262450619144742 0.077302023984557933 -0.0010067957444532226 0.055533797863132589 0.012142529539768486 -0.0053813510718670075 0.022962799494814654 -0.015413844916988429 -0.0058963554120684903 -0.019368059756147523 0.0075985443491047092 0.020731728873561575 -0.040286204093556092 0.048714432331973555 0.063090208097055983 0.020277441218607084 0.033820727250473741 -0.018567529508316971 0.081016906424490803 0.012357028573770213 0.015814487053682921 0.026053041310696724 -0.00058027815766216624 -0.018897005852473756 -0.030344322576380978 0.027803706774147827 0.0059794100215434321 0.074683871741026073 0.014849821926107749 -0.013263569220937852 0.06950347361266726 -0.013598918167435695 0.010964471250260189 -0.044628957396231336 -0.022526035209422535 0.010675169230358161 -0.050091735388738512 0.089117828183690795 0 -0.035590248013704216 -0.0060509955771887143 -0.030276110109160155 0.0083340807906152285 -0.036710116216899472 -0.046474540171652083 0.096729946027848845 -0.051089148499074713 -0.038271524631285442 0.066345445196494254 -0.023653120738327968 -0.035385118950933339 -0.050344103768886483 -0.053783812957659598
leaf_weight=6261.7885492295027 33.223842896521091 19.111795328557491 20.681231588125229 238.06489867717028 16.199996046721935 15.684046179056166 145.4009742885828 107.75591641664505 15.615895494818686 8.6694725975394231 53.736785635352135 17.561137393116951 36.055194050073624 22.179040737450123 29.302809700369835 849.23969215899706 15.0639616176486 27.576888471841812 12.966993421316145 20.878884211182594 275.24038746953011 19.767527900636196 311.71923598647118 132.77382373809814 7.7014107257127744 13.740954823791979 44.66097466647625 16.01155187189579 12.734508305788042 17.240271292626858 259.58557147532701 22.051389925181866 32.009032435715199 40.988338105380535 62.413196004927158 192.91653157770634 18.583465576171875 33.017745785415173 448.29548035562038 490.70086789131165 10.776309154927729 15.705117031931875 64.911490887403488 75.20719900727272 20.254035919904709 84.658605709671974 187.15800869464874 143.53171877563 16.793502151966099 22.229939214885235 19.054438903927803 16.029149778187275 41.880252294242382 83.107735887169838 8.1044829562306386 20.399660937488079 77.315885901451111 24.695004105567932 27.085857629776001 29.23754857480526 47.947929114103317 30.785191684961319 121.14138153940439 323.29803288727999 21.982412904500961 874.60770790278912 41.459541290998459 20.361039109528065 294.36904037743807 20.532448552548885 40.664949968457222 281.51592583954334 15.738910838961599 16.112745441496372 8.3553618863224965 15.148942828178406 42.078694336116314 13.47164051234722 12.304414711892603 37.329360298812389 15.369677521288393 12.808846317231653 994.85271611809731 17.495582208037376 16.814075097441673 19.788286477327347 61.345490947365761 40.812753975391388 154.10913017392159 108.64006611704826 47.208867616951466 19.208600349724293 12.146151304244993 18.657471589744091 11.026528969407082 27.152663163840771 544.38587070256472 31.809641130268574 2330.1810394972563 7.3343372792005539 36.626263484358788 9.3326155394315702 53.81778522580862 28.46077799052 15425.405975192785
leaf_count=25082 241 94 99 1521 163 174 1080 444 131 113 219 75 166 136 197 5338 156 122 115 149 1549 171 4019 1018 103 140 182 131 105 129 1622 146 215 347 502 1490 162 301 2260 2211 93 119 458 327 143 716 1571 1220 153 189 166 122 222 374 73 148 563 196 186 314 392 231 865 2405 202 4454 265 137 2070 155 185 2260 130 143 96 137 363 120 109 170 135 104 4476 201 134 206 544 369 2028 458 425 256 113 240 100 299 7301 161 32098 101 153 108 639 340 216862
internal_value=-0.000903232 -0.0449245 0.0766945 0.0494952 -0.0518705 -3.74615e-05 0.0299457 0.0630748 0.0132051 -0.0526802 0.0543173 0.0359959 0.0698154 0.0678628 0.0351285 0.0361671 0.0158023 0.0841445 -0.0375297 0.0256216 0.0442752 0.00771122 -0.0388647 0.00995171 -0.0531382 -0.0226629 0.0665609 -0.0027402 0.018346 0.0274313 0.0323499 0.0298127 0.0200007 0.0118451 0.0158201 0.022665 -0.0018647 -0.00945662 0.0524645 0.065677 -0.0117317 0.00978816 0.0179553 0.0895953 0.0391233 0.00595781 0.01122 -0.00176811 0.007415 0.021364 0.0328207 -0.00654087 0.0529439 0.0659377 -0.0499113 0.0278115 0.0232277 0.0147451 0.00491644 -0.0182445 -0.0106009 0.0013157 0.0126189 0.0188349 -0.0107043 0.0516354 0.0346163 0.0499618 0.0314755 0.00601637 0.0594874 0.00923898 -0.00334799 0.00184692 -0.0419328 -0.0221408 -0.0177427 -0.00152192 -0.0182518 0.102193 -0.00655413 0.00875453 0.0687665 -0.0327223 -0.00844203 -0.0306347 -0.0145337 -0.00920297 -0.0426489 0.080949 0.00658646 -0.05374 -0.0291505 -0.0500439 -0.0072345 -0.0265265 -0.0460607 0.0853643 -0.0509475 -0.024668 0.0577547 -0.0362575 -0.0305678 -0.0451621 -0.0537653
internal_weight=33731 21522.2 12208.8 5909.7 19225.3 295.921 2424.65 3485.05 2296.92 18929.4 1522.31 1696.08 1962.74 73.1005 1678.52 1622.13 728.569 355.806 559.741 702.322 513.305 1594.59 546.774 1293.04 18369.6 222.82 1606.93 167.088 44.485 665.414 1108.83 584.869 195.456 1125.96 669.619 325.69 301.549 98.0294 1468.57 1562.27 52.0157 80.5447 676.553 291.603 52.2631 456.337 271.817 184.52 146.679 56.9003 41.2844 36.908 1447.89 124.988 2910 162.627 142.227 513.926 56.3887 72.5902 122.603 64.8395 143.193 347.993 154.87 1322.9 389.413 61.8206 327.593 165.933 531.366 343.929 28.4734 64.5002 474.184 41.2394 90.0266 89.7784 29.0979 6299.12 48.3874 32.5764 1030.91 124.791 47.5993 33.5292 136.287 102.158 465.828 183.847 60.6805 15459.7 34.1286 2901.89 26.1755 56.3902 553.055 50.9214 2348.84 15.0357 64.2032 109.107 71.3134 37.7934 15444.6
internal_count=342711 285128 57583 32331 266959 2778 15979 16352 18169 264181 7628 10488 8724 391 10413 10030 5491 1504 7034 4966 3070 13203 6919 10520 257147 2387 7220 1396 366 4695 6960 4082 1369 9124 5270 2508 2683 925 7409 7038 486 613 5005 1229 358 3854 2287 1567 1293 486 355 271 7310 596 39825 1169 1021 3836 383 776 1030 494 1011 2601 1390 6714 2713 402 2311 1235 2396 2762 235 579 6143 393 755 807 262 25252 436 275 4642 1462 365 346 1228 913 6047 785 545 217322 315 39752 237 613 7414 255 32338 204 275 1288 840 448 217118
is_linear=0
shrinkage=0.05


Tree=11
num_leaves=102
num_cat=0
split_feature=13 107 19 97 2 0 21 2 19 42 38 0 0 98 107 61 24 51 13 2 94 113 23 36 109 108 86 98 52 99 46 15 76 2 67 112 24 21 76 19 65 107 113 108 9 46 84 19 84 21 53 50 113 109 111 105 102 63 101 77 107 19 42 113 107 107 105 108 76 9 0 2 52 67 2 69 113 111 46 108 0 107 90 107 51 9 13 5 96 13 52 63 52 21 65 67 0 9 96 50 65
split_gain=42394.2 3606.27 2462.75 809.776 142.181 110.902 81.9045 74.053 73.5168 61.526 51.7595 43.7675 38.1326 36.4262 35.0695 33.5206 33.1463 32.8238 21.076 18.2646 17.802 17.4356 16.1887 34.897 13.1304 15.3033 12.7176 12.2573 12.2382 11.945 11.8975 11.6065 11.5221 11.2359 11.1563 10.4125 9.91135 9.82773 9.66238 9.6507 9.44563 9.06472 8.7497 10.3229 8.41099 8.36422 8.20774 10.6077 9.26273 8.15599 8.0538 8.01647 10.83 11.3191 8.16911 7.86371 7.85168 7.82177 7.76679 10.0467 7.55676 9.94844 7.36383 10.2328 7.3361 7.21616 7.09788 8.48878 6.77328 6.69318 6.22005 6.04339 5.80535 5.65398 6.17461 5.47214 8.27102 8.256 5.4372 6.76952 5.40344 4.84826 12.6148 4.78609 5.21512 4.36327 4.01328 3.77804 3.67684 3.38775 3.2703 2.99364 2.94934 2.68953 2.65599 2.588 2.30681 1.05833 0.736969 1.25752 0.549783
threshold=1.5000000000000002 0.48254701495170599 19.500000000000004 0.087121214717626586 1.8725865483283999 2.3502402305603032 24.500000000000004 1.6317272782325747 46.500000000000007 0.056349206715822227 19.500000000000004 3.1567740440368657 2.3502402305603032 11.500000000000002 1.5630083680152895 3.8142999410629277 7.5000000000000009 0.69230756163597118 2.5000000000000004 0.23277693241834643 8.6194787025451678 -7.2217376232147208 2.5000000000000004 39.500000000000007 0.0021871135104447608 6.939709186553956 0.37221671640872961 8.5000000000000018 0.87428161501884472 1.6648721694946291 0.10042016953229906 3.5000000000000004 18.500000000000004 2.2728582620620732 9.4119782447814959 -6.7087018489837638 2.5000000000000004 29.500000000000004 48.500000000000007 13.500000000000002 8.7371311187744158 1.6326789855957033 -8.9084296226501447 8.9181513786315936 68.500000000000014 0.34712059795856481 0.28464819490909582 13.500000000000002 0.39827586710453039 9.5000000000000018 0.59290647506713878 0.85714232921600353 -8.8655619621276838 0.075094860047101988 -8.417106628417967 2.1713840961456303 10.224784374237062 6.6254985332489023 1.9408973455429079 36.500000000000007 1.3565052747726443 7.5000000000000009 0.16597796231508258 -8.6479024887084943 1.7266216874122622 2.2240483760833745 2.5139433145523076 8.0633163452148455 7.5000000000000009 68.500000000000014 1.2424533367156985 0.28908464312553411 0.85777497291564953 6.6944196224212655 1.5600685477256777 7.424922227859498 -8.729331970214842 -8.3249382972717267 0.42807881534099584 7.9430565834045419 0.89587974548339855 1.4066755771636965 6.5000000000000009 1.3164095282554629 1.3173203468322756 71.500000000000014 2.5000000000000004 3.5000000000000004 0.18834459781646731 2.5000000000000004 0.74962234497070324 7.8771204948425302 0.80658715963363659 7.5000000000000009 8.0770978927612322 9.5863356590271014 2.6735538244247441 78.500000000000014 0.23205128312110904 0.80907452106475841 9.2538580894470233
decision_type=2 2 2 2 2 2 2 2 2 2 2 2 2 2 2 2 2 2 2 2 2 2 2 2 2 2 2 2 2 2 2 2 2 2 2 2 2 2 2 2 2 2 2 2 2 2 2 2 2 2 2 2 2 2 2 2 2 2 2 2 2 2 2 2 2 2 2 2 2 2 2 2 2 2 2 2 2 2 2 2 2 2 2 2 2 2 2 2 2 2 2 2 2 2 2 2 2 2 2 2 2
left_child=1 12 15 7 9 6 19 11 30 13 16 36 -1 18 50 35 28 -6 81 45 31 -22 23 72 49 26 34 -19 32 64 -8 -21 -7 37 40 -2 44 65 41 95 -26 -38 43 -37 55 69 47 -31 -48 78 94 52 54 -54 -44 -3 -47 -40 -53 -60 61 87 63 -51 71 -16 67 -18 -36 -5 -32 -27 86 -62 -75 77 -77 -64 83 80 -80 82 -4 -17 -85 -46 -11 -13 -83 -28 -52 -45 97 -81 -9 -35 -14 -20 99 -24 -92
right_child=2 3 4 5 17 10 8 14 -10 22 -12 60 96 -15 33 24 66 27 92 20 21 -23 98 -25 25 29 89 -29 -30 46 70 -33 -34 39 68 42 38 -39 57 -41 -42 -43 51 91 85 56 48 -49 -50 62 90 58 53 -55 -56 -57 -58 -59 59 -61 73 -63 75 -65 -66 -67 -68 -69 -70 -71 -72 -73 -74 74 -76 76 -78 -79 79 93 -82 88 -84 84 -86 -87 -88 -89 -90 -91 100 -93 -94 -95 -96 -97 -98 -99 -100 -101 -102
leaf_value=0.034604371304286979 0.055874396354045841 0.058628240556269265 0.028743450447772486 0.040142039496439699 0.064456030832030262 0.027028591915760947 0.027220368355694413 0.073893236271342241 0.090962694482765977 -0.044124112962089443 0.09897368966945419 0.081375619458988746 0.066812630904666825 0.023405488215789451 0.062208482320129155 -0.0041307072569972047 -0.018871949054579312 -0.042335601868549018 -0.029277651245674122 0.024418436231564741 0.043757549206245298 -0.0062021187576416842 -0.014810235467852102 0.035965587191855233 0.0053325905340302349 -0.0068340388319283038 -0.041007300361847847 0.021767200308186449 0.076548266161941381 0.017538185458414509 -0.035050466407599394 0.0095455959296835147 0.038682797950413364 0.068386350270125976 -0.033913318369466205 0.023960305926822991 0.030247428224083262 0.023744074569049409 0.0052307638675790288 0.090348917318175126 0.053527133909507321 0.060710280880510371 0.074566321232911154 -0.034434494313017899 0.037344786680354285 -0.007255726831943839 -0.011385582039907772 -0.0060696084291800914 0.0084555766284497135 -0.011596050215938125 0.044708621937046521 -0.017177742311649435 0.031061034942019346 0.011528927024199054 0.020235554262440992 0.04271947326768033 0.028894783875560572 0.035388491940304065 0.033424929563523907 0.0035763763255052352 0.037153429568658289 0.045858760024902634 -0.020870728080134165 0.047561156109369909 0.062635919890827035 0.044637954354527137 -0.030438306159328007 0.022039663704839181 -0.00098843178097353769 0.013986941018929364 -0.015130232150865827 0.03968517831623207 -0.0054586744936593766 0.062701376168838932 0.049076870963857808 0.023612821940656156 -0.010757825480064737 0.012923603688128952 0.02957394947883972 -0.0033409101096116586 -0.011633389136235682 -0.004701179723541434 -0.02496881284369571 0.013562459158960417 0.050700978990966539 0.05054071003270845 -0.05056993276271602 0.05253177980842897 -0.032490002774009957 -0.0080887044865335118 0.080862072447545896 -0.0038272054213365362 -0.012405726940131954 -0.034340628504161044 0.086217545029273771 0.04379515495520836 0.097054198551629473 -0.046663405502472589 -0.053588180730257999 -0.04538218676419703 0.056318105136981871
leaf_weight=27.251231737434864 17.632388241589069 383.31541316211224 13.588253848254679 26.349017783999443 27.769012652337551 305.70359709858894 12.243289716541765 196.03078442811966 15.161427982151507 416.39452850818634 31.316828735172749 143.16860981285572 22.434339635074139 23.378545716404915 556.80336628854275 19.781137697398663 17.300467111170292 13.780512206256391 22.059153877198696 791.65832963585854 172.59216422587633 18.642535336315632 8.2443164959549922 10.863053537905214 32.576822392642498 12.112792298197748 24.81114786863327 13.032607123255728 18.966912716627121 324.41908923536539 56.755039855837822 163.23064432293177 938.66269873082638 83.2970260232687 18.993882529437542 22.735556162893772 45.00823400914669 23.089412346482277 26.358085662126541 71.635258406400681 13.937212124466894 79.349173784255981 16.922859817743305 14.635424822568892 186.6143187135458 78.722700744867325 80.200806029140949 54.257347278296947 207.1147902905941 14.527197264134886 34.122963607311249 21.219821341335773 145.28769185394049 160.38742362707853 14.494083710014818 132.98756314814091 16.970266282558441 161.07503550499678 43.62173692882061 78.637033715844154 39.028640136122704 41.258765935897827 137.20120488107204 11.993346959352492 15.68769498169422 91.431389339268208 13.107964336872099 37.102300219237804 69.003373391926289 302.59713219106197 147.45622538030148 13.046072058379648 8.3682471886277181 629.74579001963139 145.03655669093132 23.427397012710571 57.187411017715931 19.370997838675976 17.122928224503998 13.921633042395115 12.348809666931627 14.971655763685702 37.956978864967823 38.614786610007286 12.54278753697872 149.60596843063831 2321.7411195784807 27.1100854575634 106.51366589218378 13.573079049587248 31.808863580226898 18.338176108896732 8.9028500542044622 15.342084430158138 304.70262715220451 28.942826554179192 6206.0361013412476 370.35598369687796 14732.041163183749 14.827102214097975 31.636589661240578
leaf_count=169 123 1886 153 195 161 1846 82 822 74 5721 141 605 108 186 2465 167 148 173 298 5341 1188 129 111 79 262 102 210 113 92 2627 647 1155 5568 363 158 169 229 110 136 295 114 404 123 113 924 614 686 458 1781 121 159 167 1029 1166 107 657 129 841 336 606 173 181 1205 100 130 407 121 311 564 2277 1490 106 106 2828 646 204 506 167 148 115 101 166 460 322 106 755 33371 117 1291 119 136 141 114 131 1281 126 24852 5091 216781 216 141
internal_value=-0.000748749 0.0692952 -0.0465204 0.0440941 -0.0520857 0.0255674 0.0173959 0.0601668 -0.0102779 -0.0523292 0.0363415 0.0542297 0.0967013 -0.0363083 0.0690389 0.00880293 0.0347504 0.0277448 -0.0388109 0.0214888 0.0247843 0.038825 -0.0528723 -0.0491305 0.00431549 0.00771033 -0.005548 -0.0113225 0.0365725 0.0109724 -0.0179923 0.0219055 0.0358637 0.0621609 0.00171548 0.0190594 0.0473939 0.058683 0.0390824 0.0742273 0.0212027 0.0502563 0.0176779 -0.00088882 0.050348 0.0125145 0.00929052 0.0141187 0.00285216 -0.00325165 0.0786735 0.019847 0.0240795 0.0209515 0.0518692 0.0546854 -0.000394881 0.0312756 0.00968775 0.0145831 0.0619017 0.0716132 -0.00830256 0.0159136 0.0368578 0.0598544 0.000454111 0.00869331 -0.00865617 0.016285 -0.0209303 0.0177889 -0.0494902 0.0592379 0.0602636 -0.0111351 -0.000398743 -0.0165435 0.00692123 -0.00415445 0.0122578 -0.0237684 -0.0102084 0.0161258 0.0240429 0.0434445 -0.049618 0.0773404 -0.0292458 -0.0303596 0.0623031 -0.0186096 -0.0451591 -0.0208002 0.0816477 0.0627942 0.096963 -0.0458267 -0.0535657 -0.0364356 0.0703608
internal_weight=33055.2 13063.4 19991.8 6807.7 18164.8 3164.54 1802.38 3643.16 231.616 18110.2 1362.16 2189.66 6255.72 597.727 1453.5 1827.03 1330.84 54.5821 574.349 1570.76 1146.12 191.235 17512.5 2757.37 1273.12 879.734 172.896 26.8131 1263.33 706.839 216.455 954.889 1244.37 855.199 134.511 553.912 1164.31 671.324 311.791 183.875 46.514 124.357 536.28 55.7092 852.523 424.639 665.992 378.676 287.316 393.382 598.302 480.571 337.092 305.675 31.4169 516.303 95.693 187.433 143.479 122.259 1025.35 211.537 263.708 26.5205 40.8466 648.235 67.5107 54.4028 87.9973 328.946 204.211 25.1589 2746.5 813.811 774.782 237.187 80.6148 156.572 129.674 58.7355 29.4717 173.031 51.5452 70.9387 51.1576 336.22 2738.14 170.279 121.485 38.3842 97.5684 32.9736 401.318 29.2637 500.733 112.24 6228.47 392.415 14755.1 23.0714 63.4455
internal_count=342745 63364 279381 38235 264591 21548 13321 16687 2293 264144 8227 10382 25129 7759 6305 14790 8086 447 7573 11028 7813 1317 256385 39277 10710 7317 1427 286 7506 5890 2219 6496 7414 3766 1098 4080 5832 2982 1610 784 376 633 3957 423 4222 3215 5552 3085 2467 3393 2539 3534 2425 2195 230 2543 743 977 1109 942 4550 903 2303 221 338 2872 580 459 722 2472 2137 208 39198 3647 3474 2082 710 1372 1090 495 249 2070 613 595 428 1679 39092 722 1457 329 436 254 5503 246 2103 489 24960 5389 217108 327 277
is_linear=0
shrinkage=0.05


Tree=12
num_leaves=109
num_cat=0
split_feature=93 21 107 0 44 36 0 2 48 0 0 21 98 44 11 24 107 34 2 2 74 3 93 17 82 15 48 9 17 94 112 113 49 61 108 24 108 107 93 2 101 86 53 109 113 34 3 108 115 86 36 77 9 96 38 53 49 61 65 44 108 107 96 115 19 95 95 61 112 93 112 61 49 109 109 107 100 2 53 36 114 112 2 105 109 48 65 53 114 82 109 0 109 76 86 53 111 53 3 111 34 69 94 2 23 21 0 15
split_gain=38595.8 3218.47 2887.96 546.531 291.229 146.416 77.1671 71.6787 61.3903 59.6043 55.3106 36.7808 26.1124 21.9967 20.1401 17.9562 15.2536 14.242 13.6938 13.6012 18.9659 16.6751 11.6466 11.225 12.5489 11.1441 11.1281 10.15 10.957 16.1779 12.5882 10.1138 12.0466 12.4078 9.95886 9.2613 9.08969 8.80736 8.58315 8.19118 7.837 9.53506 9.28739 8.55707 14.7764 8.14505 7.72936 7.90633 7.71769 7.55123 7.22078 8.2202 7.21735 7.19963 7.04628 7.04225 6.91073 6.84215 12.1365 11.1982 8.27662 8.04604 7.26283 6.26585 7.52417 6.23491 6.17976 6.05001 6.00193 5.91438 5.71047 5.65068 7.31797 5.63614 5.40117 5.80685 5.30245 5.29558 4.94794 4.91567 4.90004 4.69685 4.47304 4.45148 4.36653 4.25503 5.98639 5.28262 4.16822 3.74427 4.02551 3.69041 3.57864 3.42958 3.36339 3.14131 2.82506 2.65502 2.54229 1.87071 1.83527 1.76823 1.74116 1.69165 1.34997 1.54744 1.00226 0.36568
threshold=1.5000000000000002 19.500000000000004 0.51225808262825023 2.8617925643920903 0.067041199654340758 27.500000000000004 2.1383330821990971 1.9020052552223208 0.019607842899858955 1.7005987167358401 3.2384861707687382 50.500000000000007 10.500000000000002 0.095491390675306334 1.5000000000000002 7.5000000000000009 1.6229568123817446 12.500000000000002 1.8481920361518862 1.0606558322906496 4.5000000000000009 2.0462243556976323 2.5000000000000004 16.500000000000004 9.5000000000000018 2.5000000000000004 0.1753378361463547 84.500000000000014 4.5000000000000009 6.9002976417541513 -6.6556015014648429 -8.8830614089965803 0.42857138812541967 5.5391240119934091 7.3236756324768075 3.5000000000000004 7.9688320159912118 2.2240483760833745 3.5000000000000004 0.86695557832717907 11.474917888641359 0.39892473816871649 0.68795290589332592 0.92113181948661815 -8.9139218330383283 6.5000000000000009 2.1865618228912358 11.834832668304445 0.69227948784828197 0.33195592463016516 4.5000000000000009 27.500000000000004 68.500000000000014 0.49632333219051367 15.500000000000002 0.38165266811847692 0.10749299451708795 7.8291051387786874 8.8853855133056658 0.22168649733066562 10.217016220092775 1.5930402278900149 0.39924812316894537 0.00057413929607719194 7.5000000000000009 9.9139661788940447 8.8496532440185565 7.0569939613342294 -14.271301746368406 2.5000000000000004 -14.238272666931151 3.8142999410629277 0.35645127296447759 0.5451963245868684 0.033925095573067672 1.176360070705414 1.3360969424247744 0.45655755698680883 2.6306818723678593 5.5000000000000009 3.2704727649688725 -0.34082767367362971 0.98153895139694225 1.6765416264533999 0.015319450292736294 0.019607842899858955 10.697505474090578 0.59290647506713878 3.2206560373306279 3.5000000000000004 1.8854963779449465 3.7494349479675297 0.0028164064278826122 42.500000000000007 0.12390350922942163 0.79925373196601879 -15.247838020324705 0.4743421077728272 1.2780329585075381 -15.01048421859741 23.500000000000004 2.7794400453567509 5.364760398864747 1.8725865483283999 4.5000000000000009 97.500000000000014 1.4978661537170412 4.5000000000000009
decision_type=2 2 2 2 2 2 2 2 2 2 2 2 2 2 2 2 2 2 2 2 2 2 2 2 2 2 2 2 2 2 2 2 2 2 2 2 2 2 2 2 2 2 2 2 2 2 2 2 2 2 2 2 2 2 2 2 2 2 2 2 2 2 2 2 2 2 2 2 2 2 2 2 2 2 2 2 2 2 2 2 2 2 2 2 2 2 2 2 2 2 2 2 2 2 2 2 2 2 2 2 2 2 2 2 2 2 2 2
left_child=2 9 13 6 5 18 23 10 12 31 25 15 22 -1 69 19 74 37 85 21 -21 -8 83 40 82 52 27 28 29 34 96 32 33 71 -11 95 49 56 -7 -32 43 42 -42 44 -4 -45 57 63 -38 -27 51 -18 70 -35 -20 -19 76 59 -59 60 -33 -60 -61 64 -48 -65 67 78 -54 97 -5 -2 -73 -37 84 -76 -9 -28 -34 -52 -55 -17 98 -6 -12 87 92 93 -89 -24 -91 -39 -87 -3 -85 -29 -30 100 -25 -88 -10 -99 -71 104 105 -16 -104 -57
right_child=1 4 3 7 8 38 11 17 14 26 16 -13 -14 -15 103 81 50 55 54 20 -22 -23 89 24 -26 36 77 35 30 -31 39 46 66 53 -36 73 48 91 -40 -41 41 -43 -44 45 -46 -47 47 -49 -50 -51 79 -53 68 80 -56 107 -58 58 61 62 -62 -63 -64 65 -66 -67 -68 -69 -70 102 -72 72 -74 -75 75 -77 -78 -79 -80 -81 -82 -83 -84 94 -86 86 99 88 -90 90 -92 -93 -94 -95 -96 -97 -98 101 -100 -101 -102 -103 106 -105 -106 -107 -108 -109
leaf_value=0.092677240399101232 0.029874611858364909 -0.015513933881001814 -0.00987688750023967 0.052255988615902874 0.013316921514945229 0.086984615166397092 0.012531187099106906 0.041879170478229269 0.00015081191292337485 0.056136999838475893 0.061499813792909412 0.094053908999712763 0.023330066951799275 0.041699855550119916 -0.052140463374056048 -0.010289672054683459 0.033193456426279175 0.090840639218140923 -0.010151880109059231 0.044251443675993027 0.012723867288383232 0.032831309289678826 -0.0028769251959627918 -0.049227512820466231 0.033761396709398893 0.036098948511459478 0.01577775572505849 0.0041868077423184522 0.030557766830243294 0.080734180559683844 0.015698580946245138 0.0022538053013606745 -0.010853040717279683 0.006925813821234493 0.018121976703294518 -0.032255543691766371 0.028976235919652073 0.025708670258449636 0.04374622528082283 0.027481078511572138 0.017778581833180054 0.003943426403495715 0.072624415662426514 0.029594937210254874 0.020037767102239538 -0.0048628097453109432 -0.00098608753066684886 0.03976575029799162 0.053993307454992472 0.0080793615508524385 0.033211186251891733 0.059687611759820403 0.038063541604469911 0.060323326230451363 0.032437807179218597 0.075763717831798999 0.036612510619371208 0.047347971434294256 -0.014961016483569177 0.013470466270149259 0.037258730221569586 0.0090423860300612811 -0.01225308663622445 -0.0036638509281868951 0.015477443222437014 0.024365052332888801 -0.022551645678952407 0.029001348055751809 0.067243959410183268 -0.020491866965857551 0.032381048620050264 -0.028650850478196373 0.017453797275309015 0.0079051775449345118 0.083133983707535164 0.066253630309832015 0.071028208429517556 -0.018581870928883769 0.021131678277272824 0.056189171265997234 0.026497723199495393 0.023256439893527138 0 0.0046587616498317995 0.035019499068929288 -0.035619216242722913 -0.015271702182467007 -0.0068890308906440533 -0.034147046617603517 -0.040516571241278443 -0.0025343746157743176 0.057331300892639381 -0.001973888329914257 0.018538599502087215 -0.027746763526765361 0.038407236323801282 0.065365931009595701 -0.019195411783289814 -0.013328060753431679 -0.044258046225974436 -0.026745619240497561 -0.042391857586688647 -0.049727042713641874 -0.019200592147690862 -0.05362245697908942 -0.040394430951420451 -0.045276357836456421 0.054028365680054286
leaf_weight=6180.3138305991888 13.503288172185419 12.659902565181255 42.226126655936241 753.64951525628567 11.767402462661265 29.955486610531807 116.79959255456924 25.772101178765297 7.9698400348424938 23.73907470703125 108.49703148007393 24.3185775578022 19.439723022282124 25.425136312842369 4669.7707140445709 28.849248565733433 39.307500720024109 142.47578972578049 21.53464150428772 459.40978688001633 55.894114919006824 1027.1873350292444 8.019481994211672 11.14834186434746 13.666805289685724 53.554210484027863 18.099086254835129 13.817819453775884 17.784711956977844 18.04586186259985 465.71649231016636 110.50455588102341 38.445828579366207 15.730640120804308 67.40394788980484 18.924063920974731 62.13432589173317 24.594677001237869 29.882956385612488 229.31882092356682 14.840202793478964 16.043567679822445 20.1188879981637 20.421673953533173 790.95020044595003 76.53351753205061 98.879081301391125 16.638373911380768 85.771834835410118 46.598304226994514 74.212924361228943 578.36998310685158 259.66623896360397 30.763298340141773 15.184097580611704 33.45775493979454 23.12164531648159 15.378971517086027 45.29340298473835 28.869605660438538 18.658373236656189 134.78738909214735 274.61353485286236 188.0301947966218 221.58685027062893 20.639235228300095 19.498235732316971 22.319101385772228 21.901473641395569 10.110725633800028 50.458134055137634 16.803318046033386 14.63530822843313 13.846987448632715 108.20807035267353 325.71053566038609 468.68043227493763 24.46258756518364 15.799335323274134 48.33205147087574 24.147487409412861 14.35847359895706 17.086733385920525 9.5004366412758809 29.027735725045204 11.053174711763857 9.6542821079492551 24.56985392421484 38.635847248136997 270.8419106528163 7.9497956633567801 23.176808372139931 23.760902635753155 13.842696368694305 30.491812817752361 14.027311019599436 17.658561438322067 15.144537083804606 12.246778212487696 58.787997543811798 19.780613973736763 81.802830457687378 893.70836583524942 6.7777902632951728 10632.161469578743 64.374023362994194 572.01918116211891 36.428174883127213
leaf_count=24882 108 117 302 3531 120 127 718 106 97 153 458 100 152 134 71363 198 175 576 192 2481 340 5898 106 113 108 269 134 102 116 119 3296 916 315 127 451 146 312 107 152 1495 104 113 140 141 5569 535 819 138 425 231 324 2508 1267 253 108 138 102 131 398 240 153 1149 2351 1555 1849 172 163 185 105 142 234 135 117 107 440 1386 1978 191 128 212 197 101 147 92 122 136 119 250 398 3645 105 100 283 123 336 101 117 191 123 731 260 1125 13304 92 164057 957 8384 169
internal_value=-0.000923082 -0.0439703 0.0683794 0.0441805 -0.0512702 -0.00149319 0.0276041 0.0575351 -0.0521009 0.0112683 0.0535167 0.0340832 -0.0313118 0.0924801 -0.052536 0.0331387 0.0609088 0.0710618 -0.0197401 0.0339668 0.0408979 0.0307865 -0.0345676 0.0167538 -0.00514024 0.0461792 0.0209592 0.0221405 0.023566 0.0385182 0.021243 0.00465084 0.0146842 0.0254571 0.0288799 0.00214156 0.0359113 0.0662707 0.0671525 0.0196512 0.0179783 0.0371361 0.0513059 0.016859 0.0184947 0.00263377 0.00281693 0.00716302 0.0439472 0.0234721 0.0556949 0.0581022 0.0484633 0.0383298 0.00778023 0.0832154 0.0683133 -0.000951654 0.00676012 -0.00447001 0.00775669 0.00287633 -0.00971906 0.00600948 0.0103857 -0.000689857 0.00142751 0.00797825 0.0407129 -0.0469274 0.0510839 0.00442346 -0.00706718 -0.0153911 0.0674817 0.070758 0.0696603 -0.00370399 -0.00103991 0.0429243 0.0467256 0.00104071 -0.0192488 -0.0120117 0.0564206 -0.0250479 -0.0321276 -0.016395 -0.024111 -0.0385198 -0.0394885 0.042532 -0.0139614 0.0019554 -0.0199175 0.0228486 0.0501205 -0.0350925 -0.0327721 -0.0407275 -0.0190676 -0.0392175 -0.047884 -0.0531146 -0.0531271 -0.0519957 -0.048045 0.0659475
internal_weight=32340.5 19949.5 12390.9 6185.21 17621.2 289.522 2762.1 3423.11 17331.6 2328.37 2645.4 1726.82 358.011 6205.74 16973.6 1702.5 1311.67 777.707 229.683 1659.29 515.304 1143.99 338.571 1035.28 54.1487 1333.73 942.845 900.284 839.667 109.189 730.479 1385.53 211.646 115.583 91.143 60.6162 248.059 565.346 59.8384 695.035 981.134 51.0027 34.9591 930.132 833.176 96.9552 1173.88 545.774 147.906 100.153 740.222 617.677 1085.68 70.6414 36.7187 212.362 517.574 628.106 195.46 432.646 129.163 180.081 303.483 529.135 320.466 208.669 96.0625 76.5643 281.568 1600.54 804.108 44.9419 31.4386 32.7711 571.443 433.919 494.453 42.5617 54.2452 122.545 54.9108 43.2077 40.4819 51.7597 137.525 192.965 103.256 89.7083 63.2057 286.811 278.792 47.7715 34.8141 26.5026 39.9922 27.8451 35.4433 124.698 23.3951 68.4423 27.7505 96.9474 1475.84 15373.1 15366.3 4734.14 1465.73 69.8859
internal_count=342913 285391 57522 32506 267264 2736 17231 15275 264528 18127 11999 9836 4556 25016 259972 9736 5625 3276 2457 9437 2821 6616 4404 7395 491 6374 6528 6203 5747 723 5024 11599 1728 937 604 456 1237 2393 279 4791 6904 357 244 6547 5871 676 9871 4533 737 500 3219 2683 5137 577 300 883 2186 5338 1678 3660 1069 1547 2591 4395 2668 1727 791 628 1372 23503 3765 360 252 253 2406 1826 2084 325 443 536 450 299 383 548 580 2157 1269 888 648 3856 3750 207 419 240 428 203 233 1673 236 850 357 1316 21830 236469 236377 72320 21688 307
is_linear=0
shrinkage=0.05


Tree=13
num_leaves=86
num_cat=0
split_feature=93 103 25 0 2 0 25 0 25 0 52 25 23 36 30 98 103 4 13 74 49 0 53 112 112 25 0 25 54 30 61 102 113 53 3 67 114 82 114 0 95 91 114 67 9 77 50 52 111 53 77 101 112 100 69 77 65 86 86 74 69 76 67 61 113 52 52 107 23 108 98 3 67 67 95 52 11 25 99 3 61 63 96 98 74
split_gain=35345.4 4263.06 1210.25 900.016 141.007 121.318 163.354 77.6497 68.2351 55.1272 49.4878 48.9034 42.3447 53.8075 39.9627 32.1894 20.0432 18.9626 15.0396 14.667 13.5591 12.652 12.1708 11.8853 11.7789 11.5043 11.3761 12.6684 12.4955 10.5998 10.4656 12.552 12.1344 9.99051 9.95782 10.4652 9.26826 9.4133 9.10207 8.66423 8.61523 8.59555 8.41729 8.80121 8.39602 7.84912 7.62411 13.379 7.19716 7.30555 6.9457 6.73487 6.56016 9.89777 11.9277 7.95467 8.55332 7.49001 6.55945 6.41095 6.37848 12.5075 6.49213 6.00101 5.76857 5.70449 5.45631 5.36537 5.13215 5.03896 4.75243 4.49378 7.62032 4.28459 4.26378 4.16673 4.04829 4.79072 4.03298 2.64887 2.56916 2.49517 1.16557 1.04229 0.5084
threshold=2.5000000000000004 0.045435681939125068 19.500000000000004 2.7403194904327397 1.8481920361518862 2.1383330821990971 19.500000000000004 3.2384861707687382 51.500000000000007 2.0126758813858037 0.83390802145004284 50.500000000000007 1.5000000000000002 38.500000000000007 5.5000000000000009 7.5000000000000009 0.92400339245796215 1.5000000000000002 1.5000000000000002 4.5000000000000009 0.19999996572732928 1.7005987167358401 0.65636926889419567 -6.6305499076843253 -0.33093583583831782 17.500000000000004 2.9174053668975835 19.500000000000004 1.1123737096786501 6.5000000000000009 4.9082701206207284 1.0490702986717226 -8.8148303031921369 0.63702240586280834 1.8953310847282412 10.826135635375978 3.316308975219727 3.5000000000000004 -4.5133957862853995 2.2499048709869389 9.3152699470520037 3.5000000000000004 3.329020738601685 9.1057057380676287 68.500000000000014 37.500000000000007 0.38961027562618261 0.742027908563614 -8.2684550285339338 2.6306818723678593 23.500000000000004 2.3697762489318852 -0.27863115072250361 1.3581948876380923 7.9646141529083261 76.500000000000014 9.5300292968750018 0.12390350922942163 0.37221671640872961 1.5000000000000002 7.032412290573121 20.500000000000004 9.2905049324035662 4.3634169101715097 -8.6978006362915021 0.88939857482910167 0.516954004764557 1.5832683444023135 1.5000000000000002 7.9430565834045419 11.500000000000002 2.2422270774841313 8.9796862602233904 10.87999200820923 7.7223587036132821 0.79930555820465099 2.5000000000000004 90.500000000000014 2.451436042785645 1.5420657992362978 6.1573495864868173 9.2273073196411151 0.31866537034511572 1.5000000000000002 2.5000000000000004
decision_type=2 2 2 2 2 2 2 2 2 2 2 2 2 2 2 2 2 2 2 2 2 2 2 2 2 2 2 2 2 2 2 2 2 2 2 2 2 2 2 2 2 2 2 2 2 2 2 2 2 2 2 2 2 2 2 2 2 2 2 2 2 2 2 2 2 2 2 2 2 2 2 2 2 2 2 2 2 2 2 2 2 2 2 2 2
left_child=1 9 30 5 12 6 21 10 18 -1 26 14 13 39 19 33 17 -9 64 20 -7 34 -17 -23 58 36 28 44 67 -26 31 32 -2 -6 35 -3 45 -38 -25 70 42 -36 43 -34 -28 -18 47 82 49 52 -21 -30 55 69 -55 57 -57 -32 -16 -51 62 -62 -61 68 -8 83 -44 -5 71 -54 75 72 -33 81 -73 -4 77 79 -75 -48 -20 -41 -14 -12 -11
right_child=2 3 4 7 15 11 8 16 -10 84 65 -13 46 -15 24 22 25 -19 80 50 -22 23 -24 38 29 -27 27 -29 51 -31 48 63 40 -35 41 -37 37 -39 -40 73 -42 -43 66 -45 -46 -47 76 -49 -50 59 -52 -53 53 54 -56 56 -58 -59 -60 60 61 -63 -64 -65 -66 -67 -68 -69 -70 -71 -72 74 -74 78 -76 -77 -78 -79 -80 -81 -82 -83 -84 -85 -86
leaf_value=0.012239050554544417 -0.017475979573820813 -0.019874446947737875 -0.046247531280974835 0.031869615032041068 0.016219176828627817 0.036295514495291975 -0.0079516781783856173 0.087167367428255677 0.082755285757904279 0.089113606313283689 0.045090005470976385 0.08822479334258515 -0.021224497873003751 0.069206244392092511 -0.020749026198452872 0.075686243313239365 0.028045520627234206 0.038474195280671697 -0.029382837880369602 -0.0071883950092067571 0.025640836265141576 0.051757846964164633 0.01631749311329285 -0.015472232114512451 0.041261709867611573 0.085604822089128563 0.045789712705570078 0.074508844105050556 -0.0016358046336063593 -0.0056636703070236868 0.007254508015117532 0.034752788312285628 0.0094082287545995732 -0.037433782455852063 0.011860151986420691 0.027772597997370557 0.058470864597001494 0.04007642838286421 0.019933222250842028 -0.021339174616937042 0.0013198155522454224 0.03270107964023676 -0.0095140672561066127 0.055806953824880226 0.034558440959679436 0.050806529343463025 -0.050803589215173278 0.02512088149393776 -0.03067299823861333 -0.010967293104535585 0.02110254214804487 0.027242662459743924 0.0082386496206378629 0.0094176518712502603 0.05798998017176047 0.010963573921314928 -0.0080387670283636539 -0.016114522692676447 0.017443242426563258 0.028722772918876066 0.0021536290698450449 0.060911696129003545 -0.0066134946901456092 0.028100672228754876 -0.029519191030434891 0.086749474037357444 0.032332232040297136 0.043890601371392349 -0.024212003840943991 -0.022839541582164485 -0.0030018344745650427 -0.028648413433584003 0.0026634112989353141 -0.047732611924087648 0.0049980001228672171 -0.030593212358085903 -0.053219449343598214 -0.01657897176259961 -0.024048006794455869 -0.026604496066482027 -0.044122033661985013 0.014659412576431975 -0.046623748102444185 0.066279278137667305 0.068011624418063368
leaf_weight=24.285917654633522 13.843646377325056 44.72564359754324 1068.3981012403965 176.84339517354965 12.956753864884375 433.74489749968052 91.447415374219418 108.67955397069454 13.004979908466337 6192.4433691650629 27.420579582452774 30.55879084020853 11.363252177834509 9.2647170946001989 63.231125541031361 19.673508308827877 58.125209882855415 29.803280532360077 73.874834857881069 42.169157043099403 1131.6559984758496 28.335227377712727 17.192609313875437 17.344073385000229 22.056924790143967 38.189964726567268 864.28217653930187 36.240626946091652 22.554945334792137 23.302891008555889 43.857969433069229 21.580372370779514 14.188972085714338 20.356582172214985 1160.043250977993 13.801782354712484 1371.7657047957182 91.968494489789009 607.0560257434845 8.6878007799386996 21.944385312497616 51.434046871960163 13.545204870402815 51.521076925098896 251.09653243422508 193.59655740857124 2389.0685479640961 7.5250187218189231 15.031412750482557 18.61237458139658 41.287184603512287 141.88353528827429 28.432418175041676 43.36096004396677 17.22800375521183 146.69312946498394 96.746666006743908 137.58787610381842 12.123367846012114 20.657741621136665 16.402438037097454 20.131690606474876 29.647826008498669 22.544466733932495 48.376843877136707 53.869550973176956 14.604762151837347 319.49904242157936 16.085799172520638 21.409086816012859 7.359393171966075 16.398517318069935 99.338174432516098 33.402105607092381 18.2215945571661 60.767269626259804 12670.87252311036 13.071402601897715 58.574362903833389 18.263749554753304 98.755946040153503 7.4629349112510672 38.257749572396278 73.911660879850388 32.223669685423374
leaf_count=180 103 357 16034 889 104 2477 932 437 62 25153 126 128 144 53 544 92 252 122 990 300 6804 187 149 121 175 153 3983 158 116 211 358 161 109 249 8938 108 5787 390 4078 110 165 388 104 385 1207 834 37790 64 131 157 285 739 246 365 142 1237 829 1188 111 171 139 167 254 186 514 216 111 1610 134 188 60 125 721 438 134 861 204517 172 764 270 1445 97 575 307 137
internal_value=-0.000835688 0.0578648 -0.0484544 0.0334628 -0.0516652 0.0169793 0.00921776 0.0507358 -0.0234563 0.0887286 0.0436748 0.0266514 -0.0519681 -0.0429287 0.0255086 0.0186087 0.0580327 0.077284 -0.0282831 0.0275404 0.0286314 0.0147676 0.0499806 0.0204561 -0.00215972 0.056442 0.0412727 0.0444059 0.035709 0.0175315 0.00552105 0.0128591 0.0248338 -0.0164793 0.0118154 -0.00805863 0.0557127 0.0573642 0.0188991 -0.0438537 0.0301357 0.0127926 0.0366413 0.0463703 0.0433201 0.0457875 -0.0527114 -0.032397 0.00186143 0.00271006 0.00681535 0.0232423 0.00030653 0.0110952 0.0244572 -0.00250323 0.00336795 -0.0103981 -0.0142538 0.0146424 0.0203376 0.0359198 0.00811565 0.00468323 -0.0157185 0.0709982 0.0123967 0.0397366 0.00133255 -0.00519327 -0.0451938 0.00424408 0.00882775 -0.0292505 -0.0111903 -0.0454556 -0.0527844 -0.0504714 -0.0333842 -0.0506408 -0.0381795 -0.00430622 -0.0417964 0.0613841 0.0890224
internal_weight=31609.1 14157 17452.1 7908.06 16472.5 4048.33 2248.2 3859.73 325.46 6248.95 1967.6 1800.13 16402.3 1253.92 1769.57 70.1795 1892.13 138.483 312.455 1648.86 1565.4 1922.74 36.8661 652.735 120.714 1753.65 1812.4 1151.62 660.781 45.3598 979.617 323.817 129.648 33.3133 1270 58.5274 1715.46 1463.73 624.4 1244.65 115.804 1211.48 93.86 65.71 1115.38 251.722 15148.4 57.146 655.8 640.768 83.4563 164.438 535.316 110.43 60.589 424.886 243.44 181.446 75.3545 105.452 86.8397 36.5341 50.3056 194.169 139.824 155.202 28.15 496.342 171.624 49.8415 1136.52 155.539 120.919 108.127 34.6201 1129.17 15091.3 2420.4 91.9765 2407.33 172.631 16.1507 49.621 101.332 6224.67
internal_count=342504 71951 270553 46481 262543 29155 18120 17326 3943 25470 9351 11035 261949 18417 10907 594 7975 559 3881 9866 9281 14177 241 4386 1041 7416 8702 5348 3354 386 8010 2438 977 353 9791 465 7263 6177 4199 18364 874 9326 709 494 5190 1086 243532 783 5572 5441 585 855 4553 941 507 3612 2066 1546 655 888 731 306 425 1461 1446 649 215 2499 1275 434 16955 1141 882 1409 259 16895 242749 38232 1202 38060 2435 207 719 433 25290
is_linear=0
shrinkage=0.05


Tree=14
num_leaves=99
num_cat=0
split_feature=13 103 21 0 2 49 23 54 0 19 3 21 52 21 24 0 103 13 50 98 100 0 21 2 76 76 92 0 113 107 109 54 63 82 3 65 113 115 69 3 67 105 100 17 108 67 113 82 84 34 102 113 15 113 53 113 82 115 63 46 53 115 49 52 109 86 63 50 49 115 105 46 4 9 2 112 52 63 67 63 42 4 103 23 36 0 108 114 108 49 36 2 15 99 114 67 2 2
split_gain=32482.7 3303.42 2369.55 561.915 115.967 77.8234 63.7636 67.9598 57.7806 56.1611 41.4548 31.935 29.9153 26.2676 28.7443 26.0463 25.8375 25.3215 22.2819 20.4673 17.6385 16.1519 15.5046 12.6564 11.9734 12.5862 11.89 11.2332 10.1694 10.1023 10.0777 9.8356 9.74557 9.5581 9.45202 9.20182 13.3208 15.7929 12.5618 10.8243 9.36551 8.94896 8.83338 8.75756 8.65773 8.53917 13.5979 8.05898 7.95836 7.90558 7.75185 8.59547 7.59424 7.50773 7.30423 7.04082 6.97161 6.81363 7.46643 10.4108 9.90882 6.75919 12.1877 6.749 6.72723 6.51907 6.25257 6.13107 12.6925 6.07215 5.34314 6.23398 4.95244 4.85972 5.69923 6.77646 6.38312 5.00419 9.21825 7.35453 4.68209 5.90856 8.3072 4.46956 5.75171 4.41768 6.31466 4.73803 3.76929 3.54845 3.20613 2.10221 1.67681 1.35866 1.22384 0.562129 0.440541 0.150919
threshold=1.5000000000000002 0.045435681939125068 21.500000000000004 2.7403194904327397 1.8228593468666079 0.10749299451708795 1.5000000000000002 1.6141603589057925 2.3502402305603032 17.500000000000004 0.98927053809165966 15.500000000000002 0.83390802145004284 50.500000000000007 7.5000000000000009 2.9700856208801274 1.242550849914551 2.5000000000000004 0.77181464433670055 8.5000000000000018 1.427716135978699 2.4414010047912602 51.500000000000007 1.3963115811347964 81.500000000000014 17.500000000000004 1.5000000000000002 1.7005987167358401 -8.9084296226501447 5.433460235595704 1.2509608864784243 1.1999998688697817 5.5677146911621103 3.5000000000000004 1.5420657992362978 9.3923692703247088 -7.3403477668762198 0.00056875561131164442 4.3948810100555429 1.825700104236603 11.692667484283449 2.0994372367858891 10.693469047546388 8.5000000000000018 10.937619686126711 8.2930378913879412 -8.8743414878845197 1.5000000000000002 0.14017543941736224 10.500000000000002 9.0952401161193865 -8.7388648986816388 2.5000000000000004 3.0042532682418828 1.3252907395362856 -7.2367086410522452 2.5000000000000004 0.00039012660272419458 9.0443110466003436 0.41078349947929388 1.1082207560539248 0.00059571283054538082 0.49999995529651647 0.58631333708763134 0.69065123796463024 0.42572893202304846 6.6254985332489023 0.38961027562618261 0.2623532116413117 0.000579798739636317 2.5139433145523076 0.24272927641868594 3.5000000000000004 82.500000000000014 0.27109500765800482 -0.31633353233337397 0.61433240771293651 7.3293333053588876 9.5863356590271014 8.7034597396850604 0.39433813095092779 2.5000000000000004 1.7235247492790224 2.5000000000000004 33.500000000000007 3.3497501611709599 6.7247996330261239 3.387404322624207 7.721895933151246 0.23825291544198993 5.5000000000000009 0.81608760356903087 2.5000000000000004 10.37477493286133 3.387404322624207 10.19602155685425 1.4058027267456057 1.4437134861946108
decision_type=2 2 2 2 2 2 2 2 2 2 2 2 2 2 2 2 2 2 2 2 2 2 2 2 2 2 2 2 2 2 2 2 2 2 2 2 2 2 2 2 2 2 2 2 2 2 2 2 2 2 2 2 2 2 2 2 2 2 2 2 2 2 2 2 2 2 2 2 2 2 2 2 2 2 2 2 2 2 2 2 2 2 2 2 2 2 2 2 2 2 2 2 2 2 2 2 2 2
left_child=1 21 18 8 6 11 7 17 9 27 -11 16 19 14 28 24 20 22 29 89 88 -1 23 -4 25 53 41 31 66 47 64 42 -30 35 94 39 37 43 -39 -20 44 -12 -3 -37 -38 46 -29 49 80 50 51 -2 54 -7 -36 -47 -54 -49 60 -60 -59 65 -63 -27 -26 -41 -10 68 -8 -33 71 -16 -28 74 75 -50 -76 78 -75 -79 81 82 -35 84 95 87 -87 -18 -5 -6 -19 -92 -23 -52 -17 -69 -22 -70
right_child=2 3 4 5 12 15 67 -9 13 10 26 -13 -14 -15 70 34 85 90 33 -21 96 92 -24 -25 30 63 72 45 32 -31 -32 69 -34 48 52 36 40 38 -40 61 -42 -43 -44 -45 -46 55 -48 57 73 -51 93 -53 56 -55 -56 -57 -58 58 59 -61 -62 62 -64 -65 -66 -67 -68 83 97 -71 -72 -73 -74 77 76 -77 -78 79 -80 -81 -82 -83 -84 -85 -86 86 -88 -89 -90 -91 91 -93 -94 -95 -96 -97 -98 -99
leaf_value=0.041454258567171907 0.047949390259192606 0.0090407005687957887 -0.03743713273441214 0.025334699590549847 -0.0062428306640528912 0.014812993619923635 0.01744272432506443 0.069678752106107258 0.024012847861924754 0.067958240509583642 -0.018476007260127072 0.081944436844957572 0.084127047693421553 0.07596642764393112 0.020819932381547113 0.052146369608171476 0.049256034660467275 -0.013103056061318095 0.053420722185379237 0.02954520692524143 0.056922161074788952 0.085785333890332827 0.032015029772051007 -0.015221578141262779 0.031498363631432123 0.065923730191539159 -0.027256196483147213 -0.0073470225323051478 0.038852692093783753 -0.014027812979255653 0.06336281956184088 0.015976591072942969 0.024850884637054097 0.057279860137680473 0.044748027027580101 0.032017252983632491 -0.023147937281721639 -0.02434302025167133 0.0050083969072392195 0.0093976361547202167 0.024909878174073946 0.010084266679113225 0.026133665095810318 0.0016248393067417391 0.017239427252124847 0.020860108610794216 0.041377804356328235 -0.010416555823456538 0.0070391016517973165 0.054931680145709316 -0.0084844201441935958 0.0095911931864517755 0.04203490765850397 0.039106903717553508 0.057145646106673213 0.0053262806477845388 0.019197563794256675 0.024890147362932116 0.012197268860032872 0.045887411045547555 0.0017956002534500416 0.024832878152135036 -0.0076435271560773566 0.043388956588369346 0.017525613101038045 -0.00691708154899991 0.055780766125170848 -0.025434822411431291 -0.046882154565086487 0.055741347387148754 -0.033283827416510293 -0.014164656207585904 0.0049930778594895527 0.035575177295594979 -0.0016391801238436856 -0.025940723362204373 0.044589626136700755 -0.031648017831035345 -0.023219855749640372 -0.0057625339795498685 -0.011855784815389356 -0.010485649204133399 0.010928438793782212 -0.052896227472432181 -0.0034701977124815247 0.04225307194671208 0.05440022581176597 0.029924333273996656 0.054919402239838634 -0.043890871216892079 -0.050623063880746326 -0.043964317801553215 0.064414418399484016 0.011857257966890137 0.076676320738068959 -0.049822668299589798 0.077740694519528031 -0.023963107280808305
leaf_weight=25.748037822544575 36.991196699440479 624.35076733678579 285.42721494287252 27.750307768583298 11.400179974734785 59.678022809326649 9.1056478805839998 12.454306844621895 28.335430681705475 15.190187528729437 44.625302009284496 121.20540434122086 11.099558249115942 26.711538597941399 21.342409484088421 35.106388926506042 99.687742188572884 9.3324836045503599 13.498305562883614 26.29524090886116 28.100951313972473 6077.9889331012964 8.3192200139164907 88.601440027356148 318.55357275903225 53.271302416920662 112.97217148542404 15.941122606396673 153.28628887236118 22.094601847231388 20.52993555366993 22.617776095867157 921.03702349215746 13.334065578877924 1137.6002790629864 74.422772608697414 91.360605604946613 43.045979917049408 198.93549388647079 385.79810494184494 13.310943216085432 65.965258464217186 86.287174381315708 35.738319203257561 14.071005538105963 655.14682671427727 94.767224669456482 22.569588594138622 35.330584857612848 26.308678522706032 14.785336166620256 26.207416899502277 97.706629320979118 79.731554538011551 165.72598788142204 85.45660962164402 59.904603347182274 78.532382018864155 50.018227033317089 45.23709799349308 113.7412051782012 142.87620893865824 34.819993197917938 181.70859662443399 133.04900331795216 70.87549539655447 54.063037186861038 8.8278548456728441 38.056012239307165 19.477057375013828 12.90776541084051 27.178154364228249 12.241855204105375 12.150206208229067 15.168689571321012 25.30617443099618 12.314040511846541 50.464330088347197 11.457395598292349 62.363622017204762 15.764060597866772 13.188696056604384 32.786279112100601 12854.619512777776 7.4527707248926154 169.95013466477394 823.50212809443474 67.119832873344421 27.354720801115036 16.849328875541687 366.7993642129004 507.89267585426569 35.759747624397278 14.782481342554091 32.743990942835808 1591.1046969927847 186.81476736068726 8.0466128773987275
leaf_count=138 240 4559 4238 113 113 310 81 83 155 68 388 489 53 111 170 145 451 143 112 190 117 24998 62 1086 1584 263 1366 103 832 182 102 165 5288 103 4990 604 772 334 1654 3085 114 540 616 302 116 4106 585 163 316 179 103 170 460 381 736 541 281 536 366 339 829 1130 282 878 659 602 316 143 574 140 123 251 154 103 124 225 99 448 100 569 134 115 270 217140 95 708 3427 304 113 237 5898 7867 147 103 136 26137 754 116
internal_value=-0.000779019 0.0587112 -0.0449546 0.0352865 -0.0512295 0.0478497 -0.0515054 -0.0406365 0.0193533 0.0137319 -0.00819462 0.0566312 0.014674 0.0276954 0.0265366 0.0420775 0.0543956 -0.0418105 0.00827357 -0.00115418 0.0687992 0.0855041 -0.0307384 -0.0322831 0.0348316 0.0416955 -0.013541 0.0171736 0.0283068 0.0179432 0.0292528 0.0126446 0.0269094 0.00517436 0.0460451 0.00729889 0.00194474 0.00684539 -0.000289645 0.0111615 -0.0124096 -0.00144413 0.0111809 0.0224012 -0.0174981 0.0211372 0.0342683 0.0196555 -0.00272187 0.0308011 0.0230864 0.0327886 0.045067 0.0290466 0.046396 0.0190956 0.0336806 0.0152159 0.0173061 0.0287635 0.0113996 0.0101227 0.0184025 0.0489258 0.0274755 0.00682942 0.0456001 -0.0524578 -0.0334739 0.0358898 -0.00651828 0.00118674 -0.0240026 -0.00745536 0.00159031 -0.00685773 0.019965 -0.0133239 0.00695963 -0.0176911 0.0111748 0.0176021 0.0259215 -0.0525261 -0.0495135 0.0509504 0.0523991 0.0418728 0.0412637 -0.0301148 -0.0465278 -0.0468499 0.0856778 0.00144503 0.0655309 -0.0497183 0.0754782 -0.0439732
internal_weight=30897.5 13166.2 17731.3 7026.7 15861.7 3926.8 15796 1278.83 3099.9 1855.04 250.995 1551.49 65.6443 1244.86 1218.15 2375.31 1430.28 1266.37 1869.65 54.5447 270.021 6139.5 382.348 374.029 846.522 374.389 235.805 1604.04 1156.72 451.268 472.133 752.733 1074.32 1418.38 1528.79 1118.75 470.885 352.143 241.981 647.868 118.743 110.591 710.638 110.161 105.432 851.312 110.708 429.174 299.628 119.075 92.7664 63.1986 1460.94 139.41 1303.33 740.603 157.611 310.099 287.529 95.2553 192.274 634.37 177.696 234.98 451.603 456.674 82.3985 14517.2 55.2083 42.0948 61.4283 48.5206 125.214 224.555 88.1195 60.6368 27.4827 136.436 23.6076 112.828 75.0731 59.309 46.1203 14462 1607.39 1160.26 993.452 166.808 55.105 28.2495 884.025 874.692 6113.75 29.5678 67.8504 1599.93 214.916 46.1026
internal_count=342440 63261 279179 37978 264256 17401 263663 19377 20577 13331 2516 6476 593 7246 7135 10925 5987 19294 14923 540 1097 25283 5386 5324 4177 1832 2448 10815 6591 3210 2345 5480 6120 11713 6748 9107 3896 2894 1988 5211 1002 928 5175 906 888 5335 688 3028 2606 795 616 410 6467 691 5726 4647 741 2233 2070 705 1365 5099 1412 1141 2243 3687 471 244286 771 305 544 421 1520 1984 764 541 223 1220 203 1017 622 488 373 243515 26375 4890 4135 755 226 350 13908 13765 25145 206 281 26280 871 690
is_linear=0
shrinkage=0.05


Tree=15
num_leaves=91
num_cat=0
split_feature=13 103 21 0 44 48 48 21 44 21 24 0 103 69 67 11 46 4 93 52 93 3 112 102 2 105 65 111 44 105 102 2 9 107 93 103 105 103 108 3 103 69 53 3 108 93 72 54 105 86 48 105 95 65 52 95 113 3 63 103 96 92 2 53 108 2 48 54 86 53 97 52 98 63 61 49 69 23 54 44 4 65 107 61 2 52 97 112 21 13
split_gain=29995.9 3234.62 2195.36 455.151 162.575 85.1733 68.5297 66.0717 61.8492 49.1205 47.7654 34.0393 31.7419 27.8557 22.5078 22.4558 19.3697 17.4393 16.2581 15.5345 11.2217 10.3717 9.64746 8.64563 8.61719 15.3588 10.9225 8.64021 16.4903 11.3243 8.52773 12.1098 8.89118 8.52231 7.9027 10.3899 7.73597 7.56372 7.53796 9.5738 8.94208 14.2514 8.44724 8.61385 7.83694 7.48114 7.36588 7.23183 6.8802 6.79317 6.87351 6.32086 9.4591 11.2296 10.3176 8.2406 7.98066 6.13185 5.9968 5.68959 5.58547 5.00223 4.96645 4.61419 4.38642 4.28307 4.18262 6.10405 3.93669 3.62738 3.56356 3.50816 3.24942 3.04458 3.31906 2.83327 2.62932 2.61136 4.18263 11.5339 2.48959 2.4451 1.89261 1.85947 1.50961 2.43471 0.937748 0.383648 0.326907 0.0290988
threshold=1.5000000000000002 0.045435681939125068 19.500000000000004 2.9174053668975835 0.055867666378617294 0.019607842899858955 0.019607842899858955 49.500000000000007 0.067041199654340758 19.500000000000004 7.5000000000000009 3.113268375396729 1.198858976364136 2.7794400453567509 12.984753608703615 1.5000000000000002 0.20064935088157657 1.5000000000000002 2.5000000000000004 0.87428161501884472 3.5000000000000004 1.0242528319358828 -6.6556015014648429 1.1984564661979678 0.60562479496002208 4.7282309532165536 9.7204999923706072 -8.3367714881896955 0.12467616423964502 1.3964061141014101 2.3461232185363774 1.5148725509643557 68.500000000000014 1.0524278879165652 1.5000000000000002 1.7924404740333559 1.7941355705261233 0.79117947816848766 6.939709186553956 2.2840802669525151 1.4794237017631533 5.3278639316558847 2.4330357313156132 1.9109650254249575 9.1075038909912127 2.5000000000000004 1.0000000180025095e-35 1.0444663763046267 1.4408158659935 0.44315245747566229 0.19999998062849048 5.4655697345733651 8.1323895454406756 8.0770978927612322 0.58631333708763134 9.892642021179201 -7.2631797790527335 2.5103714466094975 9.7705225944519061 1.6414586901664736 0.42600645124912268 1.5000000000000002 1.3963115811347964 0.42980295419692999 8.0633163452148455 0.78045186400413524 0.15161964297294619 1.0971675515174868 0.24911347776651385 0.62593284249305736 0.39565217494964605 0.71798598766326915 8.5000000000000018 8.9102115631103533 6.6504795551300058 0.21222498267889026 8.8111252784729022 4.5000000000000009 1.7266499996185305 0.10551619529724122 1.5000000000000002 10.697505474090578 1.0657176375389101 6.8154480457305917 0.95993462204933178 0.76205986738204967 0.31009615957736975 -14.278195381164549 23.500000000000004 3.5000000000000004
decision_type=2 2 2 2 2 2 2 2 2 2 2 2 2 2 2 2 2 2 2 2 2 2 2 2 2 2 2 2 2 2 2 2 2 2 2 2 2 2 2 2 2 2 2 2 2 2 2 2 2 2 2 2 2 2 2 2 2 2 2 2 2 2 2 2 2 2 2 2 2 2 2 2 2 2 2 2 2 2 2 2 2 2 2 2 2 2 2 2 2 2
left_child=1 16 13 5 -4 7 14 10 61 11 18 23 17 22 20 45 -1 37 19 -3 21 -6 -2 36 27 26 -26 29 -29 -10 32 -32 -25 66 35 -12 62 -13 39 49 -41 -42 43 47 -45 70 51 -40 -23 50 -35 55 53 -53 -54 56 -24 60 59 -14 -44 63 -5 -7 -20 -48 67 68 -15 -65 83 -36 86 74 -68 -38 81 78 88 -80 -51 -63 -19 -8 89 -86 -22 -11 -17 -47
right_child=2 3 4 9 6 8 15 -9 24 87 34 12 58 33 -16 77 -18 82 64 -21 72 48 46 30 25 -27 -28 28 -30 -31 31 -33 -34 38 71 -37 75 -39 42 40 41 -43 57 44 -46 84 65 -49 -50 80 -52 52 54 -55 -56 -57 -58 -59 -60 -61 -62 76 -64 69 -66 -67 73 -69 -70 -71 -72 -73 -74 -75 -76 -77 -78 -79 79 -81 -82 -83 -84 -85 85 -87 -88 -89 -90 -91
leaf_value=0.082780374056697067 0.046264669473864199 0.026636440855030037 0.050304568438757857 0.023251725761731228 0.028505799452365994 0.013631303812217841 -0.027758227913656553 0.080472214954908472 -0.015255555601097981 0.079507821932685283 -0.0085495630057540479 0.08395757299767076 0.049334997915244067 0.0070510318634732505 0.015908891698663462 -0.036137145079697813 0.043136084003726351 0.028590687287202196 -0.022830800158158866 0.061415487977095742 -0.029240543955878131 0.0017274161663993473 0.026667143305606794 0.068893932450202464 0.065881763510107952 -0.0036529877884850259 0.015600931128969965 -0.012686108693635768 0.025990402419762876 0.011927822907064086 0.038360797055664385 0.013537922314170715 0.028259744634473491 0 -0.029088110836116794 0.037470193749082871 0.018643824512502176 0.061575557925039617 0.012698034317773318 0.039845865517395766 0.041542928908718302 -0.013763034034911956 0.033943848087923577 0.010546329220368918 0.00024692963251440289 -0.045618170290447402 -0.018506331467252571 -0.017107671084470644 -0.029776115443916798 -0.045633825928631411 -0.027665400917832917 0.027086815540442306 0.034946083667416292 -0.016238506324324744 -0.0032650116689684674 -0.013296079806267822 0.0039606464628980384 -0.014347812079783397 0.02307838619598997 0.043196368800702822 0.012278062630006716 -0.01963103685726628 0.050038610277817919 -0.032963514189578519 0.0087309840769438461 0.012604437845791109 -0.027305625681145852 0.026071301400905567 -0.02429973684543232 -0.0041633927084218361 -0.0014447908008366631 -0.0043810481144987042 -0.011524567138882292 -0.036055923960762161 0.0045282824758886174 -0.0053070493946083784 -0.0016968223177876518 -0.053068362737327929 0.017551628487367806 -0.043713047081466838 -0.014436189469557829 -0.041073000512077719 0.049018095573413023 -0.04485774164391973 -0.044859253819267086 -0.03115698886538697 -0.044068055697835215 0.062635674722775411 -0.051338532728276889 -0.050272321242488482
leaf_weight=6019.4949542060494 24.99930278211832 2337.56507448107 38.271037623286247 69.25353080034256 8.643945060670374 14.671505078673361 64.87112969905138 54.12772860378027 38.766548663377762 100.20874530076981 33.336717277765274 68.120856821537018 824.21711346507072 15.718114592134951 24.787592262029648 23.681041963398457 37.10909615457058 42.868244647979736 16.549246124923229 32.455654114484787 30.336997836828232 20.085287503898144 233.97220716625452 44.119659885764122 28.496579386293888 21.053169317543507 19.670138478279114 30.149983383715153 222.26259984076023 763.77159564197063 423.91689495742321 59.454151123762131 25.157972738146782 109.24825286865234 33.968130372464657 17.35585942864418 21.851068824529648 235.13419815897942 25.757992602884769 18.040701657533646 14.246955849230288 43.196888759732246 45.692951537668705 395.48939274251461 349.32747888565063 361.21523776650429 23.801034033298492 77.86832533031702 97.820636048913002 15.00337101519108 26.539661228656769 18.875533111393452 45.033026024699211 54.279405809938908 27.368281222879887 15.388227745890616 48.277222685515881 13.226787470281122 36.072861596941948 1174.2256731688976 95.909790575504303 30.968264043331146 26.784739911556244 19.272081181406975 26.374986805021763 17.956838861107826 13.223805218935015 13.609649859368799 22.22225384414196 26.124138429760933 9.6240948513150197 26.990587696433067 11.669333226978777 19.659432992339134 16.686817541718483 24.189812213182449 8.7303313836455327 9249.7369975633919 7.834893859922885 53.98198152333498 15.831256456673144 38.940021879971027 29.235822081565857 36.796289592981339 398.30604415759444 58.143179889768362 150.30125141888857 57.108143731951714 4065.6532061472535 497.0599283427
leaf_count=25165 158 12905 199 320 75 119 952 228 283 407 228 275 3438 129 198 381 174 176 113 150 447 257 1593 203 187 144 135 220 1531 5362 1968 275 117 889 381 116 101 955 219 143 114 352 363 3237 2859 5998 173 660 1250 133 228 135 323 391 194 107 332 109 157 4950 791 390 124 188 197 123 116 111 191 265 124 264 128 182 150 114 113 164005 116 900 141 521 121 567 6582 943 2280 236 71149 8427
internal_value=-0.00101159 0.0557053 -0.0447513 0.0328031 -0.0510164 0.0211227 -0.0512776 0.0263348 0.0104534 0.0465402 0.0251231 0.0451055 0.0479569 0.00656942 -0.0289299 -0.0517919 0.0825499 0.0616177 0.0266028 0.0271555 -0.032505 -0.02039 0.0165079 0.0351182 0.0143488 0.0314496 0.0466409 0.0131742 0.0212836 0.0105763 0.0380237 0.0353796 0.0551907 0.00278387 -0.00669745 0.0076389 0.0234678 0.0670246 0.0039269 -0.00394884 0.0106207 0.000492161 0.00584047 0.00384935 0.0057394 -0.0455615 0.0148155 -0.00952839 -0.0243715 -0.0106446 -0.00558157 0.0167081 0.00794271 -0.00460607 0.0205936 0.0209 0.02286 0.0165459 0.0453881 0.0457682 0.0196217 -0.0208623 0.0314797 -0.00940902 -0.00357243 -0.00492365 -0.0110478 -0.000774944 -0.0112838 -0.0172664 -0.0318845 -0.0186766 -0.0402063 -0.0211985 -0.00985933 0.00607932 -0.0291462 -0.0524489 -0.0510477 -0.0355584 -0.0313382 -0.0323265 0.0378394 -0.0346062 -0.046674 -0.0432434 -0.0418941 0.0740954 -0.0512662 -0.0484082
internal_weight=30225.4 13160.1 17065.3 7103.52 15208.8 3841.6 15170.5 2578.72 1262.88 3261.92 2524.6 3104.6 2409.87 1856.45 343.645 14826.9 6056.6 375.359 2412.94 2370.02 318.857 126.55 509.951 694.728 1124.17 69.2199 48.1667 1054.95 252.413 802.538 552.649 483.371 69.2776 1346.5 111.651 50.6926 142.079 303.255 1245.38 242.107 75.4845 57.4438 1003.27 848.443 744.817 1426.02 484.952 103.626 117.906 166.623 135.788 443.194 145.556 73.1549 72.4013 297.638 282.249 154.83 2034.52 1998.44 141.603 138.706 96.0383 60.0677 42.9242 41.7579 101.12 51.55 37.9404 45.3962 111.292 60.9587 192.308 49.5701 29.9106 46.0409 78.6386 13400.9 4151.15 61.8169 30.8346 69.9083 72.1041 101.667 1314.72 456.449 180.638 157.317 4089.33 858.275
internal_count=342940 63316 279624 37977 264978 24040 264779 14582 9458 13937 14354 13294 10072 14646 4635 260144 25339 1527 13365 13055 4437 1582 3529 3222 7862 466 322 7396 1751 5645 2563 2243 320 11117 989 344 659 1230 10238 2000 609 466 8238 6975 6096 23593 3371 879 1507 1391 1117 3075 1043 526 517 2032 1925 1263 8545 8388 1154 1596 444 572 310 296 879 431 320 453 1643 645 2855 448 266 215 1024 236551 72546 1016 274 911 297 1519 21950 7525 2727 643 71530 14425
is_linear=0
shrinkage=0.05


Tree=16
num_leaves=90
num_cat=0
split_feature=93 103 21 0 44 32 3 54 46 48 13 0 48 103 0 52 2 54 115 32 23 80 115 77 46 115 34 111 115 114 71 53 32 77 48 102 111 114 46 0 115 95 109 113 48 15 107 94 103 76 107 32 94 103 44 0 107 44 95 109 109 103 2 95 0 86 48 44 21 94 65 2 53 52 113 95 52 44 19 77 61 95 52 48 101 53 69 94 48
split_gain=28000.4 3635.12 1097.07 637.798 150.976 89.9949 110.398 69.2015 57.6072 44.5767 43.5804 43.1361 42.0922 35.4313 20.2617 19.2498 18.7973 18.3553 16.447 15.9598 14.6913 12.5675 12.6605 13.2161 12.426 11.7749 10.3552 9.68711 10.0556 10.5253 9.45797 10.8646 9.12463 8.91792 8.41959 14.4903 15.9732 10.2325 9.95485 8.39687 8.13593 7.64683 8.38826 8.04545 7.61194 6.66659 6.38906 6.98404 6.73846 6.38261 6.35649 9.37045 9.11891 6.19942 6.0708 6.02794 5.99562 5.56701 5.37118 5.34656 5.08851 4.87676 4.6941 4.201 3.91698 4.66983 3.67258 5.20761 3.42974 2.98592 2.88346 2.70867 2.51402 4.73733 2.46168 2.24607 2.17641 1.71983 1.66431 1.52652 1.37938 1.06267 1.00401 0.867657 0.825626 0.336249 0.296609 0.290244 0.109834
threshold=2.5000000000000004 0.045435681939125068 19.500000000000004 2.6735538244247441 0.067041199654340758 11.500000000000002 0.98927053809165966 1.6141603589057925 0.064968343824148192 0.034582419320940978 1.5000000000000002 2.1383330821990971 0.019607842899858955 1.1528137326240542 3.113268375396729 0.83390802145004284 0.91741308569908153 1.7602816820144656 0.00066512497141957294 7.5000000000000009 2.5000000000000004 1.0000000180025095e-35 0.00058238412020728003 17.500000000000004 0.14359351992607119 0.00037619860086124396 8.5000000000000018 -8.3050985336303693 0.00063781058997847151 3.2476881742477421 9.9123959541320819 1.199099123477936 8.5000000000000018 22.500000000000004 0.15161964297294619 1.5717355012893679 -14.900734424591063 3.359079241752625 0.3629883229732514 2.5249279737472539 0.69234308600425731 7.7223587036132821 0.00014157714031171056 -8.7077040672302228 0.028571427799761299 2.5000000000000004 1.7613848447799685 3.7789486646652226 1.7020064592361452 38.500000000000007 1.6737192273139956 7.5000000000000009 9.0132365226745623 1.3534450531005862 0.083835341036319747 3.6242519617080693 6.1011171340942392 0.1179633140563965 7.9449017047882089 0.0019987927516922359 0.67653405666351329 1.7126919031143191 1.7814815044403078 8.6171369552612322 1.4978661537170412 0.16594202816486361 0.027027026750147346 0.12467616423964502 23.500000000000004 8.4944586753845233 9.0353794097900408 0.80095681548118602 0.73357313871383678 0.7429456114768983 -8.790181636810301 8.1323895454406756 0.77431482076644909 0.21413874626159671 28.500000000000004 61.500000000000007 7.0115160942077646 7.129714012145997 0.516954004764557 0.043478259816765792 1.8570786118507387 0.4743421077728272 5.0037114620208749 9.2999353408813494 0.033445188775658614
decision_type=2 2 2 2 2 2 2 2 2 2 2 2 2 2 2 2 2 2 2 2 2 2 2 2 2 2 2 2 2 2 2 2 2 2 2 2 2 2 2 2 2 2 2 2 2 2 2 2 2 2 2 2 2 2 2 2 2 2 2 2 2 2 2 2 2 2 2 2 2 2 2 2 2 2 2 2 2 2 2 2 2 2 2 2 2 2 2 2 2
left_child=1 11 18 5 7 9 -7 39 13 30 16 -1 17 84 15 46 33 57 27 55 68 41 25 -24 -18 -23 58 28 34 -30 50 -32 53 -8 35 36 -2 56 -39 64 79 43 -43 -11 54 -13 48 -48 -10 -37 52 -52 -3 59 -12 61 -36 72 -20 -16 -57 -15 -55 -29 76 -66 67 -22 77 70 86 -70 73 -6 -67 -74 87 -14 -46 -17 -79 -59 -72 -73 -5 -83 -28 -4 -68
right_child=2 3 4 8 12 6 10 -9 14 21 44 45 20 19 32 40 24 -19 26 -21 66 22 23 -25 -26 -27 69 63 29 -31 31 -33 -34 -35 37 49 -38 38 -40 -41 -42 42 -44 -45 78 -47 47 -49 -50 -51 51 -53 -54 62 -56 60 -58 81 -60 -61 -62 -63 -64 -65 65 74 88 -69 71 -71 82 83 75 -75 -76 -77 -78 80 -80 -81 -82 85 -84 -85 -86 -87 -88 -89 -90
leaf_value=0.011541901479675199 0.038454368622818064 0.027282191853175899 -0.024787855513914152 0.05473159194929153 0.011020678142933858 0.072429647765717656 -0.043706437124210303 0.059355866874305399 0.03137929191613744 0.013003205673184285 -0.035641394587354762 0.08022089621929096 -0.039199733369605194 0.046267876907407829 0.031113961323155651 0.076377626950850222 0.030099142587995384 0.014186113534466336 -0.012429186360803278 0.072634749198118867 0.0052966706119909751 0.041903911140056767 0.034631864712727715 0.0066996840493733075 0.0008840138760295356 -0.0039395607463237354 -0.007944044805985883 -0.036810847204688399 0.053003792607934155 0.0050150245746173102 0.065070465372674344 0.016181436606696655 0.065900839288383181 -0.006686699680975872 -0.008629928856105468 0.011124282962654721 0.0098044703187222526 0.056438849979898321 0.0066946944371849906 0.0139458929075554 0.03082252174605575 -0.0085304964258752763 0.011338654519037067 0.023012819675110829 -0.028104257867937771 0.054194645444506931 0.053323705169385366 0.034792263212612494 0.017141178145979829 -0.006452065104227073 0.016404864988481292 0.031247078879087554 0.0093824930773543595 0.040857604446869721 -0.0078188068733076738 0.054849029137489375 0.0062641472483435422 -0.015631784725202571 0.027353682214082433 0.053097446386578089 0.042562742100299783 0.036610090957530081 0.026344386202499088 -0.0008925550359888154 0.013367504933501445 -0.0062965028964665484 -0.041788699928466969 -0.04410907803063565 -0.049637868427649043 -0.0044044115785309198 -0.023339150291958342 -0.042479884342588259 -0.013335211610571523 -0.024816295295663596 -0.031383029036629553 -0.037761594967782225 -0.01079276017720859 0.0044141758615514814 -0.045319644564800726 0.050198544283524951 -0.024492728268999828 -0.02271447218495428 -0.049275624402609311 -0.048140544970118944 0.071767426187531097 -0.043469976160222232 -0.022016512765619188 -0.050528567770333134 -0.052582658063553833
leaf_weight=23.951895665377378 68.782496824860573 696.51156189292669 8.3273268826305884 43.730965971946716 11.824195757508276 39.882522597908974 27.321377247571945 35.57117810100317 807.63755932450294 593.39441096410155 32.412938579916954 5890.7721891403198 11.643186978995802 340.60504493117332 43.887407496571541 36.918776869773865 46.284277006983757 19.333835124969482 14.667481914162638 60.023410990834236 7.2970873191952732 13.192675061523913 55.870525751262903 171.17064413428307 156.38073783367872 292.11663253605366 13.125487335026266 16.786926746368408 21.937885098159313 23.967179886996746 27.295336708426476 21.989852398633957 46.781318247318268 40.669259324669838 210.87880477309227 83.248417161405087 168.27428517490625 12.277457296848295 41.485298380255699 14.532287180423735 28.246353074908257 62.832469806075096 297.94816573709249 318.64682376757264 36.202714174985886 39.948245517909527 63.256494045257568 638.1435474678874 103.06548292189837 130.59551662951708 680.54185217618942 130.31563064455986 83.471048086881638 735.05087895691395 52.147037852555513 276.94686189293861 97.06258350610733 7.3833495005965224 16.180199190974236 206.25997425615788 196.04110565781593 326.50915831327438 76.562456950545311 15.869728989899157 9.6419636011123639 17.395731762051579 45.608989905565977 13.521252796053885 1442.7365356832743 15.097097195684908 12.705823481082918 454.45107129588723 16.613874204456806 28.554077737033367 28.96359167248011 43.338825605809689 7.9242677502334109 6.5743937231600267 70.078030075877905 28.723176389932632 6.7117459587752819 9.412099860608576 19.268325783312321 324.35153256729245 178.92810057103634 135.4602916277945 12.213707216084002 19.727723490446806 11687.986954919994
leaf_count=170 531 3993 113 176 165 173 320 166 3862 4155 442 25077 184 1387 184 157 296 162 118 246 111 106 437 1325 1355 2315 102 137 171 189 159 130 192 443 1820 637 1306 104 355 130 118 467 2155 2245 530 174 307 3064 495 998 3921 794 500 3128 648 1130 827 108 127 854 802 1346 322 132 112 183 801 226 25802 124 106 7802 235 390 325 622 87 100 1137 123 104 140 155 5783 722 2163 101 267 216649
internal_value=-0.000739526 0.0500704 -0.0473607 0.0284346 -0.0508645 0.0139599 -0.0058029 0.000348097 0.0419043 0.01684 -0.0127981 0.0797901 -0.051375 0.0501799 0.0376928 0.0341545 9.6201e-05 -0.0314847 0.00341947 0.0466252 -0.0517572 0.0113923 0.00489397 0.0137992 0.00777721 -0.00173085 -0.0153064 0.00562248 0.00665999 0.0291111 0.022814 0.0445765 0.0430756 -0.0223289 0.00532812 0.00987552 0.0183487 -0.00033052 0.019459 -0.0198163 0.0564886 0.0140934 0.00782971 0.0165433 -0.0309953 0.080061 0.0327963 0.036588 0.0298097 0.000373711 0.0220921 0.0188558 0.0254011 0.0419689 -0.0190351 0.0451535 -0.00389542 -0.035083 0.00842935 0.0494887 0.0499284 0.0416487 0.0395519 -0.0204546 -0.0253956 -0.0161053 -0.0525062 -0.0271516 -0.0478009 -0.0255192 -0.0306569 -0.0480263 -0.0249799 -0.0140643 -0.022671 -0.0316461 -0.0383657 -0.0257553 -0.040021 0.0664487 -0.0105157 -0.0413668 -0.0407755 -0.0449382 0.0688548 -0.0424364 -0.0159511 -0.0448724 -0.0525469
internal_weight=29548 14138.7 15409.3 8183.99 14414.9 3946.68 501.379 142.084 4237.32 3445.3 461.496 5954.67 14272.8 1422.78 2814.53 1705.99 270.656 271.921 994.425 1200.13 14000.9 1805.17 532.35 227.041 202.665 305.309 103.258 891.167 858.51 45.9051 1640.13 49.2852 1108.54 67.9906 812.605 450.901 237.057 361.704 53.7628 106.513 93.8883 1272.82 360.781 912.041 190.841 5930.72 1612.1 701.4 910.703 213.844 1590.84 810.857 779.983 1061.76 84.56 1140.1 307.941 252.587 30.8477 250.147 472.988 667.114 811.613 32.6567 91.9806 56.0013 11754.4 20.8183 2246.47 72.4104 57.3133 2221.54 100.331 40.3783 46.3593 59.9527 35.9793 24.9293 106.281 65.642 13.2861 152.256 31.9741 778.803 222.659 144.872 25.3392 28.0551 11733.6
internal_count=343052 72082 270970 46661 262930 28046 5344 1383 18615 22702 5171 25421 261547 5809 12806 8126 2414 3985 8040 4911 257562 13205 4183 1762 1651 2421 833 7207 6938 360 9497 289 4680 763 6578 3472 1837 3106 459 1217 398 9022 2622 6400 2757 25251 7728 3371 4357 1635 9208 4715 4493 4488 1090 4665 2647 3823 245 1038 1932 2733 3450 269 1087 620 217787 337 39775 588 464 39387 1412 555 508 857 467 388 1667 280 204 2411 261 13585 898 2303 203 380 217450
is_linear=0
shrinkage=0.05


Tree=17
num_leaves=92
num_cat=0
split_feature=93 103 19 1 48 48 17 54 21 1 1 103 30 52 40 2 48 19 9 77 44 38 93 49 93 76 111 107 111 30 61 101 105 76 44 44 50 92 71 52 93 77 82 108 108 107 114 100 113 114 115 49 103 67 80 77 3 49 46 114 67 100 52 96 103 82 23 100 103 95 9 82 9 80 95 3 71 11 77 76 2 100 2 17 21 2 101 95 97 1 2
split_gain=25708.5 3560.78 1152.15 580.832 129.762 87.3859 119.626 86.0551 58.0115 57.2337 36.065 31.8536 26.8251 22.9351 21.2801 18.1212 17.3488 16.345 15.6898 14.1164 13.8846 13.8093 13.394 12.8945 11.6955 11.522 11.3621 10.04 9.05016 7.96061 7.70358 9.58302 11.4313 9.99183 8.08043 7.98981 7.41374 7.34359 7.01787 7.01506 6.8855 7.10211 6.73535 13.7081 10.7089 6.50777 6.9884 9.84528 6.55498 6.47157 7.33964 6.22246 6.12047 6.652 5.97532 5.93542 8.5874 5.9256 5.8089 5.66205 9.49333 5.43142 5.37835 9.38714 5.14379 4.68778 4.51735 4.65968 4.51712 4.46119 4.43864 3.86707 3.49138 3.09503 2.72762 2.70215 2.69746 2.6713 2.6685 4.17359 2.64114 2.54558 2.33199 2.30694 4.38049 1.6206 1.12299 0.852701 0.783224 0.547446 0.52613
threshold=2.5000000000000004 0.045435681939125068 19.500000000000004 13.500000000000002 0.019607842899858955 0.019607842899858955 12.500000000000002 1.6141603589057925 50.500000000000007 20.500000000000004 5.5000000000000009 1.198858976364136 5.5000000000000009 0.87555310130119335 28.500000000000004 0.094748698174953475 0.043478259816765792 15.500000000000002 77.500000000000014 15.500000000000002 0.08842144533991815 2.5000000000000004 1.5000000000000002 0.10749299451708795 1.5000000000000002 28.500000000000004 -15.371944427490233 7.0041913986206064 -8.3050985336303693 17.500000000000004 4.9082701206207284 2.8234599828720097 1.6515441536903384 68.500000000000014 0.29978904128074652 0.1816263943910599 0.94430986046791088 1.5000000000000002 10.037295818328859 0.87428161501884472 3.5000000000000004 19.500000000000004 2.5000000000000004 10.063208580017092 9.8993153572082537 1.2335853576660158 3.3684997558593754 0.70680341124534618 3.0653153657913212 3.3635660409927373 0.00058997498126700531 0.59999993443489086 1.2849036455154421 10.659457206726076 1.5000000000000002 68.500000000000014 1.2860173583030703 0.28571425378322607 0.21070533245801928 3.4263153076171879 7.2790532112121591 1.3360969424247744 0.79930555820465099 0.34902177751064306 4.2022044658660898 3.5000000000000004 1.5000000000000002 11.747513771057131 1.5923417210578921 8.6171369552612322 75.500000000000014 2.5000000000000004 62.500000000000007 1.0000000180025095e-35 7.129714012145997 1.5062947273254397 7.633136749267579 2.5000000000000004 39.500000000000007 61.500000000000007 1.4883010387420657 1.0546022653579714 1.7024713158607485 13.500000000000002 24.500000000000004 0.80095681548118602 9.9574122428894061 7.3022301197052011 0.28991597890853887 2.5000000000000004 1.9020052552223208
decision_type=2 2 2 2 2 2 2 2 2 2 2 2 2 2 2 2 2 2 2 2 2 2 2 2 2 2 2 2 2 2 2 2 2 2 2 2 2 2 2 2 2 2 2 2 2 2 2 2 2 2 2 2 2 2 2 2 2 2 2 2 2 2 2 2 2 2 2 2 2 2 2 2 2 2 2 2 2 2 2 2 2 2 2 2 2 2 2 2 2 2 2
left_child=1 10 26 5 7 8 15 20 12 13 -1 23 38 45 -9 37 54 59 25 -20 40 27 55 81 -23 -14 -2 -17 30 -16 31 32 34 -34 -28 36 -32 64 39 -3 41 82 43 -33 -44 46 48 -48 -5 51 -51 -37 57 -54 62 74 -57 -47 -12 60 -13 -25 75 -64 -7 -61 67 -24 -43 -30 -40 -39 -63 78 -8 85 -42 83 80 -80 -22 -11 -4 84 -18 -6 -78 -75 -89 -65 -83
right_child=2 3 4 9 16 6 22 14 -10 11 58 17 18 -15 29 21 77 -19 19 -21 73 24 66 61 -26 -27 28 -29 69 -31 35 42 33 -35 -36 49 -38 71 70 -41 76 68 44 -45 -46 52 47 -49 -50 50 -52 -53 53 -55 -56 56 -58 -59 -60 65 -62 72 63 89 -66 -67 -68 -69 -70 -71 -72 -73 -74 87 -76 -77 86 -79 79 -81 -82 90 -84 -85 -86 -87 -88 88 -90 -91 -92
leaf_value=0.012720047846844933 0.045515895822648283 0.019726204921652668 -0.035966299455468094 0.038219331082993989 -0.047631505178181426 -0.00065511786445187075 -0.028187070443525544 0.065792238694232827 0.076680698544551132 0.047841047106282522 0.077855412727670825 0.017473469385227588 0.050318643085228626 0.0670265588990029 0.02960938857969252 0.020391147145373378 0 0.067312392451148381 0.016006973245096916 -0.024659671289564065 -0.0088327729526099866 0.014244009428480284 -0.029825550308860589 0.02717936253680266 0.0027340117897166416 -0.00019908786204616316 -0.008243928735717285 -0.0018642886250936264 -0.031898510793533508 -0.019019968515719743 0.052862751494485549 0.025760246281916574 0.015984176302665871 0.060661325628730035 0.026917323509686376 -0.0033203165461694879 0.001644627552812832 -0.00025313367267033019 0.020421625990273751 0.047487303857488831 -0.0063466770357541533 0.03127070253854615 -0.015547476452818836 -0.014084248277756277 0.019142107959475962 0.02535317592780454 0.01821807779451215 0.058147935581913918 0.0049886627130070176 0.023219333899458655 -0.015847928510053479 0.012377690950320881 0.028915038257036681 0.038940798952917903 -0.05026822182305777 -0.019023945311158225 0.035457561207888219 -2.1489201234306031e-05 0.049388006156755232 0.045131465285743327 0.039430070080942493 0.042632536363068102 0.014696168923316787 -0.042836780768912987 0.018310257619054537 0.029975147776466638 -0.046736697761076682 0.0079162122288017073 -0.0050145558147256597 -0.0003080673117696989 0.052827901909071197 -0.01669741407248538 0.066287151827665564 -0.020408869055241387 0 -0.012385077040109695 -0.044172387536170636 -0.052503650844651722 -0.031191802753757887 0.0039410833579620825 -0.043878681022635591 0.061314967282991253 -0.0021672016395827476 -0.049982726465185527 -0.045968157543686244 -0.04087859893710051 -0.015560089902170216 -0.027169945580736928 -0.047524117062914678 -0.022266725261172644 0.074910532241530714
leaf_weight=22.433154363185167 15.495826855301855 1876.7410222440958 13.508513025939466 44.624182000756264 295.3897032700479 88.32683302462101 24.109510466456413 26.927890367805958 43.509425900876522 38.79415799677372 5760.2465042322874 57.191029533743858 19.097201630473137 46.019983753561974 15.14798227697611 559.18384575843811 8.2956222668290156 65.576421156525612 28.795053765177727 70.602989561855793 8.3102741129696351 449.75633011013269 131.88546523824334 40.511028602719307 438.69710589200258 24.080561622977257 33.890486285090446 54.551410593092442 23.173750281333923 15.410523407161234 13.050224602222444 70.458224408328533 26.378158390522003 26.853905379772186 28.675660781562328 455.88767383247614 14.743839986622332 69.390812262892723 23.378650635480881 22.875558711588383 10.577048059552906 14.324112102389337 67.428565748035908 29.351179964840412 31.244888693094254 72.185913935303688 22.439519226551056 76.774004206061363 23.716839760541916 54.721646912395954 13.830527871847151 71.619456827640533 1005.6649846881628 226.20376689732075 501.5932254716754 11.479893065989019 14.778684996068476 32.307692274451256 29.684304639697075 933.50622297823429 973.74742703139782 72.528466895222664 10.778791025280951 21.415921233594418 57.380416117608547 71.297999277710915 48.833897143602371 7.6796353012323371 17.128434032201767 21.66955903172493 27.644480310380459 75.220926113426685 34.747901529073715 8.6771131679415685 13.137883014976977 9.2214732095599157 21.876434646546844 10307.657621175051 18.008139088749886 13.58480089530349 32.921608451753855 109.1870159059763 9.0434186384081823 1851.6228344365954 11.221216563135384 402.53046561032534 8.118793882429598 14.975984830409287 105.42914072796702 14.205787625163792 96.420272663235664
leaf_count=163 123 10763 163 212 5340 630 233 141 183 156 25047 238 145 188 88 3927 137 270 279 656 129 3021 1931 168 3376 179 242 401 197 127 102 513 190 194 208 3887 120 585 131 112 134 148 505 223 236 332 101 349 107 457 117 586 4677 1043 9359 110 129 155 127 3822 4054 294 157 372 407 296 843 109 184 179 162 656 142 130 127 155 262 200412 279 210 512 441 90 34983 210 7127 94 231 1737 236 392
internal_value=-0.000937542 0.0475248 -0.0469445 0.0263451 -0.0507001 0.0132676 0.00586447 -0.0206533 0.0203371 0.0398555 0.0774782 0.0445792 0.0191071 0.032214 0.0346119 0.0104069 -0.0514886 0.0420459 -0.00174751 -0.0127168 -0.0315228 0.0126154 -0.0262891 0.0579147 0.00858607 0.0228599 0.00490462 0.018397 0.00418588 0.00503139 0.00525215 0.0116232 0.0229849 0.0397499 0.00796819 0.00200643 0.02751 -0.000992799 0.0206367 0.020103 -0.0151977 -0.00308502 0.00482185 0.0139093 -0.00434106 0.0310764 0.0408521 0.049622 0.0271851 0.000734405 0.0150241 -0.00114105 0.0297988 0.0308093 -0.0455747 -0.00605675 0.0115378 0.0175241 0.077724 0.0411782 0.0382489 0.045018 -0.0423436 -0.0240271 0.00685611 0.0441122 -0.0329547 -0.0276158 0.0118782 -0.017353 0.0391771 -0.0089588 0.0511949 -0.0389521 -0.0186851 -0.043478 -0.030398 -0.0520916 -0.0290088 -0.0162888 -0.0376072 0.0653503 -0.0238089 -0.0497761 -0.0275308 -0.043847 -0.0378553 -0.0440877 -0.04544 -0.0361341 0.0682353
internal_weight=28823.3 14036.9 14786.4 8224.58 13787.9 4181.14 2044.41 353.97 2136.72 4043.44 5812.36 2493.51 2093.22 1549.94 57.4864 1792.51 13433.9 2101.32 142.576 99.398 296.484 1502.19 251.905 392.189 888.453 43.1778 998.474 613.735 982.978 30.5585 938.134 314.281 115.798 53.2321 62.5661 623.853 27.7941 290.319 1950.64 1899.62 94.5768 54.0045 198.483 99.8094 98.6735 1503.92 167.555 99.2135 68.341 596.059 68.5522 527.507 1336.36 1231.87 1255.14 63.506 26.2586 104.494 5789.93 2035.74 1030.94 147.787 753.542 46.4005 145.707 1004.8 188.399 139.565 31.4525 44.8433 51.0231 144.612 107.276 201.907 37.2474 707.142 40.5723 12178.8 72.8248 31.5929 41.2319 244.401 22.5519 1871.14 19.5168 697.92 29.9952 129.082 120.405 35.6217 205.607
internal_count=343095 71869 271226 46532 263147 29095 16485 4659 12610 17437 25337 10273 12427 7164 356 13003 258488 8680 1259 935 4303 10725 3482 1593 6397 324 8079 4328 7956 215 7580 2311 834 384 450 5269 222 2278 11168 10875 1075 585 1477 736 741 6976 769 450 319 5047 574 4473 6207 5720 22746 599 239 487 25174 8410 4292 604 13387 765 1037 4118 2883 2040 332 376 293 1241 436 3228 360 12622 490 235742 1130 489 641 989 253 35330 347 12467 356 2098 1968 608 833
is_linear=0
shrinkage=0.05


Tree=18
num_leaves=98
num_cat=0
split_feature=93 103 19 1 44 21 3 54 44 1 48 1 1 52 103 98 21 44 108 46 100 13 48 99 82 111 2 91 94 114 2 9 76 9 113 48 9 111 94 103 54 2 65 69 71 97 82 114 46 3 51 114 111 108 101 108 49 44 114 111 114 111 11 114 86 100 114 13 49 107 30 69 76 82 65 97 95 9 95 80 54 71 95 49 46 21 63 9 72 103 63 48 40 15 2 63 46
split_gain=23727 3483.54 1067.28 579.377 150.397 83.4104 87.2259 61.3063 49.9272 46.1712 40.4024 39.8506 36.1889 29.4457 26.7575 25.4282 19.1931 19.1223 17.4577 17.1122 13.4046 12.2248 11.4977 19.1384 11.311 13.9576 11.2812 10.1027 9.8742 8.70261 8.40814 8.24677 10.6514 8.01379 7.89528 7.61139 7.55852 7.68524 7.51266 8.60393 8.26323 7.38572 7.28287 7.72098 7.9758 7.51062 7.25039 7.18237 7.14534 7.05724 6.84603 6.80459 6.79623 6.77526 9.4515 8.48176 6.76334 6.6025 6.38452 6.22496 8.04356 11.4643 5.7591 5.68885 8.74931 6.76806 5.62819 5.62343 7.60531 6.97335 6.1257 5.65377 5.59407 5.47957 5.39398 5.15607 4.95776 4.52183 4.49748 4.27213 3.82635 3.76695 3.70329 3.56321 3.09022 3.01975 2.90636 2.59653 2.49271 2.26465 1.90234 1.76207 0.988697 0.955462 0.741691 0.708957 0.280336
threshold=2.5000000000000004 0.045435681939125068 19.500000000000004 12.500000000000002 0.067041199654340758 23.500000000000004 0.95838922262191784 1.6141603589057925 0.083835341036319747 20.500000000000004 0.034582419320940978 6.5000000000000009 6.5000000000000009 0.87555310130119335 0.92400339245796215 11.500000000000002 14.500000000000002 0.08842144533991815 7.3236756324768075 0.14359351992607119 0.51132538914680492 1.5000000000000002 0.15161964297294619 3.2353395223617558 1.5000000000000002 -14.900734424591063 0.094748698174953475 1.5000000000000002 9.6301021575927752 3.316308975219727 2.0088856220245366 81.500000000000014 68.500000000000014 76.500000000000014 -7.2435350418090811 0.031249999068677429 65.500000000000014 -8.347014904022215 9.0132365226745623 1.5271134972572329 1.0444663763046267 1.2842629551887514 10.273160934448244 6.6994614601135263 7.356687307357789 0.44222222268581396 1.0000000180025095e-35 3.2890816926956181 0.25037313997745519 1.825700104236603 1.4999994635581972 3.2704727649688725 5.5705749988555917 8.2054576873779315 1.2570385336875918 8.0143637657165545 0.20060975849628451 0.1816263943910599 3.1586830615997319 -8.3050985336303693 3.3659298419952397 -8.3330407142639142 2.5000000000000004 3.2999609708786015 0.49468085169792181 7.822730779647828 3.3226586580276494 3.5000000000000004 0.41157853603363043 1.5135873556137087 4.5000000000000009 6.623882770538331 10.500000000000002 5.5000000000000009 9.0353794097900408 0.36602871119976049 7.3022301197052011 74.500000000000014 9.7460408210754412 2.5000000000000004 1.0635080337524416 4.8391864299774179 7.129714012145997 0.15384615212678912 0.36769449710845953 23.500000000000004 9.0003685951232928 83.500000000000014 0.89587974548339855 1.1757313013076784 8.6431455612182635 0.028571427799761299 3.5000000000000004 2.5000000000000004 0.81608760356903087 7.5666368007659921 0.10042016953229906
decision_type=2 2 2 2 2 2 2 2 2 2 2 2 2 2 2 2 2 2 2 2 2 2 2 2 2 2 2 2 2 2 2 2 2 2 2 2 2 2 2 2 2 2 2 2 2 2 2 2 2 2 2 2 2 2 2 2 2 2 2 2 2 2 2 2 2 2 2 2 2 2 2 2 2 2 2 2 2 2 2 2 2 2 2 2 2 2 2 2 2 2 2 2 2 2 2 2 2
left_child=1 8 22 5 7 12 -7 30 93 13 15 21 26 47 20 41 29 -17 28 76 -11 35 23 24 31 34 63 -10 57 49 56 32 -2 -21 80 -8 -27 -38 40 -40 -20 83 43 44 45 -25 -31 51 75 -16 66 81 -53 55 -55 -28 -4 -14 -44 60 67 72 85 65 -65 -3 -49 70 -69 -70 78 -72 -62 -58 -52 -43 -13 -46 -24 88 -26 -5 -50 -6 -60 86 -12 -45 -19 -75 -89 -23 -18 -1 -85 -87 -22
right_child=2 3 4 9 10 6 11 -9 27 14 62 19 18 -15 16 17 92 79 38 33 96 91 59 42 25 36 53 -29 -30 46 -32 -33 -34 -35 -36 -37 37 -39 39 -41 -42 48 58 87 77 -47 -48 50 82 -51 74 52 -54 54 -56 -57 73 -59 84 -61 61 -63 -64 64 -66 -67 -68 68 69 -71 71 -73 -74 89 -76 -77 -78 -79 -80 -81 -82 -83 -84 94 -86 95 -88 90 -90 -91 -92 -93 -94 -95 -96 -97 -98
leaf_value=0.075776896245963135 0.021652900723308961 -0.018749447660998456 0.0036666655582989292 0.033563586002868628 -0.013470709290244893 0.066194497306128322 -0.024404355961663394 0.053270642283804563 0.03946180426829253 0.027740789344856034 0.0013115559680357053 0.045426172038090733 0.020849842992722259 0.067368253492864447 0.013265247637624348 0.049187366733523967 0.069822205501806608 -0.023122846808863111 0.014106338647923404 0.022118881295573309 0.07195935403525254 -0.026179587302055402 -0.01594395727909817 -0.017035165935258636 0.032597971560901703 0.034703816339823119 0.008661412536395045 -0.011612826486871749 0.059682363262447108 0.047452927400431125 0.023602742893471921 0.01056666758042194 0.079381548182526754 -0.0095145518370972626 0.057694465582915015 0.00086243834715294494 -0.0080649994738569031 0.014858424090326519 -0.011424054155923643 0.015406525515490065 0.024031519545089575 -0.011260672427618086 0.041388369468227049 -0.0087794673255682833 0.0041407966596021424 0.013199755183789921 0.039049215417786165 0.041690433385047423 -0.0051823853073762957 0.034625363905287726 0.027280905197053031 0.021126049689264039 -0.010043469016124379 -0.022258086400215177 0.014092536925502264 -0.010182417891997975 0.0043999842985150217 0.035076424276758458 -0.014520805152495792 -0.028604324445519552 -0.021097679067680758 0.052180968365409752 -0.052301512722799127 0.024865876140375102 -0.0015969885215975155 0.0023939912617525609 0.030960154884483244 0.030527402118504923 -0.026651570828090818 0.0059584442874409602 -0.0093122603710394814 0.016173655215257033 0.019553488872172974 -0.0091952437231783753 -0.0051394149349886795 -0.03359422178376708 0.0093367581218662659 -0.024056762536454369 0.012487532725658735 -0.042173683710279554 0.0024577813088261374 0.022140471845275171 -0.043643406783724331 -0.048743785237000681 0.015888791331805163 -0.019113272079314153 -0.03678251763271239 -0.047261339719659089 0.013200616962258382 -0.03943086287216558 -0.016384547621693373 -0.041229274539260438 0.048073059214680885 0.057686810156910177 -0.042991477863895289 -0.049152883855353768 0.052499387775969734
leaf_weight=5627.5605702698231 18.282373256981373 64.722788158804178 16.871553115546703 135.06275117397308 10.806569799780844 34.90515473484993 76.909954082220793 39.181046299636364 18.815613269805908 28.289715886116028 6.1764682829380062 23.39116758108139 244.10565078258514 53.709973260760307 47.91517148911953 11.19811577349901 59.005766093730927 7.5011321902275112 638.78411310911179 21.919201768934727 104.46963778138161 45.05165222287178 157.59105584770441 24.214487262070179 21.466556027531624 16.642549194395542 685.0090200304985 17.058903686702251 23.544813692569733 379.86952710151672 8.8629578724503499 21.103973016142845 16.526833929121494 133.60384730994701 19.239556774497032 46.720256429165602 95.760841995477676 57.038329616189003 50.082570232450962 69.075613424181938 328.86953268200159 46.200188796967268 15.14848694950342 23.575935512781143 19.896946348249912 98.799818858504295 1485.810548812151 161.72499062120914 7.5664986558258525 359.88155725598335 26.138807222247124 43.691966980695724 26.870697945356369 16.724200136959553 954.58383376896381 63.680259585380554 8.9917030110955221 138.50234261155128 13.240264393389227 20.955502733588219 14.716206990182402 14.580052264034746 10020.557102188468 45.397849444299936 91.182411778718233 86.028551232069731 1062.7263979539275 22.030563488602638 19.585281364619732 71.739954113960266 43.833215892314911 40.095294781029224 16.199333533644676 9.1732647567987424 22.383250057697296 70.588419355452061 18.273167736828327 41.224733933806419 13.746688723564146 14.09150731936097 21.368296653032303 219.21017911285162 167.26338532194495 388.09044912457466 17.548799589276314 5.579137571156024 16.018369883298874 12.151097588241102 8.2486051023006421 55.271605033427477 13.97862249612808 96.467522673308849 29.479244217276573 36.926255840808153 334.50009787455201 1925.4565220586956 29.130152344703674
leaf_count=25046 129 525 175 637 188 146 858 177 99 115 104 129 1342 222 199 101 246 101 3544 170 431 683 1332 181 158 117 4775 117 132 1545 51 162 114 1172 149 497 739 450 289 392 1859 711 118 191 142 757 6081 764 117 1495 124 217 123 121 6663 444 115 776 109 189 126 120 204160 360 704 678 4848 193 179 614 380 347 134 114 109 1160 113 322 115 228 159 1098 2875 7399 137 107 275 103 111 723 117 1649 122 169 6146 37976 118
internal_value=-0.00100672 0.0452306 -0.0465691 0.0244987 -0.0503517 0.0108051 -0.00832512 0.00141956 0.0753027 0.0372917 -0.0509019 -0.0141686 0.013528 0.0309661 0.0416567 -0.0413512 0.0402409 -0.00240739 0.0194289 0.00280784 0.0616928 -0.0267759 0.00315601 0.00784237 0.0168713 0.0117864 0.00912298 0.0154161 0.028324 0.0392856 -0.0194552 0.0368938 0.051484 -0.00482379 0.0317962 -0.0148802 0.00418268 0.000488523 0.016061 0.00404484 0.0175218 -0.0428949 -0.0014384 -0.00506612 -0.000233445 0.00703439 0.0408024 0.0297502 -0.0354849 0.0321978 0.0316953 0.0238074 0.00915575 0.0106538 0.013423 0.00702815 -0.0241065 0.0261427 0.0163937 -0.00293669 -0.00151523 0.0179385 -0.051746 -1.36922e-05 0.00730114 -0.00671323 0.0324348 -0.00400621 0.00516097 -0.00124492 -0.00812238 0.00281631 0 -0.0305663 0.0124198 -0.0250987 0.0307042 -0.0148386 -0.0135164 -0.0235152 0.0183799 0.0266467 -0.0420938 -0.0457493 0.00243494 -0.0488533 -0.0263476 -0.0222423 -0.00402581 -0.0355857 -0.0328914 -0.0368331 0.0636096 0.075676 -0.0461893 -0.0490862 0.0684203
internal_weight=28153.7 13973.3 14180.5 8272.91 13178.2 3997.54 497.242 138.352 5700.36 4275.37 13039.8 462.337 3500.29 1751.52 2523.85 1066.05 2361.96 41.0394 1492.96 197.187 161.89 265.149 1002.28 567.209 287.429 231.516 2007.33 35.8745 406.153 2273.48 99.1711 55.9132 34.8092 155.523 62.0744 123.63 169.442 152.799 1086.81 119.158 967.654 1025.02 279.779 233.842 184.136 123.014 1865.68 1697.81 291.618 407.797 1272.97 424.836 70.5627 1720 971.308 748.689 90.3081 382.608 45.9376 435.073 414.118 45.4956 11973.8 287.332 136.58 150.751 1224.45 368.622 113.356 91.3252 255.266 83.9285 30.9155 73.4366 48.5221 116.789 41.6643 61.1217 171.338 29.8412 42.8349 354.273 174.83 733.397 30.7891 1953.23 22.1948 49.7057 15.7497 64.4449 26.1297 141.519 88.485 5664.49 722.591 1931.04 133.6
internal_count=343143 71946 271197 46515 263114 28021 5417 1355 25431 18494 261759 5271 22604 8142 10352 19137 9688 541 8334 1584 664 3687 8083 4354 2177 1772 14270 216 2250 9320 1178 405 243 1342 466 1355 1306 1189 6084 681 5403 18596 2177 1813 1402 938 7626 7920 4863 1694 5845 2075 340 12003 6784 5219 1127 2118 364 3729 3540 380 242622 2267 1064 1203 5612 3160 986 793 2174 727 260 952 233 1871 242 464 1447 440 317 1735 2992 13733 246 38462 379 411 212 837 220 2332 368 25215 13545 38083 549
is_linear=0
shrinkage=0.05


Tree=19
num_leaves=104
num_cat=0
split_feature=93 103 19 0 42 98 32 21 49 50 13 69 19 103 0 53 23 19 63 46 19 53 63 0 19 15 103 74 103 19 77 99 76 74 114 86 13 113 46 105 100 107 86 71 105 77 107 5 94 115 114 5 52 107 107 71 103 115 113 74 63 112 113 67 102 90 103 65 82 112 93 100 52 13 82 113 34 74 0 82 32 77 19 105 21 32 108 113 0 52 34 17 86 67 101 96 50 13 53 23 113 113 99
split_gain=22033.6 3340.09 1048.39 479.071 104.253 75.1651 70.1261 89.3972 54.662 46.5809 38.9395 32.1752 30.4053 21.53 21.0574 19.1132 18.4878 26.8559 16.7096 13.9996 14.1044 15.3661 11.3692 10.1814 9.82503 9.69121 8.80986 8.30385 8.10184 8.61655 8.34365 8.77656 8.60802 7.00539 8.54375 7.39691 7.31967 8.71356 6.9271 8.69007 8.26355 7.57132 6.83315 13.0128 6.58802 10.4527 13.547 7.85936 10.4594 9.89366 6.58516 6.35703 6.32467 6.2762 9.85293 7.07376 6.13168 6.14914 5.91435 5.83286 9.18362 7.44997 5.79021 8.20152 7.15173 6.20891 6.62228 5.73572 5.51538 5.29565 5.28729 5.11398 5.08895 5.01846 4.87099 4.63148 4.61788 4.59487 4.59121 8.58539 7.15677 4.33169 4.20248 4.20208 3.90193 3.57338 3.56371 3.10971 3.01311 5.26279 3.90893 2.87335 2.67021 2.3533 2.28574 2.14652 1.71984 1.25772 0.962003 0.300427 0.2646 1.18001 0.161988
threshold=2.5000000000000004 0.045435681939125068 19.500000000000004 2.6735538244247441 0.056349206715822227 11.500000000000002 11.500000000000002 50.500000000000007 0.10749299451708795 0.30612237751483923 1.5000000000000002 2.7794400453567509 15.500000000000002 1.0537399053573611 2.9700856208801274 0.65636926889419567 2.5000000000000004 92.500000000000014 7.204829454421998 0.25037313997745519 49.500000000000007 0.59290647506713878 6.6254985332489023 2.4414010047912602 23.500000000000004 2.5000000000000004 1.6414586901664736 5.5000000000000009 5.4372019767761239 8.5000000000000018 5.5000000000000009 7.8248338699340829 90.500000000000014 2.5000000000000004 3.268133401870728 0.65833333134651195 3.5000000000000004 -8.9032554626464826 0.19367341697216037 2.5139433145523076 1.1476669907569887 1.7380745410919192 0.37221671640872961 6.9457912445068368 3.4114217758178715 12.500000000000002 1.9978266954421999 3.5000000000000004 7.7183942794799814 0.00058641520445235084 3.3099960088729863 5.5000000000000009 0.59968945384025585 1.0262038707733157 1.1537275910377505 6.9816019535064706 1.1872452497482302 0.00060452093021012853 -8.7259621620178205 3.5000000000000004 7.204829454421998 -0.28779718279838556 -8.7835431098937971 9.4696540832519549 6.6903948783874521 3.5000000000000004 7.310155153274537 9.7801098823547381 26.500000000000004 -0.33820524811744684 3.5000000000000004 0.85760167241096508 0.69179204106330883 1.5000000000000002 3.5000000000000004 -7.4576909542083731 7.5000000000000009 3.5000000000000004 3.113268375396729 3.5000000000000004 3.5000000000000004 69.500000000000014 27.500000000000004 2.0790133476257329 10.500000000000002 7.5000000000000009 7.2864930629730233 -8.8416314125061017 1.4978661537170412 0.7774024009704591 19.500000000000004 14.500000000000002 0.099019609391689314 11.178609371185305 4.6837964057922372 0.20294117927551272 0.38961027562618261 1.5000000000000002 0.251315787434578 4.5000000000000009 -8.8493022918701154 -8.8786511421203596 3.7510322332382207
decision_type=2 2 2 2 2 2 2 2 2 2 2 2 2 2 2 2 2 2 2 2 2 2 2 2 2 2 2 2 2 2 2 2 2 2 2 2 2 2 2 2 2 2 2 2 2 2 2 2 2 2 2 2 2 2 2 2 2 2 2 2 2 2 2 2 2 2 2 2 2 2 2 2 2 2 2 2 2 2 2 2 2 2 2 2 2 2 2 2 2 2 2 2 2 2 2 2 2 2 2 2 2 2 2
left_child=1 9 28 6 5 19 11 10 12 25 18 44 13 71 38 -7 17 73 -8 20 56 -22 26 -20 78 -1 -15 53 30 75 31 32 58 35 42 36 37 -32 40 41 -10 -40 52 -44 47 46 -46 48 -3 -49 51 -34 -35 55 -55 -13 57 -4 -2 61 -61 -36 63 69 -65 -64 85 -12 -17 -31 92 -5 -47 93 -66 87 -41 -68 79 -16 -80 -42 -69 -24 -33 -67 -52 -30 90 -90 -75 -58 -21 -6 -38 -18 -97 -94 -14 -98 101 -72 -73
right_child=2 3 4 8 16 15 7 -9 14 -11 67 27 98 22 24 68 95 -19 23 70 21 -23 83 -25 -26 -27 -28 -29 29 62 33 84 50 34 59 -37 94 -39 39 76 81 -43 43 -45 45 72 -48 49 -50 -51 86 -53 -54 54 -56 -57 91 -59 -60 60 -62 -63 65 64 74 66 77 82 -70 -71 100 102 -74 88 -76 -77 -78 -79 80 -81 -82 -83 -84 -85 -86 -87 -88 -89 89 -91 -92 -93 97 -95 -96 96 99 -99 -100 -101 -102 -103 -104
leaf_value=0.07387424640406641 -0.010251394142175921 0.018820091400415156 -0.018741392162297869 0.033784964697656732 -0.00130716649753173 0.06796311648247888 0.052968872485171993 0.064512765308299469 0.0023494166849791225 0.0035622660906107608 0.0011304124309100465 0.010613518762278586 0.073567873921248875 0.044160691160521973 0.031343121482959577 0.024685828610829956 -0.012911797262868875 0.021734551613380913 -0.01036040619612562 0.0034906662137803562 0.050346341837716968 -0.025007057021446035 0.028283511270474938 0.011274710865284539 0.058262047545291323 0.044749282232803306 0.035174478321705026 -0.02274232972654347 -0.023878952532940093 0.046391057608382441 -0.017752772242787332 -0.00053889389595587972 -0.034866165039792049 0.020131927279335424 0.00243375038081087 -0.029910270795593354 -0.034220383231514849 0.012384545865150793 0.018273979823465701 -0.014498294544706145 0.038623469056004028 0.029535454073528436 0.072884068638894239 0.015594880390066727 0.036404528246109367 0.013816505018743909 -0.002108074918239822 0.010069123272196591 0.031276667826956241 0.026592539699242319 0.030370447393682016 0.0071732159118603521 -0.010072917784513368 0.038891546203836079 0.0083286322620947859 -0.024062826765046005 0 0.032944190575725424 -0.050371123247178046 -0.027200539101983036 0.0057983497885175737 0.036112931543671616 -0.040409470322542579 0.029819739917587986 0.00045319269434232576 0.0036069961431598623 0.033290981360785836 -0.014735354311521037 -0.019063081242709182 0.0055260373846416095 -0.040214969950319417 0.051443936037952588 0.0036495361237474724 -0.017998503609044907 -0.029277263430631043 -0.046016981670892201 0.014975878875741394 -0.0065468898044459024 0.030233095222778367 0.0091069036216798165 0.039124119093752609 0.02699372332466396 -0.037178207326384681 0.0049666785299201932 0.03560043068058405 -0.025859336256574973 0 0.007065004402601556 -0.044031652049616399 -0.021192933969823892 -0.048633867759362778 -0.034621631068672824 -0.0085273824906210334 -0.033055504947096061 -0.0045157255417762974 -0.026622406373584536 -0.050680067473727088 -0.033128909055102899 0.053679260117618824 -0.052437482693656272 -0.045628050741582972 -0.01616746568174764 0.067526315649515806
leaf_weight=5486.5581363290548 20.398253843188286 599.7566874474287 21.089000381529335 25.674450561404228 9.6874899193644541 19.792812138795853 12.07024275511503 38.817569848150015 25.734980970621109 24.243075773119926 12.202707607299088 25.980701584368944 74.25536821782589 574.26021249592304 439.10319513082504 13.295693427324297 5.3533728271722785 13.393181312829254 181.69294653087854 6.7197846770286551 11.928322333842518 12.124792151153086 53.687686771154404 75.594384923577309 43.811219081282616 38.689147882163525 675.85704129934311 20.319427840411663 18.738697089254856 16.39907617866993 27.449418097734451 13.115395605564119 19.721920035779476 76.131385125219822 34.265141025185585 17.163332648575306 13.083399266004564 135.89448485523462 350.84534066915512 22.478012308478355 168.03847064077854 289.66059663891792 15.357299171388147 28.276944048702717 89.955584295094013 388.07662188261747 29.580383233726025 361.38132318854332 247.96471375972033 123.13282698392868 14.59425889700651 14.273364424705504 20.816066041588783 25.701421193778515 1414.5648849382997 29.892900440841913 6.5147016383707514 6.1780085749924174 18.288235664367676 21.970997735857964 202.40793020278215 31.739510759711266 12.783379867672918 12.475213296711443 38.169825926423073 14.385564751923082 14.142285257577898 29.642686530947685 12.440874103456734 16.177870385348797 28.603154897689819 42.34906068444252 186.32477972656488 13.837160661816595 19.471467524766922 15.183242030441759 28.138061411678791 12.054537594318388 442.36446388065815 51.284236788749695 621.27316258847713 221.09490346908569 138.51930227503181 32.665799796581268 14.240888856351374 28.239922776818275 24.041722394526005 11.971684373915197 342.43285425379872 33.672987837344408 1460.3523640185595 109.13078859820962 9.0539645552635175 17.061955384910107 14.206809110939501 13.090720511972902 2513.6762701049447 32.230179946869612 39.337604090571404 7660.7812992669642 189.64527027308941 11.722930207848547 84.599716052412987
leaf_count=25039 173 3315 342 104 138 86 74 168 117 173 168 198 315 2321 1937 110 90 87 1823 107 89 164 228 531 180 172 2749 164 154 133 214 106 164 585 256 135 113 1046 1698 108 773 1394 121 223 535 2314 181 2086 1397 704 121 123 162 194 10321 238 98 94 160 173 1602 243 112 106 317 123 121 434 100 134 521 175 1081 248 170 131 138 103 1819 227 2568 1014 2193 141 118 247 201 101 6709 616 29625 1721 111 254 116 234 53109 526 165 163839 3459 211 351
internal_value=-0.000954994 0.0433277 -0.0462351 0.0233138 -0.0501672 -0.0273925 0.0109164 -0.00681172 0.0349085 0.0733808 -0.0131842 0.0133658 0.042274 0.0402726 0.0305178 0.0328861 -0.0510873 -0.0463046 -0.00107044 -0.0336728 -0.0217741 0.0127323 0.0381266 -0.00393658 0.0342363 0.0736843 0.0393584 0.00783409 0.00282464 -0.00536906 0.00526924 -0.00576022 -0.0120543 0.00768721 0.0113128 9.28506e-05 0.00305859 0.00714395 0.0250976 0.0218655 0.0303597 0.0234395 0.0214037 0.0377318 0.0174921 0.0134332 0.0268836 0.0195813 0.0225243 0.014358 -0.00160117 -0.0173764 0.0134903 0.00827839 0.00892086 -0.00790843 -0.027723 -0.00557595 -0.0306382 0.00630842 0.00236368 0.0192197 -0.000420662 0.00737833 -0.00222395 -0.0103114 -0.00383589 -0.031062 0.00328558 0.0275273 -0.0406287 0.0584458 0.010554 -0.0468124 -0.00990863 -0.0243875 0.0016543 0.0152367 0.033497 0.0290729 0.0354835 0.0321704 -0.0334463 0.0198124 0.0188003 -0.0159036 0.0121608 -0.0117385 -0.0471385 -0.0421057 -0.0483717 -0.0327212 -0.0238112 -0.0225915 -0.0201449 -0.0519665 -0.0519841 -0.0284554 0.0675566 -0.0520118 -0.0439189 -0.0342939 0.0629026
internal_weight=27468.6 13887.2 13581.4 8337.69 12573.8 490.47 4031.17 488.54 4306.51 5549.49 449.722 3542.63 1602.69 1489.09 2703.83 45.5294 12083.3 1890.44 269.358 444.941 166.966 24.0531 1336.47 257.287 1597.84 5525.25 1250.12 1516.46 1007.63 230.193 777.437 138.674 111.318 638.763 430.965 207.797 190.634 163.344 1105.99 691.122 414.868 640.506 140.582 43.6342 2026.17 693.937 119.536 1332.24 847.721 484.514 72.6313 33.9953 96.9475 1496.14 1440.27 55.8736 142.912 27.267 38.6865 290.384 224.379 66.0047 184.299 102.693 70.1165 81.6057 68.8223 180.365 25.7366 32.5769 277.975 152.623 574.401 1877.04 57.6413 45.8936 50.6161 26.1968 1554.03 490.387 1063.64 389.133 168.162 86.3535 27.3563 42.6255 38.636 30.7104 1850.3 376.106 1474.19 115.645 48.0039 26.7494 27.2902 10192.9 10187.5 41.2841 113.593 10174.5 229.971 40.3261 126.949
internal_count=342820 72025 270795 46641 262688 7739 28119 5391 18522 25384 5223 22728 6549 6069 11973 296 254949 37677 2428 7443 2508 253 5439 2354 6731 25211 5070 11115 8107 1952 6155 1166 942 4989 3365 1624 1489 1260 5242 3338 1904 3092 1091 344 11613 4111 716 7502 4712 2790 609 287 747 10951 10515 436 2255 436 333 2274 1775 499 1566 860 593 706 594 2795 210 267 4935 630 3395 37590 487 386 246 224 6551 2164 4387 1787 2627 369 224 370 322 255 37198 7325 29873 1819 744 392 229 217272 217182 637 480 216948 4191 732 526
is_linear=0
shrinkage=0.05


Tree=20
num_leaves=101
num_cat=0
split_feature=93 103 21 1 44 19 1 17 2 1 103 21 30 1 19 1 50 19 103 2 13 40 82 2 52 103 93 111 44 67 111 61 94 1 82 49 67 91 36 94 46 34 17 2 17 101 17 1 77 93 114 99 4 67 63 99 103 108 101 114 84 61 107 107 50 42 74 36 5 2 82 94 67 103 107 63 23 93 65 63 94 44 2 3 65 1 90 51 67 15 52 65 67 50 95 34 44 95 103 13
split_gain=20476.4 3264.54 1040.84 418.556 148.049 112.77 53.4347 68.4451 44.9061 37.5489 33.9755 33.7514 33.3765 26.4452 20.1311 20.1049 19.4026 12.29 12.1519 12.1032 11.699 11.6826 10.9895 10.7307 10.6677 10.2393 9.46586 9.52817 9.39064 10.4365 9.91816 9.44404 9.36358 9.27793 9.13482 8.73066 8.65785 8.06254 7.93468 7.79006 7.78259 8.30182 7.69961 7.69032 7.42671 7.29779 7.19478 6.68266 6.51743 6.49639 8.60423 6.42172 6.41328 6.24582 8.06139 6.19712 6.13928 7.06448 5.8513 9.92229 5.79997 5.6294 5.38758 5.33529 5.30579 11.3843 5.11535 5.10731 5.09684 5.0586 4.84062 5.25591 4.79368 4.65705 13.2745 6.49446 4.52456 4.49683 4.7886 4.63897 5.33659 4.16989 3.62857 3.41328 2.957 2.78057 3.31416 2.65959 3.88123 2.39703 2.21072 1.97617 1.80707 1.33586 0.975482 0.892847 0.733649 0.639455 0.578558 0.496973
threshold=2.5000000000000004 0.045435681939125068 21.500000000000004 13.500000000000002 0.08842144533991815 88.500000000000014 3.5000000000000004 12.500000000000002 1.6105993390083315 6.5000000000000009 1.6120507717132571 50.500000000000007 5.5000000000000009 2.5000000000000004 46.500000000000007 22.500000000000004 0.25210078060626989 49.500000000000007 0.79117947816848766 2.5154124498367314 1.5000000000000002 29.500000000000004 2.5000000000000004 0.094748698174953475 0.4301948100328446 0.89412766695022594 1.5000000000000002 -15.108377933502195 0.21413874626159671 11.162453651428224 -8.308827877044676 4.9082701206207284 9.2761416435241717 9.5000000000000018 5.5000000000000009 0.24999995529651645 7.2790532112121591 3.5000000000000004 3.5000000000000004 7.7721292972564706 0.1766968369483948 12.500000000000002 6.5000000000000009 2.0088856220245366 9.5000000000000018 2.7963662147521977 10.500000000000002 54.500000000000007 19.500000000000004 1.5000000000000002 3.324232935905457 11.444699287414553 2.5000000000000004 10.659457206726076 9.4173741340637225 2.1382998228073125 1.5923417210578921 7.2474260330200204 2.1638973951339726 3.359079241752625 0.39827586710453039 9.6397080421447772 2.1676163673400883 1.2226989865303042 0.53334370255470287 0.16597796231508258 3.5000000000000004 1.5000000000000002 3.5000000000000004 0.44651693105697637 7.5000000000000009 9.2761416435241717 10.19602155685425 1.392569422721863 1.6737192273139956 8.5862798690795916 2.5000000000000004 4.5000000000000009 12.770944118499758 10.793719768524172 9.2999353408813494 0.055867666378617294 1.3048222064971926 1.9940509200096133 9.7801098823547381 7.5000000000000009 8.5000000000000018 0.64895117282867443 11.505513668060305 5.5000000000000009 0.69986224174499523 10.76763963699341 13.388540267944338 0.38961027562618261 9.1287684440612811 19.500000000000004 0.3727151900529862 8.4507842063903826 0.82859694957733165 2.5000000000000004
decision_type=2 2 2 2 2 2 2 2 2 2 2 2 2 2 2 2 2 2 2 2 2 2 2 2 2 2 2 2 2 2 2 2 2 2 2 2 2 2 2 2 2 2 2 2 2 2 2 2 2 2 2 2 2 2 2 2 2 2 2 2 2 2 2 2 2 2 2 2 2 2 2 2 2 2 2 2 2 2 2 2 2 2 2 2 2 2 2 2 2 2 2 2 2 2 2 2 2 2 2 2
left_child=1 9 28 6 5 16 7 23 15 -1 25 12 26 76 20 22 17 70 -17 32 48 -7 53 49 -14 68 34 -28 29 46 31 45 36 -26 -8 -11 -12 42 39 61 41 -27 -25 -34 -41 64 73 -21 -9 50 -3 60 63 54 -5 -39 67 -58 72 -60 -47 -33 -51 -24 83 -66 -32 -20 -10 -48 71 -4 -40 -2 -75 -76 92 79 96 85 -81 87 -55 -30 -22 89 -87 -18 -89 -15 -42 -72 95 -78 -82 -6 99 -68 -83 -79
right_child=2 3 4 8 13 21 11 14 10 35 19 -13 24 77 -16 18 81 -19 56 47 84 -23 52 37 33 40 27 -29 30 -31 66 38 43 -35 -36 -37 -38 55 58 44 90 -43 -44 -45 -46 51 69 -49 -50 62 -52 -53 -54 82 -56 -57 57 -59 59 -61 -62 -63 -64 -65 65 -67 97 -69 -70 -71 91 -73 -74 74 75 -77 93 78 -80 80 94 98 -84 -85 -86 86 -88 88 -90 -91 -92 -93 -94 -95 -96 -97 -98 -99 -100 -101
leaf_value=0.010505371097292382 -0.0048146970668900306 -0.0028962782038110244 -0.022910196903533991 0.028048486970575853 -0.024694676931752355 0.078113926561323682 0.017157308339844961 -0.031309644181335805 0.070526293548578894 0.072172027615855422 0.0045148360383555639 0.061887734472741235 0.036588503731994258 -0.019099232729025969 0.046212337827648997 0.066003426541376559 0.00347966433612833 0.026620367413703147 0.050878912956487547 0.063794399930926879 -0.0039880374962042347 0.024075953754784784 0.040726285875962602 0.012057049760087805 -0.01763858386701592 0.043697283552925487 0.031026603265860354 0.0096422358349430859 0.022805489538757256 0.053655147100463832 0.00079765122371349719 0.0057741684458667052 -0.0099758603252482619 0.0070794080710476969 0.034104072508392223 0.042421360938400279 0.033378929625487011 0.0055190562746356836 -0.037827275497990767 -0.018708051980049746 0.037175594202293744 0.060388182153235437 0.002846310118954093 0.026395710941581659 0.01008031966731727 0.0053785330365885668 0.010790765300239553 0.029534631178861816 -0.0016074873058074511 0.0056498285355576616 0.022183575024551053 0.03467039518256123 -0.00322832446971269 0.031337740400759997 0.0085206387595268916 0.039270793040196053 0.040836034266542511 0.026319067662345909 -0.008000921002694306 0.031537453967385824 -0.018765492870020422 0.035606589651583968 -0.014575818290283727 0.018715668411165017 0.057708635231756081 0.010536362260554539 -0.044253619978114049 0.03545412838459621 0.039854124697569424 -0.02799301515745824 -0.010699568068013914 0.020416468816341949 -0.0072277565375969757 0.057794569278214136 0.024516578593925493 -0.0056957240170098788 -0.029115473390543323 -0.017752773906115626 -0.0047918897895660702 0.020000424209189387 -0.013298177808998113 -0.022347176903236517 0.051299216900952099 -0.0054561750933779423 -0.042189636657456973 -0.032766408015259312 0 -0.0042383445964615093 -0.047398270974136757 -0.042380659735853587 0.015718731508978793 -0.036351974567260657 -0.010347180139039437 -0.051910470687271032 -0.034615044201944882 -0.048449786604307654 -0.01522627463116772 -0.021732683121819033 -0.044835480865293903 -0.045849178254293237
leaf_weight=25.879465252161026 20.778735928237438 88.892724812030792 12.227110277861359 1021.0046146959066 10.465204969048498 26.279180560261011 1674.2369673475623 29.582661125808954 76.672586619853973 5386.0675235912204 28.44837848842144 36.881850197911263 11.977881491184233 17.269823204725981 8.0551604554057104 31.981306806206703 7.8627342768013504 17.862651150673628 84.571467459201813 47.889276280999184 6.3193234652280799 19.569275163114071 30.654981195926666 617.05677992850542 114.06358337774873 496.48122088611126 55.750196788460016 711.91489250957966 17.028916835784912 13.745582055300472 15.011991925537584 234.2762847468257 24.748224407434464 54.839239589869976 85.232563659548759 33.799295753240585 638.69854268431664 22.634685207158327 26.113870549947023 62.892209857702255 26.300143003463745 107.80870495736599 365.27668161690235 30.879299327731133 32.684914596378803 107.73402949050069 13.524969164282085 28.08761690557003 47.839395120739937 46.138638891279697 53.236208319664001 13.169941820204256 29.361694559454918 80.391230300068855 59.008733496069908 38.326021760702133 122.31267786026001 372.97309474647045 162.87833780422807 16.018129624426365 30.703509457409382 15.77285775542259 103.5117347240448 382.93340489268303 21.999601125717163 31.362008471041918 13.157833993434908 292.05759163200855 27.492145776748657 17.455431796610355 14.065617483109234 12.754107501357792 27.309877570718527 17.684620261192322 35.420861303806305 32.622171983122826 14.720133353024719 5.2640558145940295 8.3339337334036809 6.3082746714353553 14.589573699980976 9.5947209522128087 46.995641648769379 23.271576032042503 92.810796834528446 24.34714001044631 11.277959164232014 10.396373949944975 11.069252572953699 187.80504275485873 32.467774868011475 27.650609653443098 4.7481886632740489 9581.0276027470827 17.059828247874975 1349.44010264799 4.8869683146476737 14.944289878010748 106.44034701213241 452.4505443200469
leaf_count=179 146 625 153 4521 194 123 9154 368 327 25259 115 155 77 311 42 132 92 131 342 200 101 134 137 4408 1278 2001 342 4647 107 107 125 1963 107 434 495 146 2610 168 232 523 113 457 2736 135 279 799 126 113 538 397 370 101 132 360 266 271 499 1519 1417 133 240 127 888 1729 156 251 117 1183 113 138 176 168 251 122 258 243 274 94 125 122 277 188 205 150 1679 386 187 156 159 3668 144 366 45 214202 332 28633 103 130 2058 9224
internal_value=-0.000774482 0.0415738 -0.0458172 0.0219888 -0.0499385 -0.0135901 0.0109989 0.00346378 0.0333531 0.0717127 0.0400704 0.0151629 0.0144889 -0.0507918 -0.0249375 0.0292098 -0.0279373 -0.00853193 0.035287 0.0326795 -0.0286018 0.0567538 0.0258463 0.00742203 -0.00617606 0.0476732 0.0159747 0.0112657 0.00271961 0.0141544 0.00069094 0.00194308 0.0305232 -0.00956281 0.0180123 0.0720001 0.032176 0.00979057 -0.00153441 0.00324488 0.0450808 0.0468337 0.0086518 0.0102022 -0.00875652 0.0101374 0.00959685 0.0520751 -0.0134626 -0.00101964 0.00656165 0.00321223 0.0189107 0.0283558 0.0270041 0.0273324 0.0340375 0.0300367 -0.00866259 -0.00417248 -4.85637e-05 0.00789682 -0.00827971 0.0205125 0.0210144 0.0312126 -0.0222546 0.0391323 0.0632063 -0.0110371 -0.0184714 -0.000508748 -0.0229917 0.0157613 0.0208602 0.0100775 -0.0514289 -0.0413789 -0.0446785 -0.0355574 -0.0177467 -0.0389552 0.0392908 0.00663636 -0.0399495 -0.0381976 -0.0228978 -0.0199038 -0.0285723 -0.0406214 0.0261734 -0.0286056 -0.0481885 -0.0518811 -0.0261366 -0.0483017 -0.0453577 -0.0343232 -0.04337 -0.0456069
internal_weight=26833.9 13830.5 13003.3 8384.8 11985.8 275.772 4264.58 1519.68 4120.22 5445.75 1565.97 2744.9 2708.02 11710 184.607 2554.25 229.924 84.5601 903.896 798.751 176.552 45.8485 1650.35 1335.07 180.881 767.223 2527.13 767.665 1017.56 151.232 866.33 823.216 722.774 168.903 1759.47 5419.87 667.147 1043.29 577.946 345.626 663.058 604.29 982.333 55.6275 95.5771 245.27 137.487 75.9769 77.4221 291.779 142.129 151.607 442.95 1207.4 1080.01 60.9607 871.915 495.286 232.32 178.896 138.438 250.049 149.65 413.588 93.6621 53.3616 43.1141 376.629 104.165 30.9804 66.6974 24.9812 53.4237 106.506 85.7277 68.043 10960.4 749.593 470.936 278.658 37.9577 145.363 127.387 40.3005 99.1301 240.7 35.6251 29.3284 21.4656 205.075 58.7679 41.7162 1364.65 9595.75 31.6494 1359.91 462.602 28.1021 116.035 457.715
internal_count=342539 72217 270322 46633 262081 3904 29173 12591 17460 25584 6435 16582 16427 258177 2728 11025 3647 994 3675 3280 2686 257 7350 9863 1789 3155 14638 4989 8241 1140 7101 6729 2967 1712 9649 25405 2725 7583 4925 2892 2715 2458 7144 242 802 1804 1033 313 906 2280 995 1140 1998 5352 4787 439 3543 2018 2033 1550 1039 2090 1285 1866 664 407 372 1525 440 264 863 321 483 769 623 501 243348 14829 9546 5283 731 2653 565 257 1780 4552 573 407 315 3979 257 542 28872 214476 609 28827 9421 247 2246 9318
is_linear=0
shrinkage=0.05


Tree=21
num_leaves=99
num_cat=0
split_feature=15 103 48 0 25 96 48 25 0 34 0 48 103 25 96 67 28 13 13 36 3 108 94 67 52 74 15 82 9 52 24 4 103 67 107 94 67 76 3 69 67 115 105 107 96 3 95 9 114 25 76 53 102 2 53 115 30 34 115 103 105 63 111 99 108 94 80 2 113 114 115 13 30 46 113 23 113 53 67 111 67 107 49 105 111 114 67 95 115 101 72 115 98 0 112 111 94 23
split_gain=19020.4 3249.92 612.778 408.066 326.516 122.719 75.8719 68.2872 57.5503 50.5083 42.9753 38.377 28.5119 21.5221 21.3207 18.5541 17.5758 15.4161 13.5156 13.2853 13.1969 12.5571 11.9195 10.5441 10.334 9.92698 9.67409 9.65805 10.9146 9.34869 8.94867 8.8446 12.2613 8.74866 8.7379 8.64705 8.40339 9.87004 8.48272 8.38301 7.53158 7.12641 7.06951 6.80204 6.78372 6.66562 7.83045 6.60447 9.67031 7.92678 6.39627 8.51296 6.58094 6.29993 6.2582 6.161 7.45395 6.23147 6.05402 6.02023 5.84451 5.36905 5.86824 11.0331 5.35144 5.27725 5.2289 7.13174 4.8387 6.79376 5.91098 4.666 4.54687 4.38286 4.16864 4.00238 3.98453 3.9006 3.89348 3.87489 3.86984 3.73627 3.62551 3.52539 5.88991 3.26584 3.20493 3.07043 2.95668 2.17672 2.04658 1.69191 1.48939 1.02574 1.01236 0.95982 0.552558 0.165489
threshold=5.5000000000000009 0.045435681939125068 0.019607842899858955 2.6735538244247441 21.500000000000004 0.20294117927551272 0.048410071060061462 49.500000000000007 2.2499048709869389 18.500000000000004 3.1984648704528813 0.03846153803169728 1.198858976364136 16.500000000000004 0.2869249433279038 10.970866680145265 1.5000000000000002 1.5000000000000002 1.5000000000000002 6.5000000000000009 1.3821102380752566 1.0000000180025095e-35 10.969940185546877 12.832974433898928 0.58842146396636974 2.5000000000000004 2.5000000000000004 2.5000000000000004 70.500000000000014 0.71408337354660045 7.5000000000000009 1.5000000000000002 0.79117947816848766 11.110543251037599 2.3805136680603032 6.0648889541625985 11.447837829589846 27.500000000000004 2.2840802669525151 6.5480577945709237 6.6944196224212655 0.00058530550450086604 1.4299196600914004 1.5832683444023135 0.1132478639483452 1.9259847998619082 7.8352749347686776 72.500000000000014 3.3711098432540898 33.500000000000007 58.500000000000007 0.65636926889419567 0.36810334026813513 1.3776857256889345 0.45534290373325353 0.00037160619103815412 3.5000000000000004 11.500000000000002 0.69234308600425731 2.0882700681686406 2.5858927965164189 7.6799979209899911 -14.987783908843992 1.7182918787002566 7.3940751552581796 9.8025665283203143 1.0000000180025095e-35 1.4437134861946108 -8.7077040672302228 3.3195428848266606 0.00057193241082131873 1.5000000000000002 5.5000000000000009 0.52859479188919078 -8.8786511421203596 2.5000000000000004 3.2060462236404423 0.38165266811847692 11.128763675689699 -15.181353092193602 9.7077999114990252 0.87325868010520946 0.21222498267889026 1.3408487439155581 -8.3567595481872541 3.2573627233505253 10.315903186798097 7.2210538387298593 0.00043418873974587774 8.2087492942810076 1.4978661537170412 0.69229021668434154 3.5000000000000004 1.4978661537170412 -14.168327808380125 -8.3948211669921857 12.221020221710207 1.5000000000000002
decision_type=2 2 2 2 2 2 2 2 2 2 2 2 2 2 2 2 2 2 2 2 2 2 2 2 2 2 2 2 2 2 2 2 2 2 2 2 2 2 2 2 2 2 2 2 2 2 2 2 2 2 2 2 2 2 2 2 2 2 2 2 2 2 2 2 2 2 2 2 2 2 2 2 2 2 2 2 2 2 2 2 2 2 2 2 2 2 2 2 2 2 2 2 2 2 2 2 2 2
left_child=1 6 5 8 27 7 26 15 9 18 13 17 31 34 23 30 33 68 22 73 91 -10 42 24 -7 92 -1 28 -4 95 -2 32 -12 -11 50 -8 38 -38 41 -35 77 -23 -3 -39 -9 86 80 -17 49 -49 51 -5 -52 -34 -21 56 -20 -57 94 -40 -36 -29 63 -63 -31 -42 67 82 69 78 -71 -13 -48 85 -18 96 -33 -22 -6 89 -47 -76 -19 -64 -85 -16 -30 -81 -70 -56 93 -14 -15 -68 -27 -26 97 -73
right_child=2 3 4 10 11 14 35 44 21 16 12 71 20 25 19 47 74 66 55 54 40 36 -24 -25 29 58 -28 61 45 64 -32 76 53 39 60 -37 37 43 59 -41 65 -43 -44 -45 -46 46 72 48 -50 -51 52 -53 -54 -55 79 57 -58 -59 -60 -61 -62 62 83 -65 -66 -67 90 -69 88 70 -72 75 -74 -75 81 -77 -78 -79 -80 87 -82 -83 -84 84 -86 -87 -88 -89 -90 -91 -92 -93 -94 -95 -96 -97 -98 -99
leaf_value=0.070610636520387904 0.047769126164945531 -0.0026160318435655633 0.047505149366862676 0.021357324672928005 -2.0199566870277712e-05 0.019142186223436108 0.021065511325659512 0.072145010705574705 0.052135173642596816 -0.025641358495868162 0.073104405012778068 0 0.041072690576549199 0.06756168575677908 0.029915540710319308 0.022720115965035259 -0.0022742816350989899 -0.020634516805571393 0 0.0031165877599385466 0.027466797171955611 0.0094858017370020985 0.052721023814516245 0.029340185203618613 -0.023122913024768318 0.050101515685616688 0.040675630175502936 0.026290251166859555 -0.028911917974767401 -0.033002321155026375 0.004784058661787465 0.017023630293254856 0.026791389208929539 0.029609958908311185 0.018544625988287829 -0.029924401022655197 0.0077984959388436069 0.06584740092630656 0.019238221994642785 -0.018057938904207829 0.03384179989505047 0.019284468015528494 0.011078598939568876 0.027119043823706213 0.040772826213330754 0.051041085872835568 0.024084907000888098 0.016517199627752884 -0.044321119254028235 -0.011463098843922043 0.013836920681510346 0.033247855286983 0.024530990050587356 0.051238853543818241 0.01165480394766083 0.0048496402614342706 0.043432646297014398 -0.0035654813582945708 0.0096326795098884595 0.036556189421468363 -0.010709793516851997 0.046836749704165181 -0.034694823374489106 -0.010897719323798473 0.00290860067453509 0.012875030406840749 -0.047806892708657699 0.0071386867092506625 -0.012431332255545683 -0.012921406879623776 0.043234156231420094 -0.031959377303069123 -0.0096658836610677805 -0.022099301679351542 0 -0.051792721430851868 0.043408931824644184 0.0025015565814163403 -0.032712600248874159 -0.0080029536918140212 0.01213979496392331 -0.042345422693552404 -0.040044920355373811 -0.014415671466242659 0.012670093078877549 -0.0054051885292154952 0.0032617503995182005 -0.038979147208375399 -0.045961332103363992 -0.025148212895468709 -0.016533184384893512 0.065025775248141945 0.043829319572786976 -0.040292365430439327 0.028567490714272639 -0.044663033851974905 -0.019815645972427628 -0.048234758319983237
leaf_weight=5209.9315848574042 33.240489430725574 99.559859752655029 19.307429105043411 250.8664411008358 14.734165500849484 24.838279809802771 13.195036333054306 53.129568189382553 25.498020015656948 21.237842611968517 68.057132884860039 4.515554077923297 29.144681259989738 40.239409312605858 11.69004860147834 21.357275672256947 9.1161360368132573 35.161855533719063 18.507242038846016 10.525618627667425 30.848009958863258 528.0675766132772 15.326051928102968 19.459982592612505 20.426460780203342 24.357587337493896 35.621829211711884 11.837394222617148 13.61106112599373 11.232076264917849 19.988872170448303 31.866376414895058 39.884050741791725 25.096058953553438 40.058656275272369 17.51741186901927 27.909649036824703 23.039442975074053 438.04754820466042 12.61740657687187 1673.7077493518591 297.07359965518117 1339.6867799907923 30.655437901616096 40.485926114022732 15.471519097685816 13.28846577554941 38.383077770471573 13.382602099329231 67.578894335776567 182.94551859796047 463.88086286187172 957.2026956230402 171.31546922028065 6.3846994601190072 1118.8187744021416 19.74468969553709 271.18549017980695 25.263264790177345 59.935950607061386 27.253207579255104 12.103944957256319 13.508908856660126 19.573600072413683 53.307941872626543 34.603602275252342 444.67432973906398 8.3590576238930208 12.565771564841269 7.9068486876785737 7.9018455930054188 17.040623214095831 28.994034588336945 12.708733297884462 5.7054141834378234 9147.248174931854 34.370829835534096 32.82623402774334 25.287789449095726 10.214223384857176 13.51646740734577 76.260796792805195 230.12212485074997 86.317330934107304 24.373426076024771 11.445390231907366 14.312885142862795 159.77639003843069 21.513329237699509 6.4900635033845901 9.2367617525160295 38.098869293928146 29.205176278948784 158.20716390386224 22.64065408706665 18.261314228177071 5.8031234480440608 1103.9964459426701
leaf_count=25139 179 668 146 1098 185 188 97 225 140 197 294 53 123 172 105 102 172 682 142 135 124 2915 100 109 293 102 169 100 113 133 164 129 161 224 179 138 158 132 2327 138 6757 1648 8662 179 196 116 105 308 84 585 824 2081 4275 702 104 8650 155 2221 107 324 123 107 121 170 575 142 9630 147 173 107 103 328 232 88 110 214369 139 133 333 151 102 1443 4714 739 219 102 122 2722 306 105 197 161 124 3228 107 276 128 24585
internal_value=-0.000799359 0.0389978 -0.0464111 0.0202343 -0.0490988 0.000269923 0.069962 0.0248128 0.00966795 0.00575919 0.0313244 -0.0504399 0.0362445 0.0260889 -0.0184591 0.00766987 -0.0223701 -0.0407282 0.00723748 -0.027959 0.0336904 0.017935 0.0106321 -0.00349761 -0.00884649 0.045031 0.0704209 0.0035883 0.0144424 -0.0158542 0.0323835 0.049608 0.0536712 -0.000834593 0.0246532 -0.00774627 0.0172521 0.0329372 0.016241 0.0133265 0.0327949 0.0130543 0.0101226 0.0452557 0.0595396 0.0072959 0.0153904 -0.00185226 -0.00655979 -0.00114553 0.0252979 0.0291419 0.0228442 0.0468906 -0.0331043 0.00376575 0.0232243 0.00319862 0.0306792 0.0214461 0.00657952 -0.00408183 -0.00668043 0.0119813 -0.0037973 0.0334346 -0.0427542 -0.0362045 -0.0202853 -0.0104952 0.015884 -0.0513547 0.0011746 0 -0.0359612 -0.051377 0.0315208 0.0151036 -0.0213532 -0.0352518 0.03472 -0.0394798 -0.0376402 -0.0116059 -0.00827276 0.0127708 -0.0127553 -0.0372625 -0.0349244 -0.00688994 -0.0455702 0.0559123 0.0588596 -0.0459564 0.0411384 -0.0348266 -0.0479294 -0.0480393
internal_weight=26192.8 13988 12204.8 8711.73 11540.5 664.308 5276.27 287.547 4463.09 3032.86 4248.64 11254.3 2184.72 2063.91 376.761 193.931 150.034 975.671 2882.83 229.235 1839.23 1430.23 1454.57 147.526 128.066 141.706 5245.55 286.216 118.502 103.228 53.2294 345.494 279.257 58.9513 1922.21 30.7124 1404.73 81.6045 1323.12 37.7135 1771.99 825.141 1439.25 53.6949 93.6155 99.1944 71.2705 140.702 119.345 105.962 1854.9 714.747 1140.15 211.2 193.391 1428.26 38.2519 1390 72.2615 497.983 67.3119 167.715 155.877 31.6775 64.54 1708.31 885.761 273.643 89.9098 55.8306 15.8087 10278.6 42.2825 35.8442 91.0823 10274.1 66.2372 63.6742 40.022 182.865 28.988 81.9662 265.284 124.2 110.691 23.1354 27.9239 169.991 34.0791 12.8748 612.118 67.2436 69.4446 602.881 46.9982 38.6878 1126.84 1121.04
internal_count=342894 74305 268589 48762 261660 6929 25543 1843 30705 22882 18057 259268 8865 9192 5086 1422 2284 19805 20598 3512 7440 7823 9430 1574 1465 612 25308 2392 936 1277 343 1425 1157 559 8580 235 7683 469 7214 362 7156 4563 9330 311 421 790 555 1079 977 893 8278 3179 5099 863 3217 11168 297 10871 316 2651 302 1456 1356 277 708 6899 18598 5543 1207 728 210 239463 337 295 1725 239410 268 257 518 3082 218 1553 5396 1079 958 207 235 2873 479 209 13055 284 296 12858 209 569 25041 24913
is_linear=0
shrinkage=0.05


Tree=22
num_leaves=92
num_cat=0
split_feature=30 107 0 44 17 38 69 17 0 48 44 107 52 98 34 44 93 2 34 71 71 82 44 108 49 93 38 9 38 2 84 105 2 107 46 4 67 97 102 23 86 48 108 108 67 100 107 17 77 52 94 107 53 42 96 53 108 94 46 9 114 9 107 0 90 114 63 67 113 30 112 107 107 63 67 34 99 113 77 108 9 113 94 76 46 77 34 94 94 105 50
split_gain=17694 3192.17 475.813 421.97 242.205 93.5999 79.6681 103.339 53.7784 48.8771 40.7933 34.0227 25.0506 20.5675 19.7435 19.1504 16.5545 16.199 15.3342 12.5701 13.4668 12.2867 11.982 10.455 10.3385 10.2132 12.748 10.115 10.0174 9.87257 9.72277 9.30498 9.05121 9.01062 11.4832 8.93218 8.85521 8.54661 8.41387 8.14082 7.88123 7.7418 7.8982 7.70048 7.64604 7.17835 10.5079 7.16304 7.1563 11.4428 7.15276 7.12418 7.09887 7.0882 6.93904 6.25801 6.08018 5.35637 5.32816 5.32168 5.26342 6.15799 5.23031 4.79383 4.58249 4.57994 4.22735 4.09004 3.98166 3.36553 3.21796 8.87505 3.16555 2.72007 2.70961 2.69962 2.49945 2.26832 2.47006 2.20733 2.09957 1.94456 1.57534 1.06645 1.03336 0.886504 0.583483 0.56071 0.440751 0.239961 0.13474
threshold=5.5000000000000009 0.031068976968526844 2.7403194904327397 0.067041199654340758 13.500000000000002 23.500000000000004 2.7794400453567509 12.500000000000002 3.1567740440368657 0.033445188775658614 0.08842144533991815 0.8900555968284608 0.88939857482910167 10.500000000000002 13.500000000000002 0.074271079152822508 3.5000000000000004 0.83853083848953258 14.500000000000002 4.4109132289886483 4.8391864299774179 2.5000000000000004 0.10551619529724122 8.0633163452148455 0.12499998882412912 12.500000000000002 32.500000000000007 76.500000000000014 8.5000000000000018 0.9850224256515504 0.28464819490909582 2.3236738443374638 1.8481920361518862 1.5431668758392336 0.18214996904134753 2.5000000000000004 10.85260581970215 0.26969698071479803 11.8765926361084 2.5000000000000004 0.10676291957497598 0.22222220152616504 10.89188861846924 6.7819142341613778 10.927498817443849 0.55627679824829113 1.2226989865303042 7.5000000000000009 65.500000000000014 0.46247655153274542 8.7710723876953143 1.3872885107994082 0.88847428560256969 0.1155870445072651 0.16843971610069278 0.749149650335312 9.6566939353942889 4.5904619693756112 0.11167800426483156 70.500000000000014 3.3131952285766606 80.500000000000014 1.8761635422706606 2.9174053668975835 7.5000000000000009 3.3211058378219609 7.4385924339294442 10.131567001342775 -8.7486367225646955 6.5000000000000009 -0.28462988138198847 1.5832683444023135 1.7380745410919192 7.4385924339294442 10.480658054351808 19.500000000000004 5.3732147216796884 -8.7769117355346662 33.500000000000007 8.5055022239685076 80.500000000000014 -8.711662292480467 9.206306457519533 18.500000000000004 0.1673669517040253 49.500000000000007 18.500000000000004 9.2999353408813494 12.221020221710207 1.6277268528938296 0.28571422398090368
decision_type=2 2 2 2 2 2 2 2 2 2 2 2 2 2 2 2 2 2 2 2 2 2 2 2 2 2 2 2 2 2 2 2 2 2 2 2 2 2 2 2 2 2 2 2 2 2 2 2 2 2 2 2 2 2 2 2 2 2 2 2 2 2 2 2 2 2 2 2 2 2 2 2 2 2 2 2 2 2 2 2 2 2 2 2 2 2 2 2 2 2 2
left_child=1 10 6 5 21 17 12 30 14 13 -1 35 19 22 38 55 -7 77 33 27 57 44 29 64 72 26 -15 31 -22 90 43 -3 40 34 -13 -10 -26 -23 45 67 -25 42 -32 47 59 -4 -47 -8 70 69 -45 -29 -51 -31 -42 58 -43 -21 -9 -5 61 -61 68 -38 81 -35 -17 -11 -34 -50 79 -72 -16 -40 -68 82 89 78 -2 -39 85 -19 -69 -27 -82 -24 -41 -79 -77 -66 -6
right_child=3 2 8 4 9 16 7 15 11 39 -12 18 -14 25 24 66 -18 23 -20 20 28 37 80 32 36 83 -28 51 -30 53 41 -33 62 65 -36 -37 63 48 73 86 54 56 -44 50 -46 46 -48 -49 49 52 -52 -53 -54 -55 -56 -57 -58 -59 -60 60 -62 -63 -64 -65 76 -67 74 75 -70 -71 71 -73 -74 -75 -76 88 -78 87 -80 -81 84 -83 -84 -85 -86 -87 -88 -89 -90 -91 -92
leaf_value=0.069142317515977145 -0.032549268654187863 0.0220557600144306 -0.0023875870467935912 0.043950540362393632 -0.019369417093076574 0.065618124432105532 0.0048023957664598167 0.017179926468392025 0.069097487405682223 -0.0038582246981025991 0.0061086323238547426 0.041074710530984659 0.067093857921391956 -0.022204326738302346 0.064774786156335903 0 0.02111550072234171 -0.015730068458289156 0.058933985511053034 0.011604485057837127 0.014063804064651074 0.021404800444098468 -0.036379454684401402 -0.03796873095876601 0.050237546247988263 -0.046156155794260412 0.04112016380956815 0.011386198956562755 0.00087120413722300682 -0.02307087397640524 0.0010596672907511853 0.0051393770322386992 0.047492577713014919 0.025674404480233844 0.021012546495552068 0.031393258708928978 0.0044384558315407564 -0.01690882124854166 0.029142951670168352 -0.022302693027890081 0.018624298314221129 -0.0036970589536503753 0.019741759995410283 0.0079262852425745402 -0.019579464986823798 0.035486639636488258 0.021092161015782949 -0.014438372800502109 -0.0357452387143323 -0.019318032617078644 0.019880500383534491 0.032744101042548483 0.02687080979079284 0.026294934713948687 -0.010664805563715006 0.029357067965714485 -0.029311124089207455 -0.017312807305771599 -0.022597396992769546 -0.022471244904478258 0.029527960953301142 0.015688927660497246 -0.001551694251990778 0.032769016320438722 -0.023282893634982486 0.033159476527023002 -0.015340601722145311 -0.034092670386241308 0.012660298123264857 -0.0021787764649347625 -0.039406360970933668 0.02056916708267853 0.036978424164469136 0.056920660759723324 -0.043881775382883376 -0.047207442571353009 -0.0063023789900272867 -0.022964685588697433 0.0018204480881863555 -0.041732891948731005 -0.016270177506842214 0.010404372352912842 -0.00060179323596993954 -0.011365679949817627 -0.045077159581135728 -0.016774683522239025 -0.051622830300762805 -0.048231095666461839 -0.02018839046086016 -0.045986586169727013 -0.043536862554221942
leaf_weight=4947.4834361895919 9.6227103322744387 189.49990379810333 28.410100921988487 16.008543483912945 5.6085089556872836 57.478445705026388 184.09605838358402 9.6289289109408838 97.927281737327576 6.3688044622540465 26.457814384251833 658.5117509663105 21.214752644300461 13.224222354590895 45.608471095561981 6.7148048840463153 36.67169876024127 13.195543721318247 66.488277271389961 21.271516688168049 1775.8959013558924 18.418542724102736 25.041007377207279 13.55881943926215 31.992452919483185 9.6992452219128591 15.742161698639391 53.35182262212038 158.55893159285188 122.71811816468835 615.05889495834708 146.71084110438824 17.691449612379074 300.38540852069855 88.033126398921013 24.471521183848381 35.475421637296677 20.433041833341122 28.295963764190674 6.0500845462083808 32.891304079443216 82.270751819014549 61.02403699606657 957.17732436582446 13.657464429736136 145.76682364940643 1333.6130619347095 63.904368598014116 20.239530853927135 9.7690162993967515 145.44990844652057 195.25755713880062 30.531195066869259 6.3204689696431151 47.41358520835638 9.2466353923082334 31.720698289573193 51.646598223596811 33.000716097652912 15.803210541605948 24.720591820776463 25.614611241966486 17.14742137491703 26.350129693746567 9.9751931838691252 1233.9097767919302 12.245108522474764 7.8626790158450586 18.704387754201889 12.698711171746252 10.075691655278208 11.621311683207749 26.466643586754799 22.817233085632324 138.78224337473512 1091.2642638832331 9.1297316811978799 9.4595050960779208 8.6058076322078687 26.998128052800894 6.4180473797023287 12.043248392641543 6.7089358940720558 5.3862497247755519 590.11799516901374 16.155365098267794 8763.1138513013721 22.225290611386299 5.899368278682231 15.470803290605543 85.016558431088924
leaf_count=24645 140 946 124 114 111 254 1304 76 450 124 199 2685 93 182 198 126 189 112 297 125 10263 150 491 138 140 169 171 285 1421 2082 4911 787 116 1225 358 102 159 204 124 106 295 705 481 6920 115 637 5892 492 166 180 1043 1070 267 123 602 101 275 295 384 118 195 206 108 108 109 4978 196 125 111 106 125 119 112 102 2987 25323 98 140 120 289 130 93 111 102 12783 311 215271 343 133 157 1787
internal_value=-0.00080836 0.0365705 0.0190509 -0.0471591 -0.0488749 0.00673784 0.00856748 0.00188083 0.0314469 -0.0500166 0.068811 0.0362005 0.0145726 -0.0386585 0.024609 -0.0314896 0.0489918 -0.00888922 0.0348064 0.0141004 0.0121912 -0.000819645 -0.0403699 -0.00258452 0.0411302 -0.00489819 0.0122121 0.0205887 0.0129891 -0.029727 0.0051729 0.0147593 0.00453576 0.0340604 0.0387692 0.0621112 0.0291583 -0.00927436 0.0228066 -0.0510451 -0.00474923 0.000750707 0.00280066 0.00774865 0.0131911 0.0220733 0.0225517 -0.000172452 -0.0134948 -0.00234165 0.00953711 0.0282964 0.0151437 -0.0203019 0.00133073 -0.00473886 -0.0111995 -0.00867887 -0.0131076 0.0190123 0.0119875 0.000619195 0.0206803 0.0171611 -0.0199765 0.0317271 -0.0400967 -0.0465615 0.0310653 -0.0237533 -0.0248687 -0.00759846 0.0556656 0.0430024 -0.0418069 -0.0467917 -0.0314504 -0.0340304 -0.0169115 -0.0320894 -0.0439418 -0.00300137 -0.0207906 -0.0364886 -0.0448255 -0.029785 -0.0516076 -0.0423681 -0.047099 -0.0392491 -0.0424895
internal_weight=25528.8 14132.2 9158.25 11396.6 11045.3 351.285 4963.73 2350.32 4194.52 10788.7 4973.94 2469.73 2613.41 901.448 1724.8 209.618 94.1501 257.135 2347.33 2592.19 2007.37 256.59 857.396 207.221 165.893 44.0519 28.9664 584.82 1934.45 219.664 2140.7 336.211 147.407 2280.84 746.545 122.399 93.818 160.785 1558.9 9887.27 93.8637 790.074 676.083 1350.63 95.8044 1507.79 1479.38 248 142.367 73.2385 1102.63 248.609 40.3002 129.039 80.3049 51.8763 113.991 72.9181 42.6296 82.147 66.1384 41.4178 53.5433 61.8256 59.8145 1534.3 157.742 1118.1 36.3958 32.9382 69.1282 21.697 72.0751 51.1132 151.027 1111.74 34.5757 49.9133 18.2285 47.4312 637.732 25.2388 14.5716 15.0855 596.536 41.1964 8769.16 31.6848 1097.16 25.446 90.6251
internal_count=342935 77821 52977 265114 261989 3125 35286 20001 17691 259635 24844 10095 15285 18442 7596 3870 443 2682 9543 15192 12104 2354 17818 1939 717 624 353 3088 11684 4103 16131 1733 1370 9246 3043 552 407 1606 6879 241193 1035 6372 5392 9759 748 6653 6529 1796 1456 719 7963 1355 447 2205 897 561 980 420 460 633 519 324 335 267 569 6203 3309 25816 227 272 737 244 310 226 3183 25692 364 743 260 493 13715 205 236 271 12913 802 215377 483 25456 266 1898
is_linear=0
shrinkage=0.05


Tree=23
num_leaves=97
num_cat=0
split_feature=15 103 23 0 96 21 34 44 21 44 19 0 17 0 15 34 17 103 71 44 2 2 112 100 36 53 99 77 2 23 61 115 69 52 96 109 2 94 67 96 2 53 108 115 103 77 52 15 101 71 11 19 44 86 46 100 94 108 2 2 100 44 76 2 109 51 34 67 108 101 53 108 9 2 76 65 77 112 51 99 2 63 53 97 84 46 67 34 111 86 82 15 21 61 108 19
split_gain=16376.4 3063.67 526.55 350.647 181.29 169.068 107.686 86.5516 74.6654 52.7429 45.8214 42.2767 51.249 38.5889 23.7537 20.2803 18.8451 18.4253 15.0949 14.8633 13.5547 11.2493 10.7187 10.4707 10.0775 8.7515 8.63707 8.6249 8.59291 8.41903 15.5234 8.91847 8.25139 8.16948 8.29595 7.85015 7.82645 7.68524 7.56244 7.33848 7.23699 7.23227 7.1304 7.09296 6.7219 6.67439 6.65798 6.50196 7.54514 7.50438 6.49436 9.35591 6.76146 6.38911 6.37476 6.11333 5.79691 9.57315 5.38301 9.21513 6.29134 5.37551 4.89076 4.66641 4.50717 4.41597 4.38069 5.21944 4.33918 4.33183 4.29354 4.02467 5.08898 3.93477 3.86029 3.85533 3.83645 3.66926 5.35997 4.91377 3.23276 3.12721 3.03839 2.90005 2.31345 2.27805 3.58045 2.09868 1.92968 1.78634 1.3275 1.14379 0.919645 0.549001 0.225983 0.12281
threshold=5.5000000000000009 0.045435681939125068 1.5000000000000002 2.7403194904327397 0.16843971610069278 19.500000000000004 18.500000000000004 0.083835341036319747 50.500000000000007 0.10551619529724122 54.500000000000007 2.1383330821990971 12.500000000000002 3.2384861707687382 2.5000000000000004 14.500000000000002 22.500000000000004 0.96968451142311107 10.055910110473635 0.047761620953679092 1.4273410439491274 1.8228593468666079 -14.326430797576903 0.64666676521301281 9.5000000000000018 0.6012820601463319 0.31844709813594824 58.500000000000007 0.60336834192276012 1.5000000000000002 9.8896107673645037 0.00056644470896571885 6.5480577945709237 0.87428161501884472 0.73956522345542919 0.024565724655985836 0.40733428299427038 11.267384529113771 10.131567001342775 0.38913471996784216 1.1454987525939944 0.3364779949188233 4.910151720046998 0.00076886598253622662 1.6314364075660708 22.500000000000004 0.63523924350738536 2.5000000000000004 2.5309150218963627 7.1145226955413827 2.5000000000000004 88.500000000000014 0.12467616423964502 0.12390350922942163 0.2879022359848023 0.64666676521301281 7.7183942794799814 7.5370011329650888 1.1342246532440188 1.7598253488540652 2.8653861284255986 0.083835341036319747 55.500000000000007 0.80883869528770458 0.00014157714031171056 0.33333329856395727 7.5000000000000009 9.4696540832519549 8.846832752227785 2.0222094058990483 0.83272504806518566 8.8116221427917498 79.500000000000014 0.61058431863784801 27.500000000000004 10.35757637023926 68.500000000000014 -0.38221347332000727 1.4999997019767763 2.0431662797927861 2.2728582620620732 6.9267783164978036 1.7795138955116274 0.19375000149011615 0.24575784057378772 0.25037313997745519 11.994314670562746 30.500000000000004 -8.3667759895324689 0.26008129119873052 9.5000000000000018 13.500000000000002 33.500000000000007 10.197061538696291 11.612401962280275 23.500000000000004
decision_type=2 2 2 2 2 2 2 2 2 2 2 2 2 2 2 2 2 2 2 2 2 2 2 2 2 2 2 2 2 2 2 2 2 2 2 2 2 2 2 2 2 2 2 2 2 2 2 2 2 2 2 2 2 2 2 2 2 2 2 2 2 2 2 2 2 2 2 2 2 2 2 2 2 2 2 2 2 2 2 2 2 2 2 2 2 2 2 2 2 2 2 2 2 2 2 2
left_child=1 7 4 11 8 53 27 -1 16 10 20 12 29 15 -9 26 28 23 33 -7 84 50 -17 -15 40 -12 66 56 75 37 31 -31 41 34 42 36 -29 43 74 -23 68 -14 -13 -3 -22 -24 -42 49 -49 -28 51 95 -53 62 71 -55 -6 -58 60 -60 -30 -52 -4 93 -32 -25 67 -5 -19 -57 -20 87 -73 -40 -37 -2 -43 78 -71 -79 -47 -68 -59 -34 -8 86 -65 -18 -16 -27 -85 -10 -87 94 -11 -21
right_child=2 3 5 13 6 19 9 14 91 63 25 18 32 17 88 22 54 24 70 21 44 39 45 65 -26 89 47 35 58 30 64 -33 83 -35 -36 38 -38 -39 73 -41 46 76 -44 -45 -46 80 -48 48 -50 -51 61 52 -54 55 -56 69 57 82 59 -61 -62 -63 -64 85 -66 -67 81 -69 -70 77 -72 72 -74 -75 -76 -77 -78 79 -80 -81 -82 -83 -84 90 -86 92 -88 -89 -90 -91 -92 -93 -94 -95 -96 -97
leaf_value=0.067869245561254787 0.0063103760365405661 0.0080080541049597845 0.042644573705183701 0.002175871207127384 -0.020759410813642847 0.031706652046562846 -0.026112061004610321 0.039643850117480298 0.070073407935917931 -0.048625741444313843 0.052999254997830127 0.028836855318212059 0.017354753604491513 0.022407609233972184 -0.044781403856591927 0.058916612093575231 -0.0073442931955837246 0.0041901273593074832 0.058822499902313252 -0.032287624051694955 0 0.026639080393095829 0.0068613092834056526 0.063295380359159506 0.06205689117670659 -0.0061105267104433515 0.023238141300288055 0.067700684210184908 0.011718803524328011 -0.0091534494242614794 0.0062298254103469175 0.0039701126835615793 -0.0067097640240932829 0.040898695806833911 -0.014655157455721494 0.010436383834124494 0.017919619459353903 0.042307285555117841 0.04740245027637921 -0.040799412886689194 0.046922678465115414 -0.030436501832123014 0.01294818511696943 -0.0092844059580670327 -0.022912299046214547 0.026197135932141305 0.031703558390512872 0.036611660921753636 0.014904426863014353 0.032998997288140368 0.0024310641857022276 0.008702281554550325 -0.041804824246405851 -0.032844527047032029 -0.047078374982188115 0.026416699514151265 0.039348497887839874 0.0079477163065549122 -0.0031299103015029147 0.025849778569924271 0.060475774953308171 -0.051549165054713401 0 -0.035141412917924497 0.046894618455291949 0.034466327723415624 0.012727449760595096 0.033526453240909991 0.028745131111174507 -0.011729560137691927 0.026359114264126599 0.026053987905861366 -0.015077941075900783 0.0076131045619542998 -0.022156443671365631 -0.033814035364030069 -0.0046270384272242551 -0.03147177380304237 0.020411533006081183 -0.0017692657874847511 0.052330116126970673 -0.010160818467300459 -0.02021028479177692 -0.046497972547692813 -0.038348302997042241 -0.033787485869785937 -0.012965435639801667 -0.038361259125512984 -0.013800336872429271 0.020505281905269443 -0.013332616674719812 0.046871130468554782 -0.043760908175690505 -0.019676818411452482 -0.027480002250379072 -0.048154525374118226
leaf_weight=4904.8320922888815 9.6108409613370913 2006.5398954227567 12.61003191024065 26.170729234814644 26.485441967844963 4.3810313940048209 118.16572242975235 18.141908824443817 40.895585313439369 236.21285885199904 20.262187469750643 74.51625170558691 13.796518251299856 29.69994068145752 13.949123766273262 58.560833558440208 12.355257954448463 40.594972640275955 20.809012711048126 17.481378525495529 67.939767938107252 7.4119306504726392 24.780716121196747 93.451097667217255 28.9968631118536 11.106150947511198 1182.2337563335896 12.832379359751938 15.125915292650463 210.11212595552206 11.402313284575937 331.1609148234129 7.4146900177001944 26.330124378204346 24.785301007330418 15.11862191557884 22.926336355507374 14.687168937176464 11.892213400453331 5.8310502730309963 84.264403149485588 38.874212894588709 1716.6948917396367 59.371409725397825 59.314299620687962 36.052522405982018 1636.7855973243713 45.802474558353424 354.0711615383625 256.76014998555183 4.1285361498594275 13.14222337678075 10.634463287889956 15.004573561251162 14.411848545074461 11.921126104891298 14.754499543458222 16.744941364973783 52.657313868403435 53.938530527055264 12.846630424261091 7949.0684623382986 13.476991415023804 99.703061886131763 20.955298844724894 24.837784990668297 23.911377385258675 27.588653609156609 33.49601086974144 21.36827939748764 31.111211478710175 11.904823888093235 15.488094661384819 14.221091020852326 18.239496324211359 11.646374374628065 24.90644271671772 19.403370782732964 28.129688188433647 44.709028750658035 26.688213482499123 34.52656814455986 18.303838573396206 45.002077329903841 93.298732452094555 82.590639282017946 27.059918623417616 11.82768829166889 12.024012271314858 10.7402874417603 5.7626823261380187 29.566687807440758 167.12747192010283 5.8014649711549273 10.108764089643953 1561.9871491640806
leaf_count=25162 85 13792 102 114 198 22 2192 86 183 5529 110 398 160 121 116 255 112 164 111 362 825 82 107 414 132 102 5044 96 153 1790 99 2758 76 120 160 109 162 100 95 119 340 589 9316 415 765 152 6583 207 1588 1109 72 129 205 145 189 107 105 143 399 288 118 204891 107 2035 165 102 102 120 135 191 168 70 189 106 134 144 362 171 237 381 116 152 130 845 1831 1738 550 115 101 98 117 132 3647 136 238 38284
internal_value=-0.000864501 0.0358038 -0.0456698 0.01802 -0.0177765 -0.0498841 -0.0265 0.0672423 0.0173926 -0.0327193 -0.0178854 0.00868536 0.00476192 0.0287556 -0.00218762 0.0239783 0.00296706 0.0338086 0.0144505 -0.050753 -0.0240299 -0.0507967 0.0420631 0.0510864 0.0323606 0.0304376 0.0225879 0.0100105 0.0124685 0.00630234 0.000916543 -0.001117 -0.0250222 0.0136686 0.0132349 0.0199381 0.0380588 0.00778069 0.00821026 -0.00350654 0.0318239 -0.0137279 0.0136383 0.00749988 -0.0108371 0.0298712 0.0324947 0.0234146 0.0175433 0.0250193 -0.0508607 -0.0475413 -0.0146324 0 -0.0191001 -0.00422859 -0.00239889 0.00749181 0.017168 0.0115968 0.0363884 -0.0515194 0.0220666 -0.0416262 0.0337712 0.0578329 0.00882 0.0189189 0.0157737 -0.000382014 0.0408436 -0.00998421 0.00287626 0.0276863 -0.00728435 -0.0160133 -0.020849 -0.00358847 0.00640325 -0.011425 0.0384314 -0.00054452 -0.00670982 -0.039191 -0.0317898 -0.0375077 -0.0306925 -0.0242583 -0.0323396 0.00702293 -0.0434152 0.0616564 -0.0407236 -0.0474785 -0.0479699 -0.048016
internal_weight=24916.4 13702.5 11213.9 8753.51 1473.23 9740.69 1180.95 4948.95 292.276 1009.43 380.827 4684.23 2789.99 4069.27 44.115 2097.15 221.813 1972.13 1894.25 9574.07 338.719 9569.69 146.082 147.989 1824.14 42.1086 1951.06 171.519 155.826 2654.23 573.631 541.273 135.757 1842.33 1816 95.2301 35.7587 2080.6 59.4714 13.243 1795.14 77.5772 1791.21 2065.91 127.254 87.5215 1721.05 1838.87 399.874 1438.99 9556.44 1603.25 23.7767 166.623 65.9877 140.536 76.2887 49.8033 134.568 106.596 27.9725 7953.2 26.087 628.604 32.3576 118.289 112.197 53.7594 74.091 125.531 51.9202 51.5759 27.3929 26.1133 33.3581 21.2572 63.7807 113.61 49.498 64.1124 62.7407 58.4379 35.0488 58.1794 211.464 376.481 126.763 24.1829 25.9731 21.8464 50.7648 70.4623 249.718 252.123 246.322 1579.47
internal_count=342921 74063 268858 48598 23251 245607 21074 25465 2177 19796 5923 31541 21268 17057 303 9066 1862 7991 10273 244166 5613 244144 630 637 7354 310 8436 1278 1187 19119 4812 4548 2149 9994 9874 702 258 14307 444 201 7222 1111 9714 14207 1590 375 6923 7948 1795 6153 243943 38980 334 1441 675 1232 576 378 958 687 271 204963 209 13873 264 516 488 234 299 1087 279 486 259 201 243 229 951 980 428 552 268 254 273 1038 4023 7970 2585 227 217 200 962 315 5385 5903 5767 38646
is_linear=0
shrinkage=0.05


Tree=24
num_leaves=109
num_cat=0
split_feature=30 103 48 44 21 32 44 44 21 48 2 93 103 0 0 44 109 2 67 2 92 103 46 96 86 84 94 3 74 53 19 108 108 107 53 3 21 111 114 94 21 2 9 111 17 2 82 65 77 114 113 23 21 114 42 9 65 65 49 19 2 2 96 113 17 44 76 2 96 100 103 3 0 99 82 77 93 9 86 111 97 76 2 48 2 32 103 0 53 48 109 2 109 112 67 24 54 54 3 93 46 53 3 109 109 46 23 23
split_gain=15200.1 3084.49 417.343 338.965 211.599 97.7735 79.2422 78.5071 55.8035 38.9591 35.7789 34.6184 23.6334 23.0859 19.314 16.9903 15.9514 15.1545 14.5532 13.8384 12.6453 12.0535 10.9538 10.0274 9.97305 9.83508 9.55374 8.79034 8.36361 7.23805 6.94363 6.92442 11.0189 6.92332 7.26253 6.69303 10.584 7.53518 6.55711 7.45072 6.59205 6.36847 6.71126 16.5882 6.19969 6.14222 6.09967 6.65061 9.69048 6.33894 5.98708 5.97987 5.81787 5.80627 5.77429 5.65584 10.6235 5.57797 5.25065 7.70807 5.13288 5.08086 4.97347 10.0014 6.14065 4.9659 5.64722 4.70413 4.51685 4.39654 4.10974 4.09676 10.1687 4.08006 3.90458 3.8756 4.98902 3.82876 3.70935 3.56606 3.3993 3.56539 4.47107 3.34287 3.07642 3.06913 3.04862 2.95931 2.65865 2.56211 3.8167 2.45717 2.37903 2.35482 1.94984 1.9347 1.50231 1.42708 1.31798 1.24256 1.23109 1.16351 1.02938 0.811103 0.727592 0.387182 0.280042 0.175937
threshold=5.5000000000000009 0.045435681939125068 0.019607842899858955 0.041960094124078758 19.500000000000004 11.500000000000002 0.083835341036319747 0.08842144533991815 51.500000000000007 0.040114941075444228 1.9020052552223208 1.5000000000000002 0.8781755566596986 1.7005987167358401 3.2384861707687382 0.10551619529724122 0.0036592474207282071 1.3963115811347964 11.110543251037599 0.3296808004379273 3.5000000000000004 1.6120507717132571 0.46201923489570623 0.45374260842800146 0.10676291957497598 0.28464819490909582 6.2075331211090097 0.65612512826919567 5.5000000000000009 0.4743421077728272 21.500000000000004 8.8649091720581072 10.129786014556887 1.5431668758392336 0.72245565056800853 1.4263157248497011 31.500000000000004 -8.3754076957702619 3.5373963117599492 9.8025665283203143 8.5000000000000018 1.2614372968673708 71.500000000000014 -8.3402814865112287 67.500000000000014 1.5289368033409121 3.5000000000000004 7.8765702247619638 51.500000000000007 3.324232935905457 -8.8007216453552228 2.5000000000000004 33.500000000000007 3.1826773881912236 0.1155870445072651 43.500000000000007 6.4365668296813974 11.404586315155031 0.14285712689161303 15.500000000000002 1.2495471239089968 1.4168957471847536 0.59798866510391246 -7.25695776939392 6.5000000000000009 0.1816263943910599 49.500000000000007 0.24649658799171451 0.16843971610069278 1.9294661283493044 1.2849036455154421 1.3821102380752566 2.9174053668975835 3.1083910465240483 8.5000000000000018 10.500000000000002 4.5000000000000009 79.500000000000014 0.24911347776651385 5.8172619342803964 0.37797619402408605 68.500000000000014 1.7221199274063113 0.042274795472621925 2.0088856220245366 4.5000000000000009 1.0537399053573611 1.4978661537170412 2.7029832601547246 0.2124435752630234 0.00070626978413201879 1.1342246532440188 0.1573261842131615 3.5271239280700688 10.131567001342775 2.5000000000000004 1.0693664550781252 1.2583425641059878 1.5062947273254397 2.5000000000000004 0.083722744137048735 0.4743421077728272 1.3904437422752383 1.2509608864784243 0.85399675369262706 0.20599461346864703 4.5000000000000009 1.5000000000000002
decision_type=2 2 2 2 2 2 2 2 2 2 2 2 2 2 2 2 2 2 2 2 2 2 2 2 2 2 2 2 2 2 2 2 2 2 2 2 2 2 2 2 2 2 2 2 2 2 2 2 2 2 2 2 2 2 2 2 2 2 2 2 2 2 2 2 2 2 2 2 2 2 2 2 2 2 2 2 2 2 2 2 2 2 2 2 2 2 2 2 2 2 2 2 2 2 2 2 2 2 2 2 2 2 2 2 2 2 2 2
left_child=1 6 7 10 23 13 95 8 18 15 12 35 16 46 38 25 85 30 28 -8 77 58 29 31 -19 27 -21 -6 68 -9 -13 65 -33 34 70 36 37 -7 39 -14 -40 42 43 -15 -22 -30 62 48 -48 -49 -44 94 73 -54 -29 56 -16 -36 59 86 -18 -57 64 -64 -5 -4 -67 88 -2 -68 -20 72 -23 -35 -26 -69 -77 -10 -38 84 81 91 -83 -32 -73 -3 -12 93 89 90 -25 -31 -60 99 -11 -1 -89 -74 -96 -17 -61 -79 104 -82 -27 -98 -53 -100
right_child=2 3 4 5 9 11 19 22 20 51 21 17 14 41 55 87 60 24 33 26 44 71 -24 67 74 102 -28 54 45 80 83 32 -34 52 57 -37 78 -39 40 -41 -42 -43 50 -45 -46 -47 47 49 -50 -51 -52 106 53 -55 -56 61 -58 -59 92 100 -62 -63 63 -65 -66 66 69 75 -70 -71 -72 79 97 -75 -76 76 -78 101 -80 -81 103 82 -84 -85 -86 -87 -88 96 -90 -91 -92 -93 -94 -95 98 -97 105 -99 107 -101 -102 -103 -104 -105 -106 -107 -108 -109
leaf_value=0.066745825681933463 0.016051499468487173 0.03510311440462939 -0.0016290253103364704 0.01066913998378867 0.029007495501436088 0.054154587093345009 -0.034228781502154866 0.013995524441719582 0.067953501268593522 -0.009786529556730688 0.051309763410634937 -0.0054875716861065103 0.020281618408590538 0.020578267658158841 0.015407697380366596 -0.011428831279187941 0.035343663243059459 0.03592964633436898 0 0.048766447463755455 -0.0063643305387603866 0.013745196817741666 0.0075253676977491829 -0.041214987144273546 -0.029033699311117312 -0.045709984978636736 -0.0053577506021182204 -0.027840981687617752 0.060842410941279235 -0.0040090652345093859 -0.031193061567707576 -0.024952658205166112 0.024502218286141131 0.017593472561256523 -0.030398056792035055 -0.020742126441477157 -0.019841666382321037 0.0053995682091311113 0.03885194386674598 0.0079820824987309174 0.01781119103008803 0.034719075993348128 0.0052235521839815689 0.0024425124764972002 0.03196707986626314 0.014989834499257022 0.049167525057283105 -0.0079119950071741933 -0.0023213979454689941 0.00707902329284888 0.011921969053028161 -0.049795299201814483 -0.0038689891748130666 -0.038887910631431932 -0.0035696768828250118 0.032000962508479551 0.042054323922081215 0.010799145124006745 0.011264409935588214 0.064599583008162639 0.06511095138262879 0.023997313070471177 0.0043862058727139009 -0.017611810584986218 0.0030978700179884991 0.051673138717609202 0.034011296369954189 -0.018284272388631045 -0.025779017542693145 -0.004954249827027541 0.03894118863706638 0.031652784971540636 0.055233365475154672 -0.019621791558812485 0.0055074683805052937 -0.0073533646927023359 0.029355874348079455 0.049752035812274172 0.012196664244154722 0.043090483674642244 -0.043462270148776572 -0.021270814154201033 0.018193248490138772 -0.047638236128206612 0.019101425745944752 0.010402362195267981 0.036026246210435819 -0.0087066050816049147 -0.037902580606122248 0.0044063805225039642 -0.0018084616163386337 -0.038664384914525715 0.035535069790984398 -0.0070228165243316383 -0.047047381997794208 0.0487574170208286 -0.02352208791457289 0.034298825156214782 -0.016158264011221092 -0.047313999143920649 0.041697574162533078 0.027570022744923997 -0.012570832762801968 -0.015699526914282686 -0.027662149204576509 -0.039496889184557564 -0.051779919026378678 -0.034887187620413561
leaf_weight=4687.6784374564886 11.324922353029253 23.054829820990562 13.870407611131666 669.35005102306604 7.407584134489297 18.168287739157677 16.382986377924681 7.6311964727938166 29.643897131085396 5.1924499683082095 56.713321387767792 17.518092278391123 2055.3512849956751 491.63015334308147 53.159922108054161 4.2833973206579676 29.806477516889572 10.383781775832174 12.370178632438185 14.080281578004362 16.497682277113199 33.279196165502071 19.995254922658205 10.854158304631712 21.61937016248703 67.193740878254175 15.938117068260906 110.14800829067826 11.847020182758568 6.8482356183230868 84.11420513689518 23.220492079854012 19.135899528861046 13.37548451498151 18.771426077932123 15.470755904912947 18.385770164430141 14.715128757059572 94.819447889924049 136.68520059809089 71.760494150221348 29.704789202660322 493.62775969132781 171.74407675117254 24.286528505384922 21.067475695163012 13.91812841594219 235.92948441952467 21.280555061995983 98.347671531140804 1096.2171113863587 1896.5544735714793 17.688594572246075 41.849257592111826 33.27679356187582 312.9311451613903 163.86075945198536 12.334208905696867 23.361306443810463 55.539731323719025 62.441460475325584 762.80300959944725 353.13500661402941 58.920551389455795 455.91894778609276 19.033628523349762 12.745995961129667 14.637286148965357 11.347955074161289 13.279556624591349 13.143589612096546 82.607504203915596 45.566997721791267 13.051615070551632 11.346052717417477 16.914103493094444 16.999500438570976 22.919018141925335 14.847451783716677 28.184465661644936 65.989192694425583 42.346324525773525 7.1141907870769492 82.929094471037388 174.55809390544891 33.035427302122116 216.69000279903412 6.2485057190060607 13.45902433246374 14.36405538767576 13.635963849723337 48.110560677945614 23.017924234271049 4.8838527128100386 928.26270695403218 38.46684642508626 15.338294968008993 27.936845704913139 8.9600880965590477 427.82339204102755 24.21960774064064 23.008895345032215 5.6488613076508036 6.2839011102914801 19.736421164125204 183.5112963616848 5979.2969336435199 14.817743424326181
leaf_count=24861 77 99 102 4708 116 121 151 122 130 107 250 177 9155 2784 214 86 130 110 109 77 141 155 147 102 245 1409 123 2065 103 90 1567 181 149 117 211 109 137 99 402 629 310 185 2891 947 123 183 104 2003 164 828 6408 50658 183 431 581 1259 659 124 101 258 273 3069 2836 500 3456 149 100 122 130 105 108 332 193 122 131 135 138 101 106 113 1259 725 120 2049 700 147 873 143 118 134 119 860 100 123 23583 187 333 124 165 10724 104 119 110 128 411 4212 162043 327
internal_value=-0.000878425 0.0334341 -0.0464427 0.0163391 -0.0487287 0.00657936 0.0659788 -0.00269941 0.0129381 -0.0497817 0.0258954 -0.0204664 0.0238521 0.00858624 0.0230328 -0.0395449 0.0435201 -0.030428 -0.00319479 0.000715075 0.0401907 0.035626 -0.0267392 0.00184168 -0.00342284 -0.0278527 0.0208248 -0.0195241 0.0181301 -0.0305408 -0.0366384 0.0129014 -0.00230791 -0.01168 0.00173628 0.0072874 0.0143086 0.0338152 0.0202941 0.0195252 0.0300872 0.0119801 0.011653 0.0159142 0.0165494 0.0337168 0.00451149 -0.00123061 0.0189431 -0.00345979 0.00985536 -0.0507999 -0.020509 -0.0289984 -0.0223739 0.0279927 0.0357235 -0.0140103 0.0419057 0.0440832 0.0563188 0.0263762 0.00589788 0.00116402 0.00761861 0.0237847 0.031623 -0.00919294 -0.00477181 0.0145793 0.0210162 0.0290669 0.0379317 -0.000494764 -0.0171329 0.00185021 0.0112291 0.0522492 -0.00533157 0.0255336 -0.032622 -0.0258457 -0.0150298 -0.039768 0.023332 0.0213786 0.0394956 -0.0438865 -0.0193936 -0.0115638 -0.0210291 -0.0347445 0.0242547 -0.0466234 -0.0464954 0.066617 -0.0377104 0.0482551 -0.0466694 -0.0470221 0.0586663 0.0400736 -0.0407881 -0.0415522 -0.0422643 -0.0384999 -0.0513129 -0.0296029
internal_weight=24302.7 13863.2 10439.6 9090.61 9920.73 4499.22 4772.55 518.847 314.528 9718.58 4591.38 309.498 3799.71 4189.72 3651.37 885.5 148.338 227.911 198.172 46.4014 116.356 791.675 204.319 202.15 43.3492 243.411 30.0184 150.832 55.5874 184.324 184.561 101.286 42.3564 142.584 56.6194 81.5874 66.1166 32.8834 2358.62 2192.04 166.58 2282.92 2253.22 663.374 40.7842 32.9145 1906.8 369.476 35.1987 334.277 1589.84 8833.08 85.965 59.5379 143.425 1292.75 217.021 31.1056 399.542 353.163 92.2479 1075.73 1537.32 412.056 1125.27 58.9296 45.0592 100.864 22.6729 26.0256 25.5138 392.133 106.783 26.4271 32.9654 48.5509 33.9136 75.5718 33.2332 285.35 176.692 104.419 49.4605 167.043 257.166 56.0903 273.403 642.089 52.3132 38.8542 24.4901 54.9588 46.3792 436.991 957.233 4726.15 205.098 73.5038 952.041 432.107 79.7593 45.9279 92.579 72.2731 86.9302 198.85 7875.85 23.7778
internal_count=342526 77713 264813 52314 258850 32665 25399 5963 2512 257196 19649 4851 16346 27814 15697 20313 649 4279 1898 351 614 3303 3451 1654 486 4692 200 2762 493 3304 3793 786 330 1405 552 572 463 220 10496 9784 712 13215 13030 3731 264 286 14599 3099 268 2831 9299 236883 853 614 2646 5201 873 335 1686 1485 403 4328 11500 3336 8164 456 354 868 207 205 217 1617 472 239 376 395 273 350 243 1145 3182 1795 845 3616 1032 246 1123 15621 473 355 221 950 201 10933 24182 25048 4688 317 24075 10810 362 220 1930 1387 1820 4545 212701 492
is_linear=0
shrinkage=0.05


Tree=25
num_leaves=106
num_cat=0
split_feature=30 103 48 0 21 44 21 96 44 0 96 21 21 54 103 4 53 23 24 103 11 49 21 9 49 48 9 96 108 13 53 69 111 95 13 101 9 65 109 103 94 115 103 92 21 96 105 109 54 28 3 108 77 49 53 109 82 46 105 105 109 13 96 3 9 44 53 103 113 108 96 95 46 67 101 0 67 61 82 42 49 114 67 86 76 115 65 100 34 100 44 76 24 97 49 46 65 48 105 113 0 96 74 105 92
split_gain=14194.6 3020.73 383.812 299.356 198.099 86.3976 79.7064 74.5445 44.0531 43.7859 42.182 40.184 29.098 24.0883 18.8513 19.2405 18.0319 17.2252 16.8269 13.4689 13.4152 12.9404 11.7828 11.2315 10.5394 10.0867 9.35214 9.18068 9.59198 8.8709 8.66372 8.45349 8.40993 8.33031 8.32518 8.18598 8.16991 8.14687 8.0869 8.87842 8.23899 12.7161 9.46309 7.77698 7.64852 7.58589 6.94974 7.60255 6.88283 7.05097 6.87005 7.14955 6.86276 6.45979 6.06653 6.06349 6.04565 6.04478 6.04245 6.01905 5.96521 7.34391 5.93513 5.76342 6.13371 5.67964 5.1515 5.11008 6.30739 5.08411 5.06183 5.04933 5.00699 4.85897 4.7153 4.50029 5.27527 4.37903 4.31666 4.24303 3.87044 7.02326 3.71763 3.55322 3.47552 3.27782 3.26422 3.22156 2.97003 2.88183 2.98954 2.78768 2.68547 2.13642 2.05153 1.99943 1.61916 1.42586 1.31652 1.25465 1.03822 0.962412 0.478039 0.406102 0.318369
threshold=5.5000000000000009 0.045435681939125068 0.019607842899858955 2.5249279737472539 19.500000000000004 0.08842144533991815 23.500000000000004 0.22401433438062671 0.10551619529724122 2.9700856208801274 0.35355392098426824 50.500000000000007 16.500000000000004 1.5603029727935793 1.242550849914551 1.5000000000000002 0.3364779949188233 1.5000000000000002 3.5000000000000004 0.79117947816848766 2.5000000000000004 0.22222220152616504 35.500000000000007 68.500000000000014 0.19999998062849048 0.035714285448193557 77.500000000000014 0.45374260842800146 8.8649091720581072 1.5000000000000002 0.4743421077728272 9.0406732559204119 5.7818124294281015 8.3413901329040545 6.5000000000000009 6.0655858516693124 81.500000000000014 9.8857212066650408 1.2093546390533449 1.450850307941437 8.558810234069826 0.00047150127647910273 7.1665747165679941 1.5000000000000002 13.500000000000002 0.56903558969497692 1.8367787003517153 0.53535553812980663 1.7266499996185305 5.5000000000000009 2.6197384595870976 6.7247996330261239 43.500000000000007 0.43333332240581518 0.30094340443611151 0.00046393698721658444 4.5000000000000009 0.21070533245801928 5.9729108810424814 2.2233690023422246 1.3643379211425783 3.5000000000000004 0.30094340443611151 1.6383027434349062 44.500000000000007 0.22168649733066562 0.65636926889419567 1.5827404260635378 -8.679745674133299 6.3847558498382577 0.1132478639483452 7.3022301197052011 0.10042016953229906 8.9796862602233904 3.7660719156265263 1.4978661537170412 10.315903186798097 5.0568823814392099 4.5000000000000009 0.32735316455364233 0.27777777612209326 3.2909657955169682 10.904535293579103 0.084219858050346388 63.500000000000007 0.6923101842403413 9.8857212066650408 9.6047973632812518 19.500000000000004 0.70680341124534618 0.19222372025251391 85.500000000000014 14.500000000000002 0.39565217494964605 0.5321912169456483 0.26621040701866155 12.348696708679201 0.026402927935123447 1.520611643791199 -8.7581591606140119 2.2499048709869389 0.20294117927551272 6.5000000000000009 1.3302187919616701 2.5000000000000004
decision_type=2 2 2 2 2 2 2 2 2 2 2 2 2 2 2 2 2 2 2 2 2 2 2 2 2 2 2 2 2 2 2 2 2 2 2 2 2 2 2 2 2 2 2 2 2 2 2 2 2 2 2 2 2 2 2 2 2 2 2 2 2 2 2 2 2 2 2 2 2 2 2 2 2 2 2 2 2 2 2 2 2 2 2 2 2 2 2 2 2 2 2 2 2 2 2 2 2 2 2 2 2 2 2 2 2
left_child=1 5 7 6 27 57 17 11 29 24 16 22 14 26 15 19 -8 38 -7 -11 75 92 43 44 37 56 59 28 35 55 -28 60 -25 94 -15 93 -33 50 40 -40 42 -42 -3 46 -16 -41 -2 -48 77 -50 51 -5 -17 -29 -14 98 -18 -1 -38 62 61 -19 -9 70 73 -66 74 68 -24 -55 -26 -45 -12 -65 -39 88 -77 83 79 -71 81 -57 91 -31 -69 -56 -79 -82 102 90 -74 -32 -13 -4 -30 -73 -78 -22 -6 -84 -91 -27 -10 -20 -90
right_child=2 3 4 9 8 18 10 13 20 12 72 21 54 34 23 52 25 31 103 -21 97 -23 67 32 63 101 30 53 33 48 82 36 -34 -35 -36 -37 58 66 39 45 41 -43 -44 71 -46 -47 47 -49 49 -51 -52 -53 -54 69 85 80 -58 -59 -60 -61 -62 -63 -64 64 65 -67 -68 84 -70 78 -72 95 89 -75 -76 76 96 86 -80 -81 87 -83 99 -85 -86 -87 -88 -89 104 100 -92 -93 -94 -95 -96 -97 -98 -99 -100 -101 -102 -103 -104 -105 -106
leaf_value=0.06568108239460882 0.0020792339313025986 0.0088965121404323468 0.022726904188220209 0.031375609888726945 -0.013982101664414394 0.024519458496869623 0.034177744860753333 0.035272850971435565 -0.025315039494104324 0.061116851043023945 0.0056318023713904158 0.064889506474169689 0.062323714532995823 0.036409504777583326 0.025714202329637621 -0.0033268707725549462 0.0210356798162783 -0.0051289317411471625 -0.043277145570645936 0.035742654604078876 -0.020585353589470709 0.0061384173767431438 0.015901548804833951 0.016998124402043381 0.011972628759257179 -0.013517675223292053 0.0076628038982436593 0.016515249222346651 -0.035924410680555324 0.013573809645928398 -0.031386598176057538 -0.0053080109520310514 -0.011361443389870529 0.021808819606309201 -0.01133382662338684 -0.0028445789061644585 0.0072293454308728694 0.017893986236844083 0.026290019676293255 -0.00091778852871370509 0.03207743350841389 0.011427947869503324 -0.0088656367088944029 0.017535567045146368 0.0016006753126981542 -0.030440831830937078 0.061371253140528215 0.011513181640551255 0.037003283329066494 -0.030443438397293666 0.040594828158328135 0.014050372080991939 0.024042716979899459 0.012750314926687165 0.052094946249261698 -0.014631420946636187 -0.0079840455668410294 0.035001750054522648 0.055754659350087776 -0.026512926308675314 0.023510423286948856 0.011280557811334703 -0.01416844102981662 0.046792835000065508 0.014815660166911913 -0.0055912810678646532 0.047579001524885083 -0.042438101054076798 -0.025988830226524179 -0.022070573701483576 -0.020502644017953191 -0.0017000180735919331 0.0042640941253838443 0.01380576317006082 0.037186249998383498 0.0090832579508980452 -0.041787870477901674 0 -0.044832064821698235 0.0078481129135460001 -0.03699633183314259 0.029386471498071994 -0.030428423391116073 -0.027071795450940014 -0.0076872984136087041 0.025131271428616733 -0.041960535991297343 0.0033908539716845675 -0.032626329747403829 -0.046025852845503167 -0.039441235885972363 -0.0011168349920416384 0.038870640109522819 0.049928579134574991 -0.0075318912655800542 -0.03330597975450638 -0.018810862105505775 -0.051275615501113182 -0.047535875494364811 -0.042918948039678731 -0.023212876715876029 -0.040635085149120953 -0.0020073317451308084 -0.020386554688257744 -0.047981197107389087
leaf_weight=4576.2710577696562 22.947172909975052 2572.4759553074837 22.989348046481609 72.86159847676754 7.0145968087017563 25.503639049828053 26.872488390654325 11.444466281682255 5.3450245670974237 68.041016474366188 5.1496785432100287 33.798516415059566 65.383327066898346 19.833574414253235 2310.4611867368221 31.500625535845757 20.622698668390512 481.0724856890738 10.032781172543766 325.01951007544994 7.5658277422189704 19.710845723748207 20.390345044434071 138.29177005589008 24.280839994549751 7.6271315142512348 11.946169197559355 16.992663331329823 13.394443005323412 4.8160067088901988 14.957242295145988 18.050454456359148 30.601514592766762 14.934451147913931 14.552773009985684 18.908259175717831 11.859440952539446 84.296370528638363 22.550729908049107 117.74679689481854 93.218065582215786 386.41685965657234 75.52702409401536 12.443996991962193 34.466353341937065 25.442145247012377 16.101957134902477 16.065393708646297 5.5980760008096677 7.0330140069127083 33.440210059285164 375.5059362500906 74.194761484861374 11.632664747536181 24.014185667037964 19.634975448250771 92.282974041998386 22.921263113617897 15.734584297984837 15.84731851518154 20.846193611621857 77.678564138710499 9.9019996002316457 26.120590493083 958.23557795584202 33.893639340996742 41.177444875240326 18.409564450383186 13.708476226776837 41.126158364117146 20.790658548474312 9.4867833480238932 7.5896101519465429 23.518291726708412 60.008210927248001 4.476958915591239 372.02507209032774 4.7883359938859931 14.341254495084284 14.93577581644058 12.327809028327467 14.273756835609673 66.147301848977804 45.143374107778072 13.768771957606075 35.257054954767227 199.43610487505794 6.6538500003516665 20.803367417305708 105.40787603706121 5.4326361306011677 15.68954960629344 33.56392902508378 17.525339230895042 14.809258349239824 11.647436559200285 13.046972036361693 7178.3168900609016 12.8578012175858 88.783033698797226 12.249410282820461 21.548687551170588 5.1740651801228523 11.678356099873779 1343.8657693862915
leaf_count=25109 137 16275 169 326 106 136 192 105 105 308 63 155 310 136 9363 130 205 4022 95 1347 175 121 196 590 116 91 158 147 104 98 230 143 130 118 157 148 99 389 133 753 600 2449 550 144 141 189 100 103 82 161 151 1686 304 102 105 275 1029 104 124 176 175 681 120 120 4539 176 186 171 103 343 126 109 166 109 274 100 9282 111 133 132 179 204 1209 994 133 152 4804 95 506 2483 139 220 146 137 113 145 309 203507 202 1698 165 460 107 131 35997
internal_value=-0.000898192 0.0320463 -0.0462194 0.0153145 -0.048492 0.0648511 0.00555687 -0.00398045 -0.0495559 0.0237333 -0.0190039 0.0160771 0.0272822 -0.0220472 0.0262701 0.0352638 -0.00219213 0.00747625 -0.0021688 0.0403761 -0.0502329 0.0429437 0.000650663 0.0244618 0.0173626 -0.00942576 -0.0277746 0.000491365 0.0109448 -0.03154 -0.0320865 -0.000116188 0.0117462 -0.00670945 0.016296 0.0237747 0.0202296 0.0223563 0.0089201 -0.00177763 0.00949077 0.0155495 0.00838139 0.0125428 0.0253653 -0.00649382 0.0239041 0.0383899 -0.0358027 0 0.0187636 0.0169833 0.01586 -0.0102372 0.051059 -0.0153669 -0.00238976 0.0655418 0.036691 -0.00426137 -0.00178375 -0.00280571 0.0124763 0.0142609 0.0150192 0.0141011 0.0314097 -0.0150413 -0.00104386 -0.0160954 -0.00297077 -0.00604506 -0.0395904 0.0322229 0.0262852 -0.0460498 -0.0404762 -0.0375827 -0.0211672 -0.0139292 -0.00587658 0.00407528 -0.0347396 -0.0226778 -0.0288702 0.0372366 -0.0409883 -0.0231392 -0.0475755 -0.0414918 -0.0154709 -0.0169763 0.0531997 0.0360939 -0.0224859 -0.0206133 -0.0411112 -0.051249 -0.0379725 -0.037993 -0.0440568 -0.0348797 -0.0163639 -0.0335084 -0.0477905
internal_weight=23764.1 13761.2 10002.9 9114.76 9491.79 4646.41 4223.4 511.147 9290.2 4891.36 304.783 242.043 3137.23 269.103 3012.58 498.756 168.954 3918.62 47.2148 393.061 8950.62 87.0733 154.97 2513.82 1754.13 142.081 234.717 201.59 102.561 339.578 197.523 625.242 168.893 43.1382 34.3863 59.4229 45.6445 667.29 3293.38 165.74 3127.64 479.635 2648 88.6927 2344.93 143.189 55.1145 32.1674 266.815 12.6311 481.808 448.368 105.695 99.0285 124.655 72.7628 112.906 4599.19 27.594 37.1938 579.597 558.751 21.3465 1086.84 1041.77 992.129 185.482 66.2772 34.0988 82.0359 45.0715 33.5782 135.829 49.6389 144.305 1764.74 389.549 254.184 70.4032 56.0619 52.8904 33.9087 185.577 49.9594 32.1783 59.2712 204.224 18.9817 1375.19 130.68 13.0222 30.6468 67.3624 40.5147 28.2037 21.1342 385.072 7185.88 19.8724 154.93 117.657 29.1758 10.5191 21.7111 1364.67
internal_count=342856 77839 265017 52264 259045 25575 31186 5972 257399 21078 4993 1763 12880 4209 12313 2089 1977 26193 362 1655 250088 422 1341 10224 8198 1785 3916 1646 789 7311 3515 5244 720 335 293 454 366 3012 20949 1075 19874 3049 16825 738 9504 942 340 203 6250 243 2163 2012 434 857 567 1061 1234 25213 223 401 4878 4703 225 5186 4944 4715 849 603 299 710 242 398 3016 229 663 46406 9691 6007 608 475 753 479 3357 1092 304 257 4915 274 36715 2953 305 450 301 306 217 254 9591 203682 308 2907 2648 551 212 226 36503
is_linear=0
shrinkage=0.05


Tree=26
num_leaves=104
num_cat=0
split_feature=30 103 44 0 19 44 19 21 0 49 93 21 44 103 82 2 2 0 0 93 15 21 11 67 109 0 108 76 113 107 76 95 98 2 115 82 103 71 71 15 17 53 105 108 50 71 77 102 105 105 54 36 77 82 54 54 103 82 105 71 108 115 36 90 2 21 115 71 44 112 54 76 53 21 28 42 2 36 77 82 76 103 71 74 95 3 49 65 19 84 54 21 95 105 34 9 112 80 94 50 54 54 103
split_gain=13243.6 2877.91 393.733 287.468 230.141 78.9052 76.8351 64.7609 61.1023 56.5004 40.549 25.777 24.0061 17.4284 16.6073 15.2596 15.1943 15.09 14.1779 13.8969 13.2646 11.7291 11.4544 11.3263 10.328 10.2613 10.1782 10.1703 11.1766 8.51079 8.2463 7.8103 7.6836 7.53161 10.5489 8.21733 7.39521 10.3787 7.33877 7.59177 7.3267 7.36415 7.23566 7.16824 7.06481 8.88958 6.98273 6.8525 6.82647 6.59823 6.5238 10.7412 6.32511 5.94558 5.86748 5.98689 10.5914 5.57101 5.5342 5.47762 5.37169 7.18237 5.59277 5.22456 5.17737 7.40392 5.14319 5.11449 5.06687 5.01931 4.36724 4.34235 4.30582 4.18028 5.33296 4.14619 4.09872 4.00058 4.39361 5.27944 3.98431 3.91473 3.77347 4.51831 3.54517 3.47659 3.27765 3.27072 3.16667 2.85216 2.77604 3.8481 2.04863 1.7762 1.61244 1.5021 1.35424 1.1924 1.01214 0.989993 0.947104 0.270968 0.0789903
threshold=5.5000000000000009 0.045435681939125068 0.067041199654340758 2.5249279737472539 19.500000000000004 0.083835341036319747 21.500000000000004 51.500000000000007 1.4978661537170412 0.10749299451708795 2.5000000000000004 15.500000000000002 0.10551619529724122 1.198858976364136 16.500000000000004 0.3832873553037644 1.110206723213196 2.9700856208801274 2.6020033359527592 4.5000000000000009 2.5000000000000004 10.500000000000002 2.5000000000000004 11.128763675689699 1.1845754384994509 3.2384861707687382 6.0213751792907724 54.500000000000007 -8.7835431098937971 1.5630083680152895 7.5000000000000009 6.3192203044891366 10.500000000000002 0.43565997481346136 0.00057599091087467979 1.0000000180025095e-35 1.5271134972572329 7.4484684467315683 9.1585354804992694 11.500000000000002 13.500000000000002 1.3252907395362856 2.0790133476257329 9.3867154121398944 0.8538709580898286 6.7818210124969491 34.500000000000007 0.65492260456085216 1.4866546392440798 1.1941413879394533 1.0693664550781252 5.5000000000000009 37.500000000000007 3.5000000000000004 1.2705517411231997 1.1999998688697817 1.2535326480865481 2.5000000000000004 6.259453773498536 5.1558685302734384 5.2202205657958993 0.00057300270418636512 5.5000000000000009 9.5000000000000018 0.26097086071968084 13.500000000000002 0.00057094360818155121 9.1353864669799822 0.08842144533991815 -0.3091627955436706 1.0779351592063906 10.500000000000002 0.30094340443611151 35.500000000000007 1.5000000000000002 0.072077922523021712 1.4168957471847536 1.5000000000000002 66.500000000000014 3.5000000000000004 37.500000000000007 2.9032977819442753 8.0984005928039569 1.5000000000000002 6.70845651626587 0.54918038845062267 0.24999995529651645 10.480233669281008 9.5000000000000018 0.29805897176265722 1.5390720367431643 38.500000000000007 6.5839278697967538 1.5435851216316225 19.500000000000004 83.500000000000014 -0.30396765470504755 1.0000000180025095e-35 10.738446712493898 0.38961027562618261 1.0444663763046267 1.3007935881614687 1.7924404740333559
decision_type=2 2 2 2 2 2 2 2 2 2 2 2 2 2 2 2 2 2 2 2 2 2 2 2 2 2 2 2 2 2 2 2 2 2 2 2 2 2 2 2 2 2 2 2 2 2 2 2 2 2 2 2 2 2 2 2 2 2 2 2 2 2 2 2 2 2 2 2 2 2 2 2 2 2 2 2 2 2 2 2 2 2 2 2 2 2 2 2 2 2 2 2 2 2 2 2 2 2 2 2 2 2 2
left_child=1 5 7 6 26 86 15 18 22 11 16 13 14 25 38 30 73 24 54 63 -7 52 32 -20 27 -5 66 28 -11 -23 50 60 94 34 -33 -35 37 -18 48 -40 41 49 -38 -25 45 -32 -46 -27 -10 -19 51 -3 -15 -29 55 58 -57 64 71 -43 61 -17 -62 -9 95 70 -4 -58 -24 -52 -66 -2 102 74 -8 90 92 -59 81 -80 -78 -79 83 -26 -77 -65 -1 -56 -22 -34 91 -14 -12 -89 96 -28 -6 -96 -94 -70 -86 -95 -13
right_child=2 3 4 9 8 20 10 19 12 17 76 72 75 21 -16 31 36 40 23 -21 88 29 68 43 82 47 57 53 -30 -31 44 33 89 35 -36 -37 42 -39 39 -41 -42 59 -44 -45 46 -47 -48 -49 -50 -51 69 -53 -54 -55 87 56 67 77 -60 -61 62 -63 -64 85 65 -67 -68 -69 99 -71 -72 -73 -74 -75 -76 84 80 78 79 -81 -82 -83 -84 -85 100 -87 -88 93 -90 -91 -92 -93 98 101 97 -97 -98 -99 -100 -101 -102 -103 -104
leaf_value=0.064616644402717763 0.0054105907964054796 -0.00036707663714548105 0.049558229905483239 0.010635357062172765 -0.033735352900705055 0.033250627149007395 -0.0014045782667923079 0.068468518804702769 -0.00066132860033402217 0.0071055574692569946 -0.0050669675310763863 0.063993755250991519 -0.028572202027506488 0.018885491783005796 0.043229344451637383 0.0090692805935784042 0.053294023582994732 -0.0040351860102297906 0.042039431876820091 0.0059564300037401848 0 0.03124695657143467 0 -0.019550213408192667 0.023252750267031583 0.025680943735606428 -0.022945054912674068 0.010007446088582065 0.023745906330636585 0.0087609906184193797 0.00055406329337860357 0.0047853785241629213 0.00087740078767801696 0.01947202748083339 0.032146447916590423 0.004876602747188998 -0.025337641178822562 0.0032532383343628827 0.021949865536039184 -0.039876263092325885 0.046262912618316887 0.03935539685824363 0.011653917617133363 0.021572047059884455 0.00032729871032330079 0.0468383102561237 0.0078302160098209107 0.050624949627317367 -0.031460834965998781 0.021164317054367797 -0.021987367178110437 0.038997230123362037 0.030445122061267683 0.020957271755930446 -0.00091457088260888319 0.045646551899785864 -0.015047049276921196 -0.030502360978767254 0.016462220670369933 0.023704199367424291 0.014475629948218655 0.052986249669709343 0.0020815768827853538 0.053753547249431127 0.012488537313195682 -0.0080792535173387497 0.0043105046614502467 0.027140451622750878 -0.024146418476160884 -0.0032169354424523748 0.047679237007394626 -0.029646653823321236 0.031729017469379998 -0.04415054637283608 -0.030514366642222936 -1.7130169526809447e-05 -0.037541796058934207 -0.026621969188807923 -0.014256080105828364 0.015677120105927995 0.0085910038985243589 0.0021007243801423599 0.018316762255649138 0.055904907702289321 -0.012508497859344693 0.023995099995642751 0.039981148397517804 -0.012306023675469065 -0.032845514626832245 -0.034754138877178972 -0.0030471498378853313 -0.04312730093274264 -0.04470108181058248 -0.023437109077524849 -0.04262882642220342 8.4809594287167851e-05 0 -0.047702336372959737 -0.011109812220770499 -0.051162224128516225 -0.045066996716289547 -0.046494599701598686 0.044278796779823763
leaf_weight=4403.5985109806061 9.631873067468403 241.96937597543001 13.401612609624864 25.203676968812943 5.7372858785092831 16.038743786513805 41.363828178495169 28.546658501029015 22.93414667993784 132.9249055609107 4.5825919881463042 64.459666728973389 138.23169487342238 152.82484886050224 9.39837748557329 19.702822342514992 17.886560689657927 25.379806652665138 20.545826695859432 24.064347982406616 10.904230803251268 59.826174393296242 4.5803788490593424 23.813173554837704 24.898372575640678 41.568890884518623 12.462288826704027 818.0893570035696 468.7871784940362 146.92286555469036 19.742447014898062 72.878722202032804 12.789679750800135 105.64745648950338 69.738421406596899 1056.3917167298496 19.020754508674145 23.700257353484631 16.685114726424221 5.299019791185855 33.209693849086761 103.86674477159977 35.50298447906971 16.662551946938038 501.89373021945357 21.544113807380199 822.85156922414899 160.04489290714264 96.498417086899281 1296.08419264853 57.904014073312283 17.127927970141172 908.77953894436359 149.69554717093706 9.2868823297321779 10.460144992917774 36.717805672436953 18.014808148145676 8.5837160684168321 160.55943644046783 708.65082601457834 18.896569535136223 107.2463886141777 21.136089906096458 24.82612356543541 21.859413616359234 12.304378964006899 7.2908019013702861 8.6798152849078161 94.372138254344463 14.89056748151779 49.148726519197226 24.89558707177639 12.518655471503733 24.850930705666542 4.9774480499327174 7.0295112095773211 31.230054087936878 22.971672188490629 35.135409370064735 8.8352963551878911 17.322066932916641 34.891606047749519 27.027724653482437 4.5043528974056235 29.09203239902854 24.556761637330055 9.7414703927934152 18.680897768586874 7.7532960288226596 8.1204476840794069 95.31099434196949 109.47322835028172 9.3426403664052504 370.82601337134838 12.621146544814108 4.6794000230729562 1089.0045109651983 4.2975809127092353 6821.1705365031958 275.92814205959439 20.85577529296279 21.746271729469299
leaf_count=25021 130 1802 104 106 117 75 442 134 432 664 104 308 3173 617 95 111 125 104 118 135 76 246 97 145 114 172 102 3794 2134 605 118 522 184 608 476 6479 156 189 316 107 143 424 276 98 3756 154 6101 708 1843 5305 462 135 3655 722 113 124 477 150 112 669 4008 103 627 93 174 169 99 102 201 723 105 589 112 205 500 122 109 264 182 290 126 152 168 127 113 144 115 126 202 133 143 2306 2747 130 10116 104 101 30221 109 202832 7348 290 101
internal_value=-0.000734949 0.0309763 -0.0457787 0.014868 -0.0477089 0.063822 0.0053471 0.00742062 -0.0489891 0.0231421 -0.0185922 0.0308444 -0.0343473 0.0290464 -0.016414 0.0072355 -0.0025902 0.0193494 -0.00720905 0.0401609 -0.00133885 0.026676 -0.0501738 0.013175 0.0159417 0.0419953 0.000875296 0.0149734 0.0201133 0.0154939 0.00379067 0.010062 -0.0458764 0.00759579 0.0184294 0.00623554 0.0106182 0.026114 -0.0208599 0.00502643 0.0228113 0.0222707 -0.00140508 -0.00221734 0.00566036 0.0257351 0.00499878 0.0457588 -0.0257108 0.0206688 -0.00239174 0.00240626 0.0288194 0.0117413 -0.0145898 -0.008399 0.00374245 -0.0027684 -0.0182291 0.0300769 0.0137959 0.0319963 0.0128655 0.0501786 0.00683273 0.0146099 0.0296994 -0.007174 -0.0510994 -0.0105644 0.0271799 -0.0237445 0.0542429 -0.0187356 -0.0129113 -0.0393986 -0.0391051 -0.00952319 -0.00551346 0.0036148 -0.0127512 -0.0164189 0.0327822 0.0415279 -0.0439095 0.0379064 0.0644959 -0.0290132 -0.0211119 -0.0135668 -0.0337919 -0.0347921 -0.0423505 -0.0350358 -0.0463068 -0.0116301 -0.020176 -0.0464655 -0.04368 -0.0511347 -0.0446488 -0.0411233 0.0599768
internal_weight=23176.2 13601.1 9575.07 9127.31 9240.15 4473.78 4245.62 334.921 9003.11 4881.69 309.062 1606.27 677.888 1495.17 150.815 3936.56 174.844 3275.41 232.081 102.839 45.6239 1268.35 8325.22 61.0216 1656.31 226.817 237.04 1569.5 601.712 206.749 1777.41 2159.15 1490.79 1304.66 142.617 1162.04 96.1106 41.5868 141.417 21.9841 1619.1 1585.89 54.5237 40.4757 1366.03 41.2866 1324.75 201.614 119.433 1321.46 411.373 259.097 1061.6 967.785 171.06 121.833 54.4688 211.334 67.3643 264.426 854.497 38.5994 815.897 78.7748 86.6595 61.5761 25.706 44.0086 6834.43 152.276 39.7167 58.7806 111.102 78.7334 66.2148 527.073 134.218 124.674 106.659 58.1071 15.8648 48.5521 86.8177 51.9261 285.41 50.2281 4428.16 49.2268 29.5851 20.543 241.663 233.543 118.353 39.9399 1470.25 25.0834 10.4167 1459.83 113.771 6829.85 280.432 30.1984 86.2059
internal_count=342715 77760 264955 52271 261895 25489 31273 3060 260000 20998 5088 6630 15998 6109 2793 26185 1893 14368 2554 506 353 5123 244002 361 7723 986 1895 7314 2798 851 13251 12934 40872 8085 998 7087 746 314 2698 423 6645 6502 432 243 10129 272 9857 880 2275 5409 3122 1937 4272 4516 2193 1534 703 1692 831 1093 4849 214 4635 371 654 448 203 579 203130 1185 279 719 521 1147 942 13205 3195 1038 888 472 235 416 409 241 7583 237 25136 659 278 317 5622 5479 2960 546 40555 206 218 40337 2856 203033 7461 420 409
is_linear=0
shrinkage=0.05


Tree=27
num_leaves=99
num_cat=0
split_feature=93 103 21 13 48 54 2 6 48 48 32 3 103 49 49 19 99 3 2 115 3 44 2 80 80 67 97 21 49 109 111 76 9 115 50 103 99 103 2 113 115 53 99 38 21 38 74 5 103 112 65 114 67 101 76 49 19 54 9 101 67 114 105 108 2 99 23 3 63 112 115 109 114 103 103 103 32 82 21 96 76 115 49 54 9 109 2 65 15 53 115 96 63 2 98 2 2 74
split_gain=12336.9 2630.68 902.022 200.672 141.397 45.884 40.399 38.3438 27.1951 26.5162 45.3653 22.3056 18.6214 17.3227 16.1609 13.8751 13.2622 10.869 17.0051 9.87221 13.5281 9.79251 9.673 9.5999 9.07768 9.39361 9.68535 8.72339 7.9789 18.8867 7.53486 8.69754 7.41263 8.02561 7.39927 7.35674 7.28955 7.77152 7.22609 7.06059 6.77954 6.7791 6.75821 6.42171 6.35133 8.65751 6.2372 6.13975 7.46571 6.10992 6.08599 6.06009 8.73522 7.19509 7.80478 6.73425 6.47632 5.6606 7.43926 6.35802 5.64758 8.89613 7.07485 5.54806 5.49013 5.38821 5.31894 5.29412 5.13173 5.09887 5.4603 5.07402 4.77038 4.74553 9.00762 4.8158 4.49838 4.22227 4.09191 4.08114 5.88487 4.04243 3.68155 11.259 3.41943 3.13672 2.87403 2.80868 2.27071 2.12052 1.77237 1.57643 1.4539 0.869615 0.771832 0.503803 1.50201 0.464844
threshold=2.5000000000000004 0.045435681939125068 21.500000000000004 1.0000000180025095e-35 0.019607842899858955 1.5390720367431643 1.6105993390083315 1.0000000180025095e-35 0.043478259816765792 0.019607842899858955 11.500000000000002 0.95838922262191784 1.6813945770263674 0.22740881145000461 0.25431162118911749 6.5000000000000009 12.153677940368654 2.100987553596497 1.2614372968673708 0.00065486686071380984 1.591491222381592 0.10551619529724122 0.66481575369834911 1.5000000000000002 1.0000000180025095e-35 8.698362350463869 0.17914438992738727 32.500000000000007 0.19999996572732928 0.01928795408457518 -8.3270010948181135 36.500000000000007 62.500000000000007 0.00065037742024287592 1.6953902244567873 2.2893280982971196 1.8694915175437929 1.8820112943649294 2.5154124498367314 -8.8416314125061017 0.00063781058997847151 1.6622806787490847 1.5841195583343508 20.500000000000004 33.500000000000007 10.500000000000002 18.500000000000004 6.5000000000000009 1.4314199686050417 -6.4517357349395743 10.524346828460695 3.3635660409927373 11.012624740600588 1.5249681472778323 9.5000000000000018 0.49999995529651647 12.500000000000002 1.21244353055954 83.500000000000014 7.9973387718200692 10.069855690002443 3.332244992256165 2.5858927965164189 7.0806241035461435 1.0022436976432803 3.0049397945404057 4.5000000000000009 1.5062947273254397 7.9762263298034677 -14.347834587097166 0.00060258916346356284 1.0479093194007876 3.3960902690887456 2.0259141921997075 4.3779709339141855 1.4892287254333498 1.5000000000000002 7.5000000000000009 36.500000000000007 0.38430769741535192 74.500000000000014 0.00057141846627928327 0.22222220152616504 1.5495097637176516 83.500000000000014 0.00053492834558710467 0.59291583299636852 9.6597313880920428 6.5000000000000009 2.226495742797852 0.00063781058997847151 0.2524509876966477 9.6029272079467791 1.100502669811249 8.5000000000000018 1.1790969371795657 1.1670306921005251 1.5000000000000002
decision_type=2 2 2 2 2 2 2 2 2 2 2 2 2 2 2 2 2 2 2 2 2 2 2 2 2 2 2 2 2 2 2 2 2 2 2 2 2 2 2 2 2 2 2 2 2 2 2 2 2 2 2 2 2 2 2 2 2 2 2 2 2 2 2 2 2 2 2 2 2 2 2 2 2 2 2 2 2 2 2 2 2 2 2 2 2 2 2 2 2 2 2 2 2 2 2 2 2 2
left_child=1 7 32 6 5 21 17 28 23 11 24 -5 14 -7 19 49 27 50 47 -8 -21 42 87 67 25 39 -27 -17 -1 -30 31 -26 34 40 36 41 -2 -38 44 -11 51 -20 92 77 45 -14 -15 48 -19 86 60 53 55 54 -34 -53 -55 58 -24 -59 62 -62 -3 -32 -49 -16 93 82 84 -52 -71 73 -51 75 -75 -70 -40 -44 79 80 -23 -36 83 -6 -35 -54 -13 -12 -89 -84 -81 94 -4 -10 -25 96 -95 -80
right_child=2 3 4 9 8 13 12 -9 66 10 22 15 38 46 65 16 -18 18 35 20 -22 78 57 91 30 26 -28 -29 29 -31 63 -33 33 68 81 -37 37 -39 76 -41 -42 -43 43 -45 -46 -47 -48 64 -50 72 69 52 85 56 -56 -57 -58 59 -60 -61 61 -63 -64 -65 -66 -67 -68 -69 71 70 -72 -73 -74 74 -76 -77 -78 -79 97 90 -82 -83 89 -85 -86 -87 -88 88 -90 -91 -92 -93 -94 95 -96 -97 -98 -99
leaf_value=0.063767349716784244 0.052248576505236559 0.01668641781454748 -0.012779113528870484 0.052754696978403418 -0.030584288367912077 0.046413174805087325 0.0089331357181688612 0.0028653112908183166 -0.04848427837665769 0.0039099576716302353 0 0.014541066371286169 0.0201364191379204 0.020289683326914224 0.023495915262264903 0.0087689628149975572 0.039473716276183443 0.024318901830042289 0.024729542379255887 0.04877332080591424 0.032653959592644083 -0.029119278370818454 -0.032083983422580037 -0.030299556450645523 -0.012369832569653452 0.029986120155699503 0.004594774273417414 -0.0070516035046199431 0.0033791788226565874 0.06577130648712598 0.034557614056980865 0.0022432651698184427 -0.048335605043608419 -0.012844661836559496 -0.024790737048674065 0.04999374979808472 -0.0085139772879172567 0.032117222911761938 0.021863953906853317 0.020999919884272748 0.026483911880852237 0.051637350489157276 0.002765153131760895 0.022109834366232463 -0.0028183280247010703 0.044804752169696399 -0.022351850618562083 -0.017427777768507711 0.015825376477787718 0.024253129484853253 0.0093056822252091803 0.029977022757963285 -0.030813542959284165 -0.0027885825551909969 -0.0061758348419358716 -0.00177000620558344 0.0079081875529960818 -0.0076257533751438724 0.01132145669278916 -0.044289196942801819 0.017077015528399821 -0.0026494359463548837 -0.006929613307688029 0.0051478719011923465 0.015596677792721543 -0.0097001056144258684 -0.051469861812761697 0.006381294117747004 0.0072341306907437539 0.012438615647501901 0.044393248752686909 -0.02948229273650417 -0.00047598885779494266 0.043361317132033353 -0.0055150824811592385 -0.03120143302451019 0.050631597700476372 -0.022277791321392768 -0.018483379298619797 -0.040184190430555052 0.014551480734553885 0.012654797939288271 -0.039043940329855815 0.038315596433712892 -0.045927234407247816 0.0033259330024406641 -0.011612374313966917 -0.022574936658723281 -0.041682758765217036 0 -0.0059201041169311616 -0.048337165464515747 -0.044765867206341674 -0.034680287894349293 0 -0.044897855146762165 -3.5141358130594612e-05 -0.046882136420171888
leaf_weight=4251.5190546214581 15.982635781168936 561.99163761734962 7.7258632518351105 30.796419098973274 82.944247283041477 34.040120739489794 36.64077278226614 26.712656237185001 2373.7100877538323 90.24941973388195 6.0851362571120253 19.128913953900337 576.83995987474918 13.477729026228191 19.840980187058449 1286.170928645879 32.436571646481752 371.74090768396854 685.98508021235466 178.49415298551321 639.36415730416775 14.990711703896523 11.009151730686424 4.8629831448197347 146.53999754413962 37.707941964268684 1049.8183543793857 91.65763583034277 21.003809049725533 29.00014565885067 22.542724423110485 322.82841774821281 13.956793673336504 21.099797673523426 13.409091159701349 34.421700596809387 21.038040980696678 23.101623743772507 29.92335544526577 197.21196493506432 25.016466274857521 24.975860923528671 26.074846219271421 14.893544707447289 26.270719766616821 38.544092960655689 18.395263139158487 22.4867043197155 982.89283367991447 266.45989726483822 33.921201899647713 53.216311454772949 11.3421040289104 440.197679258883 42.393812660127878 22.982479155063629 206.47463939711452 36.833136517554522 44.904299128800631 17.200265061110258 99.918595492839813 128.56158781051636 32.199005961418152 53.414583634585142 24.973712235689163 26.817982621490955 5150.1851536333561 6.4458686262369147 13.860628198832275 22.64996175467968 43.289071649312973 15.529933795332907 20.117487832903862 13.391026780009268 24.142007146030664 15.859057787805794 36.160546749830246 41.54705149307847 5.4955191090703002 29.992300063371658 12.88486223295331 12.275487244129179 417.88770902529359 4.9950938001275054 14.35271545499563 12.616686932742594 19.77461464703083 38.968737818300724 46.30516054853797 4.0187912061810485 5.7467089593410483 318.10485240444541 15.731720142066477 35.580952256917953 3.922737829387188 61.123245447874069 4.0536896288394919 50.129187647253275
leaf_count=25034 112 2445 109 138 2007 175 183 187 71499 589 82 101 2342 138 98 7202 189 1612 2784 807 2633 314 155 133 1139 238 7029 836 100 150 163 2436 126 164 113 139 139 166 120 1272 194 102 397 145 136 179 159 104 4277 1381 144 418 101 3438 362 184 1724 595 697 279 449 555 141 392 107 121 161065 141 110 108 188 127 104 104 207 119 162 642 119 667 260 102 10949 94 119 103 101 644 965 100 122 9137 235 1021 93 1752 118 1147
internal_value=-0.000749214 0.0313774 -0.0430603 0.015319 -0.0482693 -0.0138741 0.0222946 0.063144 -0.049448 0.00691683 0.00313907 0.0114418 0.0287374 0.0223803 0.0335599 0.0106581 0.00848174 0.0189025 0.0208724 0.0351243 0.036267 -0.0246067 -0.0193446 -0.0406389 0.00551449 0.00767747 0.00552444 0.00770275 0.0635148 0.0406198 3.635e-05 -0.00232268 0.00113659 -0.000138695 0.015078 0.0270246 0.0245315 0.012889 0.0225248 0.0157172 0.0015972 0.0257956 -0.0131156 -0.00595469 0.0207751 0.0218029 -0.00391941 0.0175692 0.0181879 0.0199752 0.0142796 0.000761713 0.0121795 -0.000873218 -0.0177733 0.0204237 0.000621736 -0.00903137 0.00198596 -0.0203578 0.0127965 0.00598894 0.0153757 0.0145054 0 0.00450048 -0.0504127 -0.0360329 -0.0122493 0.0260294 0.034086 -0.00508185 0.022489 0.000927528 0.012663 -0.0134693 0.0385277 -0.0126262 -0.0344466 -0.0244073 -0.00888073 -0.00681568 -0.0366059 -0.0259819 -0.0278292 -0.0133062 0.00106222 -0.031302 -0.0336072 -0.0386968 -0.0354036 -0.0476853 -0.0360328 -0.0481784 -0.0195022 -0.040269 -0.0315105 -0.0448105
internal_weight=22686.5 12895.3 9791.2 8567.07 8758.96 291.125 4678.9 4328.24 8467.84 3888.16 2121.62 1766.54 1608.9 65.9131 901.158 1735.75 1410.27 3070.01 2147.48 854.499 817.858 225.212 201.306 843.182 1920.31 1374.99 1087.53 1377.83 4301.52 50.004 545.326 469.368 1032.24 946.432 85.8069 745.383 60.1223 44.1397 707.739 287.461 828.197 710.961 105.973 82.5154 641.655 615.384 31.873 1402.09 1354.63 325.481 922.531 803.181 100.158 703.023 56.3506 76.1988 646.672 109.947 55.9135 54.0334 822.671 228.48 594.191 75.9573 47.4604 46.659 7624.65 516.292 118.235 99.8602 65.939 82.7827 286.577 67.2527 37.533 29.7197 66.0839 67.6219 119.239 63.6146 27.8756 25.6846 509.846 87.9393 35.4525 23.9588 38.9035 91.359 85.2739 421.907 35.739 326.891 23.4576 2474.47 8.78572 100.758 39.6346 55.6247
internal_count=343104 72134 270970 46663 262738 4629 19936 25471 258109 26727 16675 10052 6781 472 3842 9914 8227 13155 9125 3623 3440 4157 3417 22654 13258 9128 7267 8038 25284 250 4130 3575 8232 7600 632 3025 417 305 2939 1861 6650 2886 1528 1184 2657 2521 297 6100 5889 1687 4030 6456 806 5650 488 602 5162 1726 852 874 3590 1004 2586 555 211 219 235455 13291 950 440 296 667 1485 540 311 229 282 1039 2629 1363 574 215 13150 2101 283 204 202 1691 1609 11049 789 9363 344 74390 226 2891 1139 1266
is_linear=0
shrinkage=0.05


Tree=28
num_leaves=94
num_cat=0
split_feature=24 107 48 112 25 51 32 13 0 0 46 107 98 0 11 3 108 25 52 4 13 86 25 53 67 97 53 51 93 61 95 113 109 95 63 113 107 5 0 0 67 19 46 113 113 72 76 82 108 40 46 99 113 0 3 48 13 112 100 107 115 113 74 115 95 9 108 107 111 94 67 67 38 38 17 115 115 95 3 76 0 91 95 40 95 107 0 101 76 3 17 97 111
split_gain=11461.5 2701.35 426.563 246.071 136.005 71.1284 47.2486 45.5629 39.5991 33.3304 33.2132 28.0717 26.427 19.838 17.1858 15.3509 14.5597 13.4239 13.4229 11.9948 10.4774 10.351 10.699 10.0372 9.99637 9.56659 12.3088 9.36173 9.23697 8.562 12.9369 10.3248 9.88145 9.8378 7.98824 7.81538 10.3162 13.625 7.57802 7.17712 7.13198 11.6991 6.71568 6.62589 6.61521 6.47107 6.11947 6.09997 5.9411 5.88558 5.85086 5.7319 7.02882 5.59245 5.44029 5.22163 8.88515 4.86581 4.80797 4.73057 4.72581 4.69213 4.56091 4.39287 4.56532 4.32114 6.20762 4.65483 4.17639 4.01828 3.9352 3.61722 3.83273 3.50072 3.95523 3.27755 5.97853 3.11887 2.89909 2.89041 2.6805 2.63265 2.23409 1.89102 3.65353 1.84629 1.67405 1.58989 3.90859 1.01602 0.860677 0.775822 0.380136
threshold=6.5000000000000009 0.031068976968526844 0.019607842899858955 -6.9124391078948966 21.500000000000004 0.54545441269874584 11.500000000000002 2.5000000000000004 2.3502402305603032 2.6020033359527592 0.064968343824148192 1.176360070705414 4.5000000000000009 1.7005987167358401 2.5000000000000004 1.3821102380752566 6.0213751792907724 16.500000000000004 0.87428161501884472 1.5000000000000002 2.5000000000000004 0.18009009212255481 13.500000000000002 1.1220867037773135 7.0094542503356942 0.19375000149011615 0.68457102775573742 0.42857129871845251 2.5000000000000004 10.467061519622805 8.9537224769592303 -7.4711668491363517 0.00023331852571573111 8.7374491691589373 10.755555152893068 3.225678682327271 0.8900555968284608 4.5000000000000009 1.4978661537170412 2.2499048709869389 11.227221488952638 48.500000000000007 0.57359308004379284 -8.679745674133299 -8.8339905738830549 1.0000000180025095e-35 76.500000000000014 1.0000000180025095e-35 8.0886645317077654 1.5000000000000002 0.1766968369483948 0.22712764143943789 3.1125351190567021 3.113268375396729 1.4785890579223635 0.033445188775658614 8.5000000000000018 -0.33820524811744684 8.0509276390075701 1.8623130321502688 0.6920129954814912 -7.7607264518737784 4.5000000000000009 0.00061878308770246815 8.1782050132751483 68.500000000000014 7.6593813896179208 1.2750260233879092 -8.4144506454467756 6.7007434368133554 11.764256954193117 12.227745532989504 9.5000000000000018 35.500000000000007 81.500000000000014 0.00067087137722410272 0.00061360851395875226 7.2210538387298593 1.0773324966430666 11.500000000000002 1.4978661537170412 3.5000000000000004 6.822251796722413 8.5000000000000018 7.9449017047882089 0.93745532631874096 3.7954261302948002 1.8041816949844363 88.500000000000014 1.3227649331092837 13.500000000000002 0.45643940567970281 -8.4336681365966779
decision_type=2 2 2 2 2 2 2 2 2 2 2 2 2 2 2 2 2 2 2 2 2 2 2 2 2 2 2 2 2 2 2 2 2 2 2 2 2 2 2 2 2 2 2 2 2 2 2 2 2 2 2 2 2 2 2 2 2 2 2 2 2 2 2 2 2 2 2 2 2 2 2 2 2 2 2 2 2 2 2 2 2 2 2 2 2 2 2 2 2 2 2 2 2
left_child=1 9 5 10 16 27 13 38 18 43 11 19 20 29 73 86 -4 42 23 85 34 22 57 28 59 40 61 -2 -8 30 33 -31 -32 -5 63 36 37 -12 54 -19 48 70 49 -1 -10 -29 -41 -26 -14 -15 -40 52 -38 -53 78 56 -16 -18 -44 -17 -37 -27 81 79 -65 67 -67 -62 -24 -23 -42 72 -52 80 -75 76 -28 -22 -6 -7 90 -46 -80 84 -71 -3 -13 88 -79 -89 -9 -82 -77
right_child=2 3 4 6 7 12 8 14 44 -11 35 15 25 17 55 24 21 39 -20 -21 77 69 68 -25 47 26 75 45 -30 31 32 -33 -34 -35 -36 60 51 -39 50 46 41 -43 58 -45 62 -47 -48 -49 -50 -51 71 53 -54 -55 -56 -57 -58 -59 -60 -61 65 -63 -64 64 -66 66 -68 -69 -70 83 -72 -73 -74 74 -76 92 -78 87 82 -81 91 -83 -84 -85 -86 -87 -88 89 -90 -91 -92 -93 -94
leaf_value=0.030601081143044918 0.062964159345165416 0.059431851050549614 0.046596977048428495 0.0040807291365903102 -0.0026467490314322612 0 -0.018331455362964141 -0.015030091580066776 -0.0069076231347324161 0.062799942731605773 0.058704126339776341 0.055239562566112468 0.0015849549969279685 0.015304217779480572 0.022229318185965768 0.017007776371659022 0.049806190211858642 0.0093181916596727955 0.020637103229850157 0.017105359132905062 0.00068539385648953475 0.0060298662367820714 -0.02796725333288512 0.0066619246696626201 0.032939350267348483 -0.0035096045884690421 -0.018833333380070538 0 -0.040844129530877529 0.053516442537399095 -0.020285435911182297 0 -0.0002845775924086582 0.023545510215569148 0.026607298714753449 0.0084299885458243209 -0.0058134799147941812 0.011101574249632321 0.027286040615039156 0.021602014480850945 -0.016490844018111954 0.03861744023103638 0.0055284955220999063 -0.011548186916917355 0.018465256110126668 0.041140001002966803 0.063615830326828257 0.023695071628700055 0.039833966025059571 0.0089180433974398402 -0.0053560018942237315 0.015938247476618154 0.020943220275422367 0.021202520693641584 0.0046797879287143913 -0.05095172987067597 -0.039777501315001608 0.0075950485431328044 -0.027681510782268326 -0.0071891259007521528 0.055736082056265207 0.030986365555616131 0.00442127850529298 -0.017945266590226463 0.029998354869617935 0.03462414469781358 0.00027569441259365699 0.030453204339869467 0.0082424239995780215 -0.0087652382624330248 0.0065959986262254218 0.0090259819977109579 -0.029629503145667504 0.015225199473773647 -0.039183410681445333 -0.047731094917651901 0.018935048546602107 -0.036371496347220235 -0.022214717581745577 -0.0281409991869703 -0.037065375909095429 0.045387705808190765 -0.041138420163113448 -0.0039470411769768864 -0.039748592642907546 0.044054242844751151 0.032162987316652424 -0.042830521115958184 0.016577161202883189 -0.02086558059102421 -0.046322127998077986 -0.045169143393955349 -0.02003417976235328
leaf_weight=20.348402200266719 33.992868382483721 80.13045608997345 13.961833037436007 1587.8048584237695 6.8269251845777026 11.864083748310803 96.18114560842514 4.9431826360523692 24.326388292014599 4011.1395364105701 34.912242844700813 48.04914216697216 16.398343525826931 433.54528221487999 5.8122267834842196 48.168485313653946 15.148874320089819 23.559053715318441 14.874485634267328 31.843206182122231 5.2044990696012965 13.033452145755289 14.807298868894579 19.623061381280422 251.98749467730522 16.750368449836969 65.241470739245415 16.118493270128965 98.356885874643922 17.278652563691139 88.756032962352037 17.756581611931324 199.00967885926366 66.561455670744181 11.013122074306009 29.573313321918249 55.652054445818067 28.06378860771656 5.5461559593677512 19.411322634667158 41.225147224962711 16.260094679892063 21.602555476129055 14.746319947764276 24.899017076939344 23.697390388697386 20.975867837667465 866.29416358470917 28.454683415591717 2439.1564042568207 24.326743151992559 1196.4996043667197 41.241971671581268 967.96562720835209 7.5150684714317313 6237.3815684001893 30.388715110719204 13.731035217642782 18.973464846611023 32.22440692782402 25.242517784237862 20.122607249766588 24.53800667822361 8.6225973553955573 8.1388606131076795 24.825206413865089 27.52834540605545 128.1624865680933 13.932161349803208 17.531206574290991 30.610969576984644 8.4544184505939466 62.128041230142117 5.2932979464530927 5.0348556898534298 8.5442564710974711 10.922280561178921 6.8824911490082723 27.421589232981205 47.088602051138878 232.66710728406906 20.384971454739571 131.44568003341556 11.570575878024099 26.261991452425718 81.057516306638718 22.628713995218277 65.070467159152031 4.4980418831110001 12.727592714130877 1199.9421571865678 115.3928683809936 7.563443634659051
leaf_count=134 167 433 117 11841 130 172 1277 138 152 24552 158 240 107 2148 104 196 111 195 120 140 85 117 127 184 1023 172 916 131 2563 128 748 146 1584 528 155 145 247 121 96 107 303 73 124 108 132 127 110 3515 188 13496 477 5166 173 3924 164 203977 861 102 114 129 106 136 166 101 109 106 118 528 126 149 217 168 1269 123 116 113 163 155 577 619 6463 108 3286 119 241 376 93 1532 98 216 36572 3274 99
internal_value=-0.000896602 0.028278 -0.0453045 0.0134341 -0.0480648 -0.00122398 0.00632836 -0.048908 -0.0121443 0.0623743 0.0227498 0.0287908 -0.00884898 0.0075387 -0.0496137 0.0260121 0.000722596 0.0101184 -0.0233394 0.0466702 -0.0234545 -0.00476991 0.0105892 -0.0265624 0.0246001 0.00128177 -0.00831873 0.0436938 -0.0299901 0.00364438 0.00318482 0.0276689 -0.00656125 0.00489053 -0.0104737 0.0192796 0.0183623 0.038398 -0.0285029 0.032623 0.0106707 0.002155 0.00960447 0.0128699 0.0149244 0.025311 0.0451581 0.0258284 0.0265696 0.0098928 -0.0169828 0.0177749 0.00561927 0.0183101 -0.0349238 -0.050834 -0.0290684 0.0314319 -0.0101962 0.00723264 0.0281237 0.0155306 0.0226563 -0.016409 0.00533896 0.0308246 0.0172596 0.0351774 -0.0105449 -0.0178014 -0.00658298 -0.0200577 -0.0231209 -0.0446661 -0.0120584 -0.0180519 -0.0130273 -0.0349277 -0.0368057 -0.0227369 -0.0448646 0.031865 -0.0381728 -0.0235986 -0.0282672 0.0522378 0.0488117 -0.0370933 -0.0151743 -0.0398259 -0.0462209 -0.0399629 -0.0381084
internal_weight=22113.4 13345.9 8767.51 9299.63 8250.5 517.013 5277.58 8110.52 323.184 4046.23 4022.05 1462.38 443.204 4954.39 7836.86 1269.35 139.978 2977.22 229.036 193.031 181.11 126.017 57.6194 214.161 1198.67 262.094 129.144 73.8088 194.538 1977.17 1942.13 35.0352 287.766 1654.37 86.7273 2559.67 2324.34 62.976 273.665 63.9462 132.949 88.0962 2913.28 35.0947 94.1484 39.8159 40.3872 1118.28 44.853 2872.7 100.455 2261.36 96.894 2164.47 173.209 6273.58 36.2009 28.8799 40.576 80.3929 235.332 36.873 69.822 75.7141 16.7615 205.759 52.3536 153.405 28.7395 68.3972 71.8361 94.9092 86.4548 1563.27 10.3282 92.2715 76.1638 94.3831 165.694 58.9527 1552.95 45.284 158.867 55.3638 43.7932 161.188 70.6779 89.1786 11.3805 77.7981 1204.89 348.06 16.1077
internal_count=342860 77702 265158 52908 259004 6154 35971 257795 4702 24794 16937 6145 5729 31269 251628 5196 1209 16294 4144 949 3242 1092 466 4024 4863 2487 1599 425 3840 14975 14701 274 2332 12369 1156 10792 9789 279 6167 412 888 593 15882 242 558 258 217 4538 295 15644 2010 9510 420 9090 4157 204942 965 213 238 325 1003 308 406 1001 210 858 224 634 253 626 520 1914 1746 46686 239 1291 1079 2086 3993 791 46447 240 3863 509 390 809 333 2001 253 1748 36710 9737 212
is_linear=0
shrinkage=0.05


Tree=29
num_leaves=105
num_cat=0
split_feature=24 103 48 0 21 44 52 44 32 44 93 2 103 3 13 23 21 95 82 52 103 94 67 71 65 99 24 0 2 46 95 67 46 96 2 103 19 46 94 108 72 111 34 107 9 32 96 65 94 46 2 32 3 3 0 113 94 107 65 112 108 105 9 115 46 5 107 80 109 65 34 105 19 100 95 107 108 96 65 108 52 5 34 94 51 96 48 103 54 24 51 65 54 26 2 67 112 67 13 17 93 23 30 2
split_gain=10757.7 2649.46 437.718 195.09 133.564 77.6535 63.9918 49.5031 44.7472 39.212 36.2756 27.8431 19.9439 19.7295 17.6991 14.573 12.3799 11.4047 10.7377 9.86997 9.44731 8.98516 18.4228 12.4453 9.41145 12.1812 10.1787 8.94295 8.7224 12.2112 8.63656 8.5046 8.45733 8.35458 7.97913 8.19454 7.8188 7.69855 7.68352 7.64162 8.57494 8.27094 7.56084 9.7157 7.5165 7.38459 7.23902 7.16697 7.19883 7.04157 7.01156 6.95995 6.90806 9.6751 9.50476 7.42148 6.60929 6.60206 6.59795 6.5513 6.54994 9.33865 6.47306 6.26109 6.20821 5.96101 5.85882 5.85354 6.21826 5.78435 6.40668 5.56019 4.9937 4.61101 4.46292 4.43227 4.18447 4.11995 4.10645 3.94411 3.67238 3.6152 3.23249 3.47345 7.54673 2.91344 2.58806 2.48732 3.6354 2.69359 2.42355 2.34252 2.24095 2.16414 2.02423 2.33507 2.01713 1.88037 1.70667 1.41882 0.789175 0.563763 0.149528 0.102085
threshold=6.5000000000000009 0.045435681939125068 0.019607842899858955 2.6735538244247441 21.500000000000004 0.083835341036319747 0.83390802145004284 0.10880326852202417 11.500000000000002 0.08842144533991815 1.5000000000000002 1.6105993390083315 1.6120507717132571 0.89023035764694225 1.5000000000000002 2.5000000000000004 4.5000000000000009 6.822251796722413 3.5000000000000004 0.85777497291564953 1.026842534542084 7.6591689586639413 12.107650756835939 6.5742275714874276 8.5816440582275408 1.5314757823944094 2.5000000000000004 1.4978661537170412 0.92077562212944042 0.19931507110595706 9.359312057495119 10.006258487701418 0.42807881534099584 0.23205128312110904 0.720952868461609 1.2094135880470278 17.500000000000004 0.1766968369483948 5.5625262260437021 9.2903194427490252 1.0000000180025095e-35 -8.4698524475097638 23.500000000000004 1.5135873556137087 67.500000000000014 10.500000000000002 0.59798866510391246 10.679923534393312 9.1826419830322283 0.29733669757843023 1.5964131355285647 12.500000000000002 1.3821102380752566 1.9259847998619082 2.9174053668975835 3.1247247457504277 7.877162218093873 1.4758781194686892 7.6589567661285409 -6.6494159698486319 6.7819142341613778 1.8820309638977053 40.500000000000007 0.00060258916346356284 0.20599461346864703 5.5000000000000009 0.78758147358894359 1.0000000180025095e-35 0.0030801832908764486 10.76763963699341 26.500000000000004 1.6889064908027651 35.500000000000007 0.55627679824829113 6.1690351963043222 6.4066481590271005 9.6723752021789569 0.18834459781646731 7.0945127010345468 8.6602816581726092 0.62425994873046886 4.5000000000000009 21.500000000000004 11.636918067932131 0.80487802624702465 0.42600645124912268 0.033445188775658614 1.1162948012351992 1.2358288764953616 27.500000000000004 0.27272720634937292 9.8857212066650408 1.2596296072006228 1.5000000000000002 0.80883869528770458 10.372318267822267 3.5061160326004033 9.4696540832519549 10.500000000000002 13.500000000000002 3.5000000000000004 4.5000000000000009 7.5000000000000009 1.4058027267456057
decision_type=2 2 2 2 2 2 2 2 2 2 2 2 2 2 2 2 2 2 2 2 2 2 2 2 2 2 2 2 2 2 2 2 2 2 2 2 2 2 2 2 2 2 2 2 2 2 2 2 2 2 2 2 2 2 2 2 2 2 2 2 2 2 2 2 2 2 2 2 2 2 2 2 2 2 2 2 2 2 2 2 2 2 2 2 2 2 2 2 2 2 2 2 2 2 2 2 2 2 2 2 2 2 2 2
left_child=1 5 6 8 32 64 9 27 14 13 51 16 20 33 21 94 60 42 34 31 81 24 23 -23 25 -3 -26 82 29 44 66 -12 93 100 46 -36 59 58 -7 40 41 -34 -15 -44 -18 -11 -16 48 -19 65 73 -10 54 55 -14 -54 -43 -33 -22 -20 78 79 -63 -31 -1 -32 -29 68 -47 74 -71 -55 -70 -30 -53 -41 -49 -68 -5 -62 -40 90 -6 91 -85 -38 98 88 -69 -89 -13 -84 -56 -4 96 -96 99 -52 -17 -9 -2 -88 -8 -97
right_child=2 3 4 11 7 38 102 15 10 45 19 12 52 17 18 86 28 47 36 -21 37 22 -24 -25 26 -27 -28 30 50 63 49 57 39 -35 35 -37 85 -39 80 75 -42 56 43 -45 -46 67 -48 76 -50 -51 97 69 53 71 92 -57 -58 -59 -60 -61 61 62 -64 -65 -66 -67 77 87 72 70 -72 -73 -74 -75 -76 -77 -78 -79 -80 -81 -82 -83 83 84 -86 -87 101 89 -90 -91 -92 -93 -94 -95 95 103 -98 -99 -100 -101 -102 -103 -104 -105
leaf_value=0.062001727074991679 0.051145690548644832 0.023032884941281927 -0.009213231240061636 0.022927580627605262 0.0010830192692103462 0.023920167080280125 0.059206945925630673 -0.014776194426558878 -0.013817180946699559 0.0066042295762936886 0.018721419221963031 0.053875090305404161 0.0063235358031930051 0.0351714203107171 0.0066199446233394998 -0.0075910711502755086 0.041564170983229697 -0.013581787252655112 0.024956358448084227 0.015515244152604577 0.021655131298088871 0.029282621324271143 0.060948269376261445 0.010161016047027906 0.0078252922884634486 0.0082616009137799554 -0.0029680172040792954 0.019253814298202731 -0.00089272745476193455 -0.024664968250147391 0.00099947554985100814 -0.014071120527932102 0.048182766530930281 0.0021961588904817232 -0.0090896640194056307 0.018972261534433977 -0.005908900439951327 0.009010779435422429 -0.001992975960642243 -0.024261374337502889 -0.014437838614138691 -0.016371518131049374 0.030966237345481373 -0.010218281878095889 0.0082592259673273365 -0.041285362765585115 -0.001083834900936771 -0.026423534321941562 0.02629113358433758 -0.030205478598358981 0.0076861071273954147 0.024068131511164714 0.0036946578000598891 0.0023123466281228292 0.049674185681338294 0.01848209506389727 0.025740050262431598 -0.036770498949931743 0.034442474170026181 -0.0046335366963089234 0.022355616579289399 0.029656800119314181 0.0084947000812662377 0.0021421798780818235 0.030258555547397582 0.058602244196224888 -0.0092560225430290879 0.012369679803076171 0.0078630087172164003 0.052194530106985104 0.0091152066425955695 0.026500243414070021 -0.02476676661282258 0.017513675352170213 -0.0095534469868177041 0.010156186904922919 -0.001731249017136511 -0.035964994952120632 0.052957162498699299 0.042326386237264146 -0.036888721713957254 0.023766447490404678 -0.0020986693585435131 0.026929023864972208 -0.041570017565223022 -0.047785757651308713 -0.048975093867197624 -0.041034062505323182 -0.031938315904142027 -0.0060588352366103618 0.029973894590534816 -0.038828769492528864 0.025489242980359442 -0.038367744861083485 0 -0.04087278878552441 -0.0026049614613559897 -0.010676610054431813 -0.038636785675033591 -0.046443595330244475 0.029581257557885154 -0.051305602905875138 0.039154372992382135 -0.024941878184856478
leaf_weight=3960.3933117203414 21.652125723659992 167.39012506604195 16.80026683956385 24.356356635689735 5.295997515320777 16.627628184854984 29.145690027624369 6.2281450666487208 18.778244502842426 16.544780414551497 7.9164328873157492 78.532680451869965 25.810633420944214 24.093052625656128 727.70310625433922 7.2210284173488608 24.451268598437309 22.058268301188946 18.30991043895483 12.485518511384724 159.77533333003521 96.238764688372612 18.760508976876736 743.40717928856611 571.89423827826977 864.73966493457556 350.15921275690198 5.6663641892373553 33.363714948296547 31.891641482710838 11.849410085007554 48.307817444205284 22.011966299265623 19.718614976853132 29.622043281793594 158.16767357289791 7.4208887852728393 47.186096236109734 19.310763649642471 23.179556965827942 16.557154078036547 13.939660910516976 19.379360310733318 43.825480073690414 54.878996610641479 14.564235117286442 520.0919168703258 59.794049922376871 20.14053600654006 6.9962543677538624 27.249747812747955 15.563438348472117 147.12579062581062 27.117679819464684 45.999671712517738 208.53159083425999 21.788332775235176 127.69229335337877 379.018902733922 318.24380233883858 55.467681601643562 52.348918482661247 122.63779240846634 60.390119478106499 20.948924548923969 6.1716418899595729 22.626604672521353 6.4801402650773552 28.762769062072039 18.931345760822296 17.400971546769142 299.21232394874096 17.490786861628294 2209.0100684165955 21.612806588411331 13.489817425608633 25.376415222883224 55.116042722016573 34.775090381503105 64.463383868336678 11.827570546418427 23.389501750469208 5.2058699093759051 6.1765538770705444 6.8886671867221594 12.488825261592863 1527.4602613337338 78.44239841774106 9.5432606004178506 7.2570605017244807 22.644885212182999 201.20142631046474 21.73149748146534 11.988040562719105 3.9956895820796481 361.84761769324541 3.3356032259762278 25.341447100043297 27.769077362492681 699.20560844428837 21.339569929987192 4764.2019344642758 22.00753740221262 12.859868448227642
leaf_count=25111 98 985 156 100 104 102 151 168 118 116 74 384 113 138 5420 196 105 243 141 176 654 549 105 4262 3211 4835 2076 114 141 152 257 991 176 135 179 953 100 198 139 194 138 119 142 316 238 291 4012 701 210 170 111 103 598 109 204 841 176 2694 1589 2497 230 214 507 266 101 124 346 143 505 121 110 1200 357 9299 158 113 301 1261 143 268 118 100 119 140 191 227 51373 1771 187 83 98 5363 102 133 108 10598 103 104 809 21969 108 163948 103 357
internal_value=-0.000808349 0.0272834 -0.045076 0.0124699 -0.047972 0.0610885 -5.14993e-05 -0.0488458 0.00563371 -0.00607272 -0.0134039 0.0202303 0.0257967 0.00567547 0.00683342 -0.0496994 0.0172819 -0.00154322 0.00293831 -0.0255078 0.0318998 0.00930877 0.0135897 0.0124129 0.00741419 0.0106968 0.00371743 -0.0296826 0.0159965 0.00498675 -0.017332 -0.0284496 0.000397909 0.0300007 0.00486981 0.014456 -0.00480032 0.0290344 -0.00201958 0.00677817 0.0159483 0.0249754 0.0122024 0.00267996 0.0192291 -0.0242203 0.00340349 -0.0110744 0.00546905 0.00777924 0.0168117 0.0122446 0.0201414 0.0182828 0.033084 0.0124341 0.00904352 -0.030768 0.0307396 -0.00289055 0.026103 0.0227619 0.0150805 -0.0072618 0.0618487 0.024226 -0.0249859 -0.0274506 -0.0143715 0.0191787 0.0330059 0.0245405 -0.00465691 0.0172349 0.00465087 -0.0114364 -0.0193392 -0.02864 0.0416261 0.0335626 -0.0166403 0.0447938 -0.0354418 -0.0363698 -0.00906234 -0.0341518 -0.0506649 -0.0348509 -0.0139237 -0.0383422 0.0491391 -0.0379723 0.0427793 -0.0229828 -0.0440114 -0.0400499 -0.0460249 -0.00102793 -0.0330792 -0.0462101 0.0420248 -0.0507532 0.0521309 -0.0404543
internal_weight=21623.8 13229.1 8394.69 9200.03 7887.07 4029.11 507.616 7747.32 4893.33 456.463 288.689 4306.7 1486.08 277.377 4604.64 7414.12 2820.63 214.667 1792.05 196.402 710.547 2812.59 858.406 839.646 1954.18 1032.13 922.053 333.195 2466.58 171.612 108.426 183.917 139.755 62.7103 1435.58 187.79 356.463 585.98 47.766 110.966 74.2971 57.74 87.2979 63.2048 79.3303 179.085 1247.8 127.369 42.1988 25.0173 2294.96 92.2868 775.529 681.987 93.5418 355.657 35.728 176 538.794 336.554 354.049 294.918 174.987 92.2818 3981.34 18.0211 83.409 162.541 60.8178 73.5086 36.3323 326.33 46.2536 2242.37 37.1762 36.6694 85.1705 77.7426 59.1314 119.931 31.1383 124.567 224.769 219.473 13.0652 19.9097 6326.65 101.723 16.0234 85.6995 101.178 206.407 67.7312 28.7883 1087.47 378.703 708.769 52.5912 34.9901 705.434 42.9917 6291.66 51.1532 374.707
internal_count=342858 77736 265122 52165 259023 25571 6099 257818 34097 5845 4545 18068 6190 2392 29552 249629 11878 2051 13529 3935 3023 16023 4916 4811 11107 5820 5287 8189 10416 761 2272 3759 1205 341 10564 1132 2965 2441 359 916 609 471 596 458 343 3453 9432 1455 453 551 9655 610 3167 2748 419 1439 295 3685 2243 2638 1462 1219 721 418 25212 381 1721 3337 1153 492 231 1309 862 9440 261 307 1002 1607 243 498 257 582 5917 5813 331 327 216326 2184 330 1854 482 5482 306 289 33303 11063 22240 215 1005 22137 206 215321 254 10955
is_linear=0
shrinkage=0.05


Tree=30
num_leaves=101
num_cat=0
split_feature=30 103 13 0 21 21 0 42 32 0 93 98 13 38 3 69 109 49 4 103 52 65 23 3 97 108 9 4 32 3 23 103 71 65 105 98 77 17 65 109 103 91 52 95 103 67 115 52 113 102 109 109 100 108 54 113 49 100 105 100 113 65 112 113 76 111 76 107 113 109 76 82 97 71 100 100 103 103 19 113 97 67 94 0 21 97 107 94 61 2 84 94 111 97 67 109 112 102 97 80
split_gain=10142.3 2547.77 345.816 220.111 117.915 72.4598 66.944 48.5494 39.8838 36.2102 34.9793 29.8936 22.9902 20.1802 18.4511 16.707 16.5569 16.1898 43.0191 15.5749 14.6944 13.9123 13.4341 19.6096 19.9827 11.6024 10.1583 10.1152 9.8211 11.3408 9.44488 9.40023 8.88584 8.84092 8.83012 9.6462 8.71749 8.58057 8.40825 8.82106 10.9858 8.68961 8.21116 8.00694 7.36399 7.71577 7.33138 7.30249 7.25442 11.1052 7.19287 8.47594 7.04717 6.91745 6.90673 6.45347 6.41224 6.39908 8.35017 6.2949 6.7159 6.18341 6.06866 5.96527 6.5715 5.86938 15.1715 5.59269 5.53406 5.39003 5.11 5.4964 7.31145 5.22631 4.966 5.11028 4.93376 4.88915 4.85868 4.38281 4.26884 4.04113 3.62772 3.30999 2.58882 3.97379 2.4949 2.10515 1.98992 1.83881 1.65823 1.63914 6.23645 2.77535 1.55146 0.853198 0.792923 0.755165 0.521819 0.0561509
threshold=5.5000000000000009 0.045435681939125068 2.5000000000000004 2.5249279737472539 21.500000000000004 50.500000000000007 1.7005987167358401 0.059411764144897468 11.500000000000002 3.1567740440368657 1.5000000000000002 11.500000000000002 1.5000000000000002 7.5000000000000009 1.3286613225936892 2.7794400453567509 0.0050497578922659167 0.16666664928197863 4.5000000000000009 0.84672909975051891 0.87555310130119335 10.76763963699341 4.5000000000000009 0.65612512826919567 0.36181819438934332 8.2498393058776873 82.500000000000014 3.5000000000000004 7.5000000000000009 2.4029204845428471 1.5000000000000002 2.0082792043685918 8.1271429061889666 11.404586315155031 2.4054743051528935 7.5000000000000009 20.500000000000004 78.500000000000014 9.4643807411193865 0.00010292361184838229 5.4372019767761239 3.5000000000000004 0.80658715963363659 8.5875597000122088 1.6414586901664736 7.0094542503356942 0.000579798739636317 0.64221528172492992 -8.790181636810301 10.197588443756105 1.1845754384994509 0.00028475852741394197 1.3819097280502322 5.78049659729004 1.1215816736221316 -7.2866075038909903 0.31170834600925451 0.55627679824829113 1.6765416264533999 1.4046661853790285 -8.6864590644836408 11.53651809692383 -6.6693732738494864 -8.8830614089965803 21.500000000000004 -8.3754076957702619 33.500000000000007 1.4367581605911257 -8.8339905738830549 0.0088850753381848353 3.5000000000000004 2.5000000000000004 0.49193547666072851 7.2310624122619638 0.64666676521301281 11.474400997161867 0.45724381506443029 1.6213137507438662 22.500000000000004 -8.7358765602111799 0.40370370447635656 11.272821903228762 9.206306457519533 1.4978661537170412 38.500000000000007 0.45227272808551794 1.5235719084739687 10.691042900085451 8.1550145149230975 2.0088856220245366 0.24575784057378772 9.6724562644958514 -15.100075721740721 0.20526316016912463 8.7728600502014178 0.52570530772209179 -0.37546268105506891 1.0490702986717226 0.46547618508338934 1.0000000180025095e-35
decision_type=2 2 2 2 2 2 2 2 2 2 2 2 2 2 2 2 2 2 2 2 2 2 2 2 2 2 2 2 2 2 2 2 2 2 2 2 2 2 2 2 2 2 2 2 2 2 2 2 2 2 2 2 2 2 2 2 2 2 2 2 2 2 2 2 2 2 2 2 2 2 2 2 2 2 2 2 2 2 2 2 2 2 2 2 2 2 2 2 2 2 2 2 2 2 2 2 2 2 2 2
left_child=1 6 5 8 50 12 90 11 15 20 36 42 21 59 94 16 31 -8 -19 27 46 25 23 24 -9 54 68 95 29 -18 74 53 -30 81 35 -27 79 -13 41 76 -41 62 84 97 52 -46 48 -36 56 -50 51 55 -21 -3 -2 88 -5 -48 -59 60 -14 -35 -17 -61 -65 66 -38 -63 96 -70 -53 72 -72 -73 -12 -76 -40 -22 -32 -10 -26 -23 -56 99 85 -6 -83 -80 -4 -86 -1 93 -93 -28 -11 -16 -15 -7 -85 -25
right_child=2 3 4 9 7 43 17 22 10 14 30 37 13 26 19 38 28 18 -20 44 77 33 -24 83 80 34 91 -29 32 -31 78 -33 -34 61 47 -37 65 -39 39 40 -42 -43 -44 -45 45 -47 57 -49 49 -51 -52 70 -54 -55 82 -57 -58 58 -60 63 -62 67 -64 64 -66 -67 -68 -69 69 -71 71 73 -74 -75 75 -77 -78 -79 87 -81 -82 86 -84 98 89 -87 -88 -89 -90 -91 -92 92 -94 -95 -96 -97 -98 -99 -100 -101
leaf_value=-0.039650532419644474 0.014106978515073193 0.043464812613395992 -0.039581263629142382 -0.011683188659179647 -0.020493424998273464 0.035121314146189291 0.061433803049402408 0.039285308142573742 -0.02681670130551473 0.031890093800123663 0.020124403099306337 0.035618331958557403 -0.0080062457978310724 -0.014108996521269374 0.041029250623192896 -0.012982664195634064 0.0011691646064483972 0.064620397395028548 -0.010493298083113056 0.011897484413403034 0.0563614316400649 -0.0040825257346062986 -0.051217171167832157 -0.044808153601234205 -0.0032929766232561563 0.018062142927544069 -0.012847978293595588 0.012293262123904096 0.020507811517094958 0.011652440624868273 0.00015238393969079707 0.049807756204197813 -0.0022207423837290931 0.032462852020382446 0.030652726079726966 0.069998733054417492 0.070103423234380333 -0.013651078554031713 0.017973635617959345 0.0059847795654685218 -0.0084095865446146469 0.031206276803218542 0.02465756118856649 0.014978513875293604 0.0015445147399826067 0.020168765730575852 -0.0054017529861659008 -0.01950474320227906 0.015362407160945685 -0.01182715118296195 -0.037849649497157398 -0.016878611762502198 0.026568139636834673 0.013980287575056528 -0.041199764247780331 0.011838442742276066 0.013679215720093577 0.022272128648574599 0.014476147143023671 0.017762676215516842 0.04460179081325899 -0.03724958266566266 0.004589262329893728 0.0047946939471610961 -0.031705455431315102 -8.9685210072641051e-05 0.0059903843028836666 0.0036391193871303505 -0.023810692671515549 0.0099330176922137713 0.050303882340307721 0.018869250653168322 0.0049386267664751418 -0.013967057924696514 -0.023110232169743762 0.01165123280741584 -0.012688136708044657 0.021315509623620763 -0.047042659936370392 0.010577835974254027 -0.044247012934979235 -0.015839152032070373 -0.0043880623870308994 -0.037362887192251101 -0.041861753058455513 -0.043979975642610913 -0.040433829549526956 -0.0014614652688868662 -0.010354423593952554 -0.0029705646828680913 -0.0086320572725206556 0.01354518649639145 -0.034462659610131084 -0.045342329310603044 0.05205307064429221 0.060753262922793462 -0.045871077366136485 0.058989924049624311 -0.046136659771444419 -0.048383767784737144
leaf_weight=11.049106907099487 15.241583071649073 20.563032940030098 20.380354456603531 67.92777431756258 70.812178967520595 18.85734885558486 3778.6643310748041 11.919366182759402 14.9559273570776 27.32711935043335 6.8904015496373168 20.414949836209416 10.607415974140169 5.8244150504469898 34.638136997818947 49.374204695224762 850.42632368952036 49.909457266330719 29.37484960258007 96.466449320316315 27.194374725222588 17.712037581950426 4536.6795532051474 439.7308057602495 9.757305318489669 34.723478753119707 9.5763088092207891 22.55098919570446 188.20779597759247 370.70785263925791 6.0826708618551484 21.035841699689627 54.259847834706306 10.626656662672756 9.7518557384610194 11.890303410589693 15.675385288894175 13.378582689911125 12.497966576367615 398.07327146828175 196.61573481746018 28.501675557345152 4.7047026492655268 28.640185557305813 60.098428130149841 1090.9180610775948 33.096163809299469 18.852769605815411 323.78402876108885 40.921161964535713 13.128166902810333 16.696224745362997 927.48184849321842 331.43322813138366 15.545952536165716 11.088433753699062 37.218757182359695 463.6414785310626 1505.2642143554986 12.71638494171202 10.894931131973861 10.285744272172449 1296.887935327366 18.087533824145794 32.595541290938854 16.406242419034243 21.43602692335844 26.858857214450836 18.501549430191517 27.194316552951932 15.920892555266617 20.34230749309063 19.990786723792553 25.66704972833395 107.06230441480875 10.407172899693249 196.6781055778265 21.389783099293709 59.699510784819722 13.309535801410673 22.467721052467823 20.402225386351347 12.769890855997799 181.06908289156854 113.68196495249867 28.254591541364789 36.505769923329353 3.2188909444957963 11.253405060619114 3.9374843575060359 9.6786112431436759 6.3848697021603575 68.300192467868328 92.646230923011899 60.079541251063347 36.163034915924072 10.426591143012045 24.982534438371658 85.950750913470984 1746.8026937134564
leaf_count=114 117 113 188 328 1835 97 24890 122 109 114 127 147 149 96 164 363 4768 287 163 394 132 193 163818 14906 212 325 230 93 1120 2015 85 123 335 107 80 85 106 106 104 2943 1560 192 45 152 241 4384 145 232 1560 200 112 149 3796 1865 164 104 183 2016 6549 148 127 111 9359 220 370 121 146 301 351 480 115 182 157 231 1880 171 1594 100 1869 101 654 212 130 5557 3094 780 421 96 110 47 108 166 1778 2471 309 181 190 124 2704 60181
internal_value=-0.000763022 0.0265028 -0.0447742 0.0121238 -0.0478008 -0.00938319 0.0604648 -0.0487168 0.00385882 0.0193904 -0.0144982 -0.0269512 -0.0154541 -0.0241353 0.0238611 0.00512416 0.00863689 0.0609486 0.0369889 0.022954 0.0151963 -0.00368176 -0.0494991 -0.0463455 -0.0124963 0.00840376 -0.0315429 0.0430832 0.00621789 0.00437021 -0.0260496 0.0180383 0.0153982 -0.0154507 0.0201973 0.0332873 0.0126701 0.0160784 0.00215435 -0.00189682 0.00119976 0.00452995 -0.0336281 0.0371537 0.0220563 0.0192083 0.0146355 -0.00139764 0.00891888 0.0122484 -0.00445412 -0.00091731 0.0252152 0.0159081 -0.0117347 -0.0192003 -0.00254575 0.0159645 0.0163326 -0.00299388 0.019385 0.00117417 0.00392366 -0.0110105 -0.0187244 0.024353 0.0350013 -0.008431 -0.0134231 -0.00383995 0.00707221 0.0122892 0.0265284 0.000477889 -0.0173313 -0.0198384 -0.0106937 0.0422322 -0.0409175 -0.00922683 -0.0328412 -0.0260387 -0.0259898 -0.0469424 -0.0351003 -0.0278475 -0.0324208 -0.0449543 -0.0304254 -0.0406976 -0.0271766 -0.0376655 -0.0300413 -0.0426245 0.0465061 0.0522934 -0.037205 0.0504452 -0.0404663 -0.0477005
internal_weight=21126.7 13045.2 8081.43 9166.57 7444.03 637.403 3878.68 7289.56 4290.41 4876.16 275.144 255.184 564.923 323.756 2355.72 4015.26 1836.63 3857.95 79.2843 2268.32 2520.44 241.167 7034.38 2497.7 44.1444 118.776 238.854 93.3522 1463.6 1221.13 193.361 373.032 242.468 122.391 75.2184 46.6138 81.7831 33.7935 2178.63 803.865 594.689 1374.76 221.391 72.4801 2174.96 1151.02 2471.85 28.6046 469.852 364.705 154.468 141.339 1023.95 351.996 43.5574 42.7222 105.147 2002 1968.91 84.9018 21.5023 47.7713 1346.26 63.3995 50.6831 53.5177 37.1114 37.1446 61.9469 45.6959 98.6173 81.921 35.9117 46.0094 124.36 117.469 209.176 48.5842 69.0011 28.2655 32.225 74.62 28.3158 2453.55 216.686 99.0668 56.908 62.9184 31.6338 117.619 20.7277 176.908 74.6851 102.223 87.4067 70.8012 16.251 43.8399 267.02 2186.53
internal_count=342899 77716 265183 52154 255556 9627 25562 254208 31265 20889 4811 6054 9254 6776 9676 26454 10339 25340 450 9253 11213 2478 248154 84336 988 1133 5762 438 8238 6783 4228 2101 1455 1345 722 410 583 253 16115 6201 4503 9914 5801 373 8815 4625 10981 312 2271 1760 1348 1236 4190 1978 411 402 511 8710 8565 1014 276 519 9722 738 590 373 252 412 1117 831 834 685 272 413 2178 2051 1698 232 2050 210 866 826 294 83348 5756 2615 633 1965 298 3141 222 4645 1944 2701 423 345 286 221 8261 75087
is_linear=0
shrinkage=0.05


Tree=31
num_leaves=105
num_cat=0
split_feature=24 103 44 0 25 48 44 13 3 3 0 25 0 52 93 103 101 103 13 17 48 105 2 113 74 40 0 82 5 49 52 34 3 44 71 71 63 105 11 108 99 34 67 2 103 53 46 105 0 9 53 111 49 109 44 48 76 67 95 112 32 112 113 105 34 49 112 76 67 95 109 0 103 105 46 49 53 100 105 99 34 105 91 44 96 95 113 112 53 115 76 3 95 102 111 19 50 61 63 67 99 103 63 74
split_gain=9347.67 2515.85 424.939 165.719 116.56 85.6681 55.0301 46.3125 66.1993 45.6608 25.4406 23.7666 17.6111 16.8818 14.4642 14.4627 11.3149 10.4473 10.1585 9.72668 9.23338 8.69846 8.61712 10.2191 10.5824 8.01524 7.77016 7.56095 7.46976 7.38356 10.6384 7.13599 7.11856 12.3567 7.02422 8.53916 7.33895 6.99941 6.89183 6.81914 6.6257 7.36595 8.74253 6.50227 6.12884 10.0346 8.25626 5.98409 6.43351 5.97408 6.75457 5.97015 5.90735 9.63598 5.82927 5.48016 5.1822 5.38792 5.16944 5.16544 4.87456 9.01897 10.6561 7.80806 6.77894 9.54698 8.37645 4.62516 4.32545 4.30499 4.19333 4.02505 4.56984 7.8689 3.64767 3.20632 4.05825 3.12715 3.0253 3.0252 2.86232 2.75666 2.7311 2.67177 2.71235 2.68426 2.66129 2.50043 2.18582 2.07332 1.64903 1.43899 1.43633 2.66235 1.39825 1.38841 1.25534 1.17413 1.13207 1.08812 0.58489 0.56655 0.0958617 0.0641585
threshold=6.5000000000000009 0.045435681939125068 0.10551619529724122 2.9700856208801274 17.500000000000004 0.019607842899858955 0.083835341036319747 1.5000000000000002 1.6874871253967287 0.82715183496475231 1.4978661537170412 16.500000000000004 3.3140207529067998 0.88939857482910167 1.5000000000000002 0.92400339245796215 11.436008930206301 7.838416814804078 1.5000000000000002 75.500000000000014 0.042274795472621925 8.0078735351562518 0.80095681548118602 -7.2810890674591056 2.5000000000000004 3.5000000000000004 2.2499048709869389 4.5000000000000009 3.5000000000000004 0.37483151257038122 0.59968945384025585 25.500000000000004 0.65612512826919567 0.091326106339693083 9.7741622924804705 10.260927200317385 10.13196897506714 5.5591962337493905 3.5000000000000004 9.2903194427490252 2.1382998228073125 21.500000000000004 11.886148929595949 0.3296808004379273 1.6314364075660708 0.64747309684753429 0.21070533245801928 2.4571635723114018 4.0517470836639413 75.500000000000014 0.30094340443611151 -8.3886332511901838 0.19999996572732928 0.19136273860931399 0.041960094124078758 0.12481883168220521 90.500000000000014 11.902254581451418 6.70845651626587 -6.4517357349395743 3.5000000000000004 -14.30015707015991 3.1545109748840336 2.0194193124771123 6.5000000000000009 0.37483151257038122 -14.29263401031494 88.500000000000014 13.091395378112795 6.3192203044891366 0.064031869173049941 1.4978661537170412 2.1344918012619023 6.3908290863037118 0.46720430254936224 0.24149502068758014 0.59290647506713878 9.6550140380859393 2.6820759773254399 1.9926571846008303 19.500000000000004 1.2291927933692934 13.500000000000002 0.3727151900529862 0.37549999356269842 11.356634616851808 -8.7227020263671857 -0.3091627955436706 0.77431482076644909 0.00057667039800435315 58.500000000000007 1.5420657992362978 7.5230491161346444 6.820523977279664 -8.3772253990173322 27.500000000000004 0.42857129871845251 4.9082701206207284 9.0443110466003436 13.679102420806887 5.0540456771850595 1.7126919031143191 10.336045265197756 9.5000000000000018
decision_type=2 2 2 2 2 2 2 2 2 2 2 2 2 2 2 2 2 2 2 2 2 2 2 2 2 2 2 2 2 2 2 2 2 2 2 2 2 2 2 2 2 2 2 2 2 2 2 2 2 2 2 2 2 2 2 2 2 2 2 2 2 2 2 2 2 2 2 2 2 2 2 2 2 2 2 2 2 2 2 2 2 2 2 2 2 2 2 2 2 2 2 2 2 2 2 2 2 2 2 2 2 2 2 2
left_child=1 6 5 7 21 9 52 13 20 19 38 12 60 16 31 28 17 26 40 54 49 27 34 24 -24 -13 -3 37 100 30 -18 69 33 -20 36 -36 -10 55 80 -39 75 -42 87 -8 45 46 -16 48 -17 -9 -51 -47 -1 -54 103 79 94 -58 89 -31 61 62 -5 -63 65 -62 -66 70 -56 -11 -33 92 81 -74 -29 76 -7 -19 -49 -4 98 -73 99 84 85 -60 -57 -43 -77 -12 -27 -22 93 -34 -46 -94 -40 -86 -6 -82 -14 -93 -100 -2
right_child=2 3 4 11 10 18 43 8 22 14 58 25 15 -15 44 47 29 77 32 -21 91 -23 23 -25 -26 90 -28 74 -30 59 -32 67 71 -35 35 -37 -38 39 96 -41 41 42 -44 -45 56 51 -48 78 -50 50 -52 -53 53 -55 68 86 57 -59 83 -61 64 63 -64 -65 66 -67 -68 -69 -70 -71 -72 72 73 -75 -76 88 -78 -79 -80 -81 82 -83 -84 -85 97 -87 -88 -89 -90 -91 -92 101 95 -95 -96 -97 -98 -99 102 -101 -102 -103 -104 -105
leaf_value=0.060659147415393244 0.061594389415319119 0.0056254592818512474 0.029658584129354154 0.00034455325263389882 -0.0026787100326824474 -0.030115832821876368 -0.01843770200105951 0.025196796674047412 0.0015808911052980733 0.040539893658626813 0.018901548323986037 0.055576655377608669 0.038400247439907123 0.045150276742488005 7.2045048951071013e-05 0.021687100769819695 -0.018298947543907752 -0.0030340018889788794 0.050999006225141356 0.0064482437624147392 -0.047966763360141967 -0.037714147891967774 0.037461290813137163 -0.016123352134454393 0.0080098389893288567 0.035461284834112004 0.010274213561704028 -0.039163344685509464 0.015108609982626767 0.017312645922990321 0.018735957474041148 -0.028176215811438327 -0.035881238963423816 -0.040317590912772823 0.03418849627579703 0.0009526146392826127 -0.014989431840020948 0.050890675295550539 -0.016392767013379238 0.0051361843789876445 0.043511797615548777 -0.029042044410210834 0.035387366321389765 0.01909762655165087 -0.022145934752124341 0.0013286155106957676 0.056111960165459364 0.036519139225405214 0.0052605784725603703 0.026269111210072239 -0.026375849755684341 -0.030045504845744298 0.010436084812464087 0.060463134139583985 0.0057189018090199875 -0.028407268288818621 -0.017573327558235093 0.025509352189804674 -0.032985599011245481 0.050791159445523495 0.031417287552065125 0.028510669432423037 0.028388131852044824 0.0072815000110633592 0.017751948690686171 0.0036605230188523422 0.0040084544173721055 0.017233548984143868 0.04362229936788091 0.0072768570318831318 0.004617861282731857 0 0.032190470941912623 -0.034774497255862145 0 -0.0091817643096921593 0.019444079809172697 -0.035820119452486962 0.019296150699652768 -0.0010855824238199716 -0.047274459123745227 -0.033413838442766235 -0.0036035182569199523 0.0025510669327177705 -0.035445504029268979 0.0045503290194247141 0 0.004062323477812442 -0.046384909126501471 -0.021657465003637258 0.01384069710348953 -0.009035710493608148 -0.0051915776739907072 -0.0034868643048369726 -0.044502625469419251 -0.042753778713913469 -0.050998138919989083 -0.045252427068398937 -0.036091048728753586 -0.013340070583623957 0.057660068722983841 -0.033011195643691239 -0.012362003425366228 0.041631418190000311
leaf_weight=3639.5920724906027 30.649782076478004 1471.6350086852908 14.734110422432424 216.14619398117065 5.9950981494039324 6.504846300929783 16.734563542529941 5.7136698402464381 1474.0670816190541 25.435800522565842 5.0433381982147676 61.881853893399239 26.945450574159622 31.178511619567871 16.69067091494799 1275.7718166261911 20.423372685909271 15.081754244863989 5.8357050120830518 22.58277852088213 57.90410809405148 12.960558816790579 48.685714930295944 22.652091078460217 83.608537144958973 22.707651302218437 2391.1219105869532 11.71941675245762 21.311868354678154 24.858416140079498 167.77960173413157 15.657847002148626 19.526427116245035 5.9539631828665733 34.314803466200829 43.567038595676422 68.428273379802704 15.144234508275984 5.2340011969208708 17.75197472423315 7.5089954622089854 20.134827967733145 7.6670414693653575 29.58496885932982 27.108882572501898 31.360840875655413 9.747233644127844 107.09534659981728 65.41027407348156 5.2365233562886706 76.618648672476411 26.646540384739637 19.32093009352684 20.693209454417229 16.798694964498285 15.380691915750502 24.104378074407578 8.5600554049015027 157.22081064805388 27.629446774721146 156.83909699320793 102.49523067474365 38.84930020570755 79.129738733172417 619.07841162383556 40.093237370252609 138.64487220346928 25.672801591455936 14.224754959344862 17.744858391582966 20.809070885181427 6.5387801993638268 8.1994577609002572 6.4870470818132153 11.330133251845835 7.2148751765489605 6.9306593500077724 14.689755853265522 45.183974653482437 14.396289452910422 1817.4701216835529 45.623745637014508 4.3549949247390023 3.4071729592978945 106.89730074815452 4.0789187159389249 16.291436269879345 6.6123234592378166 15.78945058211684 4.5667004007846117 22.114655494689941 6.9625746086239841 3.5927552469074717 10.624444173648952 17.019612815231085 111.71330535970628 4603.6518582440913 167.86596623063087 9.1926096603274328 4.602103302255272 40.635952487587929 9.362309303134678 4.3276332374662152 23.184402734041214
leaf_count=24938 154 9331 100 879 103 102 158 42 11155 137 119 328 134 151 169 5187 108 108 73 114 1786 109 282 135 496 105 11338 104 90 130 896 100 558 168 253 334 533 121 170 145 67 313 118 197 371 419 118 432 267 74 1641 388 99 121 140 135 322 109 4379 149 636 415 158 321 2531 165 565 153 71 108 121 161 211 174 101 118 105 106 182 100 64748 1137 111 105 3041 103 138 103 251 105 104 107 104 301 238 3426 174214 5478 188 129 210 145 98 108
internal_value=-0.000916224 0.0251022 -0.0444726 0.0110352 -0.0481125 -0.00658873 0.0597469 0.00625738 -0.000124811 0.00938215 -0.0489946 0.0204881 0.0196304 0.00922751 -0.00171901 0.0232632 0.00893783 0.00827656 -0.0263189 0.0366603 -0.0305956 -0.00106223 0.00267006 0.0138854 0.0192215 0.0436936 0.00850859 0.00334884 0.0429958 0.0194735 0.0145514 0.0125433 -0.031746 0.00478476 0.0015796 0.0160917 0.000825473 0.00976202 -0.0498125 0.0277914 -0.010369 0.00301752 -0.00698797 0.00517457 -0.0111263 -0.00162432 0.0229944 0.02204 0.0209002 -0.0188811 -0.0224759 -0.0133096 0.0604288 0.0377982 0.044333 -0.000266211 -0.0212161 -0.00536607 -0.0370893 0.0360424 0.015471 0.0109616 0.00479709 0.0194516 0.0175025 0.0258871 0.0152633 0.0013806 0.024616 0.0277976 -0.00975647 -0.0338407 -0.0224127 0.00151265 -0.0213176 -0.025544 -0.00449574 -0.0204732 0.0317119 0.0148292 -0.0468872 -0.0291893 -0.0471098 -0.0378801 -0.0382266 -0.0319418 -0.0144944 -0.020723 -0.0364012 0 0.0258035 -0.0436354 -0.0387424 -0.0254884 -0.0321672 -0.0417507 -0.0509664 -0.0416864 -0.0236982 -0.0472053 0.0511263 -0.0249675 -0.0311545 0.0545394
internal_weight=20617.9 12907.8 7710.08 9181.85 7033.62 676.458 3725.93 6101.52 1937.12 373.999 6903.91 3080.33 2973.63 4164.4 266.559 1582.35 4133.22 3892.53 302.459 107.44 161.798 129.709 1775.32 154.946 132.294 106.704 3862.76 116.748 88.8933 240.691 188.203 105.32 224.096 11.7897 1620.38 77.8818 1542.5 93.6987 6454.83 32.8962 78.363 41.9232 34.4142 46.3195 161.238 84.4453 26.4379 1493.46 1341.18 87.5688 81.8552 58.0074 3679.61 40.0141 84.8576 60.8025 76.7929 32.6644 449.08 52.4879 1391.28 436.62 254.995 181.625 954.656 196.932 757.723 62.1397 31.0234 43.1807 36.4669 212.306 66.849 14.6865 23.0496 36.4398 13.4355 29.7715 152.279 29.1304 1845.94 52.1625 1826.43 439.47 436.063 161.3 31.6721 26.7472 23.0043 9.61004 44.8223 74.229 145.457 30.1509 44.1285 115.306 4608.89 274.763 19.5153 1822.07 67.5814 16.3249 13.5202 53.8342
internal_count=342496 77522 264974 52009 254144 10830 25513 39300 16983 3340 253091 12709 12172 22317 2753 6502 22166 20883 7490 587 3795 1053 13188 913 778 537 20669 944 434 1283 1004 619 6313 241 12275 587 11688 739 239761 266 1177 601 534 355 2134 1094 287 6068 5454 1757 1715 807 25158 220 473 473 1040 431 13330 279 5670 1773 1037 736 3897 801 3096 374 211 245 221 6072 1683 385 205 576 207 214 614 200 65377 1298 64988 13106 13001 4482 273 416 369 224 209 2038 4389 859 609 3530 174384 8519 389 64877 344 252 286 262
is_linear=0
shrinkage=0.05


Tree=32
num_leaves=100
num_cat=0
split_feature=15 103 44 95 21 44 3 21 93 42 0 23 103 49 52 113 49 21 0 0 0 21 9 65 65 65 17 63 72 24 3 69 108 38 114 108 74 94 77 49 4 103 108 103 94 46 0 105 63 107 32 95 53 9 65 114 93 46 9 77 115 9 0 65 95 3 50 65 5 77 21 3 9 107 107 101 77 23 17 50 32 103 95 15 38 101 77 53 65 23 15 17 0 97 69 4 3 65 115
split_gain=8771.87 2404.42 381.864 163.65 124.369 67.372 64.0207 47.2296 51.0951 29.7684 27.3582 26.8407 21.1248 19.5214 15.0938 13.2109 12.5421 11.3456 11.967 11.3799 10.8747 11.2866 9.59391 9.57142 10.2096 8.99844 8.12039 7.80708 7.78785 7.68589 7.53157 8.49976 7.34808 9.52544 8.13671 7.99089 9.84946 8.72843 7.25409 7.19508 7.42991 11.4214 7.14343 7.13454 7.07666 10.5102 7.02978 6.49711 6.38257 7.12557 6.11904 6.60713 6.01395 5.76097 8.20905 5.82091 5.49641 5.41463 5.17271 5.09899 4.94527 10.9346 4.78068 5.94159 4.69134 4.62763 4.62728 4.58853 4.18403 3.67568 3.64494 3.52065 3.18745 3.02326 2.99863 3.51149 2.99796 3.14941 2.87756 2.69113 3.36622 2.61428 2.59311 2.40216 2.24696 2.22575 2.07665 2.02667 1.70589 1.57456 1.49434 2.94586 1.4159 1.96728 0.889134 0.795207 0.791601 0.232604 0.0793657
threshold=6.5000000000000009 0.045435681939125068 0.10551619529724122 3.1962211132049565 23.500000000000004 0.055867666378617294 0.95838922262191784 23.500000000000004 2.5000000000000004 0.048199767246842391 1.4978661537170412 2.5000000000000004 1.242550849914551 0.071796756237745299 0.88939857482910167 -8.790181636810301 0.23076922446489337 19.500000000000004 2.9174053668975835 3.3140207529067998 2.2499048709869389 15.500000000000002 77.500000000000014 10.30285692214966 10.996525287628176 9.9352564811706561 22.500000000000004 8.3116230964660662 1.0000000180025095e-35 3.5000000000000004 0.71034014225006115 6.623882770538331 8.2054576873779315 4.5000000000000009 3.3131952285766606 8.5655403137207049 1.5000000000000002 8.7093849182128924 36.500000000000007 0.38375236093997961 2.5000000000000004 0.75272798538208019 5.9089112281799325 1.7686034440994265 9.1585631370544451 0.2145502641797066 1.8688348531723025 6.5826220512390146 10.353010177612306 1.5630083680152895 4.5000000000000009 5.3538231849670419 0.99640288949012767 67.500000000000014 8.9603614807128924 3.3455370664596562 2.5000000000000004 0.21070533245801928 71.500000000000014 6.5000000000000009 0.00069179004640318464 79.500000000000014 1.4978661537170412 11.35807514190674 8.8767027854919451 1.1935127377510073 0.53334370255470287 8.7371311187744158 2.5000000000000004 20.500000000000004 28.500000000000004 1.4785890579223635 78.500000000000014 1.9478162527084353 1.2750260233879092 2.6542977094650273 2.5000000000000004 1.5000000000000002 19.500000000000004 0.38961027562618261 43.500000000000007 0.79117947816848766 9.059120178222658 11.500000000000002 42.500000000000007 2.1955564022064213 28.500000000000004 0.50352111458778392 11.075754642486574 4.5000000000000009 7.5000000000000009 18.500000000000004 1.2424533367156985 0.38675214350223547 9.282778739929201 1.5000000000000002 0.48684433102607733 10.108410358428957 0.00060452093021012853
decision_type=2 2 2 2 2 2 2 2 2 2 2 2 2 2 2 2 2 2 2 2 2 2 2 2 2 2 2 2 2 2 2 2 2 2 2 2 2 2 2 2 2 2 2 2 2 2 2 2 2 2 2 2 2 2 2 2 2 2 2 2 2 2 2 2 2 2 2 2 2 2 2 2 2 2 2 2 2 2 2 2 2 2 2 2 2 2 2 2 2 2 2 2 2 2 2 2 2 2 2
left_child=1 5 6 12 42 57 9 20 14 60 25 46 13 67 23 38 30 19 -19 58 32 50 48 28 -25 -8 44 -23 -9 -7 -11 -32 33 34 -5 36 -34 -37 -14 40 41 -15 -4 -21 45 -24 84 -35 49 -12 51 -22 -42 -44 -55 66 -48 -1 -17 -46 69 -62 94 70 -52 -51 -56 68 81 -2 -64 90 82 -40 83 -76 -18 -78 -65 80 -13 -3 -58 -28 92 -69 -31 -74 -20 96 91 -27 -6 -94 -10 -92 -81 -57 -79
right_child=2 3 4 7 11 29 10 8 62 16 22 79 15 39 -16 17 76 18 88 43 21 27 26 24 -26 71 74 -29 -30 86 31 -33 35 47 -36 37 -38 -39 73 -41 52 -43 53 -45 59 -47 56 -49 -50 65 64 -53 -54 54 55 97 72 -59 -60 -61 61 -63 63 78 -66 -67 -68 85 -70 -71 -72 -73 87 -75 75 -77 77 98 -80 89 -82 -83 -84 -85 -86 -87 -88 -89 -90 -91 95 -93 93 -95 -96 -97 -98 -99 -100
leaf_value=0.059931077400640936 0.029556880808253746 0.052195726925044518 0.033391318841059427 3.137980778860458e-05 -0.045385774559695238 0.019803506181443845 0.018596666200336717 -0.028881294695433397 -0.047158537353720949 0.040022092863430739 0.036599899981467898 0.011165084052091247 0.020808341927286828 0.055900392360286634 0.038152104458119646 0.012983589783445821 0.0048432811101483649 0.0066819841819283276 0.04686568933156731 0.023561262784564749 0.020442446544686063 0.0534732331457358 0.019874738342994837 0.015163693155493313 -0.010122440656525724 0.012177637021117476 0.0072476250223558157 0.01140557416638072 0.009544027585614033 0.00024581994255336108 0.030724825830876452 -0.041995913614883952 0.031511606396602103 -0.01014650171256759 0.0087682967844798978 0.0036333175032451947 0.0086467241791607693 0.014497992253731939 -0.00030501282520321838 0.00012781514820661371 -9.8389075011874759e-05 0.022624163947498568 0.022349311540069014 0.015984358269507504 -0.031336572017241597 -0.033324797885113951 0.015204044601050092 0.014092119938243159 -0.01504010255649689 -0.015748172105886415 0.0051597077326377364 0.0091579980261533005 0.027692918215394675 0.02207761846065364 0.021566550519539839 -0.020771591989335786 0.014546057195190285 0.030564636210412301 0.020317721824036322 0.0093201324882174127 0.050930125925730652 0.0021829129737898213 -0.0052444589518641652 -0.014960396266882192 0.015107931792885762 0.020260659847649503 -0.012749496223641752 0.032309163618344613 0.010753687706197147 0.065595557861244422 -0.04087745214786323 0.0089659123974152911 -0.0043177365052536401 -0.023588740337438636 -0.042755638585398575 -0.01858766030925034 0 -0.046007481942917886 0.032179582785637664 -0.010619108424842398 -0.040180047131951738 0.031093268859238007 -0.029077976170835601 -0.027493876467037454 -0.0017046728540475291 0.056227913482888983 -0.028370225952333378 -0.035716947166005632 0.025814658644683398 -0.051049204020322959 -0.031862136185926308 -0.029447188632272928 -0.03323454020767503 -0.043016840460993369 -0.01496262799103662 -0.044447135853947335 -0.048179115393147537 -0.045362799531772774 -0.020042448213922228
leaf_weight=3520.1985826641321 16.993076417595148 25.053029626607895 12.36641634069383 642.6197459846735 552.79308006726205 26.781726159155369 7.0371544845402232 48.044711833819747 73.072686998173594 16.009150529280308 24.111005485057831 4.3163980115205032 20.40510581433773 28.674043223261833 23.421675253659487 1648.3864565938711 5.640242137014865 34.511367954313755 64.376077875494957 732.21328896284103 191.36644272506237 22.922150112688541 11.332114033401011 86.967144438996911 70.964366791769862 4.1716576199978617 13.413676206022503 23.344872049987316 16.658893581479788 9.0708245877176523 5.9179066698998195 7.2128151468932629 65.294681631028652 218.91851039417088 456.61322086676955 1275.8874985519797 173.24294226802886 216.32395569235086 27.044104613363743 41.095116034150124 58.137162894010544 271.72206322848797 15.782793214544652 592.86531811952591 7.0324436742812386 32.844820780679584 5.2804012671113005 29.96421093121171 19.88112735375762 17.366928135976195 961.51931039243937 433.12846725434065 27.231803178787231 16.687777608633041 10.027493312954901 7.9439448248595026 6.250994408503173 21.947208926081657 294.82992239296436 74.721166837960482 22.091393351554871 23.604927422478795 10.824238946661351 4.8616091012954694 136.13839931041002 15.370204068720339 62.493161296471953 24.796324715018272 21.717416316270828 25.600424343720078 29.801269318908453 3.4830651059746733 6.5829457845538846 29.464903049170971 24.806538611650467 53.35637878254056 5.9826521389186409 15.018166270107033 4.983168201521039 3.0580627992749205 5.8224658351391554 91.785670325160027 4.4805163983255625 5.8605448119342318 3.9038286320865145 52.816021263599396 15.225734084844589 123.74461121112108 22.138558924198151 4122.8450878337026 59.787742298096418 17.618224892765284 130.69874055311084 230.36654377169907 4.969831481575965 63.503454776480794 1340.3100034166127 11.493298619985579 5.6191353537142268
leaf_count=25085 105 139 112 4439 19776 138 149 482 2400 110 172 120 111 128 117 6814 151 155 317 2973 915 113 157 888 743 93 225 132 151 109 77 131 442 1590 3124 8941 1229 1503 140 179 247 1139 118 2383 144 532 78 236 162 128 4861 2117 117 133 99 84 151 111 1341 1056 112 125 244 118 711 113 729 113 93 152 641 52 160 168 475 979 80 348 105 95 154 412 115 117 47 266 151 3453 111 163973 1716 467 4281 7816 165 1904 51556 155 146
internal_value=-0.000529829 0.0241979 -0.044411 0.0108099 -0.047858 0.0589431 -0.00635025 0.00493103 -0.0121336 0.0218484 -0.0156762 -0.0488447 0.0182735 0.0266447 0.00121661 0.0167068 -0.00472686 0.0171723 0.0323048 0.0165943 0.00625508 0.00938496 -0.00674643 -0.00285379 0.00375065 -0.032606 -0.0119856 0.0334813 -0.018845 0.00167679 0.0183671 -0.00874794 0.00445042 0.00167011 0.00367672 0.00660697 0.015105 0.00522803 -0.00361313 0.0202713 0.0223825 0.0260956 -0.000593161 0.0202007 -0.00342528 -0.0192548 -0.041329 -0.00712142 0.00831489 0.0168307 0.00870321 0.0126726 0.00897674 -0.00440765 -0.00863681 -0.0145825 -0.0302106 0.059765 0.0141163 0.00520114 0.0402115 0.0268308 -0.0374905 -0.0238732 0.00642158 0.00101299 -0.00752861 0.0389577 0.0325311 0.052939 -0.0321456 -0.0352596 -0.0321229 -0.012914 -0.0227284 -0.027044 -0.0257725 -0.0325273 0.00911904 -0.0502915 -0.01884 0.0363069 -0.00418222 -0.00405701 -0.0430388 0.04947 -0.017906 -0.034274 0.0421242 -0.0503428 -0.0364705 -0.0207777 -0.0432014 -0.0396556 -0.0455548 -0.0388808 -0.048113 -0.0379982 -0.0412265
internal_weight=20207 12924.3 7282.64 9331.12 6677.25 3593.22 605.388 5221.85 374.57 149.69 455.698 6540.45 4109.26 643.029 246.057 3466.24 61.4001 3389.32 121.026 3268.29 4847.28 1768.42 300.097 222.635 157.932 155.601 223.368 46.267 64.7036 51.0783 29.1399 13.1307 3078.86 1348.12 1099.23 1730.75 238.538 1492.21 76.9141 426.86 385.765 300.396 136.795 1325.08 125.931 44.1769 1064.1 248.883 76.7293 56.8481 1722.15 624.495 85.369 124.428 108.646 91.9579 146.339 3542.15 1943.22 81.7536 88.2898 45.6963 128.513 50.4703 1097.66 32.7371 72.5207 216.168 138.556 42.5935 40.6255 148.564 141.059 56.509 97.4371 78.1629 32.2602 26.62 9.84478 5476.35 10.1389 116.839 10.7315 19.2742 917.762 77.6123 24.2966 130.328 86.5146 5466.21 145.081 21.7899 913.858 361.065 78.0425 123.291 1343.37 19.4372 20.6373
internal_count=342730 79347 263383 53753 253205 25594 10178 36407 6054 1537 8641 251775 17346 2833 2381 14513 1043 14094 583 13511 30353 8849 4260 2264 1631 4381 3685 245 633 398 318 208 21504 9389 7563 12115 1671 10444 419 1810 1631 1267 1430 5356 1889 689 35877 1826 575 413 8604 3032 364 1318 1200 1067 3957 25196 8155 1200 494 237 3673 1108 5572 241 828 1023 644 257 885 4232 3879 308 1796 1454 725 574 223 215898 274 551 266 342 31920 379 260 3613 428 215624 4180 560 31873 12097 2565 3620 51651 239 494
is_linear=0
shrinkage=0.05


Tree=33
num_leaves=90
num_cat=0
split_feature=15 103 48 1 21 44 11 52 61 3 44 19 92 52 21 93 3 1 44 2 19 100 46 36 108 107 5 103 5 53 114 53 96 38 23 108 46 50 103 1 38 52 113 54 44 48 48 86 94 108 11 21 105 103 113 101 90 2 49 105 1 94 53 52 113 96 103 52 114 93 53 114 77 76 111 105 105 111 52 93 115 80 63 114 24 40 53 112 103
split_gain=8175.56 2334.92 346.344 135.418 118.788 64.128 49.7045 40.9226 40.1369 56.4886 26.9283 20.95 20.8985 18.47 18.2607 16.406 15.9087 14.1753 13.4305 9.43999 10.2383 9.60928 9.37982 8.77912 8.63225 8.41772 11.7385 8.27304 13.5828 9.60047 9.69366 8.26561 8.22969 8.09154 7.80424 7.78397 7.77545 7.57079 6.81139 6.46432 6.44879 6.4221 6.25866 6.03736 13.2169 5.93497 5.68396 5.46233 5.21686 5.1656 15.1145 10.1054 5.86351 6.57132 5.39537 5.70198 4.9397 4.84886 4.78884 4.58655 5.27992 4.26513 4.21664 5.76889 4.09054 4.03409 3.92323 5.38507 3.77776 5.39533 3.66145 3.62436 3.33641 4.50388 3.28975 3.14411 7.13643 4.85224 2.62423 2.61936 2.90113 2.51754 2.29628 2.15309 2.25004 1.61567 1.18414 0.848919 0.0448465
threshold=6.5000000000000009 0.045435681939125068 0.019607842899858955 17.500000000000004 23.500000000000004 0.074271079152822508 1.5000000000000002 0.83390802145004284 5.4375791549682626 1.6874871253967287 0.10551619529724122 16.500000000000004 1.5000000000000002 0.88939857482910167 28.500000000000004 2.5000000000000004 0.89023035764694225 35.500000000000007 0.10551619529724122 1.5788814425468447 6.5000000000000009 7.5783126354217538 0.1766968369483948 4.5000000000000009 6.2165563106536874 1.2540285587310793 6.5000000000000009 0.86290639638900768 4.5000000000000009 1.3252907395362856 3.3195428848266606 0.30094340443611151 0.18834459781646731 2.5000000000000004 4.5000000000000009 7.0806241035461435 0.20599461346864703 0.8538709580898286 1.1872452497482302 7.5000000000000009 9.5000000000000018 0.7209666669368745 -8.6479024887084943 1.7055052518844607 0.091326106339693083 0.083217911422252669 0.041117565706372268 0.37221671640872961 5.9076616764068612 7.9153389930725107 2.5000000000000004 11.500000000000002 1.6765416264533999 2.045395135879517 -8.8377361297607404 10.219769001007082 6.5000000000000009 0.79513397812843334 0.24999997764825824 1.2291927933692934 2.5000000000000004 6.2075331211090097 0.6012820601463319 0.73919272422790538 3.1634461879730229 0.30825792253017431 1.140074670314789 0.73082369565963756 3.2749886512756352 4.5000000000000009 0.64334636926651012 3.2890816926956181 19.500000000000004 14.500000000000002 -8.3148393630981428 1.8085499405860903 1.6640527248382571 5.7662971019744882 0.67078834772109996 2.5000000000000004 0.00060065652360208343 1.0000000180025095e-35 8.8617439270019549 3.4124004840850835 10.500000000000002 17.500000000000004 1.1220867037773135 -14.285007476806639 2.1344918012619023
decision_type=2 2 2 2 2 2 2 2 2 2 2 2 2 2 2 2 2 2 2 2 2 2 2 2 2 2 2 2 2 2 2 2 2 2 2 2 2 2 2 2 2 2 2 2 2 2 2 2 2 2 2 2 2 2 2 2 2 2 2 2 2 2 2 2 2 2 2 2 2 2 2 2 2 2 2 2 2 2 2 2 2 2 2 2 2 2 2 2 2
left_child=1 5 7 8 49 36 18 10 13 12 16 17 71 14 19 40 62 27 22 20 -3 -21 -6 -12 41 42 -27 28 61 33 -31 -13 35 -29 43 -18 -1 -7 87 70 -16 45 -26 -8 -45 -11 56 -37 -39 50 52 -51 -4 -54 55 -53 -14 83 -41 60 -24 -5 -2 -64 -33 -46 67 78 69 -68 -34 -10 -56 -74 -17 76 -40 -77 -25 -59 -81 -61 -50 85 -85 -20 -48 -19 -70
right_child=2 3 4 11 6 37 34 -9 9 24 23 31 46 -15 15 74 32 38 57 21 -22 -23 59 66 25 26 -28 29 -30 30 -32 64 39 -35 -36 47 -38 48 75 58 -42 -43 -44 44 65 -47 86 -49 82 51 -52 54 53 -55 72 -57 -58 79 -60 81 -62 -63 63 -65 -66 -67 68 -69 88 -71 -72 -73 73 -75 -76 77 -78 -79 -80 80 -82 -83 -84 84 -86 -87 -88 -89 -90
leaf_value=0.059351489763797262 0.035829677297748802 0.01334854213063412 -0.0012394938734107874 0.053938438001847937 0.034140756665544593 0.025728238124231279 -0.046967852368193314 0.046785382706430248 -0.0061608042796525925 -0.031585587568924038 0.014340082278019537 0.053926630323797575 -0.032021458111801147 0.045875554401679057 -0.028159210728590553 -0.043625434038009538 -0.026417877563039389 0.027155354846185632 -0.047024389317457525 0.042572294702297592 0.0072277582361392886 0.0042773325629698314 -0.024175311681371048 0 -0.019463845646566783 0.0036834355118897768 0.025006943174043575 0.010441919182520402 0 0.0066699287462947399 0.029875413253651104 0.012603476242897616 -0.0036923420541461168 0.016947832573589016 -0.050969916543497598 0.0036545038619643006 0.025089941752800434 0.010565791830742036 0.02608770466324389 0.0088369279680947412 0.0037004063339401115 -0.032566338919618562 0.0050050501025112291 0.045620900467996141 0.0079296349856932177 -0.00081912983370237443 -0.047971217699004254 0.033548624785491594 -0.046033168122090407 0.031325968709553419 -0.03189584481965628 0.032591434730409666 0.068456530744712377 0.015619541433599782 -0.040661080198658175 -0.018028443643447942 0.0016354316067172516 0.0065807649744689979 -0.017130871218021381 -0.022343367386159625 0.028535519242047482 0.024497538749189623 0.032396957798406671 -0.004707484108059371 0.04180241684063879 -0.042056434844662705 -0.0039948809786131056 0.031623798301355165 -0.048912393037758961 -0.038242098947342595 -0.04226658471000326 0.027466763155850345 0.0062814763886887108 -0.029739113318860328 0.00047381228232956326 0.021556078337071211 0.0030257770848058862 0.036115644214882198 -0.042228543665806514 -0.038002001939146934 -0.024194986407235983 -0.036862741307071949 -0.0086539435694797297 0.010382601047999304 -0.032931655088312001 -0.018006951900356154 -0.018429665057082389 0.044026430824103596 -0.02473865032801574
leaf_weight=3368.4784121066332 30.728801988065243 867.59891264140606 10.581483509391544 38.824558719992638 5.5037819128483525 18.353775909170508 1742.708759425208 38.09373763948679 16.393715351819996 16.133412636816502 10.885268386453388 55.603649243712425 36.898593569174409 31.35037499293685 16.477614443749189 29.409021217375994 16.368008192628622 25.71674507856369 221.63340694829822 39.86717788875103 3361.5746118873358 28.764227334409952 8.7838982846587914 6.671766899526121 63.790670804679394 1230.5576755851507 66.929469034075737 796.48164136707783 25.083637490868568 60.401225939393044 204.59523363411427 33.335516929626465 9.2264406979083997 1282.7272435128689 3927.9120736308396 85.684115756303072 20.681976951658726 12.19471017085016 75.584184795618057 29.581025719642639 134.83205796778202 21.427892379462719 41.83020706474781 4.4351969528943291 3.7938399482518426 149.32972066104412 72.25082585029304 17.536344792693853 9.0261651296168584 12.531300783157347 12.320131806656716 9.3047022335231322 11.167740426957609 14.380733948200939 17.662109687924385 9.8577729631215316 14.257491623982785 3.0475457534193984 39.37957550957799 106.58442036248744 7.3292158208787432 26.167477115988731 16.0758345015347 24.229493249207735 20.857157871127129 28.349770227447152 21.685599077492952 4.628177845850586 35.574518818408251 25.950788278132677 24.571657385677099 12.838745264336465 15.322565503418447 16.367626368999481 4.3454948272556058 241.80763174593449 62.078037738800049 85.747681885957718 6.9883572813123465 196.06427728198469 67.361035959795117 56.837585300207138 9.4508664384484273 3.6253065150231105 5.9063855055719614 8.5838125050067884 7.4108772221952668 52.715430736541748 7.1097554974257937
leaf_count=24978 156 4360 98 196 115 94 68789 197 153 120 81 316 883 155 124 665 120 126 8134 185 18683 135 240 163 500 9007 516 3234 104 246 834 154 147 5224 163955 652 107 92 311 347 978 149 336 53 101 1129 2348 133 89 95 138 98 93 132 243 115 365 68 574 2452 157 116 136 152 102 939 475 99 894 685 460 126 171 190 95 981 253 348 169 6551 2254 1591 113 128 216 316 95 253 183
internal_value=-0.000639594 0.0231108 -0.0441637 0.0101524 -0.0470907 0.0583355 -0.04805 -0.00175597 0.00592342 -0.000499021 -0.00641189 0.0187216 -0.0286744 0.0084148 0.00813533 -0.00716858 0.00173305 0.0179068 -0.0351665 0.00879892 0.00849007 0.0270998 -0.0231748 -0.0262655 0.0023552 0.003706 0.00481869 0.0162441 0.0312279 0.0156445 0.024691 0.0401904 -0.00483359 0.0144697 -0.0495991 0.00400718 0.0591566 0.00130978 0.0252684 -0.0151278 0 -0.00768183 -0.00974542 -0.0465268 -0.0242294 -0.00413571 -0.0371526 0.00923657 -0.0135095 0.000240714 0.0130022 -0.0073647 0.0292391 0.0416008 -0.0151035 0.00664866 -0.0226718 -0.0394487 -0.00589893 -0.0252555 0 0.0430552 0.0221004 0.0104839 0.0248441 -0.035769 -0.0305659 -0.00792304 -0.0348374 -0.0234531 -0.032624 0.00890261 -0.0236931 -0.0125247 -0.0378859 0.0227741 0.0159046 0.0255451 -0.0237847 -0.0341229 -0.0346661 -0.0277431 -0.0294999 -0.0450778 -0.0163792 -0.0461092 -0.0457376 0.0392332 -0.0460887
internal_weight=19769.1 12790.2 6978.93 9352 6527.96 3438.19 6398.46 450.969 6264.27 1750.05 412.876 3087.73 160.05 4514.22 4482.87 185.064 293.381 2977.93 691.261 4297.8 4229.17 68.6314 185.039 119.494 1590 1403.11 1297.49 2434.28 90.0757 2344.21 264.996 109.796 222.347 2079.21 5707.2 119.588 3389.16 49.0255 543.65 102.759 151.31 186.891 105.621 1779.29 36.5788 165.463 130.818 103.22 30.6717 129.496 48.4501 81.0461 36.13 25.5485 68.5148 19.1625 51.1561 506.222 68.9606 179.535 16.1131 64.992 71.0341 40.3053 54.1927 32.1436 108.609 18.2883 90.3207 47.6364 33.7981 29.2325 49.3523 31.6902 33.7545 465.218 137.662 327.555 13.6601 266.473 263.425 163.422 18.477 239.749 9.53169 230.217 79.6617 78.4322 42.6843
internal_count=342633 79378 263255 53905 257432 25473 256059 5823 41107 15727 5626 12798 3970 25380 25225 1862 2877 12226 22222 23363 23043 320 4555 2749 11757 10359 9523 9954 416 9538 1080 572 2433 8458 233837 905 25085 388 2272 1528 1102 1398 836 69882 1093 1249 3691 785 294 1373 461 912 323 225 817 213 1248 17667 921 4440 397 312 444 288 256 1040 2668 431 2237 1160 607 279 604 361 760 1893 564 1329 332 8873 8805 4043 202 8794 344 8450 2443 379 1077
is_linear=0
shrinkage=0.05


Tree=34
num_leaves=96
num_cat=0
split_feature=24 103 50 0 2 21 15 13 96 51 51 19 38 19 3 51 84 108 103 2 52 97 65 61 95 0 5 96 23 99 2 108 82 112 109 112 76 115 107 0 5 67 4 109 32 3 100 107 38 46 0 111 76 82 111 108 17 54 111 102 84 100 69 101 65 97 40 102 36 108 107 54 63 11 67 96 17 0 107 74 103 67 2 94 63 2 36 23 67 54 61 61 67 108 46
split_gain=7641.27 2332.17 256.516 183.863 99.2364 79.2024 73.3465 55.2102 29.3911 28.3201 24.7904 22.5894 22.2601 22.1908 18.0504 16.5445 15.2045 13.7331 13.32 12.4829 11.3033 10.3989 9.91576 9.70394 11.5751 9.37308 9.05418 8.74643 8.40963 7.83403 7.09258 6.77321 6.70141 7.77388 12.3441 8.2922 6.48904 6.53369 6.40439 6.25696 7.19895 10.6396 6.88643 6.51309 6.97969 8.5209 6.06524 7.90633 5.84343 5.82996 5.72069 5.71671 5.67477 5.4451 8.70667 6.04487 5.35036 5.32431 5.10056 9.53893 5.53722 5.08386 5.00842 5.00056 6.38429 5.47212 4.85487 4.29191 6.10715 4.04752 3.84033 3.70439 3.57572 3.54464 4.95218 2.70811 2.39244 2.32985 2.1616 2.09919 2.05598 1.71125 1.41429 1.33056 1.55072 1.76195 0.965584 0.711194 2.65948 0.483138 0.460624 0.563141 0.400143 0.347201 0.0813315
threshold=7.5000000000000009 0.045435681939125068 0.5357140600681306 2.6735538244247441 1.8481920361518862 23.500000000000004 2.5000000000000004 1.5000000000000002 0.2524509876966477 0.46153844892978674 0.32466214895248419 15.500000000000002 30.500000000000004 19.500000000000004 1.5062947273254397 0.5149553418159486 0.24575784057378772 8.0886645317077654 1.026842534542084 1.4332342147827151 0.90089285373687755 0.39565217494964605 9.1796870231628436 6.6504795551300058 10.803680896759035 1.2424533367156985 5.5000000000000009 0.36406117677688604 2.5000000000000004 1.8172644376754763 0.67624482512474071 12.37063503265381 3.5000000000000004 -0.3091627955436706 0.75613877177238475 -0.26643353700637812 27.500000000000004 0.00059274054365232598 1.7151417136192324 3.0677825212478642 1.5000000000000002 7.8245320320129403 1.0000000180025095e-35 0.011188255157321693 3.5000000000000004 2.1245721578598027 1.695768475532532 2.118367195129395 13.500000000000002 0.27769909799098974 2.4414010047912602 -8.3551893234252912 45.500000000000007 3.5000000000000004 5.7525975704193124 9.6245069503784197 4.5000000000000009 1.2705517411231997 -14.987783908843992 9.3516821861267108 0.73863637447357189 0.72149154543876659 7.6028060913085946 2.0534824132919316 8.9603614807128924 0.44222222268581396 8.5000000000000018 2.4777979850769047 1.5000000000000002 10.61541271209717 1.5630083680152895 1.1123737096786501 9.0853285789489764 1.5000000000000002 12.21120595932007 0.20294117927551272 17.500000000000004 1.4978661537170412 1.5732076168060305 3.5000000000000004 0.79117947816848766 10.19602155685425 0.93851661682128917 10.125879764556887 9.1953783035278338 0.8813014328479768 6.5000000000000009 4.5000000000000009 13.432722568511965 1.4380482435226443 4.7515623569488534 4.3634169101715097 10.19602155685425 8.6224107742309588 0.20064935088157657
decision_type=2 2 2 2 2 2 2 2 2 2 2 2 2 2 2 2 2 2 2 2 2 2 2 2 2 2 2 2 2 2 2 2 2 2 2 2 2 2 2 2 2 2 2 2 2 2 2 2 2 2 2 2 2 2 2 2 2 2 2 2 2 2 2 2 2 2 2 2 2 2 2 2 2 2 2 2 2 2 2 2 2 2 2 2 2 2 2 2 2 2 2 2 2 2 2
left_child=1 6 4 5 8 16 30 20 12 -8 11 18 25 66 27 -6 22 78 61 73 21 38 63 26 -25 69 -24 31 81 -16 -1 50 33 34 -18 -35 70 -38 -7 40 41 56 -43 67 52 -46 71 -48 57 -11 -10 72 -45 55 -55 -20 -12 -27 59 -34 -60 -5 -50 64 -3 -65 -4 68 -41 89 -19 -42 -21 74 -9 -30 93 94 -17 -51 -63 -15 -75 90 -85 -86 -79 88 92 -2 91 -83 -77 -13 -29
right_child=2 3 13 10 15 7 9 19 14 49 39 76 -14 28 29 17 32 36 53 51 -22 -23 23 24 -26 48 -28 77 75 -31 -32 -33 58 35 -36 -37 37 -39 -40 43 46 42 -44 44 45 -47 47 -49 62 79 -52 -53 -54 54 -56 -57 -58 -59 60 -61 -62 80 -64 65 -66 -67 -68 -69 -70 -71 -72 -73 -74 82 -76 87 -78 86 -80 -81 -82 83 -84 84 85 -87 -88 -89 -90 -91 -92 -93 -94 -95 -96
leaf_value=0.01838569731447439 -0.04513370147375409 0.012395187860032061 -0.023823881529997985 0.012888532767938318 0.046584419306230071 0.012655446640734015 0.051293090713246794 -0.03312919942907204 -0.03019550596708406 -0.045735359487879622 0.030459675171746248 0.041090630315901974 0.034523554601966211 -0.002733009022929023 0.04365352407616771 -0.0056768387878854618 -0.0053145780721068521 0.051882239204035618 0.01740790643257923 -0.033890187120740455 0.045877125532621216 -0.038857323034735457 0.0077691834365417253 -0.0059475707928757348 0.030245422006864777 0.0017095438019195546 -0.0048538467189953773 -0.02240337947162338 0 -0.013142343091190604 0.05881709307368848 0.031061937119176587 0.022815061907029328 0.013255413428765548 0.010555062416874421 -0.0011010738359294541 0.024975270646230705 -0.013160085367120385 -0.0063540489967408176 0.031805203426399864 0.015065174019573635 0.0087895471483657502 -0.015338036518167298 0.022905772464523098 0.016524305844609843 0.028792863874715791 0.02795398817644586 0 -0.030687355620971891 0.0075630365626919126 0.018384827066004191 0.034387956448242989 0.0095649294906088086 0.016618337065691331 -0.016371112581189118 0.025447409678268321 0.0029716130558210935 -0.023348738969083949 -0.012587240851062024 -0.017008159335729169 -0.00064472069391426339 0.052085557075272099 0.014682248433064924 0.0054884409153446341 0.037931160557537917 0.011303046827160299 0.01290103673634743 -0.0069415616955125457 0.0065917151532956485 0 0.017694111685021031 -0.00068262210032091761 0.0046455094104204319 -0.046138516098062993 0.0025954225629441011 -0.016315695158363008 0.02980062833408792 -0.0032104750946837617 -0.035662664391948186 -0.01801417872780036 0.032994487118575458 -0.037326218224571446 -0.0084231553429538631 0 -0.041242511829811722 -0.0239871752335514 -0.035434798913180264 -0.050836234613620968 0 -0.014351293307830894 -0.045982428634523474 -0.01397845414578427 -0.048329182555632295 0.061129342374848142 -0.046173602781455214
leaf_weight=13.287785768508909 35.911111699417233 156.37706598639488 18.960404105484486 21.40438137948513 34.403005093336105 81.98479288443923 19.193450396880507 117.51152820140123 235.15700209327042 13.052583137527106 83.8729148209095 26.435777544975281 21.28188743069768 3.3513784781098357 8.4689984843134898 12.299611665308477 446.98299130983651 14.009708689525722 893.31566716730595 10.014049120247369 12.291684091091154 15.073176283389328 891.32299826107919 345.74981661699712 22.045874025672674 81.462189497426152 166.85559698194265 6.2602898590266696 2.7192113380879155 13.91474544815719 3244.7228526473045 3.4574027676135293 39.959600634872913 263.06485866382718 166.96715785935521 159.95648501813412 18.159902520477772 24.518010072410107 92.395821213722229 28.954803451895714 140.46753771603107 1035.9362889155746 28.825863912701607 109.41287299990654 369.83119790256023 247.2977452725172 167.89264044165611 29.773362427949905 45.706136515364051 13.400316426530482 5.0225454419851294 6.753109533339738 322.05177217721939 65.244158297777176 26.933623597025871 343.24766902625561 23.819841265678406 26.800082940608263 199.66822543926537 21.998864211142063 191.46334633976221 39.097767531871796 5.7603914681822053 956.20305500552058 29.087094821035862 722.15880297869444 14.412223901599644 37.353126257658005 128.83437386155128 6.4903417136520138 26.190146820619702 48.883297920227051 11.152962554246185 91.154951831325889 9.773341888561843 3.844186218455433 24.746187642216682 3.3846631776541463 14.197473088279365 15.41122938506305 53.981732934713364 22.304144442081455 3.9987035207450381 3.0095615033060303 108.22113669291139 29.971132196485996 129.3582671880722 3711.0960330460221 2.5358159784227601 4.1934361755847922 394.6059751752764 7.5053611602634183 1192.0986156538129 31.652130663394928 176.87782512232661
leaf_count=66 927 926 170 91 185 636 132 3249 7002 212 355 146 121 110 97 101 3158 111 3661 149 59 178 5097 2546 163 1326 1010 205 81 148 25028 97 318 1803 1168 1120 154 177 834 117 603 4436 124 442 1510 1000 726 129 733 91 82 101 1301 267 110 1405 103 456 1689 177 1274 224 111 5392 180 4396 132 152 526 159 173 213 174 3505 270 158 137 99 117 133 259 803 138 115 4196 1053 4033 162645 76 74 15308 283 50194 175 6688
internal_value=-0.000720401 0.0215452 -0.0450566 0.0090049 -0.021043 0.00269399 0.0576465 -0.01727 -0.0278409 0.00309975 0.0166258 0.0217736 -0.0124259 -0.0491991 -0.0338057 0.0170543 0.00458921 0.00717107 0.0202626 -0.0328851 0.00215824 -0.000963953 0.00648654 0.0033319 -0.00363703 -0.017531 0.00576527 -0.0355691 -0.0494471 0.00931998 0.0586638 -0.027952 0.000391197 0.00261329 -0.000967286 0.00781855 0.0172231 0.00313759 0.00255809 0.0138097 0.0116525 0.00965891 0.00810631 0.0164892 0.0180602 0.0215147 0.0176055 0.0237774 -0.0114804 -0.0197748 -0.0290304 -0.000939026 0.0130387 0.0187962 0.00676454 0.0196757 0.0245957 -0.00463678 -0.00466427 0.00845011 -0.00679151 0.0367323 -0.0251486 0.00889012 0.0167258 0.00800414 -0.00780446 0.00792325 0.0115372 -0.0370596 0.0312862 0.0109739 -0.0141807 -0.0368171 -0.0303102 -0.050169 0.0471532 -0.0412527 -0.0231507 -0.00600267 0.0418182 -0.043081 -0.0448124 -0.0432945 -0.0371037 -0.0378695 -0.0347327 -0.0501966 -0.0481467 -0.0427888 -0.0451928 -0.0327185 -0.0482552 0.0534415 -0.0456038
internal_weight=19348.2 12880.3 6467.92 9561.23 953.285 5231.97 3319.07 452.104 809.507 61.0576 4329.27 1526.06 227.606 5514.64 581.902 143.778 4779.86 109.375 1443.22 250.359 201.745 189.454 3289.8 1425.97 367.796 206.324 1058.18 559.518 5481.26 22.3837 3258.01 243.637 1490.06 1036.97 613.95 423.021 82.8778 42.6779 174.381 2803.21 1559.47 1172.45 1064.76 1243.74 1048.59 617.129 387.017 197.666 159.729 41.8641 240.18 27.9201 431.465 1328.74 92.1778 1236.56 107.693 108.262 453.09 61.9585 391.132 114.484 51.4665 1863.83 185.464 1678.36 33.3726 195.142 157.789 46.5949 40.1999 189.351 21.167 222.439 127.285 4912.29 82.8341 315.881 26.4971 28.8115 93.0795 568.969 95.1537 565.617 141.202 138.192 132.743 4909.57 1198.48 40.1045 424.415 29.8095 1195.94 58.0879 183.138
internal_count=342284 83584 258700 57922 23376 39710 25662 9293 22358 568 18212 6475 3907 235324 18451 1018 30417 833 6017 7586 1707 1648 19710 8816 2709 3786 6107 18206 235022 245 25094 7181 10707 7249 4326 2923 615 331 1470 11737 6689 5018 4560 5048 4253 2510 1671 855 2626 436 7084 424 1743 5443 377 5066 458 1782 3458 495 2963 574 844 10894 1106 9788 302 795 643 1160 284 816 323 7162 3519 213154 458 11025 218 224 483 21868 3643 21758 5364 5249 4132 213073 50428 1001 16394 1086 50352 321 6893
is_linear=0
shrinkage=0.05


Tree=35
num_leaves=107
num_cat=0
split_feature=24 103 44 44 34 44 3 3 44 23 103 49 0 49 100 93 2 19 0 2 44 98 53 40 19 65 113 105 49 61 3 99 114 65 95 17 93 94 46 65 24 53 49 98 115 53 113 69 108 115 97 111 99 103 114 67 103 94 67 54 86 38 103 115 101 90 99 67 76 23 113 34 86 111 77 23 2 71 67 112 76 77 53 76 54 94 114 100 46 54 50 38 108 65 100 38 114 105 99 38 3 46 67 105 50 36
split_gain=7123.89 2246.63 287.533 137.894 90.3455 77.3857 55.5859 39.4123 37.575 28.5643 21.9183 20.9983 20.9507 15.9478 14.7057 13.6128 11.2301 10.5579 10.1332 9.40561 9.30272 11.8042 9.0402 8.80605 9.25531 8.73801 8.55383 8.63981 12.5718 7.954 7.79123 9.61955 7.78636 7.64843 7.20373 7.49113 7.17018 7.11456 6.9596 6.949 6.73384 9.07465 6.26817 6.33253 6.18161 7.54781 6.68632 6.16941 5.97804 5.80136 10.7673 5.93361 5.76461 5.66128 5.5104 9.39292 5.49698 6.40457 5.44787 5.14097 6.12686 5.65464 4.63569 4.46632 4.44733 6.04525 4.60378 4.35734 7.23341 4.27096 3.88785 3.85981 3.04994 3.78702 2.98525 2.92728 2.91003 2.83805 2.72893 2.69029 2.50519 2.4157 2.35432 2.23446 2.15562 2.07616 2.06068 2.05799 1.94245 1.80222 1.58446 2.98993 1.40844 1.39888 1.13666 1.13547 0.957704 2.34693 0.896363 0.878727 0.843139 0.797116 0.699796 0.409663 0.25699 0.0683958
threshold=7.5000000000000009 0.045435681939125068 0.10551619529724122 0.047761620953679092 19.500000000000004 0.08842144533991815 0.95838922262191784 1.6874871253967287 0.091326106339693083 2.5000000000000004 0.9541052281856538 0.22222220152616504 1.4978661537170412 0.10749299451708795 0.95390754938125621 1.5000000000000002 1.8228593468666079 15.500000000000002 1.7005987167358401 0.83111417293548595 0.10880326852202417 2.5000000000000004 0.30094340443611151 3.5000000000000004 11.500000000000002 9.4643807411193865 3.225678682327271 1.9464761614799502 0.35645127296447759 5.5391240119934091 1.7589343190193178 10.004106044769289 3.5373963117599492 8.2498364448547381 7.129714012145997 20.500000000000004 3.5000000000000004 9.3219928741455096 0.21070533245801928 9.9352564811706561 2.5000000000000004 0.20204082131385806 0.14285712689161303 10.500000000000002 0.000579798739636317 0.40238095819950109 -8.7581591606140119 7.5153424739837655 6.1226134300231942 0.00037056308065075433 0.42582418024539953 -15.371944427490233 2.451436042785645 0.79117947816848766 3.1826773881912236 11.227221488952638 1.373120188713074 7.5326876640319833 11.749584674835207 1.2736185193061831 0.230463981628418 15.500000000000002 1.7924404740333559 0.69235739111900341 2.2736710309982304 5.5000000000000009 11.348753929138185 9.9472913742065447 42.500000000000007 1.5000000000000002 3.1247247457504277 44.500000000000007 0.27239304780960089 -8.4231424331665021 2.5000000000000004 4.5000000000000009 1.4437134861946108 7.1766304969787607 11.195770740509035 3.5091640949249272 23.500000000000004 90.500000000000014 0.45534290373325353 30.500000000000004 1.0779351592063906 12.067325592041017 -4.676346778869628 0.46635100245475775 0.19931507110595706 1.0845237374305727 0.38961027562618261 42.500000000000007 8.7178788185119647 11.011726856231691 0.81130042672157299 51.500000000000007 3.391609907150269 2.0571757555007939 9.111701965332033 4.5000000000000009 1.1935127377510073 0.27910543978214269 11.794355869293215 1.8977965116500857 0.25210078060626989 11.500000000000002
decision_type=2 2 2 2 2 2 2 2 2 2 2 2 2 2 2 2 2 2 2 2 2 2 2 2 2 2 2 2 2 2 2 2 2 2 2 2 2 2 2 2 2 2 2 2 2 2 2 2 2 2 2 2 2 2 2 2 2 2 2 2 2 2 2 2 2 2 2 2 2 2 2 2 2 2 2 2 2 2 2 2 2 2 2 2 2 2 2 2 2 2 2 2 2 2 2 2 2 2 2 2 2 2 2 2 2 2
left_child=1 5 6 10 20 40 11 9 29 19 14 42 39 17 33 54 69 48 89 79 21 30 92 24 37 -26 27 28 -15 44 77 -32 -29 -3 35 -21 64 -22 83 -8 -1 -42 -2 71 46 -46 -6 80 70 50 -25 -51 -50 98 -14 -56 -28 -58 -57 60 62 -62 -17 87 65 -10 -66 -23 -69 -13 -12 -44 78 -74 -71 82 -55 -5 -61 99 -9 -78 93 -31 -41 88 -86 -35 -36 -7 91 -84 -19 -11 -76 -92 101 -98 103 105 -37 -38 -88 -16 -101 -4
right_child=2 3 7 4 8 18 12 47 36 75 13 16 15 26 53 59 -18 22 -20 34 23 67 -24 49 25 -27 56 32 -30 38 31 -33 -34 63 85 100 96 -39 -40 84 41 -43 43 -45 45 -47 -48 -49 52 51 -52 -53 -54 76 55 58 57 -59 -60 72 61 -63 -64 -65 66 -67 -68 68 -70 74 -72 -73 73 -75 94 -77 81 -79 -80 -81 -82 -83 90 -85 86 -87 102 -89 -90 -91 95 -93 -94 -95 -96 -97 97 -99 -100 104 -102 -103 -104 -105 -106 -107
leaf_value=0.058287249717503813 0.053725728221890028 -0.010699183525608273 -0.0046029519278353147 0.042742932735690221 0.039421964909475998 -0.012653499456187821 0.015843165327265884 0.0248419086513684 0.017615239720442682 -0.029084361521407132 -0.0045603573599404439 0.0010530850863397351 -0.015976226269604411 0.010419611831270657 0.047199917282606835 0.011767315445540905 0.02731253768990724 0.032549428415712144 0.016818741737241762 0.040382004278607692 0.006321564110029685 0.045052830854409365 0.0083265088423431534 0.040629948572868724 0.0044721631049711007 -0.015423537468994292 0.037124221842688356 0.012798900423596812 -0.0020029226132636082 -0.011206213932039166 -0.0048448975450882028 0.02520783156290235 0.028110325908498181 0.01826869774496943 -0.011971913015988649 -0.037970064927704578 -0.046780108503011016 0.020270620571005763 0.024936683953451208 0 0.055695735011247097 0.0027202916209832285 0.022800158704942241 0.03522215668556495 0.018045669557649829 -0.020031287758932093 0.0035683062437295806 -0.030017472486245325 0.0270699903303066 0.026818544027956588 -0.0058932595349632947 0.00052294910211261826 0.016796519250305512 0.016697450793253465 0.043826730352464552 -0.018022786432185661 0.031603551560999942 0.0087819550041510677 0.021944312231344233 -0.0089803624626210009 -0.027738596394470672 0.0091729577156704351 -0.017726047508751279 0.0053190231223573638 -0.036281131000527676 -0.024779569812874904 -0.0029175756295231219 0.039795703456485226 0.00021124696095233187 0.00079312614382969588 0.012959826322219646 -0.016659108443901102 0.011705989764953828 -0.029340346479342746 -0.011840653763935218 -0.050776574186333669 0.022098625314907624 0.011650766342413072 -0.048026604776099407 0.0021858220393699743 -0.0015677224638534788 0.049639355896186885 0.012572476925659435 -0.039508850503073706 -0.0014675045585295662 -8.9419562865225924e-05 -0.043966439833935528 0.042562506051255396 -0.035834533940473028 -0.042962389681631026 -0.047491413002198772 -0.039094142275829941 0.055036660006295729 0.011995035479586818 -0.046208322136011858 -0.0055027052634052378 -0.036663004977663692 0.012827741131710681 0.061491192652744608 -0.020310718278401241 -0.0019837302344924024 -0.0089783087186467384 -0.029861194872021643 0.028429898241419602 -0.045008685053669534 -0.023253027442409861
leaf_weight=3098.2241762727499 26.150937806814909 23.35981659591198 3.4242978114634743 16.062552472576499 18.778287637978792 14.886484965682032 5.3012847304344168 13.173018045723436 12.222925109788774 2.426073955371975 46.203735426068306 15.285136952996252 14.967043541371821 1130.8346337489784 30.99355360865593 35.269719306379557 16.856946863234043 25.478181414306164 26.534259492531419 5.693639649078249 2194.0270301178098 30.283237598836422 23.267709903419018 24.258533949032426 132.66187217086554 91.862254701554775 46.68687978386879 1310.4561294168234 246.22169178724289 14.284231219440697 118.38057222217321 32.673454001545906 89.879420634359121 24.122344367206097 12.005152717232702 4.8223168272525054 91.837139464914799 95.057703047990799 5.7321388330310574 3.9339165166020384 17.006997525691986 15.380085997283457 9.8590352330356854 36.786162892356515 18.195255033671856 36.474087104201317 39.234957933425903 12.669252213090656 166.24910797178745 20.254558458924294 22.779769487679005 1698.5289312712848 1052.5211123228073 37.984862022101879 18.645749405026436 17.325493752956394 47.19533771276474 93.377447463572025 14.084527984261511 7.1896165721118477 56.033307157456875 11.429218957200645 19.340355660766363 29.672001153230667 68.831709947437048 19.982620788738132 13.22424037568271 20.792592350393534 25.027423314750195 5.2077361308038261 90.78454427421093 12.073111806064842 7.8973556272685554 12.456043414771555 5.31445970758796 3563.3530156910419 21.486915811896324 17.259381212294102 24.308919731527567 2.5513628236949435 21.0853023044765 21.887015879154205 3.4332874417304975 20.508169086650014 4.2071939371526232 4.8755357693880788 79.160281518474221 21.344450898468494 336.04428879916668 9.3754420876502973 1154.1288796123117 5.2342054713517427 32.061102017760277 2.7217724565416574 15.39403943531215 2.5716883819550267 4.3667826578021041 2.6565751694142818 23.816849559545517 6.0468318220227948 3.2626897227019072 2.9004399832338086 34.362679367884994 18.297042846679688 527.25013686344028 3.3753830771893263
leaf_count=24929 142 100 91 91 171 147 129 111 295 107 190 155 109 4851 167 638 102 144 151 139 13065 168 119 157 827 592 193 5720 1077 250 705 189 372 114 385 148 3466 539 101 118 119 87 77 178 118 360 372 112 687 141 185 12207 4328 164 123 127 193 385 92 134 1055 211 394 124 1906 596 326 125 147 150 373 163 136 242 132 163903 107 112 481 97 175 108 105 363 135 128 2518 103 11554 184 50756 149 181 119 398 93 156 100 127 206 97 104 1119 98 21365 132
internal_value=-0.000728872 0.0206544 -0.0446875 0.00854147 0.00269161 0.0570416 -0.00862479 -0.0479075 -0.021038 -0.048287 0.0147068 0.0176559 -0.0189476 0.0138706 0.029048 -0.0100584 -0.00532187 0.0182153 -0.00388327 -0.0399141 0.00463005 0.0137971 0.035859 0.0040651 0.00596653 -0.0036721 0.0117538 0.0110377 0.00819141 -0.00198145 0.00677799 0.00177399 0.0138178 0.0135025 -0.0332615 0.00137361 -0.0344005 0.00691808 -0.0206083 -0.0352863 0.0580347 0.0320677 0.03331 0.0229398 0.00481255 -0.00703686 0.0160429 -0.00198703 0.0171178 0.00135003 0.0184077 0.00086175 0.0182376 0.0386717 0.00920804 0.017178 0.0221502 0.0167671 0 -0.0173354 -0.011362 -0.0212767 0.000949273 0.0212191 -0.0250107 -0.00832496 -0.0311728 0.0302137 0.0190776 -0.0193984 0.00699298 0.000976089 -0.030496 -0.013246 -0.0312228 -0.0498801 0.0283397 0.0281212 -0.0402306 -0.0442872 0.00892375 0.0374136 -0.047081 -0.029108 -0.0377612 -0.034642 -0.0389635 0.0308815 -0.035095 -0.0265734 -0.0472342 -0.0188094 0.0463287 -0.0080548 -0.0392342 -0.0474139 -0.0443305 -0.0178069 0.0492348 -0.0445307 -0.0270742 -0.0458847 -0.0402289 0.0414746 -0.0448051 -0.0175951
internal_weight=18943.7 12744.7 6198.99 9563.32 4909.14 3181.41 508.84 5690.15 369.23 5643.22 4654.18 142.928 365.913 4401.22 252.965 238.947 58.0583 1436.57 50.7962 909.352 4539.91 260.479 80.807 4279.43 2513.61 224.524 2964.65 2777.39 1377.06 153.207 184.376 151.054 1400.34 98.4986 366.704 13.7786 216.022 2289.08 40.5245 126.965 3130.61 32.3871 84.8692 58.7183 112.683 54.6693 58.0132 46.9276 1355.76 1765.82 47.0383 1718.78 1218.77 154.466 65.0228 50.0558 187.26 140.573 31.41 173.925 122.073 67.4625 54.6101 75.1388 114.261 32.2055 82.056 76.1033 45.82 41.2014 136.988 21.9321 51.8519 20.3534 25.9162 4733.87 81.3588 33.3219 31.4985 542.648 34.2583 43.3739 1170.52 34.7924 121.664 352.925 117.73 45.4668 348.049 24.2619 1165.37 8.66749 57.5393 5.14785 20.7085 1156.7 101.761 7.02336 73.1074 540.097 8.08501 94.7376 113.523 49.2906 533.297 6.79968
internal_count=342806 83576 259230 57959 37934 25617 9258 249972 8684 249574 20025 1497 7761 18813 1212 3742 937 6022 482 34342 29250 1537 444 27713 15023 1419 12791 12020 5928 1735 1097 894 6092 441 12451 384 6949 13604 714 4019 25135 206 560 418 1021 478 543 398 5578 12690 342 12348 5015 771 451 342 771 578 219 3291 2298 1266 1032 341 3123 891 2232 440 272 835 563 240 993 378 680 215232 379 203 615 21891 286 215 51329 613 3890 12067 3772 217 11939 331 51103 254 325 226 530 50849 3826 256 392 21794 245 3570 3637 265 21571 223
is_linear=0
shrinkage=0.05


Tree=36
num_leaves=83
num_cat=0
split_feature=24 103 44 0 44 34 48 3 48 54 48 0 103 52 46 96 5 3 11 34 13 72 103 95 48 108 9 9 67 5 3 94 2 71 99 46 71 53 84 112 108 112 94 3 63 115 34 53 107 53 46 9 2 111 103 113 2 65 94 67 114 63 5 109 91 19 28 67 52 61 109 108 103 3 61 69 2 94 54 94 65 77
split_gain=6536.59 2229.72 305.164 129.241 71.1488 63.1933 57.9063 42.7541 35.3981 35.0374 30.9169 24.9785 17.7314 15.3543 12.71 11.134 11.1016 10.8035 9.72407 9.05771 8.94536 11.6509 7.64214 7.35631 7.24963 7.02693 7.00973 6.88489 6.68869 6.6823 6.54367 6.89656 6.48814 7.05786 6.15632 6.11612 9.4493 6.01336 5.89858 6.0262 6.79436 5.78633 6.21221 8.03425 5.56211 8.86652 6.89117 5.5427 5.74187 5.47846 5.20403 4.83938 4.79811 4.60827 10.547 5.854 4.55856 4.47345 4.43686 4.01111 3.75098 3.74347 3.64109 3.50327 3.08648 2.82337 2.55788 2.35061 2.09496 1.97414 1.69877 1.63718 1.4462 1.36192 1.28159 1.81411 0.947431 1.06234 0.840978 0.649124 0.530284 0.163948
threshold=7.5000000000000009 0.045435681939125068 0.10551619529724122 2.5249279737472539 0.047761620953679092 19.500000000000004 0.019607842899858955 1.6874871253967287 0.042274795472621925 1.4380482435226443 0.034582419320940978 3.2384861707687382 0.92400339245796215 0.88939857482910167 0.10042016953229906 0.39924812316894537 6.5000000000000009 1.5062947273254397 2.5000000000000004 12.500000000000002 1.5000000000000002 1.0000000180025095e-35 1.6120507717132571 6.70845651626587 0.037094369530677802 9.7047424316406268 72.500000000000014 82.500000000000014 10.659457206726076 9.5000000000000018 1.1062468886375429 5.9076616764068612 0.80095681548118602 8.7529211044311541 1.9205920696258547 0.25811237096786505 9.2411980628967303 2.6306818723678593 0.28464819490909582 -0.26153352856636042 8.0143637657165545 -0.27098780870437617 9.2520508766174334 1.1935127377510073 7.3293333053588876 0.00057813103194348525 7.5000000000000009 0.6012820601463319 1.6737192273139956 2.279220819473267 0.21070533245801928 77.500000000000014 0.27109500765800482 -8.2815952301025373 1.601414740085602 -8.7518973350524885 0.80095681548118602 10.543691635131838 5.9076616764068612 10.131567001342775 3.3131952285766606 8.7591772079467791 3.5000000000000004 0.85399675369262706 13.500000000000002 31.500000000000004 1.5000000000000002 10.258164882659914 0.76752376556396495 3.4162501096725468 0.87870952486991893 11.109481811523439 6.6966652870178232 1.591491222381592 10.178399562835695 9.6041517257690447 1.100502669811249 10.691042900085451 1.1183473467826845 12.250056743621828 10.145834445953371 2.5000000000000004
decision_type=2 2 2 2 2 2 2 2 2 2 2 2 2 2 2 2 2 2 2 2 2 2 2 2 2 2 2 2 2 2 2 2 2 2 2 2 2 2 2 2 2 2 2 2 2 2 2 2 2 2 2 2 2 2 2 2 2 2 2 2 2 2 2 2 2 2 2 2 2 2 2 2 2 2 2 2 2 2 2 2 2 2
left_child=1 4 6 5 50 20 9 10 14 26 23 13 62 28 -7 27 -6 24 59 22 21 53 34 -4 38 -24 -2 -16 35 32 -30 -32 37 -34 -14 36 -5 -22 39 57 -41 42 60 -44 45 -23 -46 70 -49 56 -1 -37 -9 55 -55 -3 72 -8 -18 -12 -28 -60 68 -17 -58 -15 -10 -54 -13 -26 -11 78 -25 -20 79 -76 77 -68 -40 -61 -71 -82
right_child=2 3 7 11 16 8 17 52 66 47 18 12 19 65 15 63 58 -19 73 -21 29 44 25 49 69 -27 41 -29 30 -31 31 -33 33 -35 -36 51 -38 -39 71 40 -42 -43 43 -45 46 -47 -48 48 -50 -51 -52 -53 67 54 -56 -57 64 -59 61 74 -62 -63 -64 -65 -66 -67 76 -69 -70 80 -72 -73 -74 -75 75 -77 -78 -79 -80 -81 81 -83
leaf_value=0.057765048298384594 0.029490385274567529 0.0021032474547263875 0.012553120831909518 0.010934043109865496 0.038262341201829725 0.024611770101680908 0.00084112710000235069 -0.019335607120495729 -0.0040544986545815341 0.046760935256596095 0.0018403735838892902 0.024634792781496408 0.0077008561944561463 0.053896570445114679 0.0051965386626401586 -0.035753403249119679 0.0071433547301839847 0.042699926842328234 -0.050215426813562662 0.040946815489748829 -0.001532957251653832 -0.024241240909433845 0.010378321484306287 -0.04628862502106966 0 0.020061155555008366 -0.027487184165484381 -0.013890886571134055 -0.0093651878855045383 0.027337875669401181 0.0027242471965244928 0.018794809678619163 0.013801900977633196 -0.01456381633131457 0.021452768344758785 0.0040452789172402545 -0.018826151558820069 0.0081651918550311956 -0.0069912790132512634 -0.026763994665074765 0.027291746014250187 -0.038775406332414213 -0.0082328537229596748 0.019483911901329993 0.041122866978264991 0.015249811768005293 0.015329115568675181 0.035359371386583772 -0.0014467800016906337 0.017961142310096902 0.026497075631664119 0.021606355340032316 0.026142277703338782 0.012656376854067919 -0.018094653107469043 0.0075023898051459481 -0.0318914164798084 -0.026909184861060621 -0.045383594031402408 -0.044446274367669902 0.0085876365531781761 -0.0064385336838524744 0.019369266793355901 -0.0050595640049539859 0.0052236507734941999 0.022906232050638808 -0.04501781022945462 -0.0010783180353730454 0.048652774518160018 -0.010093423414977896 0.024368946950356535 -0.00071351617235414775 -0.026153363184018608 -0.0041036082542626846 0.0013477843023694781 -0.033447967358081275 -0.0043829491659559605 -0.011225292286508731 -0.038663257576138393 -0.0093717149516336327 -0.027899027707964926 -0.046966793474348074
leaf_weight=2980.3087942376733 11.804805573076008 1036.8346349038184 7.2466744873672715 1640.2889423966408 12.283739667385815 25.39911737665534 18.41106884367764 18.070173308253288 5.2977612763643256 41.627242963761091 4.2966325581073752 19.174895986914635 97.96368296444416 20.799689024686813 84.187626333907247 48.723000574856997 15.191136309877036 4.1817526258528224 4217.6039603836834 36.601018816232681 1543.5616520568728 18.410158909857273 733.32558465003967 115.12514950335026 2.8676040135323992 259.88979893922806 36.294280417263508 102.93463923968375 24.814654119312763 21.819737888872623 81.623223647475243 423.99514796957374 146.78902032598853 24.143640311434865 664.62027986347675 729.83915068209171 25.560560911893845 176.64706344529986 3.7947939876466981 7.3594552464783218 15.230503808706997 12.753328856080769 77.595845811069012 37.507967945188284 34.08738449215889 47.748635202646255 120.59039705246687 17.511560529470444 22.574692748486996 3.7134117577224961 18.200058966875076 40.453909233212471 13.917068779468538 45.389835387468338 66.87539254128933 987.20169319957495 239.97411210462451 55.79758451320231 11.382636781781914 739.53477623872459 7.6714014634490004 14.328362831845878 26.496223956346512 13.051484350115059 4.861812522634863 18.946500927209854 99.227975511923432 14.726247206330298 58.317158862948418 3.0155136398971072 20.918490678071976 4.032904375344514 19.84757031314075 2.3534169420599929 3.5769891589880016 25.843564659357071 2.4736016672104588 4.3999314326792947 46.129877649247646 2.957293475046753 12.875119341537355 51.592144746333361
leaf_count=25014 73 5946 195 6956 80 165 411 170 117 226 123 97 408 114 841 1336 109 43 202278 202 11786 108 2964 4686 74 1051 474 1870 117 174 354 1901 906 157 2772 3229 110 1325 114 178 368 195 884 441 196 270 707 119 160 109 97 200 105 246 392 5686 8004 1351 109 31684 91 187 115 364 139 106 4022 116 337 104 114 113 808 64 156 1110 88 169 1382 120 511 1963
internal_value=-0.000999583 0.0193763 -0.044214 0.00749182 0.0565756 0.00152224 -0.00724782 -0.0476894 -0.0178163 0.00764118 -0.0481023 0.0131565 0.0176607 0.0103045 -0.00802276 -0.0115204 -0.000547544 -0.0261358 -0.049178 0.0164592 0.00327697 0.00533829 0.0159086 -0.0341883 -0.0277616 0.0129485 -0.00541016 -0.00527727 0.00987306 0.000729607 0.0149964 0.016236 0.000395898 0.00964551 0.0197178 0.00874488 0.0104549 -0.000525007 -0.0210703 -0.0131802 0.00869616 -0.0081001 -0.00523919 0.000847685 0.0162518 0.00381895 0.0214179 0.03083 0.0150869 -0.0351429 0.0575919 0.0050207 0 0.00419484 -0.00557089 0.00474516 -0.035757 -0.020012 -0.01338 -0.0435575 -0.020897 -0.0255989 0.0377469 -0.0297002 -0.0310865 0.0407366 -0.0414153 0.0124585 0.0434169 -0.0412222 0.0401742 -0.0343053 -0.043721 -0.0501935 -0.0438262 -0.0290339 -0.0431053 -0.0438588 -0.0367245 -0.0443392 -0.0429121 -0.0440312
internal_weight=18555.4 12610.2 5945.2 9558.5 3051.69 4655.79 511.548 5433.65 385.695 286.26 5386.94 4902.71 1896.39 3006.32 274.296 248.897 53.1859 225.288 4996.17 1792.4 4270.1 2357.14 1755.8 390.769 221.107 993.215 183.628 187.122 2966.58 1912.96 530.433 505.618 1891.14 170.933 762.584 2436.14 1665.85 1720.21 150.756 96.7986 22.59 171.823 159.069 115.104 220.837 66.1588 154.678 102.632 40.0863 383.522 2998.51 770.293 46.7135 2136.3 112.265 2024.04 379.809 74.2087 40.9021 776.209 43.9657 25.711 103.988 61.7745 244.836 39.7462 111.399 28.6433 77.4921 70.3504 62.5457 53.9576 134.973 4219.96 771.913 29.4206 106.102 103.628 49.9247 742.492 67.4828 64.4673
internal_count=342756 83500 259256 57904 25596 36871 9389 249867 8972 2777 249476 21033 7946 13087 4576 4411 485 6612 235535 7397 27899 13551 7195 13941 6569 4015 2158 2711 12867 14348 2372 2255 14174 1063 3180 10495 7066 13111 3917 2308 546 2085 1890 1325 1281 378 903 619 279 13746 25111 3429 391 12270 638 11632 13637 1762 405 33193 565 296 549 1700 8143 220 4396 221 434 2652 340 1609 5494 202342 33070 1266 4279 4191 1496 31804 2578 2474
is_linear=0
shrinkage=0.05


Tree=37
num_leaves=101
num_cat=0
split_feature=24 103 48 95 15 11 38 44 52 3 49 44 2 0 21 2 77 108 103 103 44 13 17 108 119 7 13 44 108 19 21 100 52 0 107 67 54 2 0 21 112 53 53 53 63 100 112 0 102 109 2 114 54 95 108 48 53 76 15 112 69 61 52 48 21 95 114 0 86 46 71 54 84 65 77 115 95 77 95 82 76 53 48 93 71 93 97 97 67 103 108 76 49 76 108 67 13 82 49 113
split_gain=6205.2 2096.45 306.194 122.272 62.1378 52.6466 44.5555 57.7404 41.9558 27.8146 24.388 21.0904 19.7345 15.2855 14.4622 13.8199 12.3528 11.0045 10.6644 9.70651 9.41129 8.56251 13.0232 10.4557 8.01093 9.11927 7.97076 7.91785 7.80381 7.55508 7.46408 7.22676 7.14706 6.96347 6.95508 10.9958 6.73519 6.66234 6.56258 9.69631 6.48978 6.38584 6.37815 6.31962 10.044 7.24725 6.09812 5.89494 6.10111 5.72269 5.53818 5.32146 8.8141 6.36849 5.27612 5.22998 5.39017 6.21952 5.19596 5.085 11.6146 5.52212 4.86381 5.71929 4.8365 4.63212 4.47437 4.27451 3.73358 3.68563 3.56325 3.48511 4.07385 3.16229 3.13807 2.86187 2.60585 2.39621 5.18171 3.12733 2.38582 2.87641 1.97485 2.3885 1.96605 1.73045 1.88534 1.71598 4.96449 1.94591 1.61261 1.47713 1.42955 0.669677 0.61 0.545919 0.512593 0.798576 0.321473 0.0552159
threshold=7.5000000000000009 0.045435681939125068 0.019607842899858955 3.1962211132049565 2.5000000000000004 2.5000000000000004 7.5000000000000009 0.074271079152822508 0.81291666626930248 1.5062947273254397 0.15384615212678912 0.10551619529724122 1.9020052552223208 1.4978661537170412 16.500000000000004 1.4332342147827151 20.500000000000004 8.135838985443117 0.68998384475708019 1.0537399053573611 0.091326106339693083 1.5000000000000002 10.500000000000002 8.7919244766235369 1.0000000180025095e-35 1.0000000180025095e-35 2.5000000000000004 0.14110106229782107 7.8353793621063241 48.500000000000007 21.500000000000004 0.41925826668739324 0.87428161501884472 3.113268375396729 1.7742174267768862 11.375960350036623 1.1183473467826845 1.5439419746398928 2.9174053668975835 15.500000000000002 -14.29263401031494 0.16843971610069278 1.986111104488373 0.45534290373325353 9.2273073196411151 11.939942359924318 -0.36480417847633356 2.1383330821990971 10.418958187103273 0.67653405666351329 0.53450283408164989 -4.3655455112457267 1.1684396862983706 9.359312057495119 7.3236756324768075 0.066273741424083724 1.8024389743804934 90.500000000000014 5.5000000000000009 -0.24826104938983914 8.6114363670349139 5.8366074562072763 0.7774024009704591 0.028571427799761299 33.500000000000007 7.2210538387298593 -4.4532554149627677 1.2424533367156985 0.16594202816486361 0.18776709586381915 8.7005677223205584 1.6141603589057925 0.15319426357746127 12.61301374435425 43.500000000000007 0.00060452093021012853 7.129714012145997 17.500000000000004 7.3841943740844735 10.500000000000002 18.500000000000004 0.81006816029548656 0.032362798228859908 13.500000000000002 7.8491935729980478 2.5000000000000004 0.23669467866420749 0.30602006614208227 11.195770740509035 1.140074670314789 8.6032128334045428 90.500000000000014 0.19538705796003344 12.500000000000002 9.9807891845703143 13.252429008483888 7.5000000000000009 23.500000000000004 0.29733285307884222 3.1545109748840336
decision_type=2 2 2 2 2 2 2 2 2 2 2 2 2 2 2 2 2 2 2 2 2 2 2 2 2 2 2 2 2 2 2 2 2 2 2 2 2 2 2 2 2 2 2 2 2 2 2 2 2 2 2 2 2 2 2 2 2 2 2 2 2 2 2 2 2 2 2 2 2 2 2 2 2 2 2 2 2 2 2 2 2 2 2 2 2 2 2 2 2 2 2 2 2 2 2 2 2 2 2 2
left_child=1 4 8 12 27 9 21 16 11 13 -6 17 18 71 -7 32 28 77 31 74 -16 22 43 54 33 90 51 -1 -8 47 59 -3 58 36 35 -18 -20 -17 -21 49 -27 -35 76 44 -5 -45 -31 91 -49 -40 67 52 -15 -53 -24 -11 93 -58 -9 61 -61 -23 73 -64 -41 -30 -36 84 -39 -32 -48 85 -73 -28 -14 -10 -13 78 -2 -80 -79 -82 83 -22 -12 86 -4 88 -78 -89 -26 -19 -87 -57 -71 -85 97 -84 -74 -76
right_child=2 3 5 6 10 14 7 15 75 55 50 42 19 26 20 37 34 29 24 38 82 30 23 -25 25 40 62 -29 65 46 69 -33 -34 41 66 -37 -38 68 39 64 -42 -43 -44 45 -46 -47 70 48 -50 -51 -52 53 -54 -55 -56 56 57 -59 -60 60 -62 -63 63 -65 -66 -67 -68 -69 -70 94 -72 72 98 -75 99 -77 87 80 79 -81 81 -83 96 95 -86 92 -88 89 -90 -91 -92 -93 -94 -95 -96 -97 -98 -99 -100 -101
leaf_value=0.057312424273852337 0.024319647795948484 0.010330057219901207 -0.034713239140420439 0.014687412371583664 0.051900188197425118 0.014603683790858578 -0.031284666007655337 -0.022430195030024636 0.019232122893818579 0.027163422473689403 -0.032823201899139717 0.001155927247939412 0.019162782269312128 0.061311650282416232 0.0062403374300574518 0.035333523660934917 0.0066073190098170287 -0.043352565131729415 0.010793753940197558 -0.00070412794108188552 0.0012292653860305268 0.0053208579966989959 0.028283734001549089 0.049100455965371631 0.050578507692729091 0.0090062816835136204 -0.035599148550752156 0.018011666257929611 -0.011574185242120625 0.039664020523528354 0.010308325259492096 0.046473358321016282 0.020614448108615794 -0.0028715119928671559 0.030622972848111066 0.044546074503354668 0.0023268222378258385 0.0080035635738109328 0.02227157773202287 0.04091796025294632 0.029177716225912212 0.014361501301515898 0.024478339125660487 0.0041934062313109203 -0.01515702611317982 0.019757637151725866 -0.0094526320243669398 0.0099566194882774947 -0.020283267349472216 0.010833116238399653 -0.0371535921842902 -0.029667053009562086 -0.013008288237566494 0.011923367973881722 -0.0093569848858325918 -0.0093482230388341678 -0.020744823147205351 0.02634135848887827 -0.038452423487306722 -0.017272154633871301 0.022881514378953232 -0.00022963267190416874 0.037708916765602118 -0.034555653279285996 0.013540323280083234 0.015629782670160415 -0.00143057163425429 0.025893577009660131 -0.03241201391213025 -0.042346538423763957 0.021841860101284222 0.022631315628765331 -0.039446643648366808 0.011061814599274845 0.034195743036174751 0.04713627589478795 0.021393539469879177 -0.038925096398186393 -0.039956439104551086 0.00086369658053128391 0.0048924980716567486 -0.029841074221626952 -0.047750662360388024 -0.0067418928256711185 0.0017447813121389787 -0.019066201628907067 -0.0046816631026311154 -0.014519634525461409 -0.031149117290455178 -0.041732805983199145 0.026813590233172931 -0.0060043830126812496 -0.043992569676832162 -0.03900310701624532 -0.011008977179697704 -0.041775185163906936 -0.050675986388264954 -0.010481082345484805 -0.0070234035370748118 0.05258486949049887
leaf_weight=2860.1684621945024 8.5052099339664 24.164056159555912 31.832138111814857 305.08419466763735 16.732452599331737 7.8684777021408072 24.115501707419753 100.46741069853306 18.003573685884476 10.711802264675496 7.0010142568498868 5.2872507330030194 18.417631775140762 4.3767515383660784 6.8246095869690171 10.127118170261385 39.43235207349062 7.3956707976758462 1127.107435323298 35.394780501723289 4.4813021961599615 936.88285032659769 15.842949099838732 29.76414930075407 25.298433758318424 122.76201714575291 228.98133954405785 15.319735974073408 30.558103429153562 24.811484191566706 4.3011709786951569 38.011425986886024 5.4497561249881974 54.101662322878838 11.622967880219219 38.129972206428647 301.84874093532562 10.421934407204391 307.4724467843771 81.249062165617943 60.988440856337547 1649.1976804584265 4.2702813465148202 2570.6039868295193 29.512695074081421 76.082210250198841 16.095155276358128 80.774121578782797 19.327298194169998 183.78051854670048 17.705558007583022 41.343864900991321 10.857671119272707 10.441901858896015 18.392521020025015 4.853418204933404 11.642554296180606 13.418082807213068 138.49379668571055 81.853891797363758 21.411036174744368 851.10218864679337 4.2859265450388184 3.6626898050308228 23.973451986908913 28.923089573159814 60.537526294589043 8.0719177350401861 9.402282387018202 12.822370460256936 17.041373817250133 3.9281359855085594 4.8801759518682957 2.7236656993627539 19.242550641298294 37.697670672088861 4.831330984830859 16.44736710563302 8.0987340770661849 8.1518519148230535 11.13272124156356 9.6956814639270288 820.78686552494764 2.6907833516597739 6.6996252238750458 10.435133863240479 7.7587034553289405 11.375983759760855 14.346768751740454 50.196700615808368 22.953528046607971 5.5482458509504795 822.01805777661502 10.538081366568802 4.2923822142183772 12.706301320344208 3207.0019530057907 3.0941459424793711 2.7093179598450661 30.301622942090034
leaf_count=25004 89 103 868 1605 128 72 198 1910 104 167 112 105 101 109 165 168 271 139 4845 155 141 6354 95 190 112 504 8875 72 246 152 98 193 63 225 97 271 1311 130 1272 427 257 6734 56 13991 162 402 137 886 232 757 141 980 262 265 116 109 117 117 5209 624 170 6811 134 140 128 269 512 62 144 403 116 120 159 76 108 216 117 178 125 83 111 111 40300 105 98 421 229 310 366 1510 100 95 36340 220 130 484 162172 147 102 165
internal_value=-0.000560112 0.019106 -0.0438715 0.00779143 0.0560985 -0.0469716 0.00288273 -0.0111985 -0.000426963 -0.0378063 0.00374003 -0.00740442 0.0142876 -0.0393565 -0.0497528 -0.0266949 0.00703526 0.000546946 0.0127072 0.0219676 -0.0498854 0.00432958 0.00597714 0.0280837 0.0123117 0.0213425 -0.0293261 0.057116 -0.00818965 0.0071367 0.00169854 0.0331578 -0.0306086 0.0116297 0.015599 0.025876 0.00901653 0.00486085 0.0199146 0.0211536 0.0159374 0.0138062 -0.0277042 0.00548534 0.0119694 0.00465553 0.0215697 -0.000360067 0.00380631 0.0180587 -0.0175808 -0.0134136 0.0113276 -0.0209937 0.00823802 -0.0014598 -0.00997787 0.00415361 -0.0319397 0.00204557 -0.0086428 0.00267519 -0.0336235 0.00315188 0.035052 0.001549 0.00411503 0 -0.0116275 -0.0266396 0.00660163 -0.0427711 -0.0121677 -0.0349402 0.040069 0.0390328 -0.0307834 -0.0172003 -0.00426084 -0.0205737 -0.0250385 -0.0117467 -0.0499847 -0.028738 -0.0167574 -0.0431422 -0.029457 -0.0329792 -0.0168373 -0.0373284 0.0406238 -0.0303221 -0.043727 -0.0319046 -0.0365447 -0.0373866 -0.0500763 -0.0476421 -0.0320414 0.0468534
internal_weight=18209.5 12523.6 5685.89 9591.9 2931.7 5306.85 5465.63 507.682 379.034 1241.4 56.2106 323.333 4126.27 1190.24 4065.45 274.362 233.32 233.025 3426.43 699.832 4057.59 4957.95 3045.28 63.9996 3364.26 232.002 306.674 2875.49 83.5967 170.993 1912.67 62.1755 244.411 3132.26 149.723 77.5623 1428.96 29.9513 631.87 596.475 183.75 1703.3 90.3083 2981.28 334.597 2646.69 57.948 113.045 100.101 491.253 39.4781 67.0202 15.2344 51.7858 34.2355 51.1639 40.4521 25.0606 238.961 1891.25 103.265 1787.99 239.654 7.94862 105.223 59.4812 72.1605 21.7726 19.8242 21.4159 33.1365 883.562 11.5176 231.705 67.9618 55.7012 86.038 62.0316 24.7558 16.2506 37.2758 20.8284 4050.76 19.8784 13.7006 872.044 39.5908 80.7508 19.1781 61.5727 48.252 12.9439 832.453 15.3915 17.1148 15.3971 4030.88 823.881 7.58949 49.5442
internal_count=342387 83753 258634 58136 25617 253396 40639 9488 5238 49810 541 4918 17497 49080 203586 7624 1864 2454 14384 3113 203514 31151 16561 401 14088 973 10841 25076 713 1757 14590 296 7182 13115 1151 542 6156 442 2739 2584 761 6959 2464 16160 1767 14393 405 1352 1118 2029 413 1616 371 1245 211 730 563 234 7119 13959 794 13165 9225 274 555 515 609 272 274 631 253 38239 381 8951 374 320 2408 697 297 208 400 222 203349 730 210 37858 1097 2303 483 1820 212 234 36761 329 533 589 202619 40447 261 273
is_linear=0
shrinkage=0.05


Tree=38
num_leaves=95
num_cat=0
split_feature=15 103 48 0 44 34 21 48 52 23 2 15 21 100 96 34 92 34 103 100 2 91 2 48 77 105 52 84 65 3 44 96 71 86 94 113 103 114 115 67 76 65 52 77 67 65 105 105 17 19 0 53 44 54 103 103 95 15 36 65 94 114 109 77 108 65 113 17 53 13 71 17 69 23 96 96 2 46 96 52 94 97 96 2 82 50 108 52 97 44 44 52 95 115
split_gain=5824.9 2064.43 224.046 131.748 89.9842 81.306 45.4651 43.0469 39.2264 33.1464 17.384 19.1649 16.7848 16.2127 14.9069 14.8946 14.5192 12.7959 12.0818 15.4934 9.82484 8.99789 8.97515 8.61808 8.39782 10.166 11.5966 9.57432 9.53554 8.59861 8.19576 7.67184 7.61387 9.17466 7.56937 7.19254 6.83576 6.53088 5.76013 5.69752 5.69423 11.6564 7.43735 5.67032 5.54445 11.7459 5.94553 5.50933 8.41495 8.7593 5.16989 5.03677 4.93663 5.04992 4.87491 5.13391 4.87363 4.62172 4.28337 6.11251 4.08346 3.99086 4.94652 3.89117 3.65089 3.64476 3.53684 3.49476 2.81597 2.61467 4.04953 2.55741 2.46453 2.22411 2.18682 2.09659 2.07599 2.05506 3.31927 1.88967 1.86678 1.54448 1.23444 1.22931 1.22898 1.21678 1.08711 1.0307 1.01183 0.777402 0.698991 1.64524 1.00404 0.050451
threshold=7.5000000000000009 0.045435681939125068 0.019607842899858955 2.5249279737472539 0.041960094124078758 19.500000000000004 23.500000000000004 0.042274795472621925 0.79930555820465099 2.5000000000000004 2.2728582620620732 2.5000000000000004 47.500000000000007 1.0000000180025095e-35 0.33484849333763128 14.500000000000002 2.5000000000000004 11.500000000000002 0.8781755566596986 0.78047090768814098 0.36818796396255499 3.5000000000000004 0.81608760356903087 0.033445188775658614 76.500000000000014 1.5787153244018557 0.33809524774551397 0.24575784057378772 9.3923692703247088 2.2840802669525151 0.067041199654340758 0.34902177751064306 8.248629570007326 0.24911347776651385 8.6194787025451678 -8.7191214561462385 1.3243718147277834 3.4124004840850835 0.00063781058997847151 11.012624740600588 36.500000000000007 9.6597313880920428 0.55190372467041027 54.500000000000007 10.85260581970215 11.264565944671633 1.7140520811080935 1.4866546392440798 24.500000000000004 32.500000000000007 1.4978661537170412 1.199099123477936 0.067041199654340758 1.2288690209388735 1.373120188713074 1.6213137507438662 11.09353828430176 2.5000000000000004 13.500000000000002 11.027009487152101 10.691042900085451 3.3017054796218877 0.6366376280784608 48.500000000000007 8.4438309669494647 12.019963741302492 -7.2922413349151602 19.500000000000004 0.45534290373325353 4.5000000000000009 10.156702041625978 18.500000000000004 6.6994614601135263 4.5000000000000009 0.4434372484683991 0.51488843560218822 0.36818796396255499 0.25037313997745519 0.36406117677688604 0.73812839388847362 6.340341567993165 0.21825397014617923 0.1132478639483452 1.1342246532440188 3.5000000000000004 0.25210078060626989 5.6264152526855478 0.80068492889404308 0.40370370447635656 0.17249008268117907 0.10050505027174951 0.78596058487892162 7.2210538387298593 0.00038012240838725125
decision_type=2 2 2 2 2 2 2 2 2 2 2 2 2 2 2 2 2 2 2 2 2 2 2 2 2 2 2 2 2 2 2 2 2 2 2 2 2 2 2 2 2 2 2 2 2 2 2 2 2 2 2 2 2 2 2 2 2 2 2 2 2 2 2 2 2 2 2 2 2 2 2 2 2 2 2 2 2 2 2 2 2 2 2 2 2 2 2 2 2 2 2 2 2 2
left_child=1 4 8 5 57 20 50 12 14 22 11 15 16 63 34 18 38 43 19 -5 21 40 85 31 25 29 -27 35 -29 -22 58 56 33 -23 -2 -26 39 -20 -7 51 41 -3 -42 -12 46 -46 -38 48 49 -36 61 -13 53 -49 -45 -56 -11 -1 72 -60 81 62 -4 76 -10 -18 -50 -54 75 70 -32 -19 -24 87 -62 -25 -6 78 -16 -80 -65 -9 -66 -83 -63 -8 -79 -70 -33 -71 92 -92 -87 -88
right_child=2 3 6 10 13 7 9 60 64 23 17 36 -14 -15 77 -17 65 71 37 -21 24 32 30 68 27 26 -28 28 -30 -31 69 88 -34 -35 47 -37 44 -39 -40 -41 42 -43 -44 54 45 -47 -48 52 66 -51 -52 -53 67 -55 55 -57 -58 -59 59 -61 74 84 -64 80 82 -67 -68 -69 73 89 -72 -73 -74 -75 -76 -77 -78 86 79 -81 -82 83 -84 -85 -86 90 93 -89 -90 -91 91 -93 -94 -95
leaf_value=0.056940880029447839 -0.039686774270572177 0.00016225698294850777 0.024054325262717072 0.0075277646675714991 -0.021604122223595576 -6.3341525769569475e-07 -0.0078788952742796549 -0.005661203755201686 0.010861199916256406 0.030306067332914983 0.035948559179430781 0.0097920976734155347 0.06422338980060624 0.040792741085331964 0.01546897662325742 0.043501620083483447 -0.029340051270419457 0.049494722644222583 0.010661376125999928 0.041689046694498924 -0.0094959147212591369 0.047975238871157379 -0.038453237124094819 0.019808881226272397 0.0014022289961500309 -0.017250328589370374 0.011677226260206723 -0.011277970922817883 0.0056604577638771254 0.018618484727151829 -0.030832729629394557 -0.0088549402388585201 -0.0088780549184472868 0.0060531285139744477 -6.6984716704259574e-05 0.0099568066484516798 0.014841595619862797 0.015043442717308012 -0.023019413200007516 -0.019879449640102097 -0.0031958970552448669 -0.014700553944430695 0.0049037312859008704 0.029202154777232044 0.023497386821388667 -0.0056476827434402349 0.0025780870188625293 -0.015419876791729304 -0.026004165999755975 0.068618393154718502 0.029942169572334556 -0.008373970624565864 0.0066230174316289402 0.0086267448091366019 -0.0085202615599067454 0.014345229105458698 -0.028226105236719048 0.028110380650127609 0.046668745161741562 -0.015524105121123866 0.018738317464537597 -0.0082481161554496026 -0.02155693614840614 -0.013496914895053412 0.051231764807791284 0.0098016650738984648 0.012242637807756555 -0.022765847578296135 -0.047016898163720997 -0.027415870883675472 0.0041901917171918599 0.028048617710296372 0.0023455879435398258 -0.050624443016194821 -0.029933039139375391 -0.030959162881399362 0.0085398332319355039 -0.0066385533144834256 -0.00064690191207088796 -0.039880831407727683 -0.045823252866716513 -0.046822545970553041 0.027024425338146914 -0.0033006956192290753 -0.036775156050924435 -0.019808580994054102 -0.015503925417645368 -0.0060376683718340058 -0.044317487410480548 -0.043109319489549769 -0.044347939122106265 -0.0048029099045458837 -0.038636858543062431 -0.043437097051436495
leaf_weight=2743.639766074717 13.849681798368691 444.60327634587884 13.555817158892753 58.429944917559624 8.1250552237033862 180.82495426945388 3.9578603208065024 3.4439929127693167 16.468011077493429 7.8745561279356462 32.346266999840736 81.270262453705072 6.0961849428713313 12.347808085381983 4.6190020311623838 39.911651432514191 90.492076816037297 48.668312735855579 2037.254882723093 80.528649732470512 121.59259073063731 25.310509076341987 7.8655151166021842 2.2610326390713444 594.54686055332422 34.532460175454617 864.12871756963432 210.32240483164787 134.64476203545928 33.306173041462898 179.40297440253198 4.0482959486544159 18.872405944392085 27.614800812676549 7.8376054503023651 421.96163718216121 125.65831867605448 1533.3283281326294 30.667760629206896 38.096192926168442 469.43649070709944 185.2789777778089 707.4832109939307 32.976876944303513 124.10338732600212 46.310244929045439 462.38996113091707 32.064454413950443 10.610106630250813 8.9318654574453813 9.9940643776208145 69.028550446033478 11.04974148608744 60.920221198350191 33.818478688597679 77.661154821515083 4.1827766858041286 19.738215111196041 6.1622959692031127 6.6955180782824755 3.7318019829690448 9.4713500645011681 8.2355302944779378 10.284562515094878 20.271010547876358 5.2646390013396731 10.38857523165643 54.181925805285573 991.33075643703341 25.153353104367852 7.7730425689369431 34.998443379998207 5.1289156470447779 3075.4819249883294 2.5797949805855751 2.8083040080964565 12.191185103729365 3.6911825872957698 5.0878364685922852 9.3479890581220371 13.715932186692951 119.81444801576436 19.740275388583541 2.3867967743426552 8.8918938469141704 16.716566529124975 3.5317127238959065 2.5734058022499076 17.956638585776091 94.948212409391999 445.68629682064056 3.606147412210702 62.615746451541781 37.305825838819146
leaf_count=25050 221 3254 174 249 122 2280 163 76 95 169 139 365 49 79 103 197 2758 289 8557 423 772 178 144 110 3394 206 5095 1244 842 179 6645 141 140 210 109 2441 569 6326 373 180 3511 1460 5078 159 596 215 2078 312 161 118 106 310 194 451 141 318 122 133 104 114 144 100 108 79 112 156 76 1029 50116 1023 270 193 93 163559 113 139 128 102 152 252 144 5272 119 88 150 494 92 105 724 3963 20553 162 2248 1126
internal_value=-0.000837415 0.0178333 -0.0444753 0.00687706 0.0554751 0.000913155 -0.0470956 -0.0193836 -0.00450442 -0.047573 0.0125748 0.0118661 -0.00916479 -0.00657495 -0.0123938 0.0134732 -0.0109582 0.0251746 0.01313 0.0276297 0.00302654 0.000308407 -0.0384439 -0.0494795 0.00513527 0.00848836 0.0105276 0.0025267 -0.00464196 -0.00326626 -0.0315323 -0.022431 0.017485 0.027055 -0.00580577 0.00497257 0.00548027 0.0125515 -0.00352406 -0.00298723 -0.000382554 -0.00421832 0.0016646 0.0172077 0.00759843 0.0155388 0.0052467 -0.0030776 0.0136453 0.0385995 7.33815e-05 0.00138269 -0.00722284 0.000115612 0.0126165 0.00729921 0.00838685 0.0567539 -0.00381044 0.0153479 -0.0431986 -0.00793111 0.00610911 -0.0208945 0.0328484 -0.0269673 -0.00708334 -0.0176008 -0.0496948 -0.0338024 -0.0293035 0.0412931 -0.0230837 -0.0497422 -0.00180315 -0.00744057 -0.00371377 -0.0333467 -0.0166498 -0.028043 -0.0339718 -0.0451536 0.0409376 -0.0461037 -0.024299 -0.0426477 -0.0394989 -0.0469301 -0.0392002 -0.0402835 -0.0428661 -0.0440698 -0.0352344 -0.0418925
internal_weight=17870 12515.8 5354.28 9695.72 2820.04 4738.94 5024.38 445.302 329.897 4974.23 4956.78 4696.31 313.346 56.6645 273.418 3749.45 307.249 260.47 3709.54 138.959 4293.64 1878.6 865.712 4108.52 2415.04 1053.56 898.661 1361.48 344.967 154.899 333.13 34.0623 71.7977 52.9253 209.834 1016.51 946.857 3570.58 211.493 188.395 1806.8 629.882 1176.92 176.803 758.462 170.414 588.048 195.984 37.7682 16.7695 50.1487 150.299 158.216 92.9847 144.457 111.48 12.0573 2763.38 25.8522 12.8578 131.957 40.1546 21.7913 44.3167 56.4793 95.7567 20.9987 65.2317 4074.46 307.278 187.176 83.6668 12.9944 4069.39 6.3116 5.06934 20.3162 63.5835 19.0548 14.4358 24.0005 125.645 40.0113 122.201 18.3632 532.583 44.5287 993.904 22.0049 120.102 528.625 449.292 79.3323 40.8375
internal_count=342975 86352 256623 60617 25735 39313 251799 11309 4824 251161 21304 20065 5616 552 4498 15752 5567 1239 15555 672 28004 13831 35976 215185 14173 6252 5301 7921 2086 951 12356 1156 528 388 2671 5835 4313 14883 2653 855 13303 4714 8589 757 3458 811 2647 2450 464 227 638 675 1986 763 618 459 291 25183 455 218 5693 532 282 473 326 2914 237 1223 214029 11901 6915 482 237 213780 257 249 250 1827 507 404 223 5436 231 5360 250 23620 1320 50221 865 4986 23457 20715 2742 1218
is_linear=0
shrinkage=0.05


Tree=39
num_leaves=84
num_cat=0
split_feature=93 103 19 1 48 111 32 98 44 4 21 1 103 38 11 40 23 2 52 5 19 97 63 67 19 114 2 44 38 52 54 67 67 2 63 114 94 103 77 82 67 113 9 2 107 105 53 74 102 53 113 97 2 113 76 52 76 94 36 50 95 112 61 69 74 65 112 67 19 40 1 61 105 71 54 61 101 23 9 49 38 19 15
split_gain=5388.36 1967.61 277.96 109.623 84.862 62.1112 56.342 37.0616 35.5651 31.4089 24.2593 19.8524 19.5506 17.0985 13.8569 11.6037 11.3927 10.7599 10.2118 9.17919 8.58581 8.50548 8.05817 7.6026 7.23362 8.42436 8.11908 6.83309 7.73993 6.81948 6.66403 6.62562 6.50966 6.3878 8.33541 6.34629 7.49159 6.33531 7.44499 6.32402 8.02009 6.19903 6.11808 7.14268 7.0134 5.70754 5.64971 5.64705 5.40922 5.37241 4.97367 4.91458 4.58958 4.46181 3.90555 3.72894 3.69702 3.56655 2.95233 2.53974 2.73943 2.39693 2.31461 3.35428 3.52881 2.13751 2.04677 1.98165 2.49454 1.88014 1.72158 1.62291 2.46277 1.58645 1.39757 1.31088 1.27566 1.07622 0.75219 0.486273 0.437405 0.0613071 0.0327544
threshold=3.5000000000000004 0.045435681939125068 19.500000000000004 11.500000000000002 0.033445188775658614 -8.2900571823120099 11.500000000000002 10.500000000000002 0.067041199654340758 3.5000000000000004 51.500000000000007 21.500000000000004 0.9541052281856538 26.500000000000004 2.5000000000000004 39.500000000000007 1.5000000000000002 0.82340019941329967 0.7774024009704591 4.5000000000000009 16.500000000000004 0.36602871119976049 11.792154312133791 7.2790532112121591 6.5000000000000009 3.4263153076171879 1.3162713646888735 0.21413874626159671 4.5000000000000009 0.87555310130119335 1.2499997615814211 12.244511127471926 10.315903186798097 0.62943947315216076 9.321256637573244 3.332244992256165 9.4136457443237322 2.9032977819442753 6.5000000000000009 9.5000000000000018 10.659457206726076 -8.6864590644836408 62.500000000000007 0.4202257245779038 0.8900555968284608 6.7532427310943612 0.63702240586280834 6.5000000000000009 11.688934326171877 0.69258242845535289 -7.2751729488372794 0.41421568393707281 0.87745794653892528 -7.3033096790313712 16.500000000000004 0.72713786363601696 70.500000000000014 10.948339939117433 4.5000000000000009 0.25210078060626989 7.0294506549835214 -6.6431791782379142 10.178399562835695 9.5599589347839373 1.5000000000000002 9.4643807411193865 -0.25443166494369501 10.480658054351808 22.500000000000004 3.5000000000000004 2.5000000000000004 5.0568823814392099 2.4571635723114018 7.8321712017059335 1.6141603589057925 5.9167678356170663 8.6398839950561541 4.5000000000000009 64.500000000000014 0.20060975849628451 34.500000000000007 21.500000000000004 7.5000000000000009
decision_type=2 2 2 2 2 2 2 2 2 2 2 2 2 2 2 2 2 2 2 2 2 2 2 2 2 2 2 2 2 2 2 2 2 2 2 2 2 2 2 2 2 2 2 2 2 2 2 2 2 2 2 2 2 2 2 2 2 2 2 2 2 2 2 2 2 2 2 2 2 2 2 2 2 2 2 2 2 2 2 2 2 2 2
left_child=1 5 30 6 7 9 24 17 13 -1 11 29 19 35 62 22 45 59 51 55 23 -20 49 -14 25 37 27 31 -29 39 33 -26 -18 42 -35 36 -8 38 -3 40 -5 65 -2 44 -44 48 -23 -46 -10 -9 -39 52 -19 -47 -17 -13 -37 -34 73 76 -61 -53 67 -64 -65 -11 -27 68 -6 -7 -66 72 -69 -45 -73 -70 -4 80 -22 -62 81 -16 -79
right_child=2 3 4 10 14 69 8 15 16 41 -12 12 20 -15 77 54 32 18 21 -21 78 46 -24 -25 26 66 -28 28 -30 -31 -32 -33 57 34 -36 56 -38 50 -40 -41 -42 -43 43 58 47 53 -48 -49 -50 -51 -52 61 -54 -55 -56 -57 -58 -59 -60 60 79 -63 63 64 70 -67 -68 71 75 -71 -72 74 -74 -75 -76 -77 -78 82 -80 -81 -82 -83 -84
leaf_value=0.062163393724274853 0.020503646606775242 -0.0068999860164297589 -0.023986448226288981 0.0072830474245245613 0.015786153855708057 0.056574704343063997 -0.0086593533226544239 0.028696670460465142 -0.014811358466022495 -0.013610574955522467 0.056793418380561768 0.019729384226917529 0.0034245473639279485 0.03563341599547068 -0.010929928832483799 -0.043795725789120138 0.012564019810599734 0.016763612987321021 0.033865899249865002 0.0085376191521430427 0.045629399817508409 -0.030377110511574081 0.047488484191248577 0.01459877059331754 0.0039973559218322479 -0.023792758821899372 0.030836620351523521 0.0011052506293602203 -0.010700359593192125 0.031575881111320911 0.025366054240023469 0.032086542120772721 -0.042108209880684144 0.03126562366723671 -0.012395761933796155 -0.031420474371451727 0.0094441906280352209 0.004176400255859824 0.013857517338759191 -0.015250015288087577 0.015029562299365777 -0.035513978794497601 -0.035197079573838948 -0.04231883777192743 0.0018448978156887499 -0.039872801119457027 0.025595814752785412 -0.025731220479879205 0.022866601992602004 -0.014938074327586794 -0.0214305730853128 -0.011272985786317786 -0.023768367974950372 0.0089993531598670084 0.0027246203125136804 0.04660454105945782 -0.00017184325703101456 -0.0044475207177077153 -0.0033353466624570687 0.0016671543258858692 -0.023310521447693008 -0.039861790073144471 0.022856840300018309 0.017621091350976625 -0.040342301051903347 0.014847490235519524 -0.00012879292943174239 -0.041669116592171505 -0.0019630094429311054 0.032252621019263038 0 -0.04407626768780587 -0.018789933439037586 -0.015558897986243879 -0.0069934085527766539 -0.037071060722413937 0.011589249598087159 -0.013999273752474667 0.025148739593631165 -0.047043733307054497 -0.014644984926896155 -0.047172322444235623 -0.050540582672353479
leaf_weight=15.826223045587538 20.118586845695972 45.775237575173378 4.5319045614451161 1864.0895125940442 2.4341945257037905 2600.6099461615086 119.71468150429428 11.146764019504191 193.48238716088235 11.20435933023691 29.174588188529015 20.964103013277054 168.94840930402279 29.617506098002195 1.8778758160769928 8.8824044372886402 5.4186813849955788 6.0746344756335011 11.207664988934992 29.030829608440399 20.164232075214386 16.799795484170321 18.586367946118116 1936.4719652086496 2102.99847179465 21.756811551749706 24.064734976738691 1216.5257241073996 155.15377802960575 31.275588139891624 21.795337580144405 19.85155794210732 93.957847626879811 27.682110480964184 16.029494736343622 27.286215452477336 106.59533107839525 152.96743260324001 492.10933901369572 26.288318254053593 412.64712937921286 21.066662078723315 14.511195093393324 18.924997299909592 189.66271108016372 34.981672646477818 4.5315037984400979 19.037403829395771 8.5099023561924678 14.294172784313558 20.079250082373619 10.62587349116802 124.82190471328795 4.4224553238600484 7.0132938232272855 78.680210381746292 15.093971820548175 7.7765132300555697 12.947316586971281 2.5959912259131661 8.5786977931857091 91.786136981099844 2.1050923429429558 2.3803344424814012 20.521853858605031 12.134386120364068 16.496602587401867 33.738627884536982 4.3217437341809299 16.550688812509179 2.8845884110778561 617.10093491896987 27.398807352408767 13.252391099929808 3.8180802799761286 11.756482737138866 2.7038578819483519 2.1884321104735127 20.297704860568047 115.27301358804107 3.5980251450091592 744.46451060660183 2923.2536021545529
leaf_count=94 156 288 153 7951 60 24792 1188 64 4636 68 172 99 693 157 66 182 103 238 135 125 133 464 159 7946 12359 130 147 8556 1207 169 169 125 4041 182 113 361 1209 1051 2641 145 1840 193 145 146 1607 917 138 182 187 183 141 407 3960 115 128 457 188 312 109 108 319 3413 99 114 993 140 102 1487 189 136 124 29958 1219 101 166 544 91 114 121 5195 174 39748 163251
internal_value=-0.000729522 0.0174184 -0.0432657 0.00679632 -0.0463784 0.0552881 0.00158972 -0.0257511 -0.0121408 0.00478114 0.012309 0.0120068 0.0153393 0.000509417 -0.0485186 0.0105717 -0.0229518 -0.031243 -0.0250681 0.0342663 0.0141765 0.000847348 0.0237408 0.0137099 0.00367669 0.00814057 0.00272033 0.00251071 -0.000233056 0.00874765 -0.000456105 0.00428721 -0.0365741 -0.00228683 0.0151533 -0.00350159 -8.23837e-05 0.0093857 0.0120582 0.00841295 0.00870042 -0.0168152 -0.00502887 -0.00708358 -0.00329011 -0.0166754 -0.0171481 -0.000788662 -0.013018 0.00434229 0.000989203 -0.0287074 -0.0216432 -0.0340144 -0.0242307 0.0414256 -0.0209053 -0.0394328 -0.0249241 -0.0430342 -0.0447179 -0.0371973 -0.041811 -0.0243431 -0.0296074 0.000785981 -0.0142293 -0.0424388 -0.022024 0.0564433 -0.0355838 -0.0429287 -0.0322709 -0.0327785 -0.0438817 -0.0291759 -0.00984052 -0.0498278 0.0368599 -0.0457782 -0.0470037 -0.0471166 -0.0505239
internal_weight=17447.3 12230.1 5217.26 9552.67 4863.3 2677.39 4914.64 459.454 646.857 60.2316 4638.03 4608.86 2274.56 298.308 4403.84 59.923 348.549 399.531 265.848 128.675 2145.88 32.539 44.0273 2105.42 4267.78 749.185 3518.59 3494.53 1371.68 2334.3 353.962 2122.85 107.153 332.166 43.7116 268.69 226.31 710.931 537.885 2303.02 2276.74 44.4054 288.455 268.336 223.211 241.396 21.3313 208.7 201.992 25.4409 173.047 233.309 130.897 39.4041 15.8957 99.6443 42.3802 101.734 45.1247 133.683 126.448 102.412 728.461 27.8919 25.7868 23.3387 38.2534 700.569 18.5124 2617.16 23.4064 682.056 61.1374 32.1774 620.919 16.0782 7.23576 3675.38 40.4619 123.852 749.94 746.342 2925.44
internal_count=341988 85435 256553 60012 253643 25423 40161 15337 13414 495 19851 19679 9574 3103 238306 716 10311 14621 8755 681 8893 737 406 8639 26747 4353 22394 22247 9763 10105 2910 12484 4456 2741 295 2946 2397 4121 2929 9936 9791 401 2446 2290 1934 5855 602 1789 4823 247 1192 8018 4198 1032 310 556 549 4353 356 5866 5622 3820 34953 1330 1231 208 232 33623 793 24928 1117 32830 2706 247 30124 733 244 203353 254 5514 39988 39814 163365
is_linear=0
shrinkage=0.05


Tree=40
num_leaves=90
num_cat=0
split_feature=24 103 48 0 23 111 93 19 99 2 34 21 34 2 54 103 53 0 96 53 0 74 48 95 109 113 112 67 102 0 38 34 23 17 3 61 108 115 49 15 111 103 98 19 95 2 52 61 95 108 2 108 99 109 98 19 94 115 0 34 94 77 28 86 94 113 109 103 17 86 96 77 108 111 108 77 53 23 109 24 48 67 36 54 112 67 17 49 109
split_gain=5110.67 1872.59 284.797 91.3387 61.0085 57.0897 35.5629 56.1257 29.016 28.9152 26.4619 20.4259 15.8712 13.428 13.2455 12.0859 10.4515 9.95345 9.87399 9.44015 9.2238 9.06801 8.33404 8.27697 10.1981 8.73853 8.00029 8.94977 7.9813 7.81673 7.5239 13.3126 9.04425 7.92669 7.3913 7.27029 6.85319 6.75188 6.56699 6.55344 6.25462 6.17966 6.14988 6.09568 6.05017 6.0177 5.82238 8.97066 5.72232 5.41383 5.32607 8.1914 8.43948 7.77829 5.30009 5.227 5.22683 5.44109 5.21173 5.04848 4.9959 5.67236 4.98989 4.88734 4.74211 4.71051 4.66145 4.62918 4.15446 4.45406 3.83702 3.83215 3.68549 3.66989 3.30734 3.23024 3.02443 2.81708 2.64562 2.40103 2.33848 1.63638 1.48957 1.34754 1.17756 1.09181 0.840014 0.820741 0.699995
threshold=7.5000000000000009 0.045435681939125068 0.019607842899858955 3.0201274156570439 2.5000000000000004 -8.2900571823120099 2.5000000000000004 17.500000000000004 1.0000000180025095e-35 2.3090226650238042 19.500000000000004 14.500000000000002 15.500000000000002 0.83111417293548595 1.5603029727935793 1.2203990221023562 2.226495742797852 2.2499048709869389 0.36406117677688604 0.38165266811847692 2.2499048709869389 26.500000000000004 0.025450717657804493 8.8496532440185565 3.2402358556282713e-05 -8.9139218330383283 -0.25811195373535151 11.978740692138674 0.65492260456085216 3.0677825212478642 1.5000000000000002 9.5000000000000018 1.5000000000000002 12.500000000000002 1.7966375946998598 4.9082701206207284 7.8890769481658944 0.0006842157745268197 0.4999998956918717 15.500000000000002 -15.247838020324705 7.8844623565673837 1.0000000180025095e-35 5.5000000000000009 10.850660324096681 0.720952868461609 0.77812939882278453 6.7609996795654306 6.70845651626587 7.9916751384735116 1.2361568808555605 10.079391479492189 9.4420752525329608 0.67917689681053173 5.5000000000000009 27.500000000000004 9.0609850883483904 0.69224199652671825 2.6020033359527592 7.5000000000000009 5.1381781101226816 49.500000000000007 2.5000000000000004 0.29388423264026647 8.1150035858154315 3.2060462236404423 0.84738850593566906 0.79117947816848766 25.500000000000004 0.67708334326744091 0.20294117927551272 22.500000000000004 10.573404312133791 -8.3926520347595197 7.3236756324768075 39.500000000000007 0.65636926889419567 4.5000000000000009 0.19136273860931399 3.5000000000000004 0.034582419320940978 13.72611713409424 6.5000000000000009 1.0693664550781252 3.5271239280700688 11.749584674835207 16.500000000000004 0.21222498267889026 0.87243908643722545
decision_type=2 2 2 2 2 2 2 2 2 2 2 2 2 2 2 2 2 2 2 2 2 2 2 2 2 2 2 2 2 2 2 2 2 2 2 2 2 2 2 2 2 2 2 2 2 2 2 2 2 2 2 2 2 2 2 2 2 2 2 2 2 2 2 2 2 2 2 2 2 2 2 2 2 2 2 2 2 2 2 2 2 2 2 2 2 2 2 2 2
left_child=1 5 9 6 10 8 17 34 60 14 36 15 -6 48 16 28 23 30 46 88 68 63 44 24 85 -26 27 38 65 -30 31 66 41 -34 74 -33 -4 43 -19 -11 -25 -32 45 -36 -14 -28 55 -48 54 -44 51 52 -17 -53 62 -15 71 -58 -29 -39 -1 -62 -12 -16 -22 76 -3 -31 69 -9 -24 -52 -42 -66 -8 -38 -5 81 -76 -7 -70 -72 -20 -84 87 -2 -79 -50 -13
right_child=2 3 4 11 12 79 7 20 -10 39 13 19 22 18 21 50 -18 26 82 -21 64 -23 70 40 25 -27 42 58 29 67 32 35 33 -35 37 -37 75 59 -40 -41 72 -43 49 -45 -46 -47 47 -49 84 -51 56 53 -54 -55 -56 -57 57 -59 -60 -61 61 -63 -64 -65 73 -67 -68 -69 80 -71 77 -73 -74 -75 78 -77 -78 86 -80 -81 -82 -83 83 -85 -86 -87 -88 -89 -90
leaf_value=0.012644937460356382 -0.04659059132493009 0.0043448058379110741 0.027377120790823013 0.010184344646378346 0.0037648884905984847 0.056098754453131061 0.039474785842177111 -0.035218538863452227 0.061005685593074913 0.050150400902647087 0.037878416912706547 0.053624253873604345 0.036803620285312623 0.019015875676946271 0.039467260528675004 0.006107234956054493 0.046717673407988013 0.007993876002114696 0 0.014896186146477728 -0.025588148637512548 -0.016522742685217844 0.009867738460411779 0.027626660041135294 -0.036867854532698106 0.0034891766380231847 0.0029634923717139824 0.040617135908943856 -0.002055657830319644 0.043402377467749248 0.0032954813775066629 0.01215182412104761 -0.0053019737734953335 -0.045388934266760168 -0.029284382153601698 0.060616497116020643 -0.030050730876855693 0.0095733885313626955 -0.00072186414497735078 0.010425589603268995 -0.031702485048132271 -0.016735229521311935 0.023325631886021554 0.0015645419230121875 -0.032765386478582868 -0.029755809398944746 -0.024809585566332185 0.058116476783303776 -0.025151215876153848 -0.0093136494085512365 0 0.042205205246860139 -0.019017615404298454 0.006937715543528635 -0.038093603392055558 -0.023028741972479817 -0.011652813039594893 0.010127351084242474 0.013315090512251385 -0.021434272537121785 0 -0.040205467020910074 -0.025441344744584 0.0036222503954278459 -0.0050056220980641518 0.022104640478569051 0.020349980978755858 0.024966207171642954 0.032327189755661241 0.017032037003539904 -0.046414973072712543 0.014262887240168061 -0.0023864224945191336 0.041714181196508812 -0.004002602271099681 0.0039385115137473923 -0.011897259943561014 -0.012553361153089901 0.023005082336807696 0.024569833971864088 -0.019419412443727042 0 -0.0012219591948786762 -0.037845594921232496 -0.00026358088141874135 -0.01430991815928989 -0.050424076189953142 -0.042869237005022438 0.032333051002472489
leaf_weight=12.874955164268611 12.941512288525702 382.37000401318073 17.107104569673538 33.082810893654823 13.624086869880555 2513.1881124824286 13.705284565687178 163.14043109305203 17.075424024835229 28.598392486572266 5.9449413716793078 44.05979572981596 4.0742939654737693 6.4464805629104367 27.027570573613048 256.1887771487236 6.1995863113552323 2626.5320145636797 3.0185795910656443 35.191862463951111 8.5214884821325558 14.874049313366411 1.9943241551518429 4.1454266067594281 13.431150155141948 129.78194807656109 21.698194801807404 29.695059403777122 21.8917485922575 46.380046546459198 1804.8522103875875 16.095388486981392 211.82653708383441 11.758658491075037 14.812432728707789 16.81039009988308 11.513149628415704 15.400618545711039 232.95450800657272 18.420091845095158 73.467255193740129 37.726022148504853 23.391046211123466 819.56572692468762 5.5794900767505169 34.736089482903481 5.3180334158241731 4.7779172211885452 16.94984327442944 24.189937770366669 47.523208171129227 27.012653782963753 36.810879126191139 38.078837439417839 8.305172495543955 140.62877409346402 39.633512601256371 92.008001461625099 49.013871744275093 57.894605614244938 16.112125106155872 18.217037571594119 3.8251211326569319 15.73268688470125 7.3691754024475813 40.896195471286774 51.041586928069592 216.97234390676022 2.847173871472477 3.0867108758538953 939.77250829339027 1815.0230216383934 13.684359438717363 6.697768231853841 16.121747881174088 13.505971232429147 26.584187120199203 3.3290451020002356 16.882803425192833 10.447582818567751 2.786791892722249 1.9733903948217619 3.2308471612632266 154.43373316153884 2.1644589137285939 6.6788275539875022 2796.0638961624354 487.78046617470682 17.829939745366573
leaf_count=92 190 2420 165 140 129 25010 100 6274 105 166 198 272 79 185 196 1035 56 12174 119 166 138 121 73 87 186 1832 103 171 89 285 12179 98 1686 390 111 115 161 114 1117 92 1772 293 114 6321 178 165 137 128 748 120 193 109 149 154 240 4907 161 372 226 457 189 182 185 112 115 176 322 985 76 98 51487 7413 325 102 119 160 109 177 126 86 129 75 132 6712 92 108 163875 23552 109
internal_value=-0.000449853 0.0170835 -0.0428997 0.00686381 -0.0462359 0.0548013 0.00368639 -0.00431497 0.00788727 -0.00033998 -0.0342581 0.0143895 -0.0490328 -0.0361894 -0.00582764 0.0135691 -0.0106539 0.00533782 -0.0277075 0.0368697 -0.0286903 0.0155203 -0.0492286 -0.0123585 -0.00542976 -0.000569496 0.00726758 0.00775202 0.0218165 0.0261015 0.00301276 0.00874441 0.00170893 -0.00774306 0.000678115 0.0387646 0.00406763 -0.000323802 0.00728033 0.0355973 -0.024321 0.00286666 -0.00623753 0.000953359 -0.00150694 -0.0172521 -0.0183791 0.016014 -0.0412124 0.00675073 0.0121991 0.00648835 0.00283594 0.0223447 -0.0115958 -0.0209452 0.0132139 0.00343745 0.0243072 -0.014724 -0.0124093 -0.0222209 0.0121139 0.0270745 0.000877438 0.00935921 0.00631637 0.0284783 -0.0326082 -0.034045 -0.0493484 0.0138962 -0.0273304 0.018473 0.0197593 -0.0121404 0.000132071 -0.0493865 0.00992232 0.0559869 0.00662814 -0.0463196 -0.0365159 -0.0371765 -0.0422115 -0.0378724 -0.0503894 -0.0423703 0.0485584
internal_weight=17163 12146.6 5016.34 9558.69 4651.36 2587.92 6723.52 1148.83 64.2795 364.983 884.951 2835.17 3766.41 842.824 317.964 2738.09 260.33 5574.69 317.854 97.0816 194.45 57.6343 3752.79 254.13 162.833 143.213 3042.21 2938.2 385.807 285.244 2532.48 466.317 2066.16 223.585 954.383 32.9058 42.1262 907.673 2859.49 47.0185 91.297 1842.58 104.015 834.378 9.65378 56.4343 157.171 10.096 524.97 47.581 2352.28 358.091 293 65.0915 18.0752 147.075 1994.19 131.642 78.7089 73.2952 47.2041 34.3292 9.77006 42.7603 22.5884 100.563 433.412 263.352 171.861 166.227 3743.13 1862.55 87.1516 14.0669 46.7098 25.0191 59.667 3741.14 33.0046 2523.64 5.63397 941.746 160.683 157.665 506.895 19.6203 2799.39 504.73 61.8897
internal_count=342691 83554 259137 57890 253894 25664 45973 14280 568 5243 37821 11917 216073 37335 4985 11370 4556 31693 12320 547 6932 429 215944 4500 2316 2018 14190 13688 1784 1359 17503 2955 14548 2076 7348 213 486 7003 13291 258 2184 12472 502 6432 257 268 5357 265 25015 234 9586 1447 1184 263 623 5092 8139 533 397 571 463 371 383 308 355 425 2742 1270 6577 6372 215687 7606 2097 217 345 321 249 215614 245 25096 205 51562 6963 6844 24392 298 164052 24300 381
is_linear=0
shrinkage=0.05


Tree=41
num_leaves=107
num_cat=0
split_feature=24 103 44 96 0 21 23 2 4 48 21 21 2 2 96 2 100 94 107 52 3 48 93 94 76 103 115 76 49 84 108 109 114 112 2 76 30 76 115 2 115 2 108 111 71 71 46 109 76 53 76 21 3 108 113 95 51 53 74 108 101 91 95 21 114 103 63 49 125 3 2 108 109 53 63 94 63 103 108 108 114 2 112 71 53 92 32 54 97 71 109 94 97 61 23 61 72 96 76 94 103 3 76 107 9 61
split_gain=4717.57 1815.54 268.038 89.0432 71.0132 50.2131 49.0722 38.1433 36.038 33.2921 19.7136 17.4878 16.1151 14.3423 12.6517 11.7964 9.79848 9.46991 9.1603 8.51326 7.82159 7.75084 9.39283 7.45827 9.67648 9.95501 7.86054 7.12758 9.82106 7.01591 8.91616 13.1788 9.05818 8.40725 6.89725 7.36672 6.78304 6.72244 6.48311 8.11514 6.32273 6.17037 6.40083 6.16195 10.0963 6.00048 9.12167 5.99723 8.12564 9.46157 5.75776 5.70694 5.52456 6.40768 5.46263 5.38309 5.28138 5.33285 5.04897 4.95731 6.48413 6.04861 4.89292 8.42884 4.45089 4.36278 6.06602 5.74304 4.45574 7.55168 6.11166 4.04257 6.80375 4.79986 3.97985 3.90223 6.76222 3.79388 3.60789 3.52802 3.33771 3.31008 3.13991 3.03488 2.79007 2.78162 2.46214 2.39437 2.24313 2.73124 2.68472 2.21967 2.02143 2.56647 1.87163 1.85352 1.97151 2.78618 1.53493 0.619941 0.397464 0.338981 0.31363 0.298259 0.20307 0.0934266
threshold=7.5000000000000009 0.045435681939125068 0.10551619529724122 0.1132478639483452 2.8617925643920903 23.500000000000004 2.5000000000000004 1.4273410439491274 3.5000000000000004 0.019607842899858955 19.500000000000004 16.500000000000004 1.8228593468666079 2.3090226650238042 0.36180344223976141 0.80883869528770458 11.653099060058596 9.2999353408813494 2.0749455690383916 0.92342185974121105 1.5062947273254397 0.033445188775658614 12.500000000000002 5.9076616764068612 18.500000000000004 0.86290639638900768 0.69238892197608959 54.500000000000007 0.09090908989310266 0.28464819490909582 8.3373231887817401 0.76927009224891674 3.2704727649688725 -0.31270399689674372 0.97251629829406749 4.5000000000000009 2.5000000000000004 17.500000000000004 0.00056756861158646654 0.86695557832717907 0.00067753414623439323 0.95993462204933178 8.4225625991821307 -8.3367714881896955 7.633136749267579 7.0827627182006845 0.12556306272745135 0.57849237322807323 19.500000000000004 0.78345772624015819 23.500000000000004 4.5000000000000009 1.136859178543091 8.0143637657165545 -7.2294456958770743 6.3192203044891366 0.56249997019767772 0.14415584504604342 3.5000000000000004 8.135838985443117 1.6124329566955569 6.5000000000000009 7.129714012145997 35.500000000000007 3.2749886512756352 7.9792368412017831 9.2908968925476092 0.42509841918945318 1.0000000180025095e-35 2.3075603246688847 1.2495471239089968 6.7247996330261239 0.64638918638229381 0.20204082131385806 7.4385924339294442 5.364760398864747 8.9102115631103533 2.1859337091445927 9.5476002693176287 8.2498393058776873 3.4414347410202031 0.32174180448055273 3.5091640949249272 9.4120497703552264 0.45534290373325353 4.5000000000000009 14.500000000000002 1.7266499996185305 0.44913792610168463 9.3026413917541522 1.1507027745246889 8.9881563186645526 0.41885964572429663 9.1824855804443377 4.5000000000000009 3.4162501096725468 0.89587974548339855 0.31866537034511572 10.500000000000002 10.469964981079103 1.6609563231468203 1.5062947273254397 22.500000000000004 1.7855648398399355 60.500000000000007 2.8060839176177983
decision_type=2 2 2 2 2 2 2 2 2 2 2 2 2 2 2 2 2 2 2 2 2 2 2 2 2 2 2 2 2 2 2 2 2 2 2 2 2 2 2 2 2 2 2 2 2 2 2 2 2 2 2 2 2 2 2 2 2 2 2 2 2 2 2 2 2 2 2 2 2 2 2 2 2 2 2 2 2 2 2 2 2 2 2 2 2 2 2 2 2 2 2 2 2 2 2 2 2 2 2 2 2 2 2 2 2 2
left_child=1 4 9 12 8 29 10 14 -1 13 81 -8 23 17 16 82 36 47 19 56 34 22 -13 24 -3 79 -27 28 80 65 38 33 -33 -32 95 -36 -7 -30 58 -40 59 42 -29 45 -45 55 -47 48 -2 -50 -42 -43 87 -54 75 -9 57 -14 -31 61 -61 -19 63 64 -17 68 -67 -68 70 -70 -5 -20 73 -73 -16 -10 -77 -74 -15 -26 -25 -4 86 -76 85 -23 91 -37 89 -64 -90 -12 93 -24 105 -11 98 -98 -97 -88 -52 -96 -6 -49 -21 -86
right_child=2 3 6 5 102 7 11 43 54 20 15 21 18 78 74 62 -18 40 71 104 -22 84 92 27 25 26 -28 41 37 30 31 32 -34 -35 35 52 -38 -39 39 -41 50 51 -44 44 -46 46 -48 103 49 -51 100 -53 53 -55 -56 -57 -58 -59 -60 60 -62 -63 88 -65 -66 66 67 -69 69 -71 -72 72 77 -75 83 76 -78 -79 -80 -81 -82 -83 -84 -85 94 -87 99 -89 90 -91 -92 -93 -94 -95 101 96 97 -99 -100 -101 -102 -103 -104 -105 -106 -107
leaf_value=0.060740594421348659 -0.034735710849199068 0.039361709349006825 -0.017564755601567953 0.0039689068996303601 0.031653614960149061 0.02586915590331576 0.0084708680746530211 0.0053990637388306416 0.016104438296796243 0.001341737056238212 -0.039881529460067976 0.04559953633757121 0.0073286742377500274 0.011588690553882975 0.0041581043263539631 0.061832681452761676 0.032832783936756253 0.016735843566455223 -0.01146995977179119 0.03176686372958646 0.033127778753582041 0.026718314712210006 -0.033120304890937396 -0.019801591205528813 0.018758802053498072 0.014242000279585394 0.0049117364929796127 0.0037366677194953617 0.0014241686318062403 -0.015718102926235249 -0.0030217612065221431 0.032594500914872919 0 0.0081593129643687257 0.036858824276350136 -0.039573404368967904 -0.021483249282424184 0.016141584200236526 -0.0018395616245792921 0.033119583242458089 0.011393534356309437 0.020918868575224465 0.028028293154762487 0.050763235849174408 -0.0049936000833319324 0.035279241411955313 -0.0018150017499837042 -0.050633375810992733 0.041479290682420261 -0.020535386682067627 -0.037645573502826886 0.0037278320808428016 -0.033338184562125978 0.010066224370206434 -0.043885472041932765 -0.029376231878042183 0.0017800663373267846 0.021839524472684942 0.0028844630237687499 -0.019709835670849774 0.018834672204915096 -0.021559543148190079 -0.029109137062827303 -0.039548531861738484 -0.0055379556084334015 -0.036703308363473686 0.014873281782731528 -0.021982344092089382 0.0042920100447085387 0.025131897798979987 0.016126923661549615 0.0039964757510313259 -0.014233131543027589 0.031609876105191836 -0.041319394684226532 -0.037931077427988028 0.006466006504889244 0.01091256132226049 0.041831039739871317 0.050088163826341181 0.0046953299384537737 0.012519673901470031 0.0096333457208751493 -0.013513058152810179 -0.010275955100601405 -0.032358853943796936 -0.045492422444997113 0.00066045484597171389 -0.040054890318819897 -0.011477713363856404 -0.011836953001143808 -0.011442705385083268 -0.042280941967871327 0.017141804328335151 -0.050430562669538229 -0.046884416295119739 -0.022874793278085281 0.023745165142899115 -0.029667154687327266 -0.035437888066667471 -0.016788863110450497 -0.0076495386786547062 0.055774168775454595 -0.022580711097113317 0.05301023205634732 -0.046692563780443751
leaf_weight=20.298221312463284 13.737473985180257 33.733832895755768 13.107573233544825 3468.8995142187923 9.8081904947757703 6.6809470914304248 12.464486211538313 17.751557309180498 12.38979087024927 3.5209884960204354 14.890856087207796 3.298525748774412 76.045395255088806 19.931677728891373 4.9526465386152259 3.9078528154641372 8.6368284896016103 15.967831831425427 24.315527692437172 16.99692589789629 4.7164465822279444 1.9296125527471293 3.2367473393678692 27.652735739946365 21.707874707877636 775.53212329745293 326.51526355743408 51.986947681754827 92.84258559346199 151.58616355806589 398.51338344998658 61.311771364882588 31.376572629436851 287.82033330947161 5.7572436314076176 21.621472271159295 110.50477012246847 534.81815773993731 459.89458605647087 15.710128191858528 12.609112037345765 49.650451272726059 59.069692295044661 15.54953381046653 14.469497166574 20.666361685842276 63.439950346946716 10.131611648947002 11.371716830879452 10.256706902757285 10.623847238719465 1011.2626775950193 10.762704595923422 25.956991098821163 11.257569884881375 25.035568505525589 43.369496405124664 557.92888768017292 46.213909992948174 10.803013127297161 96.398303870111704 23.402440443634987 172.57279880717397 5.7671956531703472 3.6209140811115503 13.326030811294912 25.654763022437692 15.790141463279722 117.04117107018828 69.863122649490833 105.86437162384391 27.681388959288597 30.49652324616909 39.791962772607803 115.79448157735169 15.153827140107753 16.275780444964767 26.515914469957352 25.06674462556839 21.614919148385525 24.703687399625778 22.781342796981335 2.0641472451388827 13.955114481970666 1.8477742299437512 3.1487660482525826 313.84285916574299 3.767175590619444 91.52135687880218 30.533540654927492 12.141614586114882 17.026751609519124 13.693176154047249 3.8547781948000193 2652.2563216909766 27.381408251821995 11.863563371822236 2.6963476464152327 79.438350070267916 61.678039446473122 11.436308270320295 1.5989541113376606 2378.5581681728363 7.4223159831017247 17.4055570140481 871.39677606709301
leaf_count=137 191 138 114 20068 90 35 112 102 86 109 684 109 335 108 135 97 151 197 102 93 48 103 121 114 110 3198 1337 221 398 1121 2826 431 231 2045 165 666 2223 2202 3174 94 96 204 257 108 106 110 572 128 124 134 93 4174 259 667 101 217 183 2499 368 102 972 252 6900 211 112 97 193 120 690 385 501 118 127 174 4933 148 186 113 139 118 103 165 92 568 90 173 16421 61 4111 1169 548 793 612 154 163273 1067 423 113 2971 3159 107 65 24751 114 123 50242
internal_value=-0.000795583 0.015925 -0.0426418 0.00607371 0.0541914 0.00208223 -0.046555 -0.014575 0.00612802 -0.00700349 -0.0348679 -0.0490433 0.0119003 0.00408488 -0.0262583 -0.0366444 -0.0144654 -0.000904776 0.0179592 0.0203234 -0.0226408 -0.0492511 -0.01871 0.0101688 0.0132963 0.0124694 0.0114971 0.00816304 0.0122479 0.00340761 0.000441756 0.00408656 0.0216347 0.00166015 -0.024302 -0.0109053 -0.0184065 0.0139891 -0.00375959 -0.000563339 0.00450914 0.00577173 0.0169473 0.00482485 0.0246119 -1.11246e-05 0.00764133 -0.0192434 -0.00642337 0.0122136 -0.014179 0.00457018 -0.0162549 -0.00320327 -0.0148991 -0.0150286 0.018982 0.0201361 -0.0113326 0.00909591 0.01464 -0.0057388 -0.0290566 0 0.0327866 0.00453309 -0.00924743 0.000321403 0.00474 0.0122729 0.00433837 0.00649408 0.0101771 0.0207596 -0.0369197 -0.0060255 -0.0153892 -0.00238728 0.0294565 0.0357661 -0.00824852 0.00100073 -0.042423 -0.0385935 -0.0494485 -0.00741752 -0.0427455 -0.0335278 -0.0303378 -0.026611 -0.0370609 -0.0262044 -0.0317471 -0.00641236 -0.049503 -0.0312863 -0.032319 -0.0122072 -0.034761 -0.0440151 -0.0290149 -0.0504129 0.0556992 -0.0420081 0.044559 -0.0466447
internal_weight=16852.5 12041.7 4810.82 9577.94 2463.74 5686.3 4334.18 417.437 75.3752 476.642 765.457 3568.73 3891.64 279.159 260.525 729.568 125.823 234.161 860.548 711.746 197.483 3556.26 24.0832 3031.09 1179.1 1145.37 1102.05 1851.99 680.017 5268.87 1452.43 779.022 92.6883 686.334 192.766 67.8656 117.186 627.661 673.405 475.605 181.241 1171.97 111.057 156.912 30.019 126.893 84.1063 52.9198 35.3659 21.6284 34.6693 1060.91 62.1083 36.7197 55.077 42.7871 677.344 633.974 197.8 146.572 107.201 39.3703 320.065 13.296 7.52877 3816.44 54.7709 41.4449 3761.67 186.904 3574.76 148.801 124.486 67.4734 134.702 43.8194 31.4296 57.0124 44.9984 43.3228 52.3564 35.8889 409.503 129.75 3532.18 5.07838 407.439 25.3886 306.769 203.106 103.663 31.9176 20.7847 7.09153 3527.1 124.901 121.38 14.5599 106.82 375.521 22.0602 2653.86 2388.37 17.5539 34.4025 873.245
internal_count=342480 83544 258936 58045 25499 41604 249630 9260 658 9306 34576 215054 16441 2757 8045 34297 2409 2510 3867 3233 6549 214942 996 12574 4901 4763 4535 7673 2817 32344 10290 5533 662 4871 6501 1818 2258 2600 4757 3268 1819 4856 478 1215 214 1001 682 691 449 258 296 4378 1653 926 521 319 3017 2834 1489 1523 1074 449 13148 420 209 22054 410 313 21644 1075 20569 634 532 292 5636 420 334 240 247 228 217 279 21149 5501 213946 276 21057 727 12728 8069 4659 1477 887 275 213670 4683 4574 536 4038 19580 200 163338 24841 242 216 50332
is_linear=0
shrinkage=0.05


Tree=42
num_leaves=105
num_cat=0
split_feature=93 103 21 0 48 44 17 44 44 21 0 103 36 52 2 5 23 96 113 19 36 46 3 95 2 46 109 103 52 113 86 84 17 49 113 17 61 49 5 3 3 108 107 71 42 103 95 109 84 44 9 76 113 109 107 40 76 108 2 49 99 115 71 76 54 2 24 103 71 46 82 108 95 114 24 71 23 2 113 96 54 113 96 2 113 48 2 19 111 115 114 71 44 69 54 54 9 114 69 21 61 17 108 69
split_gain=4496.37 1743.37 283.843 78.592 77.7889 51.387 46.7014 29.149 26.6999 21.7174 16.4387 20.691 15.2509 14.8187 14.8086 18.3567 12.9837 11.4131 8.96893 8.81826 8.7789 8.48265 7.71002 8.04833 7.57477 7.33824 6.4615 9.55868 8.27452 6.59306 6.40668 6.67518 6.39368 6.38917 6.29612 9.04179 8.78021 6.13091 20.0078 6.0973 6.07879 7.98957 6.07119 11.0503 5.97513 5.88795 7.904 6.24554 5.87623 6.19626 5.87458 5.77264 5.75528 6.62494 5.59913 5.55048 5.51827 5.45245 7.58901 5.36934 5.36119 6.82728 5.354 5.06718 5.05086 5.03625 4.78739 4.47889 4.291 10.4441 4.25945 4.0046 3.83815 3.7951 3.70368 3.43283 3.20236 2.72113 3.35649 4.25737 4.89117 2.71464 2.65861 2.64005 3.07818 2.97857 2.5153 2.37985 2.26025 1.99972 1.99822 1.89856 2.24774 1.45601 3.05927 1.35615 1.32051 1.1937 0.430334 3.00837 4.04806 1.44432 0.171916 0.118035
threshold=3.5000000000000004 0.045435681939125068 23.500000000000004 2.5249279737472539 0.033445188775658614 0.041960094124078758 11.500000000000002 0.074271079152822508 0.08842144533991815 51.500000000000007 3.1567740440368657 1.2094135880470278 36.500000000000007 0.88939857482910167 1.4437134861946108 5.5000000000000009 2.5000000000000004 0.18834459781646731 -8.7518973350524885 21.500000000000004 7.5000000000000009 0.2145502641797066 1.7966375946998598 7.8929824829101571 2.162880659103394 0.21960458159446719 1.0726690888404848 1.9249698519706728 0.48591269552707678 -7.1946833133697501 0.31719042360782629 0.39827586710453039 16.500000000000004 0.29371783137321478 -8.8416314125061017 7.5000000000000009 6.421459674835206 0.17142856866121295 1.0000000180025095e-35 2.0349017381668095 1.5062947273254397 10.674092769622805 1.6637304425239565 6.7818210124969491 0.29797463119030004 1.7235247492790224 5.9976577758789071 1.0080304145812991 0.17595459520816806 0.17249008268117907 85.500000000000014 1.5000000000000002 -8.8930010795593244 0.78850984573364269 1.0262038707733157 6.5000000000000009 25.500000000000004 7.721895933151246 0.19222482293844226 0.24999997764825824 0.3954091221094132 0.00057046895381063234 7.7817866802215585 43.500000000000007 0.99999991059303295 1.9272028803825381 3.5000000000000004 0.84672909975051891 8.4929232597351092 0.20064935088157657 3.5000000000000004 10.146558761596681 7.129714012145997 3.4011036157608037 10.500000000000002 9.7913527488708514 4.5000000000000009 1.0967569947242739 -7.2866075038909903 0.46641604602336889 1.2403703927993777 -7.3684203624725333 0.2524509876966477 1.1567652225494387 -8.8339905738830549 0.048410071060061462 1.1342246532440188 30.500000000000004 5.729029893875123 0.00057193241082131873 3.3511530160903935 8.2235765457153338 0.067041199654340758 4.2026758193969735 1.2975847721099856 1.0444663763046267 80.500000000000014 3.3684997558593754 9.368622303009035 58.500000000000007 10.502232551574709 44.500000000000007 8.0143637657165545 2.7794400453567509
decision_type=2 2 2 2 2 2 2 2 2 2 2 2 2 2 2 2 2 2 2 2 2 2 2 2 2 2 2 2 2 2 2 2 2 2 2 2 2 2 2 2 2 2 2 2 2 2 2 2 2 2 2 2 2 2 2 2 2 2 2 2 2 2 2 2 2 2 2 2 2 2 2 2 2 2 2 2 2 2 2 2 2 2 2 2 2 2 2 2 2 2 2 2 2 2 2 2 2 2 2 2 2 2 2 2
left_child=1 5 26 6 8 37 22 13 12 10 25 24 30 40 17 72 77 19 -7 -9 56 -17 23 42 67 33 27 29 -28 51 91 62 -19 59 35 -29 -37 -1 -39 45 41 -8 -3 -44 -38 46 -24 -47 49 68 57 -2 53 -27 -54 63 -13 -36 -59 -5 64 -62 -32 -41 -53 82 -20 -12 73 -70 -25 81 -16 -10 -33 96 98 78 93 80 -80 -52 -50 86 85 -85 90 -84 -22 -68 -79 92 -4 94 -6 -95 -51 -35 103 100 -100 -101 -26 -18
right_child=2 3 4 9 16 18 7 14 48 -11 11 20 -14 -15 15 21 76 32 66 -21 88 -23 39 70 102 52 28 34 -30 -31 31 74 -34 97 50 36 44 38 -40 55 -42 -43 43 -45 -46 47 -48 -49 65 75 71 60 54 -55 -56 -57 -58 58 -60 -61 61 -63 -64 -65 -66 -67 89 -69 69 -71 -72 -73 -74 -75 -76 -77 -78 83 79 -81 -82 -83 87 84 -86 -87 -88 -89 -90 -91 -92 -93 -94 95 -96 -97 -98 -99 99 101 -102 -103 -104 -105
leaf_value=0.05555281272147055 0.02710639785090161 0.049563991998660142 0.0056779824607041691 0.010086976471987223 -0.03181839762767235 0.039836635781601917 -0.0076556978555731292 0.05181649461803909 -0.027768906669174937 0.05046016551398335 0.033364085065767886 0.02239397932832168 0.024055937727494821 0.046214822598695797 0.011245594353310445 0.0060082189864924494 -0.0096528086780560893 -0.017440656240140989 0.0077081050110273421 -0.010093935972891734 0.035762388444177361 0.087382761641990797 -0.00824913007512206 0.014267918802866037 0.032219763256039195 0.0073953065319781394 -0.041340345528978355 -0.0078507705088897289 0.0057247196367221148 -0.035531755457737263 0.058460768347908282 0.008534048196746415 -0.034225213067511112 0.037159346382965912 0.037219913577336804 0.01079143860346965 0.025327201263337602 0.054948028222930489 -0.018248255264318503 0.0013145829321636561 0.027165288751601131 0.016007107782221103 -0.010623171497652961 0.040973968088102351 0.084565420981338263 -0.0024884834261225987 0.0086817239902731661 -0.021069954425545611 0 -0.0071114471951111763 -0.034735410178640291 0.010115602406501502 0.019829708316933706 0.04123528692297429 0.0034429594058335237 0.029481210910415445 0.010244175327870761 -0.018137199797508403 0.019295372782630625 -0.0096712849127075489 0.013060488243023327 -0.01473716980338792 -0.0018070936412162338 0.0055656572537942095 -0.026958895596897875 0.019408812187888133 -0.0083390304638168624 0.01802648265896855 0.06939022646781573 -0.010281452022488818 -0.020026224729979638 0.0094292938119783249 -0.022629826189239241 0.02276804651967337 -0.043535086530895134 0.0074996433862387496 -0.050311584696791756 -0.033152803620196111 -0.00081106597434956677 -0.042961137215206856 -0.038255018062822131 -0.0016280968832641015 -0.019324337742287631 -0.028563287462099497 -0.041925985110411651 0.034100263170228517 0.022109941387983566 -0.040951452219051332 0.013531455629779324 -0.043854418365299262 0.0098266062114673244 -0.043129213297550539 -0.029858001354107318 -0.013320221348726494 0.019505859887642061 -0.04431711295649244 -0.044820248495300336 0.017786099496520606 -0.00087066005656008863 0.025386230511216409 -0.046735611060557687 -0.018103932595920389 0.051879463481353985 -0.046404588269337077
leaf_weight=2292.5437068492174 13.066704804077743 21.129468210041523 6.3482216726988545 1318.7139124944806 13.371968770399688 11.245665542781351 225.4035356529057 6.0093039870262173 42.067965453490615 32.776327595114708 68.822771780192852 100.1354618370533 34.901871064677835 15.320075474679468 10.118116479367016 6.2519901264458877 1.7985844109207381 98.496939174830914 20.343716777861118 22.793094554916024 45.606069505214691 6.4196376521140337 93.766009882092476 17.668207475915551 17.682133838534355 44.05362842977047 18.789193511009216 15.180803656578062 16.099099840968847 15.772221740335224 5.200815839692952 4.5589539464563114 168.3218891415745 22.819194808602333 15.352552143856881 20.446366399526596 10.774768371134998 29.372030727565289 12.254575379192827 1094.8763954713941 15.155678052455185 40.687139732763171 19.395224001258612 19.176682151854038 9.8932194318622333 336.49679924547672 245.36162526905537 51.241067305207253 4.9411168601363888 3.8354697078466407 15.696592807769774 10.555547676980494 53.497260086238384 21.467886425554752 1173.2619378119707 20.299140959978104 1777.3409442305565 21.117714550346136 31.984318003058434 33.658323097974062 51.636629607528448 36.203961256891489 7.3181028813123703 1987.9735153540969 39.083109872415662 2.7896679937839499 10.096246937289836 206.40064540505409 3.1704002209007731 32.858724242076278 15.56583142839372 13.794440453872083 28.314032083377242 2.7309530489146701 6.9703925792127848 3.0414064843207589 2534.3956621102989 6.0988055597990734 23.13928079046309 27.980414913967252 13.144080841913818 10.947764033451678 19.983230711892247 2.341778313741087 18.749737776815895 2.2151241656392813 4.189620764926075 180.82034157775342 20.851379670202732 7.6580265481024972 2.874376667663455 16.739553634077311 8.9308720342814905 6.0998658295720807 2.2783902809023848 311.71594014763832 35.553849188610911 24.218174859881401 6.2217150889337054 1.9920098073780526 31.555580385029316 2.6562670562416315 24.650121882557869 814.53898030333221
leaf_count=24944 136 134 93 5673 658 83 2818 33 1603 207 386 403 193 81 146 92 89 1942 111 700 242 119 529 122 103 217 158 122 157 156 96 137 6696 100 126 174 108 266 83 6906 120 455 132 121 104 2233 1545 352 167 134 158 88 237 115 5242 142 7287 188 266 155 427 294 152 12319 411 47 144 924 98 1170 144 137 501 97 177 131 163753 283 1223 1496 697 108 849 109 863 101 196 8021 108 105 133 344 248 315 115 16705 1588 100 357 118 1905 155 150 49135
internal_value=-0.000333168 0.0158735 -0.0422283 0.0063234 -0.0458672 0.0541145 0.00158075 -0.0108868 -0.0253233 0.010663 0.0103825 0.0135328 -0.00117998 0.000597123 -0.0206985 0.00388911 -0.0481231 -0.0249807 0.00330025 0.00441856 0.0115737 0.0528249 0.00363113 0.0177747 0.0253833 0.00772588 0 0.00218412 -0.0200068 -0.00621296 -0.0172806 0.00190807 -0.0281986 0.010242 0.0106784 0.0240545 0.0359313 0.0551816 0.0332825 0.00327851 -0.00208439 -0.00393067 0.0285425 0.0153532 0.0579375 -0.000830666 0.00395541 -0.00504152 -0.0318776 -0.0225021 0.00343988 -0.00275532 0.00498478 0.0193068 0.00418905 0.00424417 0.0109149 0.0123383 0.00413667 0.00957767 -0.0059274 0.00143653 0.0260933 0.0040605 -0.0188141 -0.0371714 -0.00833244 0.022058 -0.0137582 -0.000511002 -0.00167771 -0.0112874 -0.0133735 -0.0238343 -0.0235662 -0.0378925 -0.0492135 -0.0394388 -0.0407491 -0.028385 -0.0156205 -0.0222992 -0.0381217 -0.0238396 -0.0335409 0.00114793 -0.00430608 -0.0390079 0.0293871 -0.0264004 -0.0189948 -0.0314315 -0.0153097 -0.0429642 -0.022711 -0.0438189 -0.0417886 0.0282486 -0.045879 -0.0352458 -0.0397582 0.000553682 0.0452794 -0.0463537
internal_weight=16552.2 11935.7 4616.52 9552.2 4250.12 2383.51 4566.24 643.291 422.762 4985.96 4953.18 2261.49 90.9688 296.566 346.725 51.1038 3827.36 295.621 49.3437 28.8024 1943.93 12.6716 3922.95 92.9354 317.556 2691.69 366.395 331.507 34.8883 166.318 56.0669 24.0483 266.819 1399.41 165.189 56.2952 41.1144 2334.17 41.6266 3830.01 281.246 266.091 59.7014 38.5719 20.668 726.866 339.128 387.738 331.793 123.259 108.893 150.546 1292.28 65.5215 1226.76 3103.15 1877.48 68.4546 53.102 1352.37 137.479 87.8406 12.5189 3082.85 49.6387 208.534 38.098 275.223 80.828 36.0291 33.234 40.4388 38.4321 44.7989 11.5293 42.4307 3393.16 434.199 397.73 64.2638 36.2834 26.6444 205.745 36.4694 23.3066 4.5569 13.1628 200.804 66.4574 17.7543 8.97318 32.0186 15.2791 333.466 15.6504 317.816 39.3893 47.0374 858.763 42.4256 37.7773 4.64828 42.3323 816.338
internal_count=342836 85767 257069 60031 253751 25736 38382 13703 15345 21649 21442 9603 1440 3474 10229 858 238406 9371 443 733 8040 211 24679 653 1563 11839 3318 3003 315 1512 1247 562 8638 6028 1491 508 386 25293 349 24026 3393 3273 387 253 212 4659 2074 2585 13905 4821 983 1356 5811 332 5479 19367 7690 580 454 5828 1220 721 248 19225 499 9084 360 1310 2968 1268 266 403 647 1700 314 1853 215512 22894 21209 3416 1920 266 9037 1685 1073 210 612 8870 350 249 416 685 341 17793 773 17020 1722 200 51759 2535 2262 273 253 49224
is_linear=0
shrinkage=0.05


Tree=43
num_leaves=91
num_cat=0
split_feature=15 103 50 0 21 15 44 48 19 49 34 2 11 97 52 48 103 109 108 67 94 44 54 36 38 32 103 101 108 105 67 98 107 17 21 107 76 71 96 107 4 94 74 94 115 76 105 95 101 82 63 103 103 77 49 103 76 96 100 77 63 0 52 99 111 98 38 115 13 94 52 97 95 52 61 109 67 5 113 67 50 113 63 44 44 2 108 44 13 0
split_gain=4158.12 1704.78 212.958 79.9688 68.314 63.8961 49.6942 35.4076 19.9719 19.694 16.6347 16.1796 14.9507 14.1172 13.8419 13.0647 12.6179 13.5837 9.26005 9.03498 9.10661 8.81347 8.40381 7.4473 7.143 7.11036 7.07648 9.47756 11.9216 8.79835 8.43996 7.51392 8.36246 6.96169 14.2237 6.42094 6.81807 6.56054 6.39151 6.35303 6.33395 6.30196 6.11692 5.775 5.30828 5.21803 7.45265 5.13093 7.77922 6.31021 6.7336 7.50619 5.75829 8.0702 7.74045 4.84852 11.1074 5.65386 4.84444 4.68345 4.44808 4.4411 4.15358 3.82053 3.79672 3.48908 3.29189 3.19071 3.73619 3.01497 3.49377 2.85281 2.30751 2.28619 2.30868 2.22863 2.21606 2.10312 2.15923 2.09591 2.01091 1.77673 1.75314 1.66092 1.43664 1.05159 1.02797 0.576396 0.321293 0.0622661
threshold=7.5000000000000009 0.045435681939125068 0.5357140600681306 2.5249279737472539 23.500000000000004 2.5000000000000004 0.055867666378617294 0.042274795472621925 19.500000000000004 0.15384615212678912 18.500000000000004 1.2495471239089968 3.5000000000000004 0.42582418024539953 0.71798598766326915 0.019607842899858955 0.89412766695022594 0.0011262380867265167 8.135838985443117 11.978740692138674 10.125879764556887 0.14110106229782107 1.9179204702377322 8.5000000000000018 18.500000000000004 18.500000000000004 1.8954882025718691 3.1230254173278813 6.7819142341613778 2.0994372367858891 9.5297808647155779 -2.4999999999999996 1.9978266954421999 19.500000000000004 19.500000000000004 1.2226989865303042 11.500000000000002 9.0784997940063494 0.78759399056434642 1.5235719084739687 1.5000000000000002 7.7183942794799814 3.5000000000000004 5.5625262260437021 0.00037160619103815412 13.500000000000002 2.3616236448287968 8.8211016654968279 2.5896418094635014 1.0000000180025095e-35 7.3293333053588876 2.0259141921997075 2.1588556766510014 59.500000000000007 0.4999998956918717 1.2535326480865481 61.500000000000007 0.18834459781646731 3.3266534805297856 40.500000000000007 8.070960998535158 1.2424533367156985 0.52803984284400951 11.228363990783693 -8.3385095596313459 11.500000000000002 51.500000000000007 0.00034919811878353363 4.5000000000000009 10.691042900085451 0.76370793581008922 0.095454547554254546 9.0324845314025897 0.80658715963363659 4.9082701206207284 0.66315656900405895 10.19602155685425 7.5000000000000009 -8.6714515686035138 12.227745532989504 0.25210078060626989 -8.9196648597717267 12.586964130401613 0.047761620953679092 0.10050505027174951 1.1342246532440188 7.9688320159912118 0.22168649733066562 5.5000000000000009 1.4978661537170412
decision_type=2 2 2 2 2 2 2 2 2 2 2 2 2 2 2 2 2 2 2 2 2 2 2 2 2 2 2 2 2 2 2 2 2 2 2 2 2 2 2 2 2 2 2 2 2 2 2 2 2 2 2 2 2 2 2 2 2 2 2 2 2 2 2 2 2 2 2 2 2 2 2 2 2 2 2 2 2 2 2 2 2 2 2 2 2 2 2 2 2 2
left_child=1 5 6 4 26 21 14 13 72 -7 -8 47 73 24 23 22 17 -13 39 33 75 -1 55 -2 25 -6 35 31 30 -30 -29 -28 -33 34 -18 36 60 -38 44 -16 45 86 -35 -15 -37 -20 -47 49 -49 50 51 -5 54 -54 -51 56 -12 -57 -50 -52 -3 65 -11 -45 -42 80 -67 -63 -69 85 -71 -25 -4 74 81 -21 87 -64 -79 83 -17 -10 -78 -73 -83 88 -19 -76 -9 -14
right_child=2 3 8 11 7 9 10 69 12 62 15 16 89 43 18 61 19 41 40 20 -22 -23 -24 71 -26 -27 27 28 29 -31 -32 32 -34 42 -36 38 37 -39 -40 -41 64 -43 -44 63 -46 46 -48 48 58 52 59 -53 53 -55 -56 57 -58 -59 -60 -61 -62 67 77 -65 -66 66 -68 68 -70 70 -72 79 -74 -75 76 -77 82 78 -80 -81 -82 84 -84 -85 -86 -87 -88 -89 -90 -91
leaf_value=0.055122674483577043 0.019457394183962175 -0.021503137102831138 0.0035452050453071678 0.0024439638631745648 -0.0034755047999259648 0.047099440174914915 0.021204226143000819 -0.046979172346820197 0.0026062310541479609 0.0035324956815637474 -0.026886208783496991 0.004220057915083091 -0.050082664052556417 0.01510345164904791 0.019372598902342289 0 0.010422624780955306 0.033648064658415279 0.057047512947845491 0.048657800504278072 0.00093537889239653509 0.010518277900642151 0.017520972329418912 0.004119665689941274 0.028420925323030328 -0.031893427031899846 0.035571838710914308 -0.00090162130872673387 -0.029514240334217276 0.0011957124607173562 -0.020387668477147861 -0.0061519658967727287 0.012528360681840498 -0.029199382947019899 0.026121676581781647 0.02302544391177859 0.0053837085348286233 -0.018520395362156477 -0.020813761577153103 -0.02542376930981996 -0.016611341990622499 0.012463286879361289 0.0074165881876824798 -0.040575141735815112 0.0058100905698907418 0.036849011048749568 -0.00084460819198600072 -0.0057071516466888966 0.043478212689421883 0.006362921973314388 0.0070432713641712975 0.025154286571339897 0.010834426219136113 -0.013863204819730236 -0.0077771950793128798 0.0046254491794604563 0.03228283530721808 -0.027701430579290389 0.013805261546920911 0.028221517155102044 -0.0023591866292100401 0.011160419829378881 -0.0058685502353981187 0 0.019358961594386718 -0.023581092020964756 0.029212224867888881 -0.022262172405960599 -0.038721749679803047 0.030143187515178561 -0.033264260349374984 -0.037338537542192178 -0.023100818778400159 -0.002247380961351192 0.0092976588632064493 0.023652732694716447 -0.043454062027360872 -0.014142742687140778 -0.053810219366215863 0 -0.041669120538448262 0.00038366988258236283 0.0011304140076770078 -0.010872858623337547 -0.03378000149779941 -0.0050174376602377729 0.053763820867353367 -0.017591819753653724 -0.016008328486507163 -0.022840297959261641
leaf_weight=2203.9021046981215 12.032336385920642 52.20750130712986 19.256960511207584 200.88589261472225 208.5788998324424 14.436181263998149 17.129351228475571 94.343445357866585 3.4699871568009248 13.356691680848597 16.306553883478045 43.080605648458004 2550.4507074700668 5.0574475508183232 11.001779474318029 2.9242583438754073 2622.0869069844484 26.690081730484962 13.765378059819339 31.342098087072372 22.207811057567596 12.48356845974922 16.407261747866869 7.8977320566773406 14.00220883451402 23.388441193848848 22.913167260587215 103.45851659029722 22.168633624911308 1529.8105238713324 121.79612343758345 87.544492647051811 179.84216956794262 18.58940676599741 153.07513827458024 45.129324225708842 297.95151315256953 30.144897568970919 20.455015495419502 19.854238074272871 13.341157631948592 19.825231611728668 24.643857359886169 48.831942573189735 1720.1900435499847 30.318636542186141 21.330355962738395 23.136890172958374 26.332119271159172 1221.7158016636968 42.390408426523209 43.43005995452404 49.039814695715904 93.351575598120689 103.22367505729198 14.584249213337896 12.79544533789158 98.772799786180258 34.175202831625938 79.858921095728874 73.845285451039672 4.3251318251714101 8.4052311368286627 6.8405945487320414 12.951564088463781 10.454684734344481 2.3954237867146722 129.88437633402646 57.45090090483427 2.3950288761407128 3.3348660059273243 28.296640519052744 11.599289286881683 4.213610438629984 2.084622034803032 22.184978559613228 967.26922964397818 8.2167029790580255 9.7077683396637457 6.8094969205558291 151.99406688008457 2.6924215946346512 1.6965407487004984 10.884591095149515 35.412174616008997 2.5335171334445468 38.062337338924408 2.578374863602221 3.8439951799809924 5.1338686468079677
leaf_count=24986 152 327 177 846 3036 126 148 5026 180 109 396 194 172395 130 88 139 10892 154 105 149 115 61 120 51 180 467 176 685 138 10566 872 576 1183 100 812 269 1890 205 161 185 109 100 131 1676 10294 208 183 108 123 5269 183 181 214 402 468 181 320 2606 157 338 529 166 95 229 91 444 91 5121 2672 111 151 431 114 137 100 107 58159 141 138 83 8001 106 100 173 1839 100 243 135 230 310
internal_value=-0.000629085 0.0146027 -0.0425923 0.00543496 0.000778576 0.0535734 -0.0177731 -0.0186023 -0.0475628 0 -0.0255304 0.00988154 -0.0479091 -0.00983643 0.00423792 -0.0271509 0.0121654 0.0275591 0.0141587 0.0114691 0.0284899 0.0548832 -0.0148834 -0.0139636 -0.00437759 -0.00657012 0.00264564 0.000530023 -0.000835374 0.000722536 -0.0115471 0.00888466 0.00637488 0.0109932 0.0113058 0.00459231 -0.000694722 0.00308281 0.00594194 -0.00898483 0.0220722 0.0390502 -0.00855516 -0.0311468 0.00627503 0.0302484 0.0215094 0.00627053 0.0183452 0.00569981 0.0115741 0.00665053 0.00421518 -0.00526353 0.0052462 -0.0188287 -0.000237018 -0.0234492 0.0276193 0.0211331 -0.0105261 -0.032461 -0.0183595 -0.0358092 0.000836036 -0.0387758 -0.0110181 -0.0266233 -0.0276303 -0.0432776 -0.00462243 -0.0219314 -0.00676891 -0.0424784 -0.042632 0.0394031 -0.0431961 -0.0294161 -0.0386375 -0.0266043 -0.0408866 -0.0281449 -0.0433641 -0.0309042 -0.0311904 -0.0452787 0.0465729 -0.00461098 -0.0461261 -0.0500453
internal_weight=16260.2 11930.4 4329.77 9659.94 4720.61 2270.51 723.908 413.15 3605.86 54.1226 535.425 4939.33 3575 306.7 188.484 518.295 3021.79 127.658 122.563 2894.13 75.7349 2216.39 158.866 65.9208 245.97 231.967 4307.46 2067.53 1777.23 1551.98 225.255 290.3 267.387 2818.4 2775.16 2239.92 454.149 328.096 1785.77 30.856 91.7071 84.5777 43.2333 60.73 1765.32 65.4144 51.649 1917.54 83.6442 1833.9 366.565 244.316 1467.33 142.391 1324.94 142.459 29.102 113.357 60.5073 122.249 126.053 359.429 39.6864 55.6725 26.2927 167.768 12.8501 191.66 187.335 106.451 5.72989 53.8885 30.8562 1019.42 1015.2 53.5271 973.629 26.3297 17.9245 45.9907 154.918 41.5746 968.966 39.1812 38.1046 100.721 64.7524 4.663 98.1874 2555.58
internal_count=342165 86149 256016 60493 39207 25656 22264 11336 233752 609 20405 21286 233461 5718 1859 20257 12997 691 969 12306 371 25047 3623 890 3683 3503 27871 14196 12261 10704 1557 1935 1759 11935 11704 13675 2951 2095 10724 273 696 497 231 2035 10563 496 391 8289 388 7901 1548 1027 6353 616 5737 3503 716 2787 280 521 856 16634 483 1905 200 8675 535 7959 7793 5618 262 738 291 60756 60619 256 58494 374 279 687 8140 2125 58259 604 1945 5356 397 235 5256 172705
is_linear=0
shrinkage=0.05


Tree=44
num_leaves=95
num_cat=0
split_feature=24 103 50 115 0 96 21 13 109 3 19 11 97 0 103 38 17 67 65 65 30 109 102 105 21 0 108 42 102 65 95 65 114 36 3 77 36 108 108 49 9 38 82 65 77 53 3 108 38 113 109 71 67 113 99 19 114 94 109 46 107 77 100 19 94 109 95 46 67 103 99 3 69 96 63 67 46 96 9 100 115 65 108 108 67 49 93 19 63 105 103 108 77 82
split_gain=3860.76 1627.2 255.684 66.7387 61.0227 53.4875 30.0464 29.924 25.648 24.7087 23.5446 16.441 15.7205 15.7021 13.5801 12.9746 11.5703 11.0976 12.0517 10.7726 9.70097 9.55937 11.0116 14.664 9.13512 9.03577 8.77732 8.26704 7.58019 10.3985 7.1865 6.67364 6.50267 8.94105 6.64309 6.39454 7.77143 6.14551 7.71123 6.67002 6.58558 6.08718 6.07187 5.54037 6.19072 5.38607 5.18516 12.1811 5.31521 4.81887 6.67581 4.80578 4.68044 4.88486 7.18008 5.98834 4.59821 4.51023 4.4769 4.24434 4.15545 4.17341 4.04817 3.99294 5.27067 4.50585 3.92304 3.73616 6.66803 3.37103 5.80495 2.82903 4.27399 2.95183 5.39625 2.60819 2.53637 2.46695 2.3407 2.31166 2.30642 1.97444 1.65142 4.59336 2.09198 1.6113 1.46957 5.48829 1.45639 1.42261 1.2621 1.10019 0.92639 0.632448
threshold=7.5000000000000009 0.045435681939125068 0.5357140600681306 0.0033985575428232555 2.5249279737472539 0.22401433438062671 21.500000000000004 2.5000000000000004 0.00040456095302943146 0.82715183496475231 19.500000000000004 2.5000000000000004 0.41042780876159674 3.113268375396729 0.92400339245796215 34.500000000000007 80.500000000000014 11.447837829589846 9.5300292968750018 10.965276241302492 2.5000000000000004 3.2402358556282713e-05 8.1918077468872088 4.5742404460906991 23.500000000000004 1.7005987167358401 10.146558761596681 0.16597796231508258 10.925559520721437 11.925676345825197 8.5875597000122088 10.35757637023926 3.4263153076171879 9.5000000000000018 1.7966375946998598 37.500000000000007 1.5000000000000002 7.6921522617340097 11.191158771514894 0.24999997764825824 86.500000000000014 4.5000000000000009 1.0000000180025095e-35 9.1796870231628436 76.500000000000014 0.61938297748565685 1.7966375946998598 6.6630115509033212 6.5000000000000009 -8.925386428833006 0.72520971298217785 9.0571765899658221 6.6944196224212655 -8.8264145851135236 9.4420752525329608 14.500000000000002 3.3354965448379521 7.8255209922790536 2.0491960048675542 0.2145502641797066 1.5732076168060305 45.500000000000007 0.51132538914680492 38.500000000000007 9.50158739089966 1.343549966812134 10.875044822692873 0.21070533245801928 12.057652950286867 1.0669617056846621 0.94195657968521129 1.061809301376343 9.8947691917419451 0.36867654323577886 11.295631408691408 10.131567001342775 0.14226190745830539 0.4434372484683991 78.500000000000014 2.7171751260757451 0.00056644470896571885 10.835130214691164 7.4673881530761728 7.2864930629730233 12.301218032836916 0.19999996572732928 10.500000000000002 96.500000000000014 7.9762263298034677 0.23477055132389071 0.31609728932380682 7.9916751384735116 14.500000000000002 23.500000000000004
decision_type=2 2 2 2 2 2 2 2 2 2 2 2 2 2 2 2 2 2 2 2 2 2 2 2 2 2 2 2 2 2 2 2 2 2 2 2 2 2 2 2 2 2 2 2 2 2 2 2 2 2 2 2 2 2 2 2 2 2 2 2 2 2 2 2 2 2 2 2 2 2 2 2 2 2 2 2 2 2 2 2 2 2 2 2 2 2 2 2 2 2 2 2 2 2
left_child=1 3 5 8 6 9 28 17 43 45 30 71 15 49 62 25 51 18 -8 31 -20 80 23 26 -14 41 -23 -21 29 46 -4 -19 33 34 -16 36 -34 -30 40 -40 -39 -7 -37 -1 57 79 47 -3 -48 50 -6 -17 -51 54 -54 -55 -31 -45 67 -43 -24 -62 -15 64 -27 -65 -18 68 -26 70 77 72 73 74 -12 -73 91 -9 -69 -2 81 -11 83 -71 -84 -5 87 93 -77 -90 -75 -64 -82 -13
right_child=2 4 10 85 13 12 7 69 -10 21 11 86 24 14 32 16 66 19 20 27 -22 22 60 -25 58 63 -28 -29 37 56 -32 -33 35 -35 -36 42 -38 38 39 -41 -42 59 -44 44 -46 -47 48 -49 -50 52 -52 -53 53 55 -56 -57 -58 -59 -60 -61 61 -63 76 65 -66 -67 -68 78 -70 82 -72 75 -74 90 -76 88 -78 -79 -80 -81 92 -83 84 -85 -86 -87 -88 -89 89 -91 -92 -93 -94 -95
leaf_value=-0.032590734737674397 0.02503344364802006 0.042402710597030005 0.019935153165819154 0.054898286455673365 0.0051925504177301914 0.016644576843205285 0.033897936266356135 0.0037765221411671726 0.058869300898748193 0.011109662323562884 -0.023118608475308219 -0.046940673985489956 0.01078087675343941 0.0096698353881046525 -0.0030574872475922343 0.0069921344156614251 0.0088665662035984291 0.0023944370192119928 0.027828556440106442 0.0074965286628044005 -0.019850377160090922 -0.0050532945449876573 0.0051811781929453453 0.058953837547695821 -0.032095670588267393 -0.017855171338606125 0.0345682931891804 -0.031824378887959442 -0.015703435547614369 0.046086116100405833 -0.025379211391739848 0.049673406632639805 0.02575701450624306 0.037716504012032526 0.0090849269263297838 0.023471191949554077 0.00038015366758402359 0.015027911374744888 0.017860845077657537 0.0003956944056928936 0.046861576049261666 -0.0044791684768008839 0.013377042377331949 0.041740636598075948 -0.022857588604031524 0.0045656746588021288 0.0012432112125433197 0.0033280063311229009 -0.010751662933867097 0.026523985610163593 0.039641423288807195 0.05795825249995229 -0.0094496761393013159 0.005518677258764401 0.007977347273779245 0.014541048969474727 0.010347601831107757 -0.0035075223508840517 0.018222894992416461 -0.035488990161159133 -0.040138821841425226 -0.0091529895501817546 0.027193376949155464 -0.029405588184665515 0.004983992966635882 0.017591166709737167 -0.040630849009560377 -0.001864721310416763 0.041710098836282711 -0.031069085203659239 0.031750052939609551 0.0052130030558831773 0.029785046514502631 0 0.040492188744789326 0 0.014899071858173372 -0.042056928300203397 -0.042559340061123427 0.051258239618259906 -0.019843252315743052 -0.027300112255003645 -0.044281019492232933 0.029585789912720786 -0.0054846998160553951 0.034664452266071573 -0.050391016521401433 0.021249348723848815 0 -0.041563411986248078 -0.039996488890583715 0.045603539869120795 -0.051767056579125059 -0.012142456542352738
leaf_weight=19.136522050946951 28.463273335248232 23.693305280059576 14.840397164225577 2076.3160858377814 33.85777410119772 5.4283845014870158 11.668474508449433 3.3509434908628455 15.041501104831694 4.7715649195015448 18.461458764970306 806.9691432826221 8.8347979802638275 23.984561204910278 124.56395404785872 9.6280013853684085 5.4128605565056196 12.491097319871185 10.141217185184358 55.147350870072842 130.38612748682499 86.662288453429937 12.933612514287232 10.859657855704425 8.1478071045130473 48.233469100669026 15.092077085748313 15.962668770924209 22.516286768019199 16.360040567815304 17.20531589910388 19.650171892717481 36.163207441568375 24.266793094575405 1018.8607887178659 194.89905396103859 156.15000139176846 92.165882866829634 76.400795705616474 187.6779718324542 19.751812234520912 13.442824518308042 746.45411992818117 8.8703174572438019 14.838871361687778 18.660864973440766 3641.4370035715401 100.76060520857573 93.13147945702076 26.03574113547802 24.280300423502922 9.5489251073449832 123.43036241829395 1959.8797345906496 110.41671286523342 204.26397652551532 22.387240633368492 10.514918776229022 2.345517477951943 123.16587887518108 23.270617993548512 23.241519838571548 27.418429799377918 42.199743090197444 49.311060005798936 4.4977601766586295 8.6054495284333807 4.2797921970486632 2.9585927762091151 15.237315624020995 4.1245155967771998 2.3360058963298789 1.797219001688062 1.9013226907700289 2.4982337914407244 1.8476029727607954 17.931641727685928 8.1050958065316063 165.81291353981942 19.567867904901505 7.7937856074422625 5.4990239460021257 69.124563724733889 2.4202254209667435 4.7614979306235901 22.23825983889401 2059.19843759574 1.9760532099753607 1.8962382581084956 506.22561980038881 38.582755112089217 39.342391192913055 11.510078649967907 3.3182132923975578
leaf_count=131 162 161 134 24721 158 72 145 154 103 85 913 55063 88 105 525 111 96 174 59 757 2218 1143 130 194 341 1367 182 390 147 101 169 327 150 163 4161 823 667 567 434 1232 144 481 3143 105 158 121 23251 733 612 110 115 99 579 8351 510 973 156 125 116 5736 396 373 171 1152 1444 111 265 163 100 748 196 100 98 115 126 104 82 427 8413 115 150 123 3393 115 218 190 146494 76 114 29806 2297 267 217 221
internal_value=-0.000789442 0.0140284 -0.0415493 0.0531299 0.00514902 -0.0156221 0.00105047 -0.0127376 0.00426998 0.00242186 -0.0473514 -0.0477482 -0.0250801 0.00904852 0.0119286 -0.0180739 0.0109204 -0.00332607 -0.0118913 0.00919341 -0.0160816 -0.00629412 -0.0016089 0.00750739 -0.0364334 -0.0215101 0.00114329 -0.00166754 0.00222044 0.00154397 -0.00414294 0.0325226 0.0110912 0.00843001 0.00775113 0.0138087 0.00536611 0.00878119 0.0103305 0.00555854 0.0212797 -0.030486 0.0155116 -0.0121272 0 0.0284789 0.00127705 0.0112628 0.000937214 0.00624256 0.0203824 0.0352173 0.00588691 0.00564224 -0.00118018 0.00638436 0.026841 0.0182292 -0.0388291 -0.0325917 -0.0188026 -0.0256336 0.0291793 -0.0123799 -0.00630785 -0.0242649 -0.0218645 -0.0397659 -0.009018 -0.0347323 -0.0109518 -0.0396236 -0.0276679 -0.0301771 -0.0128935 -0.0409949 0.0343239 -0.0289935 -0.0416189 0.0371481 -0.0318368 -0.0094642 -0.0384304 -0.0205679 -0.0420724 0.0547135 -0.0493517 -0.0466164 -0.0412408 -0.0414018 -0.0381067 0.0389528 -0.0417188 -0.0468332
internal_weight=15977.2 11718 4259.23 2166.96 9551.05 780.18 4658.85 362.571 68.4021 268.326 3479.05 3447.01 511.854 4892.2 2410.03 319.474 33.1952 255.447 152.196 103.251 140.527 201.634 172.06 112.614 192.379 286.279 101.754 71.11 4296.28 3897.77 32.0457 32.1413 2301.36 1167.69 1143.42 1133.67 192.313 398.513 375.996 264.079 111.918 142.037 941.353 53.3606 34.2241 66.692 3859.02 124.454 3734.57 2482.16 58.1381 19.1769 2424.03 2397.99 233.847 2164.14 38.7473 19.3852 183.545 136.609 59.4458 46.5121 108.677 144.242 97.5445 46.6975 14.0183 181.199 11.1064 107.124 15.5806 575.546 63.241 61.4438 20.9597 512.305 84.6925 11.456 170.093 48.0311 29.5745 10.2706 91.5436 17.6575 73.8861 2098.55 2871.46 812.263 509.969 508.122 40.4841 66.7608 19.3039 810.287
internal_count=342821 83445 259376 25533 57912 23546 36859 9321 622 3391 235830 235527 20155 21053 10257 10934 571 4070 2422 1648 2277 2993 2418 1519 9221 10363 1325 1147 27538 25014 303 501 9632 4849 4686 4783 817 2524 2377 1666 711 6289 3966 519 388 398 24757 894 23863 10796 273 210 10523 10413 1089 9324 257 230 9133 6217 899 769 625 4074 2811 1263 361 9017 441 5251 777 33673 3549 3451 1039 30124 520 581 8576 277 575 208 4474 863 3611 24911 201854 55360 30024 29920 2412 438 367 55284
is_linear=0
shrinkage=0.05


Tree=45
num_leaves=88
num_cat=0
split_feature=24 103 44 96 11 49 99 21 48 19 1 36 21 2 52 2 103 94 77 51 52 96 54 82 99 103 65 61 109 53 52 9 99 96 109 67 112 36 94 38 65 115 76 61 61 94 21 38 9 77 2 125 24 101 65 76 36 99 113 63 67 48 94 54 113 76 2 53 113 76 76 40 99 50 84 107 65 52 1 17 13 67 99 53 5 65 48
split_gain=3683.53 1536.96 271.115 56.5398 51.542 49.4524 39.199 32.6172 31.1958 25.1231 20.0156 19.1229 13.5 13.065 12.9158 12.6967 10.3752 10.2966 9.63918 9.2347 9.1728 8.77175 8.41411 7.71707 7.22408 11.5988 7.39101 7.038 13.7887 7.73077 7.38627 6.7471 6.59779 7.39798 10.3662 6.59664 6.12729 5.96586 5.7897 5.65973 8.37211 8.08656 5.58059 7.01519 5.96123 5.31918 5.24189 6.0434 7.54139 5.88238 5.20662 5.15461 10.7413 5.25089 4.93192 4.82125 4.7778 4.53359 4.35064 4.15107 4.02477 4.25571 4.38872 3.9084 3.52481 3.62979 3.25676 3.57317 3.09255 2.85533 5.99415 3.37271 3.18893 2.72883 2.59549 2.52519 2.48013 2.09482 2.05442 1.75852 1.49091 1.33112 1.1907 0.929855 0.883073 0.517692 0.333606
threshold=7.5000000000000009 0.045435681939125068 0.10551619529724122 0.16843971610069278 2.5000000000000004 0.16666664928197863 1.0000000180025095e-35 23.500000000000004 0.03846153803169728 87.500000000000014 2.5000000000000004 3.5000000000000004 16.500000000000004 0.82340019941329967 0.85777497291564953 1.9020052552223208 1.5546343326568606 8.558810234069826 9.5000000000000018 0.68181815743446361 0.53378996253013622 0.45374260842800146 1.4201449155807497 26.500000000000004 0.46686883270740515 0.7325229048728944 10.565127372741701 3.8142999410629277 0.47278678417205816 0.4743421077728272 0.4301948100328446 83.500000000000014 1.0000000180025095e-35 0.18834459781646731 0.82771414518356334 10.006258487701418 3.5490832328796391 1.5000000000000002 10.903048992156984 3.5000000000000004 11.925676345825197 0.00058148292009718727 3.5000000000000004 5.6464357376098642 7.0115160942077646 8.6805291175842303 35.500000000000007 10.500000000000002 70.500000000000014 40.500000000000007 1.1342246532440188 1.0000000180025095e-35 2.5000000000000004 11.436008930206301 9.9352564811706561 36.500000000000007 5.5000000000000009 2.9556912183761601 -8.711662292480467 7.5666368007659921 10.258164882659914 0.046547738835215575 10.397713661193849 1.9453299641609194 -7.3135521411895743 38.500000000000007 1.1342246532440188 1.1082207560539248 -8.9621400833129865 10.500000000000002 14.500000000000002 9.5000000000000018 2.3937958478927617 0.38961027562618261 0.11010101065039636 1.3064049482345583 11.059089660644533 0.73812839388847362 9.5000000000000018 80.500000000000014 6.5000000000000009 10.19602155685425 10.798026561737062 0.45534290373325353 11.500000000000002 9.6597313880920428 0.026402927935123447
decision_type=2 2 2 2 2 2 2 2 2 2 2 2 2 2 2 2 2 2 2 2 2 2 2 2 2 2 2 2 2 2 2 2 2 2 2 2 2 2 2 2 2 2 2 2 2 2 2 2 2 2 2 2 2 2 2 2 2 2 2 2 2 2 2 2 2 2 2 2 2 2 2 2 2 2 2 2 2 2 2 2 2 2 2 2 2 2 2
left_child=1 5 9 15 11 78 20 27 14 10 54 55 -6 36 21 18 -16 75 45 63 -7 31 46 -21 37 57 -27 28 29 35 -31 -9 58 34 -34 -5 56 -20 -35 42 41 -41 43 -29 -44 -3 47 49 -49 -17 -39 53 -53 -30 -2 -4 74 -26 -19 -10 -15 62 -62 -11 65 -22 67 -61 -63 82 72 -72 -71 -14 -13 -12 -60 -23 -1 -25 81 -75 -56 -83 -58 -82 -87
right_child=2 3 4 7 12 6 -8 8 59 19 17 13 73 60 16 22 -18 32 24 23 64 77 -24 79 25 26 -28 39 51 30 -32 -33 33 38 -36 -37 -38 50 -40 40 -42 -43 44 -45 -46 -47 -48 48 -50 -51 -52 52 -54 -55 69 -57 84 -59 76 66 61 68 -64 -65 -66 -67 -68 -69 -70 70 71 -73 -74 80 -76 -77 -78 -79 -80 -81 85 83 -84 -85 -86 86 -88
leaf_value=0.024872898499517432 0.019582504019086414 -0.038266025071797168 -0.017542776403182636 0.027686777202955884 0.0085467659637442021 0.016762658910127161 0.054855081859371928 0.0045851869481632326 0.0082646129337596939 0.045945373580832803 -1.3994024068657478e-05 0.0074572861865797053 -0.0070818865342147375 0.022270573808850985 0.047732411546474347 0.0024891534148030483 -0.0013513612685238647 -0.042456141338900043 0.018822530788455208 0.028730714195672746 -0.034255167568551924 0 0.042269720103168373 -0.0044330708248091809 0.014802665971956466 0.0085462011135688763 0.017519778983405659 0.011445492294811302 -0.00063633761795811442 0.017531624256006465 0.0056035955349154013 -0.016310002212520321 0.021776352242273755 -0.0010497923906533963 -0.01264656652878178 0.006791143845591114 0.031046494730265363 0.010498703787221619 -0.036624004816362521 -0.0071281056579297333 0.035302457865357559 0.0035667927564619799 0.0012656067314568821 -0.0093757928557272538 0.0084638666329685582 0.00093552830778903062 -0.0060211926652440281 0.04278657321968863 0.010338563033127938 0.016265848100042442 -0.0087675623372277037 0.032164900876079185 -0.0055250745611470312 0.0091135132487425267 -0.046491478601895175 0.022230077182910452 -0.042804855884682941 0.049626006181110044 0.018980634610439442 -0.044424659661319275 -0.028219659036257474 0.0068215738404661776 -0.011221332791858198 0.016921856807611654 -0.045884500242713733 0.006874018023275111 0.011930470922496376 0.01343604271439737 -0.03829388992182934 -0.011806903974744425 -0.005883039614873329 -0.032217122768661725 0.047818392691927614 -0.00050261464645118303 -0.02866964895249648 -0.043389098101990847 -0.019969953828981268 -0.039167290087353951 0.054669007798720914 -0.039138654143711794 -0.0045978083422440006 -0.0065554304657680119 -0.002463690070690739 -0.045372660652249222 -0.011704147849386842 -0.0077325620101487318 -0.049912885245161284
leaf_weight=10.606659550219772 4.2635763548314562 14.87271675467491 11.638045426458122 87.729074887931347 9.4784112200140935 15.066469445824621 33.562342135235667 88.901957489550114 3.6470424355939022 26.344920266419649 4.7254860531538752 7.3388923872262266 4.9578223247081032 2.689807415008544 18.367986528202891 95.372262954711914 22.495348105207086 11.995232647284867 33.878587201237679 9.5865963790565747 8.1055820882320369 3.8607595860958126 28.976308725774288 7.7585197724401942 19.391377225518227 2944.9291177541018 251.93261898681521 51.606014840304852 1163.8192360568792 145.50382521003485 1223.6380076780915 65.558768358081579 81.815643675625324 89.984086930751801 28.139201184734702 70.317855075001717 1.7473304755985726 45.955130722373724 11.737305330112575 468.51027865149081 12.931703235954044 280.69909846410155 683.43098974227905 165.94958205893636 500.93149709515274 17.186791807413101 27.141828589141369 43.026240281760693 33.629087850451469 474.62371356785297 130.75508568435907 37.570834070444107 35.159610152244568 155.02542498707771 25.582381946034733 16.411602227017283 478.84455964434892 23.50991827249527 6.1517089232802373 78.23228513635695 160.10872963070869 3.1152452537789932 56.302364114671946 27.243799265474081 14.779134258627893 10.555581921711564 1.9260389767587174 1.8563858242705453 108.38252063654363 3.1282357424497595 17.041848516091704 64.526116534136236 3.0104140751063824 2.1647528046742073 9.8438778482377511 16.025940127670765 7.1920195128768682 24.524144496768713 1998.4965187907219 8.106497794389723 1.4376585334539402 2.7065043495967975 2.3259263047948471 395.80323119647801 4.5364122632890931 1.6307474691420782 2350.8995322287083
leaf_count=72 123 101 110 422 87 120 319 1087 130 163 93 143 196 70 120 436 156 200 147 94 109 161 163 67 95 12359 1173 365 6125 794 6453 1790 759 1895 289 340 90 250 238 3640 100 2103 4723 1274 3655 128 134 274 154 2097 555 181 194 806 1110 145 29490 143 106 4206 7016 185 2311 163 130 121 75 96 6304 125 606 2551 95 115 317 338 145 860 24857 148 97 169 105 27847 281 64 174592
internal_value=-0.000147953 0.0141594 -0.0409915 0.00567543 -0.045558 0.0529786 0.0144541 0.00228742 -0.01343 -0.00464185 -0.0100333 -0.034697 -0.0489106 -0.0360643 -0.00346979 0.0100358 0.0213845 -0.00209509 0.00878518 0.0207007 -0.0141067 -0.00920742 0.0161866 -0.00365482 0.00904321 0.00962626 0.00926439 0.00324973 0.0048522 0.00813153 0.00689633 -0.00429094 0.000911195 0.00388709 0.0128256 0.0186039 -0.0412659 2.15815e-05 -0.00572403 0.00108192 -0.00237581 -0.00310871 0.00296933 -0.0043466 0.00432543 -0.01785 0.0149587 0.0158667 0.029151 0.0139908 -0.00365488 0.00124123 0.0140665 0.0005112 -0.026783 0.00533673 -0.0416303 0.0351429 -0.022404 -0.0388194 -0.0279802 -0.0285223 -0.0239509 0.0322343 -0.0284236 -0.0117141 -0.0411438 -0.0427386 -0.036871 -0.0288071 -0.0233752 -0.0270412 0.0197726 -0.0491162 -0.0133444 -0.034628 -0.00123587 -0.0340684 0.0545354 -0.0245913 -0.0491843 -0.044946 -0.043475 -0.0451596 -0.0425707 -0.0498724 -0.0498928
internal_weight=15755.3 11668.5 4086.72 9577.37 3630.04 2091.17 82.0691 5392.19 309.371 456.685 377.645 860.959 2769.08 832.91 223.709 4185.18 40.8633 257.767 3482.41 79.0403 48.5068 182.846 702.769 25.4516 3450.35 3239.76 3196.86 5082.82 2918.76 1527.19 1369.14 154.461 237.015 211.676 109.955 158.047 502.311 210.589 101.721 2164.06 762.141 749.209 1401.92 217.556 1184.36 32.0595 673.793 646.651 76.6553 569.996 176.71 1391.58 72.7304 1318.84 119.878 28.0496 500.564 42.9013 25.339 85.6618 330.599 327.909 216.411 53.5887 33.4403 18.6612 82.0147 80.0887 111.498 115.615 87.7066 81.568 6.13865 2759.6 17.1828 20.7514 13.3437 28.3849 2009.1 15.865 2754.64 400.674 27.9083 398.51 483.381 2353.97 2352.53
internal_count=342835 83793 259042 58065 249629 25728 799 39856 8681 9413 8778 46462 203167 46207 4174 18209 276 4063 14951 635 480 3898 3258 309 14722 13770 13532 31175 15315 8009 7247 2877 3632 3181 1048 762 30321 952 2133 15860 5843 5743 10017 1639 8378 229 3095 2961 428 2533 805 7306 375 6931 4715 255 30231 238 451 4507 15886 15816 9327 326 360 230 4377 4302 6489 4592 3377 3157 220 203080 460 431 251 1021 24929 215 202884 28131 1215 28016 29771 174753 174656
is_linear=0
shrinkage=0.05


Tree=46
num_leaves=97
num_cat=0
split_feature=15 103 44 0 15 23 48 34 97 2 21 19 38 65 0 44 2 32 103 21 90 15 48 97 95 52 9 114 48 0 46 99 113 108 52 46 109 44 63 76 49 2 76 103 107 114 109 17 44 71 107 94 17 102 105 3 13 3 97 2 102 95 44 95 2 105 2 107 23 65 94 32 114 63 44 21 108 2 3 32 21 103 95 103 67 112 101 38 3 105 95 28 63 94 4 91
split_gain=3441 1508.12 231.321 69.9163 56.0822 46.205 32.4965 27.2233 40.3409 15.9981 15.6866 14.1484 11.4979 9.86998 9.80316 9.41676 9.22727 9.22608 8.67888 8.4274 11.0457 7.65211 7.59399 10.4436 8.54189 7.49511 7.44826 7.83513 7.31106 7.11227 7.10522 7.05843 6.86509 6.76185 6.65185 5.92889 5.91726 5.87618 5.8296 6.11236 5.77769 5.69476 6.32091 9.33392 5.62426 5.49052 5.33935 5.25101 5.23445 5.11562 5.46169 5.02536 4.71316 7.77111 7.93953 8.40388 4.64754 4.63277 4.59562 5.55628 6.25534 4.03599 3.99256 3.86237 3.37901 4.10099 3.30079 6.66439 3.18631 2.8708 2.86791 2.867 2.85647 2.80151 5.40302 3.26386 2.53494 2.49519 2.46419 2.36901 2.32194 2.13631 1.82978 1.68837 1.64255 1.60808 1.56258 0.989219 0.986605 0.901571 0.75228 0.397839 0.243101 0.208233 0.050419 0.00841927
threshold=7.5000000000000009 0.045435681939125068 0.10551619529724122 2.9700856208801274 2.5000000000000004 2.5000000000000004 0.022222221828997139 22.500000000000004 0.3717105239629746 1.6675660014152529 46.500000000000007 19.500000000000004 10.500000000000002 11.011726856231691 1.7005987167358401 0.14110106229782107 0.83111417293548595 11.500000000000002 0.54402646422386181 51.500000000000007 9.5000000000000018 2.5000000000000004 0.033445188775658614 0.4220647811889649 11.052101135253908 0.76752376556396495 68.500000000000014 3.316308975219727 0.03846153803169728 2.1383330821990971 0.12556306272745135 8.5518565177917498 -7.1695644855499259 7.6280603408813485 0.57585346698760997 0.27910543978214269 0.80758991837501537 0.047761620953679092 6.2602503299713144 60.500000000000007 0.3426682204008103 1.5289368033409121 24.500000000000004 1.450850307941437 2.118367195129395 3.3226586580276494 1.8200423717498782 19.500000000000004 0.083835341036319747 6.9816019535064706 1.8761635422706606 8.6500024795532244 22.500000000000004 10.442633628845217 6.7532427310943612 1.2860173583030703 3.5000000000000004 1.1023023724555971 0.40824915468692785 0.87377989292144786 12.425090789794924 5.3538231849670419 0.1597288399934769 8.5193667411804217 1.2017872333526614 1.3408487439155581 1.0535093545913699 1.1882963776588442 4.5000000000000009 9.8857212066650408 10.17108726501465 18.500000000000004 3.3305702209472661 10.793719768524172 0.15365575253963473 26.500000000000004 9.9323391914367694 1.1567652225494387 0.54918038845062267 16.500000000000004 26.500000000000004 1.4314199686050417 7.4563274383544931 1.6414586901664736 13.35061550140381 3.5211962461471562 2.5684047937393193 4.5000000000000009 1.2254879474639895 2.1225670576095585 7.7223587036132821 2.5000000000000004 12.354494571685793 5.1381781101226816 4.5000000000000009 10.500000000000002
decision_type=2 2 2 2 2 2 2 2 2 2 2 2 2 2 2 2 2 2 2 2 2 2 2 2 2 2 2 2 2 2 2 2 2 2 2 2 2 2 2 2 2 2 2 2 2 2 2 2 2 2 2 2 2 2 2 2 2 2 2 2 2 2 2 2 2 2 2 2 2 2 2 2 2 2 2 2 2 2 2 2 2 2 2 2 2 2 2 2 2 2 2 2 2 2 2 2
left_child=1 4 6 7 15 11 19 14 10 34 13 63 18 28 25 94 85 69 86 29 -21 26 23 24 -19 32 27 -20 -9 37 -15 -28 48 70 -6 -34 45 -2 61 -40 44 46 -43 -44 -35 -22 56 81 -3 50 -23 -51 53 64 55 -55 -16 83 59 62 -61 -27 -18 -4 65 79 84 -68 93 -7 -31 -67 -36 75 -75 -59 -47 -69 -38 -8 -60 -14 -82 -10 91 87 -5 89 -39 -13 -79 -54 -26 -24 -1 -93
right_child=2 3 5 12 9 17 52 8 57 -11 -12 16 47 30 41 -17 58 22 21 20 36 49 68 -25 92 38 31 -29 -30 33 -32 -33 35 40 72 -37 78 88 39 -41 -42 42 43 -45 -46 76 -48 -49 -50 51 -52 -53 66 54 -56 -57 -58 73 80 60 -62 -63 -64 -65 -66 71 67 77 -70 -71 -72 -73 -74 74 -76 -77 -78 90 -80 -81 82 -83 -84 -85 -86 -87 -88 -89 -90 -91 -92 95 -94 -95 -96 -97
leaf_value=0.054573965068446029 0.014540307637393092 0.025361091702929706 0.019889048180308684 0.020881087201395865 0.007411363292380172 -0.026132151328017068 0.032014752497332231 0.0068940846848017214 0.025258273086592245 0.045857509037139872 0.050254699765905186 0.009250693057498113 0.024295130756217354 0.012285627554691854 0.004376332711173758 0.010284652665186659 0.039344817445338576 0.063775608542463808 0.0059101791433846173 0.04846695253532992 0.03162308838781662 -0.01600037109311496 -0.007397236015984552 -0.044763850422216721 -0.029264197839548811 -0.0075024467698270791 -0.0069291955505297077 0.013135057912303717 -0.032484585304114848 -0.033411872178551315 -0.021086716328007005 0.013974511047459743 0.004698981462228323 0.019302814191376833 -0.010859063854791587 -0.019131111071261218 0.0037782511429776105 -0.046430716160226974 -0.03372445481714817 -0.0066110197442335039 -0.019139117135797228 -0.002743626898578393 0.050124481388462816 0.0094401079653938878 -0.016769395747725839 -0.010527261683529823 -0.015945431886249806 0.0071431596452676592 0.001369366859699394 0.024949364261523936 0.008785523635943723 0.0010988527342255196 -0.043603593860309826 0.095616873662961732 -0.021889640495694918 -0.0033578117276512488 -0.016277143597217686 0.0028917401425158887 0.008979977754086604 -0.02474709772517756 0.03912271966880769 0.020512812657365691 -0.017704088941923754 -0.016378609294193058 0.018369713714653898 -0.036656690808218366 0.0293334172208581 0.0009782665018826628 -0.050062244842015269 0.016113019799899434 0.0016063344264235315 0.00020958543368235517 -0.049500998074982434 0.024128991665404279 -0.038527717772511051 -0.03857839190322325 0.016059745319046029 -0.0081119212904171793 -0.024458456679017599 -0.015905570213935075 0.0016554850958889892 0.05313034325446743 -0.036391153603881336 -0.015263787168605287 0 0.002112804731685384 0.047551218534240401 -0.040862936124002949 -0.0093306729928782552 -0.026026282076615354 -0.041100827916700666 -0.028725860728914122 -0.0015414213732209447 -0.045227878486869565 0.047006371578639614 -0.0076240967987367212
leaf_weight=1838.3395518958569 5.3753807265311506 21.577903516590595 13.807095717638733 16.790550462901592 18.440884958952665 6.4778963262215239 3.4608522504568091 178.49849448725581 3.5429976889863601 13.737260907888411 13.370222408324478 2.0879507744684807 16.734569109976292 18.204032069072127 3851.3518650848418 13.630622260272501 5.2978256382048112 4.280629235319795 468.39015185832977 19.699060324579477 29.272591326385736 62.053045511245728 1.6414351183921088 12.136206226423381 2.445401513017714 36.979451410472393 105.47408377379179 2093.140920996666 11.069694484584032 14.478690257295968 83.035399657674134 63.271298862993717 38.22764905076474 68.528111008927226 11.14026579167694 74.014062205329537 13.663602299988272 13.888048237189652 37.588488575071096 48.854333255439997 14.265755658969281 27.184035789221525 22.722796730697155 37.796337977051735 11.287887658923863 17.446009509265423 31.431278243660927 15.599042974412439 1889.0537163326517 30.942207872867584 32.425827324390411 72.69216214120388 40.165226944722235 3.3615944534540159 4.7212899830192327 3.3284476455301046 25.794678611680865 4.2736128019168964 2.0948220063000909 123.74572114646435 2.5396671928465357 17.718038620427251 4.1028338726609945 12.493738837540148 3.6913294456899157 32.284264892339706 5.3212778167799142 5.4790797522291568 2083.59823974967 6.4687653472647071 8.1854690164327604 5.5931002441793671 10.474941349588333 5.2646715734153968 5.4335592156276107 113.07173490803689 15.354281017556785 3.8569331783801344 14.029263176023958 3.7491137441247702 2.6027476685121647 23.805923074483871 113.4005238963291 3.5903421444818377 2.8497384078800669 1.6306372880935658 16.415371179580688 327.99214170593768 3.8490992598235598 1.9567372091114519 13.254568183794616 18.113748415373269 2.2503026556223631 694.98983768746257 102.07464320957661 2.7519722981378427
leaf_count=23892 91 181 105 80 149 87 113 1870 91 126 90 110 118 120 19526 66 259 162 1922 124 199 255 119 636 108 238 432 8822 542 204 1257 258 318 808 182 611 77 416 407 467 189 133 107 177 131 120 179 99 14659 127 133 302 1673 112 168 102 237 187 85 5310 101 121 222 106 92 1059 144 196 163479 145 108 220 172 189 300 5334 92 101 128 143 121 151 5881 111 110 78 122 20662 75 102 427 1014 92 49899 1257 120
internal_value=-0.000399507 0.0131412 -0.0414983 0.00490813 0.0525388 -0.0457018 -0.00552995 0.0020225 -0.00997635 0.00192607 0.000128909 -0.0330505 0.0112114 -0.00238753 0.00288211 0.0539244 -0.0346542 -0.0484382 0.0107692 0.00555007 0.0158543 0.0104633 -0.0486334 -0.0164946 0.0217083 0.000166496 0.0111518 0.0118221 0.00430529 -0.00252682 -0.0148969 0.000904006 0.000951482 0.00251368 -0.014011 -0.0109721 0.00790899 -0.0269951 -0.0109058 -0.0188888 0.00853251 0.00434951 0.0168875 0.0257198 0.0138631 0.0164276 0.00405925 0.0334781 0.00166523 0.000912377 -0.00738513 0.0085694 -0.0236482 -0.0120568 0.0226511 0.0535574 0.00423011 -0.0325404 -0.0270109 -0.0201417 -0.0229402 0.00169983 0.014519 0.00234689 -0.0208088 -0.0247192 -0.0308256 -0.0147206 -0.0488648 -0.00485086 -0.0210361 -0.0311583 -0.032015 -0.0347158 -0.00769862 -0.0369665 0.001785 -0.0266931 -0.0107057 0.00750064 -0.0344679 0.042757 -0.0354422 0.00459608 -0.0372104 -0.0402908 0.035839 -0.0405376 -0.0402549 -0.008436 -0.0354555 -0.0389022 -0.0211824 -0.0451691 0.0542176 -0.0270878
internal_weight=15454.6 11625.2 3829.35 9617.38 2007.84 3428.04 401.306 6599.65 439.355 53.7934 304.178 613.752 3017.74 290.808 6160.29 1954.04 587.452 2814.29 2961.6 249.323 109.465 2928.39 2801.34 21.1125 8.97633 2164.01 2730.28 2561.53 189.568 139.858 101.239 168.745 2022.87 116.746 40.0561 112.242 89.7657 23.1125 141.14 86.4428 94.0818 3996.28 87.7032 60.5191 79.816 62.0729 3908.58 56.1395 1910.63 198.113 94.4789 103.634 151.983 60.19 11.4113 6.69004 3877.15 135.177 253.784 135.686 126.285 54.6975 9.40066 26.3008 48.7787 45.0873 91.7925 27.9119 2780.23 12.9467 22.6642 37.8774 21.6152 128.044 10.6982 117.345 32.8003 22.5906 27.6929 7.20997 118.098 40.5405 116.003 7.13334 63.8807 333.667 33.2059 332.037 17.7371 4.04469 17.1115 61.0309 4.6957 696.631 1940.41 20.8657
internal_count=342542 86117 256425 60273 25844 247869 8556 47452 10091 629 3879 33142 12821 3789 37361 25215 32931 214727 12453 2762 740 12251 214495 998 362 17002 11434 10744 2412 2022 1377 690 15769 1440 503 929 616 582 1233 874 1128 20359 417 284 939 411 19942 368 14840 817 388 429 5794 2009 382 214 19763 6212 11979 5892 5411 359 481 211 1627 1535 3785 868 213497 232 312 1279 354 6010 489 5521 212 724 205 256 6087 269 6002 202 2917 20952 202 20874 491 212 528 2807 200 50018 25149 1134
is_linear=0
shrinkage=0.05


Tree=47
num_leaves=105
num_cat=0
split_feature=24 103 50 46 2 0 99 19 34 92 28 23 52 19 19 46 9 94 2 67 0 100 38 114 103 112 2 67 38 84 114 0 100 103 91 99 69 108 117 76 46 108 67 115 32 94 63 112 98 17 77 36 25 67 108 3 3 94 114 9 30 40 15 38 32 65 99 19 48 65 32 23 67 100 67 2 69 25 2 2 71 67 95 95 113 46 67 0 67 94 54 5 54 53 67 63 65 92 49 67 17 94 103 61
split_gain=3126.39 1450.16 264.333 62.475 46.3192 44.4518 30.4885 25.5811 22.2955 31.2708 19.5821 18.3659 14.1996 12.7961 10.831 12.5156 10.332 9.65528 8.68867 11.4527 8.41719 8.97773 8.17525 12.4377 7.94602 7.73817 7.57272 7.47084 7.37205 7.31373 7.18822 7.16945 6.82995 15.3909 8.0108 6.8084 8.80457 10.1883 8.38702 7.01134 12.4744 9.31219 9.29645 8.31978 13.2043 8.74378 6.7748 6.63246 6.60239 7.33007 6.56932 6.32165 6.19211 6.02595 8.69144 5.70608 5.37005 5.3043 5.17628 7.21785 6.98669 6.26415 5.01679 6.62055 5.46111 4.91167 4.84339 5.31036 4.82737 5.95566 4.615 4.3986 6.42971 4.2864 3.92882 3.40578 5.16438 3.38332 4.66764 3.36085 4.6379 4.92135 3.3393 3.17996 3.16142 5.03362 3.08901 2.97045 2.95318 2.53596 2.42519 2.17621 1.97344 1.95123 1.92482 1.64171 1.57277 1.27406 1.07817 1.06731 1.02553 0.869275 0.363909 0.0354407
threshold=7.5000000000000009 0.045435681939125068 0.5357140600681306 0.1673669517040253 1.8228593468666079 2.7403194904327397 1.0000000180025095e-35 19.500000000000004 19.500000000000004 2.5000000000000004 2.5000000000000004 2.5000000000000004 0.76752376556396495 48.500000000000007 16.500000000000004 0.11167800426483156 78.500000000000014 9.6091866493225115 0.45655755698680883 11.227221488952638 2.1383330821990971 11.701956272125246 13.500000000000002 3.2315216064453129 1.3826549053192141 -0.30396765470504755 1.5788814425468447 13.530174255371096 30.500000000000004 0.16345082968473437 3.361335396766663 2.9174053668975835 0.95390754938125621 0.79117947816848766 3.5000000000000004 0.31844709813594824 4.2026758193969735 5.2202205657958993 1.0000000180025095e-35 74.500000000000014 0.31777063012123113 8.2279725074768084 10.87999200820923 0.00061360851395875226 5.5000000000000009 7.6591689586639413 9.651769161224367 -0.34643369913101191 10.500000000000002 80.500000000000014 10.500000000000002 12.500000000000002 33.500000000000007 8.7728600502014178 6.5297691822052011 1.1023023724555971 1.0545489192008974 7.8255209922790536 3.3131952285766606 72.500000000000014 2.5000000000000004 1.5000000000000002 2.5000000000000004 5.5000000000000009 6.5000000000000009 11.971336364746096 1.2767574787139895 8.5000000000000018 0.035714285448193557 9.7801098823547381 6.5000000000000009 4.5000000000000009 13.505730628967287 2.1360385417938237 11.287593364715578 1.100502669811249 2.7794400453567509 26.500000000000004 0.65905186533927929 1.1790969371795657 8.5047454833984393 11.87107038497925 7.129714012145997 6.70845651626587 -7.5540137290954581 0.1673669517040253 10.131567001342775 1.4978661537170412 11.779649734497072 9.229497432708742 1.4077852964401247 11.500000000000002 1.2072218656539919 0.45534290373325353 11.749584674835207 10.793719768524172 11.35807514190674 4.5000000000000009 0.14285712689161303 10.19602155685425 21.500000000000004 6.0648889541625985 1.5636678934097292 5.5391240119934091
decision_type=2 2 2 2 2 2 2 2 2 2 2 2 2 2 2 2 2 2 2 2 2 2 2 2 2 2 2 2 2 2 2 2 2 2 2 2 2 2 2 2 2 2 2 2 2 2 2 2 2 2 2 2 2 2 2 2 2 2 2 2 2 2 2 2 2 2 2 2 2 2 2 2 2 2 2 2 2 2 2 2 2 2 2 2 2 2 2 2 2 2 2 2 2 2 2 2 2 2 2 2 2 2 2 2
left_child=1 3 4 25 10 8 50 47 35 18 17 75 16 51 24 52 46 56 57 26 21 28 23 -22 32 98 -20 84 -19 73 -21 89 66 101 -35 36 37 -3 -39 43 41 -41 -42 45 -45 -37 -12 -4 87 -50 -5 -6 102 54 -38 -11 -2 -10 62 61 -61 -60 63 -26 -64 -31 67 -7 83 -70 -55 72 93 -14 -53 76 -9 78 -57 80 94 -82 -52 -58 85 -15 -78 -18 -76 -17 100 -88 -48 97 -77 -79 -24 -13 -1 -95 -81 -34 -16 -59
right_child=2 5 7 6 13 14 -8 11 9 55 12 71 29 27 15 31 48 20 19 30 22 -23 96 -25 58 -27 -28 -29 -30 65 -32 -33 33 34 -36 39 53 38 -40 40 42 -43 -44 44 -46 -47 92 -49 49 -51 82 74 -54 70 -56 77 68 103 59 60 -62 -63 64 -65 -66 -67 -68 -69 69 -71 -72 -73 -74 -75 88 79 86 95 -80 90 81 -83 -84 -85 -86 -87 91 -89 -90 -91 -92 -93 -94 99 -96 -97 -98 -99 -100 -101 -102 -103 -104 -105
leaf_value=0.054216017946299447 0.023824693135545874 0.038260329336453916 0.017181762344327643 0.0123878617889877 0.017748060759751685 -0.0022205414619841514 0.053648347265712194 0.026989591331020621 0.013109071066307208 0.017296945976192298 0.054934762592937371 0.019766891590097164 0.06677680240658386 0.042526923187834895 0.050392609521016256 0.0054824473103369728 -0.039652862298480779 -0.018203462265011933 -0.021145020477159715 0.014918787881970054 0.058495798891198006 0.04046800681868469 -0.031349200590132249 0.0017517366708239544 0.0060875336424878086 0.0011941214164300209 0.0062553070395853219 -0.0049909706523206592 0.031806020932438055 -0.037394934421282722 -0.020765412169521109 0.022918202004695867 0.046589568656666976 0.012803745642516845 -0.012422399288653374 0.0044719007002637975 -0.018864771052528286 -0.0076460821981449226 0.0098007793063943239 -0.0002916350000688541 -0.0042119550141611417 0.0078029301612640243 0.012160358207940388 0.0091019455618448469 -0.011667083713368144 0.012716662365221752 -0.036332089230819868 -0.026085254998513635 0.011941789237706392 -0.033983486404737577 -0.044614091244852626 0.0089756210002264383 0.010970315494742991 -0.0031457146774279544 0.021993636240319511 -0.029808585114394756 -0.0050646014269118168 -0.017703377368083136 0.0090532969815222668 0.01071399256374847 0.03630019001727583 0.0035119402094861796 -0.016492334030679026 -0.014097786634981494 0.0080823088844640956 0.012487803067337343 -0.016880259800717473 0.021182653992898846 -0.025543528533086231 0.037491813640152326 -0.01381841290242977 -0.049922913241428439 0.033720003939937598 0.0011695401752375933 -0.039367874032128422 -0.032348332790974287 0.014576655029291613 -0.037952004703323293 0.020474353370134861 -0.00010055901226128752 0.072493919215724484 -0.012802765356294833 -0.010677511693496242 -0.028688730978489063 0.048390999717574053 0.0028479436655513748 -0.038718049529410492 -0.027459727674057039 -0.0072595719486391501 -0.016681291737669333 0.0091748989782809796 0.0028434627698836765 0.010191435656202438 -0.0043421442506119297 0.014270006587205092 -0.011928912205466805 0.00049787396797785534 -0.024691418591650107 0.037411756882369772 -0.044951924461997604 -0.0419623095048232 0.024733108513044538 0.033116838572432659 -0.042070788866352467
leaf_weight=1813.1045484989882 5.5290437228977671 19.635847816243768 18.054716754704714 10.494652684777973 21.933101963251829 65.483423188328743 18.799674602225423 1.9170438675209869 5.3870509071275618 4.8586378898471585 4.4398668520152551 1.5626252973452204 4.7546163797378558 14.514174178242682 30.79452833533287 24.54516427218914 150.02965181134641 79.404492493718863 61.652787758037448 135.41922382451594 16.219862697646022 6.8358806502073994 6.6488938815891725 22.268276134505868 485.32468371093273 7.4220718173310152 40.302999578416348 13.592383074574171 6.6114630028605452 8.0265985401347297 14.200448696501551 39.155862867832184 32.504630140960217 741.56999841332436 31.315078616142273 1048.8808906469494 17.665625348687172 120.54471075721085 156.00891708768904 605.82008497416973 952.44709020480514 849.52522864565253 93.676276341080666 141.34525250643492 162.97643309831619 468.55361265875399 3.4256688831374049 14.623684864491223 17.208170084282759 14.630981635302303 18.25710523314774 11.593687258660792 22.246868684887886 214.39403738081455 38.717694617807865 9.5776640120893699 19.051339734345675 5.1304206196218756 1358.5598258078098 85.269432231783867 40.073000729084015 832.25711090862751 62.869859680533409 42.648040950298309 33.092512860894203 8.6916733644902688 27.594176486134529 36.187397375702858 5.6641726363450271 6.2836493011564016 197.87280681729317 1979.9360333681107 1.4671839857473958 4.7569023035466671 14.149759400635959 5.8197913691401499 1.7893522102385748 94.934757083654404 6.3440962303429833 2.1632006922736791 2.2771639265120029 2.0716472007334232 14.841679990291594 88.732652665115893 25.922941054217517 17.593397172167897 312.50385334528983 117.09677720721811 16.475156249478459 23.575562506914139 2.344790161587297 2.5291683031246057 2.8171370653435588 2.5076321857050052 1.8183063268661497 9.5500987982377392 6.1681120302528143 1.8024327754974363 27.808294281363487 664.94405465666205 13.571898008696733 15.337300732731817 27.105031102895737 15.599840166978536
leaf_count=24681 98 104 162 139 157 279 175 106 112 135 86 96 106 94 219 104 8950 2258 893 1410 245 147 106 330 1983 60 250 103 32 351 211 180 234 3202 131 6328 126 673 867 3438 6056 4907 607 793 1062 2851 99 150 353 543 120 110 148 1560 273 468 321 100 5612 353 170 3408 268 174 141 104 116 153 56 153 1676 163128 51 114 133 313 73 4799 213 113 120 107 181 2547 202 134 20081 5255 150 100 91 160 116 165 100 433 102 119 323 49896 714 78 168 433
internal_value=-0.000611967 0.0123881 -0.0400688 0.0521326 -0.0132459 0.00442698 0.00268727 -0.046608 0.00149142 -0.0098034 -0.0191662 -0.0470871 -0.0272177 0.0129954 0.00839518 0.0208467 -0.0302064 -0.00899659 -0.000371555 0.00250031 -7.47119e-05 -0.00908739 0.0158418 0.0272124 0.00784889 0.0537928 -0.0102834 0.0273117 -0.013766 0.00742905 0.0112933 0.00739224 0.0118399 0.0135208 0.0117467 0.00239052 -0.00194688 0.00476742 0.00215982 0.00316059 0.0014354 0.00442969 -0.00272102 0.00552085 -0.00199067 0.00703435 0.0157062 -0.00218284 -0.0319504 -0.00944169 -0.0201215 -0.00309472 0.0349706 -0.00621329 0.00886228 -0.0303816 -0.0190631 -0.0270302 0.00655054 0.00764128 0.0193055 0.00695663 0.00247692 0.00440282 -0.00792123 -0.0120195 0.00105886 0.00619923 -0.0213964 0.00734876 -0.00832391 -0.0485452 -0.0443707 0.0395024 -0.014389 -0.0358111 -0.037397 -0.0325767 -0.00916134 -0.0177047 0.0021253 0.0372887 -0.0308084 -0.0247314 0.034981 0.0221798 -0.0379433 -0.0345283 -0.0235515 -0.00535062 -0.0305183 -0.0383409 -0.0161391 -0.0446313 -0.0196355 -0.0358703 -0.0168781 -0.00226167 0.0539983 -0.0448244 -0.0372971 0.0407503 0.043514 -0.0380915
internal_weight=15234 11459.3 3774.78 1910.73 741.07 9548.53 62.3931 3033.7 5491.02 402.958 605.296 3001.03 335.878 135.775 4057.51 167.423 309.648 269.418 277.693 251.575 144.157 92.8518 51.3051 38.4881 3890.09 1848.33 101.956 71.6229 86.016 26.2298 149.62 87.2766 949.992 820.727 772.885 5088.06 764.84 296.189 276.554 4323.22 2501.47 1455.35 1046.12 1821.76 304.322 1517.43 10.6827 32.6784 298.966 31.8392 43.5934 64.1517 80.1464 468.65 56.3833 125.265 125.261 26.1173 2940.09 2316.16 125.342 2190.82 623.935 527.973 95.9624 16.7183 129.265 101.671 119.732 11.9478 412.267 2652.22 672.284 9.51152 42.2186 348.806 318.739 120.407 15.9218 30.0668 11.9869 4.34881 33.0988 107.784 58.0305 32.1076 316.822 267.126 30.6249 48.1207 18.0799 315.033 6.24281 670.817 7.6381 104.485 12.817 3.36506 1840.91 667.452 15.7351 47.8419 57.8996 20.7303
internal_count=342978 83678 259300 25679 23555 57999 615 235745 40778 9457 22472 235433 16077 1083 17221 919 15402 6395 3409 2764 3220 2437 783 575 16302 25064 1143 533 2290 675 1621 384 4193 3645 3333 31321 5279 1644 1540 26042 15008 8345 6663 11034 1855 9179 301 312 15101 896 440 550 535 3635 399 6048 3175 645 12109 9543 523 9020 2566 2157 409 455 548 432 3077 209 3236 213455 50327 220 393 21978 20420 5913 681 1558 640 227 301 2868 430 228 20314 14205 283 204 918 20241 215 50276 413 5232 208 215 25004 50061 827 312 387 533
is_linear=0
shrinkage=0.05


Tree=48
num_leaves=89
num_cat=0
split_feature=93 103 93 34 3 49 42 0 109 44 44 21 0 19 3 2 21 112 5 53 103 100 21 52 23 111 32 3 2 94 76 50 116 115 52 111 34 2 2 113 9 36 65 0 94 103 86 67 34 98 76 101 86 69 32 114 109 3 30 96 99 38 67 86 86 34 109 53 96 82 52 28 69 65 3 24 115 49 96 99 2 112 63 114 109 69 51 115
split_gain=2995.23 1444.14 80.0724 84.1285 74.1009 70.6101 54.5592 30.9593 30.4539 29.1358 24.3831 20.1181 18.4278 14.269 24.0524 11.9641 11.9177 11.5191 9.92712 9.25742 9.09352 11.189 8.12897 14.4734 7.86527 7.62094 7.08874 10.3374 6.94294 6.72207 6.71478 6.55858 7.67696 6.36633 7.54098 7.56535 6.28044 6.26067 10.6591 7.2939 6.01699 5.80127 5.71027 5.54375 5.46705 5.27383 5.202 5.13963 4.81641 4.74209 5.84257 4.8503 4.69225 6.14322 7.52227 5.35667 9.47159 4.64815 4.50241 6.98734 4.49221 4.00154 6.50621 3.96003 5.38643 4.00181 3.81303 3.60086 3.4205 3.41061 3.26733 2.96254 2.96189 2.92506 2.80395 2.28667 2.15281 1.59595 0.798276 4.8587 0.771452 0.771969 0.755824 0.996164 0.550399 0.489853 0.427168 0.0627621
threshold=4.5000000000000009 0.045435681939125068 2.5000000000000004 17.500000000000004 1.5420657992362978 0.19999996572732928 0.10072463750839235 3.2384861707687382 0.00014157714031171056 0.055867666378617294 0.12922201305627826 50.500000000000007 1.4978661537170412 88.500000000000014 0.52103644609451305 0.094748698174953475 15.500000000000002 -0.29737257957458491 1.0000000180025095e-35 2.6306818723678593 0.96968451142311107 0.51132538914680492 33.500000000000007 0.88939857482910167 4.5000000000000009 -8.2815952301025373 4.5000000000000009 2.2542072534561162 2.0386449098587041 9.8025665283203143 70.500000000000014 1.6953902244567873 1.0000000180025095e-35 0.0003917062131222338 0.48591269552707678 -8.3486123085021955 29.500000000000004 1.1342246532440188 1.1790969371795657 -8.6924066543579084 62.500000000000007 8.5000000000000018 10.917018413543703 2.4414010047912602 5.9076616764068612 1.6120507717132571 0.22040571272373202 10.531697273254396 4.5000000000000009 11.500000000000002 5.5000000000000009 2.6542977094650273 0.36180344223976141 7.6594777107238778 7.5000000000000009 3.3067425489425664 0.058950351551175124 1.9940509200096133 3.5000000000000004 0.56903558969497692 2.3422862291336064 23.500000000000004 10.970866680145265 0.3410427868366242 0.40098039805889135 25.500000000000004 0.094054348766803755 0.63702240586280834 0.18834459781646731 2.5000000000000004 0.83390802145004284 2.5000000000000004 8.2916951179504412 12.95944118499756 1.2254879474639895 11.500000000000002 0.00057094360818155121 0.15384615212678912 0.34902177751064306 11.629916667938234 1.5289368033409121 3.6004338264465336 10.590035915374758 3.3531135320663457 1.8200423717498782 9.368622303009035 0.63636359572410595 0.00057300270418636512
decision_type=2 2 2 2 2 2 2 2 2 2 2 2 2 2 2 2 2 2 2 2 2 2 2 2 2 2 2 2 2 2 2 2 2 2 2 2 2 2 2 2 2 2 2 2 2 2 2 2 2 2 2 2 2 2 2 2 2 2 2 2 2 2 2 2 2 2 2 2 2 2 2 2 2 2 2 2 2 2 2 2 2 2 2 2 2 2 2 2
left_child=1 5 7 18 6 17 10 11 43 28 13 15 68 49 67 41 20 87 33 26 21 -9 23 -17 70 30 76 -28 61 40 -14 32 -21 58 46 -36 -27 71 39 60 -22 48 -24 47 -23 -16 -35 -7 -3 50 51 -2 53 54 -6 56 -54 66 -4 -60 -39 62 -5 65 -65 -40 -56 -15 -11 -70 80 -12 -55 -69 -52 -13 -20 -43 79 -73 81 86 83 -49 -80 -83 -8 -1
right_child=4 2 3 9 52 8 24 16 -10 12 37 75 25 14 45 22 -18 -19 19 31 29 44 42 -25 -26 36 27 -29 -30 -31 -32 -33 -34 34 35 -37 -38 38 63 -41 -42 77 -44 -45 -46 -47 -48 82 -50 -51 74 -53 55 72 57 -57 -58 -59 59 -61 -62 -63 -64 64 -66 -67 -68 73 69 -71 -72 78 -74 -75 -76 -77 -78 -79 84 -81 -82 85 -84 -85 -86 -87 -88 -89
leaf_value=0.027782910765612952 -0.019004076808116315 -0.025212745375776086 -0.045378015262228164 0.029237570582021151 0.045302504767012391 0.0056189794299669514 -0.031888334995326541 -0.0085615090521986275 0.054150818691753658 5.6941642219362348e-05 0.0084709696189133859 0.045973963761621321 -0.029202969992431355 0.0074651443804106508 0.079650034282614468 0.0041233873178071539 0.043364200192863127 -0.0054882970775560376 -0.0060825950610616233 0.011748058555508601 0.0090760939578859723 0.040811163923028193 0.0021299980987499315 0.041088713073653194 -0.049881865598793623 0.047873798105097121 0.00083183993774198293 0.020624511245992544 0.037654559742286715 -0.014204751639929994 -0.0086079056156903918 -0.00078839353641459761 0.050693282876021574 -0.00048610042213894917 0.0058921200482636308 -0.025031308105799056 -0.015763006390715231 0.09806636336097331 0.0051820808066165075 -0.023166207706963867 0.019549963023952462 -0.0019708516162645134 -0.014386217753923162 -0.051084778983394134 0.008288429704769595 0.022595563119187666 -0.01986575328114517 -0.046242082891792012 -0.0022991734760261806 0.018290606747631222 -0.037265057807403461 0.049617906628693247 0.036758694423459366 -0.037486198085095207 -0.0068063979128299857 -0.041816909417615331 -0.026767299009798275 -0.025768293183576138 -0.032340605416998819 0.010684741436446439 0.0071111528971777903 0.023212772280106913 -0.019431788533196409 0.02185128154933768 -0.034263679643512103 -0.038454650796761532 0.028850252226085213 -0.0011063984217559661 0.0015966639993560136 -0.040016680128249549 0.012361280177393442 -0.035000424813196103 0.00083086670823058766 -0.0455683223525516 -0.0018806110537914142 0.019411258560821883 -0.03259041989629894 -0.042152694610080275 -0.044202274247215366 0.034859866883863388 -0.0045341041718146178 -0.02116017219878083 -0.0059752050745350968 -0.0074773762064802548 -0.010564849907619231 0.0071511449025623251 -0.044090174777284524 0.053922717374466349
leaf_weight=6.703723835758864 4.2862713299691668 23.666639946401119 12.927969347685574 7.1483109295368186 13.092698618769644 20.52993811480701 32.133118929341435 18.545522555708885 17.200085332617164 5.1615221025422207 2.1428943285718551 26.986077167093754 86.464878587052226 8.3416067548096198 9.4544833907857555 6182.9836041741073 26.912213303148746 7.6433179797604671 18.785888403654099 28.176367074251175 1535.9531136900187 59.920280613005161 107.35366438888013 25.177570089697838 1879.2853510892019 6.6888030497357231 335.30603509396315 81.046849466860294 12.948854878544806 27.470636412501335 78.31398952472955 21.902277171611786 24.94331356883049 63.173023782670498 218.81153305619955 20.169072300195694 5.9784083059057593 1.9646702948957679 4.9742561485618344 3.4075735565274936 152.92489209771156 3.8626134861260644 98.402378693223 10.392988026142119 18.540311723947525 10.093851603567598 78.375317372381687 7.9333038311451656 286.21139363758266 5.3637015521526328 41.562999865040183 3.1218165699392557 8.3440931141376513 8.2936736755073088 12.240645824931564 11.66452059522271 13.000169109553097 9.0771738514304143 17.145598884671926 17.511945478618145 3.0857349568977952 10.786173483356832 31.284942364320159 7.6288195466622692 6.4808129947632551 56.588448638096452 14.962180667556821 6.2798640653491047 4.4437460899353018 230.84630311280489 1.7568086609244336 13.306352217681704 9.2541790260001999 9.9349918924272043 7.3178939167410126 18.670852182433009 14.313724867999552 12.078987643122671 140.24088264163584 1.6004710877314199 2.2107435697689644 1.4125843243673437 4.0392437968403092 3.6380277564749122 3.1260058702900997 1.3685284443199632 754.12050894275308 1752.8206539861858
leaf_count=64 215 164 103 123 101 177 2150 82 168 167 124 180 3091 48 111 32854 206 74 140 194 6472 400 1227 155 162552 242 2574 617 67 112 2729 182 168 468 1679 155 171 104 208 186 623 64 1249 55 97 95 618 249 2164 87 1691 149 99 97 162 152 146 75 139 137 163 55 560 374 309 2942 179 82 219 14441 43 813 116 173 324 115 101 392 9210 92 89 106 106 102 201 95 57283 24947
internal_value=-0.000548619 0.0108974 0.00345848 -0.00747971 -0.0441178 0.0517226 -0.0455177 0.00527737 0 -0.0245128 -0.0267111 0.00371363 -0.0292552 -0.0064158 0.0148731 0.00348346 0.01103 0.0535858 0.00111884 0.00573142 0.0105092 0.0253905 0.00395949 0.0042848 -0.0479629 -0.0167186 0.00295794 0.0047688 0.00714715 0.00964087 -0.0196409 0.0218328 0.0311085 -0.00450895 -0.00228392 0.00310086 0.0186449 -0.0353548 -0.0233038 0.0259779 0.0100469 -0.00583215 -0.00576755 -0.0210582 0.0335507 0.0543746 -0.0113823 -0.010466 -0.00419432 -0.0217952 -0.0261636 0.0122767 -0.00162697 0.0058718 0.0149381 -0.0167138 -0.000712404 0.00235199 -0.0214846 -0.0107826 0.0583746 -0.00155795 -0.009371 -0.0293395 -0.00409847 -0.0347308 0.01294 -0.0175086 -0.0383046 -0.0391834 -0.0433172 -0.0413388 -0.0182799 -0.0304649 -0.0323799 0.0362865 -0.0187507 -0.0339969 -0.0421489 -0.024389 -0.0434766 -0.0435643 -0.0308425 -0.0370761 -0.0436549 -0.00726856 -0.0436659 0.0538526
internal_weight=15011.7 11889.2 10058.3 1432.65 3122.52 1830.9 3022.59 8625.66 63.7336 480.066 350.304 6785.39 417.898 105.757 44.1048 6739.74 1840.27 1767.17 952.589 524.474 1813.35 97.0061 6413.92 6208.16 2672.29 177.446 449.452 416.353 62.1683 1716.35 164.779 75.022 53.1197 428.114 380.529 238.981 12.6672 244.547 84.1303 8.45798 1688.88 325.82 205.756 46.5335 78.4606 19.5483 141.548 36.1405 309.878 61.6527 56.289 7.40809 99.9293 66.9206 49.3727 33.0088 21.3443 36.28 47.5855 34.6575 5.05041 49.2194 38.4333 75.6723 14.1096 61.5627 27.2028 24.5565 240.452 235.29 793.002 160.417 17.5479 16.2149 48.8809 45.6569 33.0996 15.9416 158.274 14.9068 791.245 789.035 15.6106 11.5713 143.367 2.78111 786.254 1759.52
internal_count=342784 101638 75696 29140 241146 25942 240019 46556 857 21865 17701 38564 21060 2975 509 38269 7992 25085 7275 3976 7786 579 35485 33009 222318 6233 3432 3191 805 7207 5820 544 362 3299 2920 1834 413 14726 4286 453 7095 2784 2476 689 497 206 1086 634 2328 2466 2379 364 1127 730 517 397 245 416 379 276 267 738 683 3833 683 3150 341 303 14827 14660 59766 10440 213 255 2015 295 241 456 10316 905 59723 59634 457 351 9411 201 59433 25011
is_linear=0
shrinkage=0.05


Tree=49
num_leaves=79
num_cat=0
split_feature=93 103 24 0 23 50 0 19 3 4 3 53 51 82 103 108 93 46 11 103 100 21 30 93 53 3 113 19 0 71 113 71 109 96 100 19 112 51 50 95 46 103 46 32 65 61 82 48 19 97 44 48 112 65 103 34 46 69 74 112 23 71 112 0 113 96 38 112 0 103 0 100 82 61 51 115 13 103
split_gain=2831.6 1376.13 78.6452 74.9281 64.1904 52.3937 37.4469 31.4126 35.9604 29.8403 23.7315 15.8547 13.8983 13.251 12.1809 11.2437 10.8017 9.50536 8.88601 8.86762 9.21372 8.25604 8.01897 7.76061 7.43208 6.80673 7.99589 6.76659 7.49642 6.64389 6.04759 5.95018 5.94686 5.83987 5.73355 5.44183 6.16127 5.42504 4.97634 5.70584 5.69937 4.95196 7.93319 4.94396 4.90721 4.6942 4.62246 4.49238 4.45456 4.21683 3.9676 3.95482 3.87717 3.78181 3.7546 3.69769 4.99294 4.39852 2.98617 2.89002 2.79574 2.61192 2.54612 2.27094 2.62264 2.18141 2.10345 2.01639 1.86557 1.83591 1.66252 1.66013 0.917678 0.782944 0.769931 0.627854 0.4492 0.0555913
threshold=4.5000000000000009 0.045435681939125068 6.5000000000000009 2.8617925643920903 3.5000000000000004 0.65785554051399242 3.113268375396729 96.500000000000014 1.6874871253967287 3.5000000000000004 0.95838922262191784 2.4330357313156132 1.3333330154418948 28.500000000000004 2.3303766250610356 5.9089112281799325 1.5000000000000002 0.064968343824148192 1.5000000000000002 1.198858976364136 1.3360969424247744 10.500000000000002 7.5000000000000009 3.5000000000000004 0.40238095819950109 2.7906503677368169 -8.8493022918701154 29.500000000000004 1.7005987167358401 6.2169399261474618 -8.8148303031921369 5.8907973766326913 0.58625686168670665 0.35747051239013677 4.5762476921081552 15.500000000000002 -14.264822483062742 0.99405631422996532 1.2841498851776125 9.0832419395446795 0.46720430254936224 1.6813945770263674 0.23708994686603549 3.5000000000000004 8.4162726402282733 7.4588751792907724 6.5000000000000009 0.026402927935123447 37.500000000000007 0.29705883562564855 0.041960094124078758 0.043478259816765792 -14.264822483062742 10.606256008148195 4.2022044658660898 8.5000000000000018 0.33224220573902136 5.8394951820373544 22.500000000000004 -0.27416396141052241 4.5000000000000009 8.3267107009887713 -0.32434129714965815 1.2424533367156985 -8.8493022918701154 0.2524509876966477 2.5000000000000004 3.6004338264465336 1.7005987167358401 7.310155153274537 1.4978661537170412 0.094552028924226775 23.500000000000004 6.5958695411682138 1.71428519487381 0.00044077755592297768 4.5000000000000009 1.4695035815238955
decision_type=2 2 2 2 2 2 2 2 2 2 2 2 2 2 2 2 2 2 2 2 2 2 2 2 2 2 2 2 2 2 2 2 2 2 2 2 2 2 2 2 2 2 2 2 2 2 2 2 2 2 2 2 2 2 2 2 2 2 2 2 2 2 2 2 2 2 2 2 2 2 2 2 2 2 2 2 2 2
left_child=1 3 6 9 7 10 14 8 18 -1 22 16 51 58 17 55 53 -3 33 20 52 -6 -4 -14 -11 26 -17 30 -29 -27 -19 32 -22 41 -13 36 43 59 62 40 -40 49 -43 -21 -38 -15 -37 -23 -18 -2 -24 -7 -8 -12 -25 56 -16 -57 -9 75 65 -39 -10 69 -65 -49 -62 72 74 -35 -61 -53 76 -73 -67 -26 -20 -47
right_child=4 2 5 -5 21 12 19 13 38 24 11 34 23 45 15 25 48 27 67 35 31 47 50 54 37 29 -28 28 -30 -31 -32 -33 -34 63 -36 46 44 61 39 -41 -42 42 -44 -45 -46 77 -48 60 -50 -51 -52 71 -54 -55 -56 57 -58 -59 -60 70 66 -63 -64 64 -66 68 -68 -69 -70 -71 -72 73 -74 -75 -76 -77 -78 -79
leaf_value=0.056525112118073421 0.010014976633448858 0.033030827382463344 0.047555139152163389 0.053560894132222439 0.014207282552351919 0.0067913668800434037 -0.0074423710271905794 0.052028852583612076 -0.027396251860402055 0.026006542311042803 0.014351142393423475 0.044938512055736735 0.018847637891323696 0.0056791034473251782 0.0086108846248950568 0.0046758981752938189 -0.010844450623664671 0.00029999285531375142 -0.036987531554623101 0.0035349496916935574 0.015692468707553857 0.018345517168245749 0.021558296495820809 -0.040340330611347862 -0.023630809073451844 0.027479696927060416 -0.0036551327552362908 -0.034387039479195816 -0.0020801648522474395 -0.010668146957919318 0.0047713505770012946 -0.0031187918032798117 0.033085097642708561 -0.044357470861299 0.0016589079918381652 0.041128723955785235 0.009130106455396322 -0.016972390185557292 0.001199240295715988 -0.014178699983219651 0.047453850621563543 0.056438401929393811 -0.011141253382519535 0.0093970514611652206 0.018822468306110385 -0.017519944064568031 0.0039290400125658971 0.0082004221287983355 -0.023872592275156583 -0.03905513396176484 -0.0068012228859286013 0.0028893735693679514 0.013970517091552174 -0.0036095465407696378 0 -0.047185473221381696 -0.026227560541850398 -0.013569007063216905 0.0128478266552987 -0.03044686679984588 0.0013997939253524412 0.013794454384285013 0 -0.012922243451682226 -0.032473904399069012 -0.044005365774155064 -0.049888829858813023 0.0065242584681467599 0.0025766669811795638 -0.0080759225986439271 0.0067371931475715867 -0.030798557323936722 -0.003969488281784575 -0.043514880035760324 -0.0052052000191964553 -0.061775897816464004 -0.044051847000833193 -0.044415760626545106
leaf_weight=17.882798857986927 4.3924424946308163 26.366289377212524 21.455605298280716 1674.7453113794327 4.3561015650629988 3.8187767863273612 40.784291453659534 10.745103731751444 17.157868802547455 7.993307461962103 44.623677872121334 16.594852617010478 16.859075907617807 10.293730046600105 21.206345461308956 423.95744764432311 286.53476548194885 924.67736190091819 124.28439125325531 676.69835588335991 98.621616035699844 1.5614370349794615 30.663482271134853 12.931233514100315 5.4929762119427332 39.133761160075665 887.57663146406412 20.078895054757595 113.54360180720687 14.489873602986334 4277.4338988531381 19.145616605877876 115.50875080376863 66.415595821104944 14.329996566288171 22.538010902702808 356.12391969561577 16.833581905812029 14.242786977440121 13.433907043188809 11.967875093221663 3.6461641667410758 26.239930053241551 791.37703286111355 217.84722489118576 4.9404607024043781 14.297163926064966 1.2879517264664162 89.228567751124501 21.157511444762349 18.368908308446407 1.5877023926004756 40.355395302176476 77.824469408020377 9.2984187891706807 18.218246861360967 17.117111355066299 25.028767774812877 11.686018613167105 4.2997083654627204 1.5407504709437478 9.385087342001496 15.210867118090389 25.550609322264791 115.32681296113878 298.17731689941138 1809.470101271756 1.398712446913122 1.6137767303735007 5.18974760826677 4.6488277446478605 41.935935665853322 2.4646910997107616 124.43105772603303 2.3039132654666892 9.3682483946904522 358.7978381710127 7.4348498247563839
leaf_count=152 163 148 140 24938 35 154 178 92 136 59 302 113 150 60 136 3344 8114 5053 9117 2801 528 54 167 156 102 246 6680 759 983 103 23001 92 642 4558 110 160 1489 177 129 125 100 92 1232 3237 909 109 103 73 2837 1027 151 101 179 582 92 143 123 238 138 142 30 108 128 1345 6125 23869 163994 91 113 339 71 2529 168 8478 44 164 27843 119
internal_value=-0.000566248 0.0104811 0.003326 0.0513603 -0.0439824 -0.0115883 0.00464236 -0.0324154 -0.0346314 0.00257982 -0.00400013 -0.00765965 -0.0329388 0.00780692 0.00274815 -0.00131707 -0.00985349 0.0038469 -0.0378462 0.010022 0.0178784 -0.0487083 0.0229193 -0.00547864 -0.0148841 -0.000222643 -0.00095222 0.00369157 -0.00733663 0.0169804 0.0039788 0.022907 0.0252859 -0.030007 0.0261965 0.00881695 0.00845193 -0.0221783 -0.000712686 0.0108456 0.0241056 -0.0146567 -0.000274526 0.00670813 0.0128656 -0.0183171 0.0276696 -0.0488525 -0.0140472 -0.030162 0.0108496 -0.0390285 0.00314675 0.00294964 -0.0243744 -0.0191782 -0.00710033 -0.0290608 0.0341192 -0.0387915 -0.0489199 -0.00544798 -0.0150177 -0.0338343 -0.0291716 -0.0431848 -0.0498386 -0.0420335 -0.0434763 -0.0420843 -0.0119784 -0.0401802 -0.0422135 -0.0406729 -0.0437683 -0.0517471 -0.0423751 -0.0374539
internal_weight=14755.6 11763.3 10012.6 1750.65 2992.29 810.487 9202.13 871.978 826.878 75.9045 599.624 529.136 210.862 45.1002 6808.83 1446.73 498.211 5362.1 754.864 2393.3 314.416 2120.31 70.488 39.0887 58.0217 1365.16 1311.53 5335.73 133.622 53.6236 5202.11 233.276 214.13 267.919 30.9248 2078.88 2042.05 50.0284 72.0133 39.6446 26.2107 55.436 29.8861 1468.08 573.971 22.669 36.8352 2115.96 375.763 25.55 49.0324 171.773 81.1397 122.448 22.2297 81.5705 38.3235 43.247 22.4311 23.8098 2114.39 26.2187 32.3687 212.483 140.877 303.383 1811.01 486.946 302.095 71.6053 8.94854 167.955 485.547 166.367 300.481 14.8612 483.082 12.3753
internal_count=342812 101364 75451 25913 241448 24176 51275 53236 52718 975 12516 12058 11660 518 40957 11013 11835 29944 52100 10318 1619 188212 458 398 823 10373 10024 29796 1742 349 28054 1262 1170 14881 223 8699 8436 764 618 354 229 2514 1324 6038 2398 288 263 188177 10951 1190 318 11262 357 884 248 640 259 381 230 479 188123 285 264 12367 7470 24099 164024 37219 24026 4897 213 11108 37128 11007 23913 266 36960 228
is_linear=0
shrinkage=0.05


Tree=50
num_leaves=78
num_cat=0
split_feature=93 103 23 115 13 21 19 21 19 0 109 0 52 103 111 5 17 44 53 0 19 72 97 69 86 103 44 9 69 99 69 9 101 17 63 100 65 111 13 50 50 38 9 100 103 107 52 53 46 86 90 15 98 112 103 112 19 38 82 50 46 112 23 23 65 103 0 15 53 108 97 101 69 63 99 63 15
split_gain=2690.81 1302.27 67.317 66.0468 64.3968 88.3273 35.5163 28.4585 25.8508 19.2135 18.5129 18.407 15.5858 12.3205 10.2227 9.62085 9.59017 8.95199 8.01474 7.88347 7.81058 7.72186 7.59021 7.11102 7.00387 6.89444 6.62851 6.29589 6.2244 6.53494 6.16525 6.15371 6.99736 5.9406 5.80125 7.61648 5.74791 5.60589 6.25064 8.8913 5.8482 5.59202 5.37737 5.37514 5.7113 4.96119 4.90687 4.74721 5.2287 7.03678 4.45832 4.28295 4.13971 4.13365 3.9749 3.9013 3.74668 3.62857 3.47588 3.2872 2.75126 2.64615 2.64031 2.44394 3.60053 2.35983 1.81699 1.69641 1.66741 1.54581 1.50654 1.37595 0.893142 1.01735 0.548006 0.241438 0.132943
threshold=4.5000000000000009 0.045435681939125068 3.5000000000000004 0.00071028605452738713 1.5000000000000002 19.500000000000004 21.500000000000004 50.500000000000007 96.500000000000014 1.4978661537170412 0.00040456095302943146 3.113268375396729 0.88939857482910167 1.0669617056846621 -15.396073818206785 6.5000000000000009 81.500000000000014 0.16886002570390704 0.45534290373325353 2.2499048709869389 16.500000000000004 1.0000000180025095e-35 0.30602006614208227 7.0723969936370858 0.33195592463016516 1.7345473170280459 0.091326106339693083 81.500000000000014 10.000487804412844 2.4803127050399785 6.3189966678619394 73.500000000000014 1.1167782545089724 12.500000000000002 7.4385924339294442 1.8922330737113955 9.9804306030273455 -15.247838020324705 3.5000000000000004 2.142855286598206 1.6953902244567873 1.5000000000000002 76.500000000000014 1.3581948876380923 1.7810930013656618 6.344780921936036 0.80658715963363659 0.40238095819950109 0.29933090507984167 0.18009009212255481 10.500000000000002 5.5000000000000009 11.500000000000002 -14.271301746368406 0.84672909975051891 -6.7383165359497061 13.500000000000002 35.500000000000007 6.5000000000000009 0.85714256763458263 0.21070533245801928 -6.4335675239562979 4.5000000000000009 1.5000000000000002 12.348696708679201 6.5183372497558603 1.7005987167358401 43.500000000000007 0.85435608029365551 7.5028843879699716 0.77350428700447094 3.6427046060562138 3.7284606695175175 9.5504865646362322 1.6648721694946291 7.9762263298034677 7.5000000000000009
decision_type=2 2 2 2 2 2 2 2 2 2 2 2 2 2 2 2 2 2 2 2 2 2 2 2 2 2 2 2 2 2 2 2 2 2 2 2 2 2 2 2 2 2 2 2 2 2 2 2 2 2 2 2 2 2 2 2 2 2 2 2 2 2 2 2 2 2 2 2 2 2 2 2 2 2 2 2 2
left_child=1 3 6 10 11 14 24 9 17 36 47 12 21 15 -6 46 22 18 -8 42 43 31 -10 -24 30 -14 -4 -21 52 -30 -2 45 -33 -28 35 -23 51 55 40 -40 -39 -36 -11 53 -45 -3 54 -1 68 -50 -9 -7 -20 -15 -13 -16 71 -52 -22 -38 -5 -32 66 64 65 -19 67 70 -49 -48 -35 -26 73 -65 -18 -74 -64
right_child=2 4 26 60 5 7 8 50 16 19 -12 13 25 20 37 -17 74 63 28 27 58 34 23 -25 56 -27 33 -29 29 -31 61 32 -34 62 41 -37 59 38 39 -41 -42 -43 -44 44 -46 -47 69 48 49 -51 57 -53 -54 -55 -56 -57 -58 -59 -60 -61 -62 -63 76 72 -66 -67 -68 -69 -70 -71 -72 -73 75 -75 -76 -77 -78
leaf_value=0.022133361725126269 -0.0049467218006020589 0.0047452685271597772 0.02719534467701978 0.053405966832782016 0.037106965515781999 0.021988407417112082 0.044320529862483339 0.042333859410424321 -0.015434246664401545 0.032240670532568676 0.055092738050257717 0.02984821128817304 0.046626340786407913 -0.015381652234563229 -0.0021739036840283331 -0.010476889351518357 -0.040715410937676506 -0.035873159143909858 -0.032120986356330455 -0.0072391449247771276 0.044182808917742622 0.023871089953405273 0.066332218935909598 0.007054397977324176 -0.011013442643316248 0.0053568455275922319 -0.014168390172194576 0.030120860917362342 -0.02176331113055557 0.069143535998581293 0.010539407582576871 -0.021412289820226936 0.001691918794659883 -0.044062963396163612 0.027122387709519132 -0.004328679669563509 -0.029871965362287492 0.0030201104295059719 0.00282458400116439 0.032322345309667565 -0.0030245988454866996 0.0098863326991590963 -0.021020603358223398 0.010701398124861417 0.0053491232895202349 0.024521795546664213 0.021384326209827356 -0.044220228188261927 0.033255189182355593 -0.02119200820333645 -0.011785297503874671 -0.021865874539181582 0.0074793243224137752 0.0071203973788548204 0.0072042558414092701 -0.034395103638095469 0.0055435842100284077 0.022970935588008723 0.012145003287330463 -0.043454479843334219 0.024188607175604612 0.048179558574550717 -0.011461850572630631 0.0028386787931765391 0.018429324036892743 -0.0020690548363806577 0.0022049335543006432 0.00029344921584404022 -0.01171251016653832 0.040102589048348257 0 -0.038865822062300576 -0.0058441398175410088 -0.028728553496422143 -0.013345972739303628 -0.043727874692300363 -0.049935541557110323
leaf_weight=7.2312981002032748 20.500634152442217 2265.3844012767076 1.8250418445095409 1597.1613236200064 18.520181767642498 6.1565510351210859 2.3298145998269311 12.142331914976237 10.455823924392464 3.4454257357865563 11.316697301343082 33.264141090214252 29.615583151578903 41.284549176692963 21.199163697659969 19.210521675646305 7.1703023910522443 74.06580488756299 225.1690186643973 47.583725130185485 20.517869062721729 27.797707572579384 8.2296172901988047 12.301903053186832 11.217833392322065 16.502294659614563 14.618843706324695 13.112567448988555 3.1885437825694671 1.9634124506264923 10.496659200638534 31.713122794404626 2228.4664398301393 277.57448149472475 53.641532093286514 128.96794198453426 123.26027194410563 1089.9618180543184 77.954999960958958 37.394826348870993 629.21114157140255 407.20407878048718 165.51910367514938 1233.4744815677404 861.91118644177914 31.026438985019922 25.091862119734287 14.309289325959982 8.1040383996441978 14.021604895591734 12.880809264257552 18.549242010340095 5.8522618003189555 37.088795408606529 50.399446040391922 16.825577467679977 12.505667678080497 13.977629523724316 18.009719669818878 111.55778926052153 12.89973794762045 10.978117273189126 1.9269699081778515 2.5284420596435648 2.3382806358858934 6.4243253162130705 1.6340558575466264 1.7284243199974287 8.427399527281521 55.100270554423332 1.961906800046562 11.448481686413286 1.5311903795227397 6.9310686402022839 6.8959876019507647 386.58875530399382 1716.5163635900244
leaf_count=51 176 10240 53 24943 129 199 113 123 54 97 89 197 192 171 147 84 118 4403 14633 891 157 140 73 184 100 96 148 278 216 108 96 193 13007 23640 270 629 7131 7377 621 312 4967 2672 6139 5183 3527 196 151 291 96 184 178 1040 136 158 227 115 142 71 132 7799 110 108 127 159 130 418 113 77 133 358 151 100 110 448 87 30918 163507
internal_value=-0.000201408 0.0104177 -0.0436772 0.0512312 0.00360378 -0.00349859 -0.0316488 -0.0215462 -0.0349079 -0.0248353 0.00099283 0.00586153 0.00419094 0.00949324 0.00155002 0.0219598 0.0015714 -0.0372064 -0.0287441 -0.0140879 0.00844294 0.00392548 0.0171828 0.034167 0.000548244 0.0327029 -0.048659 0.00120295 -0.0297821 0.0191574 0.0142333 0.00320887 0.00134933 -0.0487528 0.00917568 0.000787374 -0.0341721 0.00116359 0.00156876 0.0127651 0.000801249 0.0119957 -0.0196017 0.00802714 0.00850998 0.00503265 0.0258837 -0.0117861 -0.0180085 0 0.0188536 -0.00992295 -0.031033 -0.00467402 0.0166919 -0.0174487 -0.0154254 0.00620815 0.0304729 -0.036602 0.0532008 0.032106 -0.0489896 -0.0412843 -0.0315012 -0.0333843 -0.0431407 -0.0434498 -0.0340544 0.0348683 -0.043756 -0.0270343 -0.0431713 -0.0201448 -0.030519 -0.0436272 -0.0499082
internal_weight=14567.3 11708.4 2858.9 1673.47 10034.9 2419.25 841.112 528.185 763.965 489.185 63.4103 7615.67 5220.32 2395.35 1891.07 183.066 45.0536 718.911 238.503 229.661 2212.29 5174.2 30.9873 20.5315 77.1474 46.1179 2017.79 60.6963 236.173 5.15196 41.9754 4556.59 2260.18 2015.96 617.611 156.766 259.524 1872.55 1834.52 115.35 1719.17 460.846 168.965 2173.76 2095.39 2296.41 163.856 52.0936 44.8623 22.1256 39.0008 24.7058 231.021 78.3733 83.6636 38.0247 35.172 26.8584 38.5276 234.818 1610.06 21.4748 2001.34 480.408 82.8284 80.4901 282.899 281.265 22.7367 80.1921 279.536 22.6663 397.579 9.45951 14.0663 388.12 1718.44
internal_count=342337 101491 240846 25897 75594 37614 53030 23946 52308 23574 844 37980 27635 10345 13668 1017 516 51792 15206 7405 9328 27347 311 257 722 288 187816 1169 15093 324 380 23636 13200 187763 3711 769 16169 13539 13277 933 12344 2942 6236 9039 8710 10436 933 755 704 280 372 1239 14769 329 424 262 342 249 289 14930 25053 204 187615 36586 4951 4821 23981 23868 424 509 23791 200 31635 607 205 31028 163634
is_linear=0
shrinkage=0.05


Tree=51
num_leaves=91
num_cat=0
split_feature=93 103 0 0 17 11 21 98 99 44 51 21 36 126 82 2 53 71 51 111 11 103 112 17 95 113 67 2 108 63 94 99 95 38 86 63 19 109 105 54 108 108 113 111 54 46 51 5 32 44 109 42 113 103 32 67 38 71 61 53 103 53 53 42 111 113 113 5 51 51 5 67 54 0 44 94 61 32 44 69 9 98 97 67 54 86 67 32 42 42
split_gain=2495.92 1271.4 68.3232 60.4747 76.4448 57.3262 28.218 26.5206 25.2732 22.8847 16.0797 13.2164 9.83569 9.17114 8.3148 8.12197 8.04047 8.01566 7.77511 9.26136 7.60057 7.29715 9.38276 7.15213 7.11899 7.90075 7.01631 6.78001 6.76405 6.72482 6.68542 6.63604 6.45199 6.40101 6.28702 6.1982 6.0578 9.2217 9.20551 7.91911 6.05549 8.96118 6.29701 6.04279 7.4164 5.06515 5.02576 4.96563 4.87297 6.8546 5.76666 4.73461 4.72983 6.81651 4.70051 4.538 9.88029 5.74428 5.446 4.4686 4.40803 4.18693 3.89288 3.76776 3.66403 3.31161 3.70065 3.30163 3.02187 2.99604 13.6608 2.78404 2.64314 2.61608 2.53245 2.03818 1.59392 1.5827 1.5372 4.3473 1.14808 1.09491 0.933654 0.925024 0.812926 2.22175 1.41785 0.749363 0.505896 0.139728
threshold=4.5000000000000009 0.045435681939125068 2.8617925643920903 2.1383330821990971 12.500000000000002 3.5000000000000004 23.500000000000004 10.500000000000002 1.0000000180025095e-35 0.067041199654340758 0.32466214895248419 15.500000000000002 19.500000000000004 1.0000000180025095e-35 1.0000000180025095e-35 0.82340019941329967 0.40238095819950109 9.2905893325805682 0.21539026498794558 5.734858751296998 1.5000000000000002 1.5737456679344179 -14.244961738586424 78.500000000000014 5.5890634059906015 -8.9317941665649396 9.0408768653869647 2.3090226650238042 5.2202205657958993 11.895943641662599 5.7442045211792001 2.3937958478927617 6.3192203044891366 3.5000000000000004 0.37221671640872961 11.49337959289551 5.5000000000000009 0.76927009224891674 2.2859804630279545 1.1215816736221316 5.9089112281799325 7.2474260330200204 3.1247247457504277 -8.3419423103332502 1.0444663763046267 0.27503581345081335 0.99999958276748668 3.5000000000000004 7.5000000000000009 0.38742592930793768 0.0095958039164543169 0.056349206715822227 -8.7077040672302228 1.140074670314789 13.500000000000002 11.476900577545168 5.5000000000000009 7.40213966369629 10.484397411346437 0.45534290373325353 1.9563595652580263 0.40238095819950109 0.92828568816185009 0.21398046612739566 5.691235065460206 -8.8377361297607404 -8.6924066543579084 8.5000000000000018 0.21539026498794558 0.49793376028537756 1.5000000000000002 13.679102420806887 2.0437979698181157 1.2424533367156985 0.091326106339693083 6.5980525016784677 10.449340820312502 8.5000000000000018 0.16700680553913119 7.486903429031373 74.500000000000014 5.5000000000000009 0.25657895207405096 11.64870071411133 1.2191311120986941 0.58578431606292736 10.006258487701418 14.500000000000002 0.090097405016422286 0.084039550274610533
decision_type=2 2 2 2 2 2 2 2 2 2 2 2 2 2 2 2 2 2 2 2 2 2 2 2 2 2 2 2 2 2 2 2 2 2 2 2 2 2 2 2 2 2 2 2 2 2 2 2 2 2 2 2 2 2 2 2 2 2 2 2 2 2 2 2 2 2 2 2 2 2 2 2 2 2 2 2 2 2 2 2 2 2 2 2 2 2 2 2 2 2
left_child=1 2 8 4 28 6 34 20 16 12 11 13 52 40 36 30 -1 62 19 -15 59 68 -23 29 25 -16 -7 -27 32 35 -11 -14 33 -3 48 51 37 60 64 -40 42 -42 -5 45 -45 -26 80 -19 -2 50 -50 -9 53 -6 -54 58 57 -57 61 -8 -12 -30 -17 -32 -38 -34 -67 -48 -13 -4 -71 78 -25 81 -28 -51 -75 -36 79 -22 -18 -61 -76 -82 85 86 -84 -80 89 -86
right_child=5 3 69 10 9 26 7 23 -10 15 14 21 31 18 24 17 46 47 -20 -21 71 22 -24 72 43 27 74 -29 55 -31 63 -33 65 -35 77 -37 38 -39 39 -41 41 -43 -44 44 -46 -47 67 -49 49 75 -52 -53 54 -55 -56 56 -58 -59 -60 73 -62 -63 -64 -65 -66 66 -68 -69 -70 70 -72 -73 -74 76 82 -77 -78 -79 87 -81 83 -83 84 -85 88 -87 -88 -89 -90 -91
leaf_value=0.030360065651978102 0.025914200361789871 -0.0080489323863359111 0.053366619993933655 -0.016054300384641253 0.042903757004772308 0.032205736540863374 0.015630115311208014 0.043400858185151991 0.054528943688580134 0.018200180983602873 0.015310843356523846 0.053188185791930104 -0.0018000504303207 -0.0087162430039679339 0.032367352709853657 -0.025943729368289217 -0.0095602271394755953 -0.015761702665054431 -0.025111410871510066 0.020383138048038818 -0.043212598401417904 0.031947694680612065 -0.013538302995798371 -0.0012561632086698169 0.005513831359556679 0.0044663944441073623 0.0079405892411342702 0.025805385439492554 0.010431441256872667 0.049420587747239342 -0.027009893080611955 0.04325280634739731 -0.037151074390633011 0.028901412367494817 -0.038788308169862756 -0.032810203544418742 0.0035221764784420838 -0.0089267872525643343 0.025975827103260626 -0.00033164751837785021 0.02063669325891861 0.0092478729180348711 0.0080101163802650168 -0.0093817780288186041 0.0047010192579550469 -0.0011815627712728322 -0.021482727701015603 0.028636016143077533 -0.015626875340235855 -0.038410649923208057 0.034872390317507031 -0.013874723323334174 0.010305232143984015 -0.006140367399744202 -0.029216541745676058 -0.02818098624037 0.027096828227138037 -0.0043733961117624369 0.024746477616719907 -0.041194194681928586 0.033033252280838706 0.0010740009912858551 -0.006339712435208796 -0.041268040544070295 -0.011036656873309422 -0.0017966385311940132 -0.022628872171527988 0.013043318434949212 0.025592124831452692 0.051326171249209476 -0.018325359443769947 0.0068585399341040652 -0.038425255102985417 -0.027411902694282071 0 -0.0064605809607881735 0.01000870414359218 -0.011234916601250387 -0.027550747099941889 -0.023593493727965625 -0.048660661893098221 -0.013337339723815497 -0.0041583976880034384 -0.012454166574277533 -0.024054027781131974 0.0093360550012112249 -0.043973756302494442 -0.044240797057428588 -0.049733318029720343 -0.00095798470193627023
leaf_weight=7.5977586526423684 15.771802619099615 30.365570090711117 1497.6186987310648 41.026353754103184 6.3928401190787545 1.5566836968064297 4.047157675959169 7.1603335374966317 16.719264650717378 5.5770368902012697 160.87107343971729 25.971073195338249 14.519222602248194 65.876591585576534 24.888882018625736 98.537583482451737 5.2953527541831162 9.2229262394830602 29.880881085991859 44.361568257212639 81.493359907530248 23.81269709020853 18.989124808460474 9.3574618324637431 658.79592935740948 2629.6262874938548 1.2558909496292461 36.551130451261997 124.21416662540287 8.445074023678897 160.39206703752279 15.779126150533555 15.714363186620174 16.921967875212431 11.634340658783914 7.6040732488036147 239.04876070842147 31.163176327943802 82.557501763105392 42.178742170333862 213.4184113740921 968.93579883873463 73.691661775112152 263.89568955078721 142.11893584579229 489.2745171058923 12.104537530802192 13.623071606270967 8.1031969822943228 10.880923539400102 12.297558348625897 4.8599182954058051 8.1631185226142389 66.967429907992482 36.123522559180856 39.897920315153897 15.913273559883235 70.345065098255873 24.023488529026508 75.659238619729877 48.385793402791023 2602.9235964529216 37.48049536254257 86.779139041900635 51.063251152634621 44.972100240178406 41.617863889783621 12.409307016991077 27.31694209203124 26.532696262001991 8.287066634744404 2.2068788670003405 10.005234326235948 160.96393265016377 1.0102698886767019 11.076618676073847 1.7960432330146421 13.849048485979436 19.543973935768008 58.691801529377699 14.250895697623493 6.753239835612475 3.1742749931290737 4.3435435723513356 1.7317176293581718 1.2336113294586528 137.53755851369351 429.0150660732761 1622.2387864533812 2.2402633000165224
leaf_count=57 119 192 24571 177 99 13 166 76 158 164 685 208 106 292 124 4070 30 348 125 199 6472 167 106 170 4309 11272 41 196 791 100 9089 107 118 113 106 81 1039 133 385 195 931 4252 319 1275 962 3044 122 534 127 94 166 202 92 1041 675 272 143 510 171 5558 206 17844 1577 6020 209 324 304 152 175 366 74 117 132 8855 95 110 87 179 1589 4570 306 310 43 149 145 86 12866 37203 161315 185
internal_value=-0.000684114 0.00943921 0.0507307 0.002817 -0.00238295 -0.0435709 -0.0336633 -0.036278 0.0031616 -0.0193355 0.00571715 0.0101895 -0.00236137 0.00895866 0.00431307 -0.0253815 -0.0130227 -0.0161409 -0.00311036 0.00302074 -0.038328 0.0280759 0.0117669 0 0.00349778 0.00505381 -0.0489625 0.00477703 0.00075563 0.0159086 -0.0310208 0.0222821 -0.00954914 0.00545092 -0.00564006 -0.000524641 0.00955963 0.0158827 0.00582712 0.0171027 0.0102722 0.0113356 -0.000606076 0.000794654 -0.00442862 0.00265393 -0.0207406 0.0104351 0.00338519 -0.00537471 0.0146609 0.0205339 -0.00899252 -0.000958889 -0.0216144 0.00129955 -0.00790401 -0.0133417 0.00172929 -0.0304019 0.0196621 0.00150937 -0.0207425 -0.0322747 0.000881763 -0.0165574 -0.0121376 -0.00387636 0.0403122 0.0529763 0.0344016 -0.0415683 -0.0223236 -0.0312927 -0.0490667 -0.0241633 -0.0268505 -0.0256419 -0.0417837 -0.0354059 -0.0364001 -0.0393099 -0.0491195 -0.0422617 -0.0491469 -0.0425801 -0.0431992 -0.0436301 -0.0496742 -0.0166885
internal_weight=14368.5 11625.3 1605.16 10020.2 3586.47 2743.2 971.216 887.603 72.7207 559.558 6433.7 1533.28 147.945 1437.19 4900.42 411.612 56.0014 158.864 140.119 110.238 840.171 96.0898 42.8018 47.4321 4245.15 2691.07 1771.98 2666.18 3026.91 28.0694 252.748 30.2983 149.592 47.2875 83.6135 19.6243 655.268 240.42 414.848 124.736 1297.07 1182.35 114.718 1554.09 406.015 1148.07 48.4036 22.846 58.1301 42.3583 20.4008 12.0203 117.647 73.3603 44.2866 2877.32 126.156 110.243 2751.16 249.22 209.257 2727.14 136.018 247.171 290.112 102.304 86.59 24.5138 53.288 1532.44 34.8198 590.951 19.3627 245.172 1770.42 21.9575 162.76 25.4834 588.744 140.185 23.8898 82.4125 1769.17 18.5944 1768.16 141.945 140.712 448.559 1626.21 3.97198
internal_count=343052 101674 25985 75689 44704 241378 66589 65688 974 23922 30985 6951 2120 6295 24034 21802 816 6529 616 491 64927 656 273 761 21182 11592 174789 11468 20782 459 15273 213 1051 305 901 359 2852 1024 1828 580 5679 5183 496 9590 2237 7353 759 882 616 497 293 278 1907 1140 767 19731 925 782 18806 14976 891 18635 5647 15109 1248 746 628 274 383 25011 440 49951 302 14810 174776 204 8942 285 49834 11042 485 5868 174735 455 174640 12995 12909 38792 161645 330
is_linear=0
shrinkage=0.05


Tree=52
num_leaves=71
num_cat=0
split_feature=93 107 23 93 19 48 115 3 98 103 100 34 0 3 48 71 105 91 107 114 99 67 112 67 102 80 53 103 100 71 103 52 108 21 32 3 113 65 0 32 32 114 19 40 86 103 48 67 4 52 107 53 23 0 67 112 67 67 48 61 105 105 61 107 103 53 19 24 94 112
split_gain=2369.88 1183.84 71.5744 56.95 62.4297 45.9112 40.1519 35.043 28.3144 22.0261 22.2273 19.3702 18.8923 13.8309 10.3748 9.09439 8.09836 7.77672 7.56967 7.329 6.7323 6.49423 6.46448 7.21886 7.38424 6.38099 6.29032 6.17985 9.58743 5.99304 9.53269 8.45607 7.78954 6.25772 5.9556 5.85417 5.70626 5.59579 5.49313 5.18826 4.92002 4.90752 4.85136 4.77311 4.65378 5.29823 4.38875 4.3217 4.16683 4.0941 3.91619 3.47861 3.29803 2.77254 2.68615 2.6828 2.53761 2.6009 2.40877 3.04712 1.54945 4.25592 1.37752 2.95664 1.06514 0.884246 0.873966 0.744994 0.490644 0.274606
threshold=4.5000000000000009 0.031068976968526844 3.5000000000000004 1.5000000000000002 17.500000000000004 0.043990600854158408 0.00060065652360208343 1.5420657992362978 10.500000000000002 0.10116358101367952 0.027128339745104316 34.500000000000007 3.2384861707687382 0.95838922262191784 0.048410071060061462 10.539914131164553 6.7532427310943612 12.500000000000002 1.5135873556137087 -4.6451239585876456 2.7791297435760502 10.258164882659914 -6.7178816795349112 10.315903186798097 6.9332721233367929 1.5000000000000002 0.45534290373325353 1.198858976364136 1.0197493433952334 8.3526411056518572 1.0401576161384585 0.52803984284400951 10.270019054412844 11.500000000000002 9.5000000000000018 1.6874871253967287 -8.30902051925659 9.1796870231628436 2.1383330821990971 12.500000000000002 10.500000000000002 3.3491733074188237 65.500000000000014 3.5000000000000004 0.33195592463016516 5.7555632591247567 0.026402927935123447 11.735284328460695 2.5000000000000004 0.60534241795539867 1.8097802996635439 2.226495742797852 4.5000000000000009 1.7005987167358401 13.42424249649048 1.0000000180025095e-35 13.35061550140381 13.432722568511965 0.099999990314245238 7.2268743515014657 9.7011656761169451 9.8321189880371112 2.8060839176177983 1.7855648398399355 1.2094135880470278 0.57247900962829601 125.50000000000001 9.5000000000000018 4.8770277500152597 3.457338929176331
decision_type=2 2 2 2 2 2 2 2 2 2 2 2 2 2 2 2 2 2 2 2 2 2 2 2 2 2 2 2 2 2 2 2 2 2 2 2 2 2 2 2 2 2 2 2 2 2 2 2 2 2 2 2 2 2 2 2 2 2 2 2 2 2 2 2 2 2 2 2 2 2
left_child=1 6 7 9 22 13 37 8 14 10 -3 12 15 42 25 19 20 18 -10 -11 -15 -7 23 24 -5 26 -2 28 -14 31 41 34 -33 -32 -24 46 -17 -1 54 -39 -23 -31 -6 -8 45 48 -4 -29 -9 -18 -44 -28 56 -42 -27 -20 68 -58 -46 -60 62 -62 63 -16 -64 -41 -59 -13 -48 -63
right_child=2 3 35 4 5 21 43 44 17 11 -12 67 27 16 60 36 49 -19 55 -21 -22 40 29 -25 -26 38 51 47 -30 30 33 32 -34 -35 -36 -37 -38 39 -40 65 53 -43 50 -45 58 -47 52 -49 -50 -51 -52 -53 -54 -55 -56 -57 57 66 59 -61 61 69 64 -65 -66 -67 -68 -69 -70 -71
leaf_value=-0.031124370182811851 0.031682105456901997 -0.01272200589227466 0.017508096024628838 0.024002128115939471 0.036855539888853199 0.0048817780097466148 0.052987998806395598 -0.013061385897996609 0.0489470982645644 -0.01233015105291034 0.054521420714529714 0.051343667650266413 -0.0020856890780349894 -0.012498987312718495 -0.034257304414065652 0.040678556971814855 0.022767883667761116 -0.023619444346450635 0.016623888131513966 0.0039636985641490902 0.0011015526791465699 0 -0.0029582971872001216 0.035545623369617661 -0.014668212087577666 -0.041793914877121772 -0.024335566567476714 0.0083924082005204168 0.022486408522027157 -0.036107603629667452 0.0028658784398818784 0.0032464824051582752 0.014246216741022683 -0.0094659418350885767 0.016905906296822971 -0.016094494782145943 0.0080889961203283924 0.029397295340345388 0.027846785852281265 0 -0.040802978383676962 -0.0033227409445467436 -0.010138687987902073 0.01605664245364603 -0.033607461324307523 0.037932797157723623 -0.0008925535768513522 0.028301863725521272 0.020094115623870715 -0.029186303785972447 0.022119490276428341 0.028289011568325542 -0.049761687669370662 -0.014625319326808484 0.0015726869773260992 -0.018283752138798418 0.026035004564389976 0 0.013247595893850364 -0.020332531141119898 0.037960319137224058 -0.036942483081881805 -0.035315987365257887 0.024954011643611381 -0.044525914791725858 -0.034762043660934883 -0.035849096347426682 0.027220131429231065 -0.043264823152912947 -0.00031472056211146739
leaf_weight=11.415823582559826 3.9396104197949162 16.026519566774368 1.5930683305487026 21.746414579451084 18.052507514134049 8.8020327482372505 1426.2702651321888 21.067380891181529 11.100050819106402 68.304267309606075 42.776785489171743 19.129977148026228 48.820053361356258 224.08661094121635 3.6998533559963098 25.501308962702751 2.7481228597462168 14.742890577763317 9.428105531260373 4837.4833854306489 149.99313039332628 8.0400991691276413 673.49206950515509 27.750231951475143 24.668835580348969 94.762997199781239 162.30675963032991 1562.6186976581812 190.57385201007128 30.577334254980087 300.35232108831406 1009.49611723423 191.53950348496437 154.19891607016325 38.377034991979599 16.709381673485041 30.501252733170986 12.023000062443318 1.8767075929790724 2.7135275388136497 169.81133416295052 19.341289304196835 18.34453434869647 11.186899963766335 8.7246950762346369 11.752172060310839 1.2326856600120653 26.998752944171429 14.798554950393735 60.770910732448101 16.174579338170588 1.8336561731994141 1564.1816916996613 14.382988044060765 3.1372907888144246 9.5445324480533582 1.9539239853620518 1.7645208947360513 11.665167573839428 12.174821894615887 1.5024265982210625 4.7839182382449508 95.742210793308914 2.0125732868909836 292.2910076668486 3.4119858145713806 4.1973856203258038 14.817464470863341 250.04665675573051 1.1999711710959671
leaf_count=78 134 97 56 142 139 199 24473 197 140 350 552 143 221 6877 229 130 101 146 148 23393 3569 158 4654 184 167 6804 9782 6594 1081 225 2026 6854 1299 1112 294 165 140 98 89 55 12306 143 112 150 107 120 102 123 162 2190 107 85 164165 700 91 84 110 97 119 148 129 405 8331 124 25359 165 242 102 23476 92
internal_value=-0.0001759 0.0096 -0.0429372 0.00348029 -0.0020475 -0.0153267 0.0515385 -0.0302488 -0.0337624 0.00603752 0.0361682 0.00576855 0.0055731 -0.00700284 -0.0363361 0.00396648 -0.00993732 0.00437909 0.0188919 0.0037311 -0.00703639 -0.0353706 0.00163943 0.0160421 0.00342508 -0.0282583 -0.0218168 0.0099193 0.0174521 0.00118375 -0.00364893 0.00246531 0.0050246 -0.00131293 -0.0018401 -0.0483736 0.0237769 -0.00556895 -0.0385269 0.0111459 -0.0372888 -0.0240669 0.0168364 0.0527246 0.000957029 0.010901 -0.0486503 0.00876321 0.000608677 -0.0263113 0.00499055 -0.0234365 -0.0487279 -0.0389474 -0.0403008 -0.000501542 -0.0422003 -0.0101812 -0.0131298 -0.00369522 -0.0415786 -0.0132446 -0.0420397 -0.0111585 -0.0424239 -0.0221019 -0.0262383 0.0426937 -0.0431031 -0.0324688
internal_weight=14169.1 11533.3 2635.77 10066.3 3182.75 691.207 1467.02 794.087 713.905 6883.55 58.8033 6824.75 6790.8 490.17 669.089 4961.79 437.599 44.8156 30.0727 4905.79 374.08 201.036 2491.54 74.1655 46.4153 267.857 168.08 1829.01 239.394 2417.37 504.47 1912.9 1201.04 454.551 711.869 1841.68 56.0026 29.5643 99.777 18.1485 192.234 49.9186 52.5716 1437.46 80.1828 47.6181 1824.97 1589.62 35.8659 63.519 34.5191 164.14 1823.38 184.194 97.9003 18.9726 259.195 7.91583 32.5647 23.84 401.232 7.48632 393.746 5.71243 388.033 6.12551 5.96191 33.9474 251.279 5.98389
internal_count=342941 101503 241438 76484 43558 26458 25019 53025 52172 32926 649 32277 32032 13095 51654 24013 12737 518 372 23743 10446 13363 17100 493 309 16985 10001 8019 1302 16607 3506 13101 8153 3138 4948 188413 270 396 6984 318 13164 368 358 24623 853 479 188248 6717 359 2291 219 9867 188192 13006 6895 232 24027 449 374 267 34669 626 34043 353 33690 220 339 245 23578 497
is_linear=0
shrinkage=0.05


Tree=53
num_leaves=93
num_cat=0
split_feature=93 103 3 49 42 30 44 4 17 44 44 32 2 103 11 19 77 100 34 2 17 94 65 76 3 63 103 63 82 71 24 77 65 113 113 115 17 112 65 108 5 115 44 76 98 71 111 38 103 105 112 5 90 76 94 50 67 108 111 9 50 65 96 112 109 65 63 2 63 69 113 42 99 94 54 107 94 2 17 32 2 112 50 92 97 71 44 107 96 94 3 17
split_gain=2139.09 1180.29 71.7971 59.3569 55.7155 45.2852 35.0135 32.0268 24.0298 21.813 20.8962 17.165 15.8596 13.5363 12.0671 11.6725 11.3059 10.304 8.25259 7.6359 7.52656 7.15878 7.0015 9.5168 6.8551 6.08578 6.05153 7.94096 6.9859 6.03894 6.99855 5.87726 6.09529 5.78575 7.60736 9.80116 6.64352 5.65225 5.59408 7.7563 7.56325 5.20167 5.17855 5.12106 6.69486 5.10079 6.58845 8.02239 7.55168 5.05668 4.93907 4.86686 4.85211 4.80481 4.61385 4.33243 6.11581 4.13733 4.13359 4.07896 3.90396 3.6786 5.58705 5.67099 3.88934 3.582 3.47686 3.19899 3.61772 5.2659 3.77783 3.09188 3.3185 3.04215 3.03853 2.84555 2.83934 2.82678 2.0128 1.86632 1.57272 1.43471 1.38916 1.32422 1.02175 0.994047 0.953126 0.868556 0.766496 0.724701 0.283132 0.650762
threshold=4.5000000000000009 0.045435681939125068 1.6874871253967287 0.17142856866121295 0.10072463750839235 5.5000000000000009 0.055867666378617294 3.5000000000000004 13.500000000000002 0.12467616423964502 0.047761620953679092 11.500000000000002 0.9770263433456422 0.92400339245796215 3.5000000000000004 88.500000000000014 12.500000000000002 0.95390754938125621 35.500000000000007 1.7221199274063113 80.500000000000014 5.5625262260437021 12.075119018554689 87.500000000000014 0.98927053809165966 6.4483513832092294 1.4314199686050417 5.5677146911621103 2.5000000000000004 8.3526411056518572 10.500000000000002 30.500000000000004 9.5963034629821795 -8.6614527702331525 -8.8377361297607404 0.00058530550450086604 18.500000000000004 -0.29737257957458491 9.1796870231628436 8.2054576873779315 8.5000000000000018 0.69236400723457348 0.38742592930793768 27.500000000000004 1.5000000000000002 6.3844428062438974 -8.3791551589965803 2.5000000000000004 1.49834281206131 1.9464761614799502 -6.6556015014648429 9.5000000000000018 9.5000000000000018 21.500000000000004 10.259891986846926 0.65785554051399242 10.131567001342775 8.5655403137207049 -8.3948211669921857 74.500000000000014 0.25210078060626989 11.819790363311769 0.35747051239013677 -0.31818544864654535 1.0726690888404848 10.024647712707521 8.6431455612182635 0.79513397812843334 9.5504865646362322 5.177420139312745 -8.8377361297607404 0.056349206715822227 9.0264744758605975 7.0845742225646982 0.99999991059303295 1.6529044508934023 7.5326876640319833 1.4437134861946108 17.500000000000004 13.500000000000002 1.7413805127143862 3.6004338264465336 0.45112778246402746 10.500000000000002 0.25657895207405096 8.5720028877258319 0.091326106339693083 2.118367195129395 0.39924812316894537 11.789878368377687 1.1149416565895083 33.500000000000007
decision_type=2 2 2 2 2 2 2 2 2 2 2 2 2 2 2 2 2 2 2 2 2 2 2 2 2 2 2 2 2 2 2 2 2 2 2 2 2 2 2 2 2 2 2 2 2 2 2 2 2 2 2 2 2 2 2 2 2 2 2 2 2 2 2 2 2 2 2 2 2 2 2 2 2 2 2 2 2 2 2 2 2 2 2 2 2 2 2 2 2 2 2 2
left_child=1 3 4 37 9 10 18 -5 45 15 13 22 55 17 77 61 51 41 33 25 -17 -18 38 -24 78 -13 27 -26 -28 65 -31 66 53 34 36 -36 -7 -1 40 -40 -12 74 -34 -19 -45 57 48 -48 -47 80 -51 -9 -20 -33 -27 58 -57 -8 -10 -11 -22 62 63 -2 -64 -14 -4 71 69 -69 -70 72 -61 -68 -3 -54 -23 81 -15 -73 -35 82 87 -84 -16 -78 -86 -6 -63 -62 -88 -92
right_child=2 5 31 7 14 6 8 16 12 59 11 19 29 24 84 20 21 43 52 -21 60 76 23 -25 26 54 28 -29 -30 30 -32 32 42 49 35 -37 -38 -39 39 -41 -42 -43 -44 44 -46 46 47 -49 -50 50 -52 -53 75 -55 -56 56 -58 -59 -60 67 89 88 64 -65 -66 -67 73 68 70 -71 -72 79 -74 -75 -76 -77 85 -79 -80 -81 -82 -83 83 -85 86 -87 90 -89 -90 -91 91 -93
leaf_value=0.052887370541472294 0.035840554176107563 0.0029395226230497749 -0.032952008532327888 0.052417319194167117 0.014180956819668859 0.026807941295923107 -0.00013453131108939192 -0.0037168875322899767 -0.033033925820880938 0.024889286905330321 0.0026065450447563749 0.031691124930296133 0.0055595278886453482 0.013636949932266204 0 0.033845542514282012 0.010417732016535255 0.0022908970188540087 0.044749620357113745 0.02143961639609028 -0.02998703247437641 -0.06292318220274816 0.045902514970655173 -0.0022504477252907463 0.013098630579810672 -0.021640387902325878 0.0053574292881365089 0.0044777452689662156 0.00020319746391489094 0.013072968767725488 -0.019610851122387904 0.049565314324927584 0.018507338743229365 -0.037015639705688913 0.0068821030656594133 0.048724609583976453 -0.019374195561068955 0.0055494997429850054 -0.0042008419602228616 0.0022265005072433625 0.022677423441183377 -0.0088100251703892678 -0.024624602450469185 0.041334851279037854 0.0097319159656704176 -0.026360238940115639 -0.0074690545328262095 0.031352248657875739 0.0033023522595064326 0.027942706976754925 -0.012030697882270298 0.051884309122092631 -0.0030741886738385911 0.0065579367375786114 0.0042137320196410262 0.036687774485135306 -0.038523030867771521 -0.037567124841171196 -0.010994702880803732 -0.025876666899409064 0 -0.046254307184162777 -0.037216320302402274 -0.017404771330890939 0.021276048318890822 -0.022080816116341551 -0.019041894754177356 0.011807501674836006 -0.010341614013762313 -0.036176760510203604 -0.03518782915048662 0.0017951350846626983 0.039961041103534482 0.014607128585852294 0.026317834826685906 0.023261106461755478 -0.033621418251209088 0.0034666290703886807 0.039115484419516393 -0.044977973274964084 -0.012390748763923973 0 -0.040676954018183074 0 0 -0.0062796217280203697 -0.049853847869326139 -0.022613485890895475 -0.0067328557265474197 0.026363594698002774 -0.04470338278270948 0
leaf_weight=1389.7136386875063 8.7711443845182675 28.782562479376793 12.408263854682444 23.86005999520421 1.7115800799801939 8.6760524492710811 15.005780724808575 7.9935664068907482 43.435151493176818 1.8761887829750765 2421.0653572063893 4.7648913506418458 12.315035580657421 21.247944995760918 0.92385401017963786 23.972471979446709 7.5617190655320874 16.625556372106075 17.739117637276649 12.567186363041399 8.537206422537567 10.027251435443761 19.326715933158994 19.223870702087879 473.6375285834074 144.9818579973653 2333.0086352825165 627.55349915474653 920.97406897880137 42.754613314755261 24.461730448529124 12.575366094708443 11.301405735313894 12.403456738218663 53.991570044308901 18.093542411923409 31.153730753809214 7.1832175254821768 837.41994776390493 1062.674229756929 46.554150097072124 35.359900161623955 13.590909477323292 67.820456281304359 24.769086197018623 27.48410573694855 20.157042153179646 33.386087524704635 80.129523510113358 11.855343857780101 16.621713817119598 5.4286719560623169 15.797517834231256 14.19274827837944 18.344050995074213 1.5017912490293372 131.77927546855062 14.166615832597016 48.287848825566471 3.9460641928017131 4.0886522289365512 10.617552208714185 15.275904498994352 8.180821340531109 2.1719998596236101 84.435711124911904 11.199584875255825 13.087064196355643 21.599942359142005 7.8254874395206562 92.782312769442797 1.6557783083990205 1.4291651351377366 12.676125217229126 28.397090122103691 23.583939475938678 12.367087257094683 3.0818076347932211 16.45986470580101 75.577209554612637 20.319648265838623 1.8123886426910747 530.80794011428952 1.9608830679208029 0.94475818052887817 6.7724287007004014 1368.5190979288891 1.5595423616468904 2.6969809103757134 4.0000059520825744 211.89767310209572 1.127486603334545
leaf_count=24886 306 127 111 309 97 91 120 161 2283 52 14565 40 335 93 88 183 59 80 128 99 50 84 118 120 2115 3307 9724 2712 4109 1285 809 103 103 198 692 197 370 54 5381 6853 287 149 127 469 128 221 152 361 702 81 227 113 94 117 367 61 10342 116 2520 272 94 381 760 355 97 2740 100 719 1350 529 5962 112 90 120 138 146 211 137 123 6281 116 141 48346 198 36 118 150596 115 137 108 22329 122
internal_value=-0.000617689 0.00855338 -0.0423094 0.0503463 -0.0439133 0.00239292 -0.00892978 0.006415 -0.0154795 -0.0237987 0.00339362 0.00100311 -0.0225812 0.00577684 -0.0468069 -0.00262015 -0.0161644 0.0184184 0.00750059 -0.0140327 0.0166279 -0.0303205 0.00162641 0.0224556 0.00518788 -0.0169099 0.00499574 0.00820755 0.00390247 -0.0105237 0.000864533 0.00193212 0.0127139 0.00192942 0.00870032 0.0182997 -0.00846462 0.0526573 0.00143263 -0.000602014 0.0030028 0.00586037 -0.00472439 0.0287452 0.0332768 -0.000850909 0.00262849 0.0167505 -0.00443994 -0.0102048 0.00484262 0.021056 0.0237331 0.0286741 -0.018664 -0.0311958 -0.0372025 -0.0195867 -0.0219022 -0.0321881 -0.00839269 -0.0192083 -0.00937554 0.010277 -0.0282993 -0.0184296 -0.0130494 -0.032892 -0.0272789 -0.00692153 -0.0307768 -0.0413156 -0.0020179 -0.000975408 0.0150963 0.0127271 -0.0412013 -0.0398968 0.0260846 -0.0438331 -0.0232301 -0.0401727 -0.0403232 -0.0405259 -0.0491213 -0.0255907 -0.049152 -0.00285963 -0.0404162 0.0144818 -0.049182 -0.0445006
internal_weight=13982.4 11462 2520.38 1470.91 2432.44 9991.09 809.536 74.0108 579.3 308.092 9181.56 4586.92 388.971 4594.64 2124.35 88.3127 50.1507 201.755 230.236 180.658 40.5983 36.7285 4406.26 38.5506 4392.88 168.091 4355.17 1101.19 3253.98 163.967 67.2163 87.9444 51.6604 173.115 111.915 72.0851 39.8298 1396.9 4367.71 1900.09 2467.62 92.5396 24.8923 109.215 92.5895 190.329 161.157 53.5431 107.614 61.2002 28.4771 13.4222 57.1206 26.7681 163.326 225.004 133.281 29.1724 91.723 219.779 16.6259 47.7144 34.3999 16.952 17.4479 96.7507 36.284 217.903 135.295 20.9126 114.382 82.6082 5.37523 23.8757 57.1797 39.3815 29.1668 540.934 37.7078 77.233 32.7231 537.852 536.04 532.769 1583.41 19.1395 1582.49 3.27112 13.3145 8.08866 1581.54 213.025
internal_count=342310 101486 240824 25995 240043 75491 24387 1055 22047 17838 51104 31137 20375 19967 222205 2471 746 1091 2340 3813 435 472 27324 238 18876 3714 18660 4827 13833 5169 2094 781 450 1972 1350 889 461 24940 27086 12234 14852 414 230 677 597 1672 1436 513 923 622 308 274 368 220 3674 15206 10403 236 4803 15367 252 2036 1518 661 857 3075 331 15315 8560 1248 7312 6755 362 220 265 240 413 49034 216 6393 314 48897 48756 48544 173171 329 173083 212 518 202 173047 22451
is_linear=0
shrinkage=0.05


Tree=54
num_leaves=81
num_cat=0
split_feature=93 107 21 48 48 21 96 48 103 100 98 23 38 99 0 54 103 63 93 105 96 53 53 2 115 97 3 86 74 86 71 46 84 90 32 3 99 65 53 111 54 84 111 107 54 114 53 63 23 61 111 71 98 71 61 107 0 48 114 61 48 49 49 100 105 63 63 112 97 0 63 38 63 61 86 24 15 54 42 113
split_gain=2070.19 1098.45 81.1115 48.9252 47.9967 71.1633 40.3822 26.2692 21.717 34.5061 17.3112 14.5057 14.2777 13.0239 12.6404 10.2034 11.602 9.56156 8.5271 7.71115 7.6499 7.22286 7.06085 7.01315 6.19277 10.6437 6.16093 8.23851 6.02083 5.96833 5.83039 5.80683 5.78134 5.43092 5.0283 4.83468 4.95695 4.70564 8.18238 6.48547 4.60054 9.62479 8.72201 6.44826 6.07786 5.19379 4.57554 4.27201 4.13774 4.97784 4.10661 3.64272 3.48073 4.4693 3.26388 3.19504 3.08108 3.36662 3.0365 6.22726 2.57589 3.57269 2.59053 2.5089 2.38583 2.35282 3.09482 2.29432 2.25555 1.70674 1.60089 1.14591 1.0468 1.04566 0.853986 0.665346 0.626503 0.606848 0.210907 0.128421
threshold=4.5000000000000009 0.031068976968526844 21.500000000000004 0.033445188775658614 0.019607842899858955 19.500000000000004 0.14642857760190967 0.043478259816765792 0.7325229048728944 0.82673057913780224 10.500000000000002 4.5000000000000009 22.500000000000004 1.0000000180025095e-35 2.9700856208801274 1.1249999403953554 1.0125605463981631 6.6254985332489023 12.500000000000002 2.4054743051528935 0.37232102453708654 0.8980536460876466 2.226495742797852 1.6317272782325747 0.00037160619103815412 0.42582418024539953 1.1555391550064089 0.36180344223976141 2.5000000000000004 0.19920635223388675 10.539914131164553 0.21070533245801928 0.24575784057378772 9.5000000000000018 7.5000000000000009 1.9940509200096133 9.9641027450561541 10.067303180694582 0.81006816029548656 -8.3791551589965803 1.1939963698387148 0.48212005198001867 -8.3926520347595197 6.8034155368804941 1.1666665673255923 3.3354965448379521 0.45534290373325353 7.3293333053588876 1.5000000000000002 7.3865234851837167 -8.4416384696960431 7.633136749267579 18.500000000000004 8.8660197257995623 5.4375791549682626 1.7855648398399355 1.7005987167358401 0.066273741424083724 -4.5659782886505118 5.0568823814392099 0.070933967828750624 0.36304681003093725 0.20060975849628451 1.0027741789817812 9.3113074302673358 11.349521160125734 11.077219486236574 -0.2631844282150268 0.4463601559400559 1.7005987167358401 7.4385924339294442 34.500000000000007 9.1953783035278338 6.2928924560546884 0.58578431606292736 2.5000000000000004 7.5000000000000009 1.5108746290206911 0.077677227556705489 -9.0286083221435529
decision_type=2 2 2 2 2 2 2 2 2 2 2 2 2 2 2 2 2 2 2 2 2 2 2 2 2 2 2 2 2 2 2 2 2 2 2 2 2 2 2 2 2 2 2 2 2 2 2 2 2 2 2 2 2 2 2 2 2 2 2 2 2 2 2 2 2 2 2 2 2 2 2 2 2 2 2 2 2 2 2 2
left_child=1 6 34 10 8 24 75 17 9 21 22 48 14 60 26 19 -17 -7 52 -16 32 23 46 47 25 -6 27 -10 -23 -27 -28 -11 -19 -14 50 36 51 38 63 -40 44 43 -43 -42 45 -26 -4 -3 49 72 -2 -36 53 -12 -46 -35 70 -58 59 -48 62 -62 -8 -9 69 66 -66 -22 -60 71 -39 -50 -5 -71 76 -1 -13 -67 -20 -78
right_child=2 4 3 11 5 7 13 37 12 31 18 74 33 -15 15 16 -18 20 78 -21 67 28 -24 -25 40 29 30 -29 -30 -31 -32 -33 -34 55 35 -37 -38 56 39 -41 41 42 -44 -45 54 -47 58 -49 64 -51 -52 -53 -54 -55 -56 -57 57 -59 68 -61 61 -63 -64 -65 65 77 -68 -69 -70 73 -72 -73 -74 -75 -76 -77 79 -79 -80 -81
leaf_value=0.052795367022070189 0.03744962168118296 -0.033255246795216936 0.015472038407838024 0.0011981434620447361 0.043054209356749147 0.057144588923245421 -0.0045350626372846221 0.003459708044275857 -0.013882190651002886 0.050103356143979677 0.0024990010109084103 -0.0026429818638655138 0.04592459378500776 0.050352205868674865 0.0044380369970369203 0.045338982888538451 0.011355927740769246 -0.0014692299383370652 -0.042558308895753648 0.013140317511142661 -0.035179923939848409 0.033987134770639645 0.045390066343264007 0.01749492440319866 -0.0010898673825923565 -0.01828041364537928 0.0027638529435028928 0.015908256297268993 -0.00027733603419656506 0.018842597562274223 0.019969401390811034 0.008925026929418229 -0.0182123212948757 -0.0010699815249303431 -0.019245150796009663 -0.023869377971413773 0.032352209699937934 0.0035237406415286688 -0.011823860893399924 0.067655539774503795 -0.0022093427152543631 0.0041691961925582575 0.048775443513516696 0.028672595010196048 3.1194415646835153e-05 0.0039178544570851971 0.018857623046273884 -0.0028698172631632449 -0.042021211100423644 0.040784306825711797 0 0.010567750259522045 -0.0079905495437134436 0.042254494217870454 -0.024842971126148097 0.028087096271456891 -0.026550514408625259 0.022706069159519598 -0.027743729135354379 -0.03116057885367305 -0.023125821494570271 0.020911531752112633 -0.049158498461617683 -0.040619364847609724 -0.023165921980489626 -0.043002009311692478 0.01890860250805116 -0.0088343129740521675 -0.042695284949467532 -0.010333604925044581 -0.040653431235273957 -0.00063621668202252124 -0.037079962019048694 -0.034194396263909119 0 0.029413198577779628 -0.021873528259022324 0 -0.010866534442449467 -0.049670426386541275
leaf_weight=1286.8001287020743 14.254444912075998 21.666699983179569 4.2439109068363896 1.6897370293736438 22.050445958971977 3.6390434000641099 6.6616073371842521 3.321957075968391 109.8293496593833 74.869413055479527 14.16789745539427 1.3344832183793176 25.604657303541899 8.2057390753179771 2037.4852318689227 25.279739290475845 558.22266262769699 146.25306594651192 5.766403701156376 292.08212439715862 37.686366626992822 24.987417832016945 1.7797395633533586 18.411422582343221 1753.271569211036 19.679957836866379 3429.4328932333738 27.702948188409209 23.693510198965669 20.616146333515644 48.711971892043948 11.153191413730381 79.66433375608176 16.539138596504927 19.014850538223982 20.715521387755871 10.431862562894819 1.4256099043413986 4.441602491773665 3.2300689518451682 129.66637412086129 21.599175065755844 22.648763701319695 17.862195387482643 19.174684412777424 732.40995687991381 8.4163473248481768 25.319091157987714 625.08848410844803 2.4967963797971606 12.84046510607004 18.706106316298246 10.504463229328392 14.327715106308458 35.74980341270566 18.21669721417129 9.9039810774847847 3.4632765538990489 89.137563084252179 15.170412754639981 7.8080857777968031 7.5739723034203053 7.0602295864373446 13.391560836695133 10.762596076354386 9.857401814311741 5.2062772549688807 13.454654558561741 58.099979012273252 11.750685445964338 144.71315660886467 2.215877383016049 4.758357428945601 12.816444284282623 1.1082711024209846 11.181637953966854 4.9991981768980613 1.0575032709166396 3.0584816187620163 1409.1823977809399
leaf_count=24307 111 101 127 103 144 33 63 184 1135 823 162 121 193 79 8574 141 2471 3946 132 1217 1758 119 88 123 12133 139 17977 283 136 161 268 60 3435 96 180 192 100 53 252 164 865 163 167 127 130 4997 408 159 60342 163 104 194 76 134 275 108 479 184 4969 939 131 80 148 676 1019 923 493 601 3920 784 11420 186 306 996 125 135 578 102 162 163099
internal_value=-0.000353146 0.0085826 -0.0422849 -0.0441402 0.0029165 -0.00206801 0.0511633 -0.0201562 0.00531083 0.0214955 -0.0216681 -0.0465176 0.00481303 0 0.00458353 0.0070361 0.0129578 -0.0103909 0.0047287 0.00554118 -0.0116168 0.00323775 -0.0288424 -0.00745967 0.000944547 0.0163438 0.00260268 -0.00770272 0.0176012 0.000467681 0.0030162 0.0451231 -0.00749843 0.0287624 0.00262721 -0.00448393 0.00412351 -0.0348036 -0.0126884 0.0261417 0.000580741 0.00801724 0.0280706 0.00171358 1.10669e-05 0.000383118 -0.0300329 -0.0176831 -0.0401961 -0.00433047 0.0203387 -0.00436701 0.0151117 0.023935 -0.0162119 0.0144662 -0.0379728 -0.0121129 -0.0313463 -0.0128538 -0.0161198 -0.000918518 -0.0307336 -0.0317458 -0.0406435 -0.0228688 -0.00843031 -0.0288879 -0.0340819 -0.041307 -0.0401233 -0.0418928 -0.0274579 -0.0244166 -0.0495336 0.0526358 -0.0495681 -0.0396164 -0.0357177 -0.0496025
internal_weight=13808.8 11383.8 2424.96 2329 10048.5 3259.32 1335.29 464.589 6789.21 200.101 224.673 2104.32 6589.11 37.3096 6528.75 2913.07 583.502 280.697 47.825 2329.57 277.058 114.078 176.848 65.3972 2794.73 62.3466 3615.68 137.532 48.6809 40.2961 3478.14 86.0226 225.917 60.3605 95.9633 68.8683 48.1528 183.891 24.3852 7.67167 2732.38 191.777 44.2479 147.529 2540.61 2485.68 175.068 46.9858 687.7 8.94489 27.0949 37.721 39.0001 28.4956 54.9245 34.7558 159.506 13.3673 170.824 23.5868 29.1039 15.3821 13.7218 16.7135 678.755 26.8838 15.9689 51.141 147.238 651.871 146.139 627.304 6.44809 24.5671 1416.62 1297.98 1415.52 10.9149 8.82489 1414.18
internal_count=342751 101413 241338 240457 76470 42486 24943 23185 33984 1521 11117 229340 32463 501 32066 12403 2612 9773 666 9791 9740 638 10451 383 19301 444 19663 1418 255 300 18245 883 7381 397 881 666 474 13412 1276 416 18857 1322 330 992 17535 17130 10363 260 65417 572 215 374 372 296 405 204 12136 663 10236 1347 422 211 211 860 64845 2537 1512 2359 8889 62308 11473 60528 409 1780 163923 24442 163798 1025 294 163677
is_linear=0
shrinkage=0.05


Tree=55
num_leaves=81
num_cat=0
split_feature=28 107 17 24 48 44 0 49 103 23 99 23 3 3 101 0 21 53 103 65 97 108 67 101 90 113 95 95 74 5 49 67 108 34 44 65 17 103 65 21 4 108 108 5 107 76 113 53 53 2 49 49 76 71 77 48 51 77 103 42 103 48 103 113 48 3 113 67 95 40 46 65 53 49 107 98 103 2 40 105
split_gain=1895.72 1059.48 91.6273 68.4092 43.4344 37.2827 30.1584 29.2608 26.1604 23.4011 17.0474 13.4166 18.6851 13.1247 11.6552 11.4318 9.92215 13.8014 9.16566 8.54777 8.56828 7.98407 7.58075 7.32209 7.23929 6.78618 8.70403 8.09534 6.38444 8.75252 11.4242 7.95986 6.25715 5.92044 6.1902 8.36334 5.72646 5.48137 6.15347 5.47549 6.02178 5.46091 5.36746 5.27606 7.154 5.27171 8.02464 6.284 5.21164 7.57929 6.41381 5.14945 5.56733 5.40054 5.02119 4.92914 4.15638 3.92372 3.56588 3.35535 3.98066 3.23761 3.12052 4.86201 2.65869 2.57956 3.88597 2.39284 2.38997 2.23842 2.23606 2.07037 1.95133 1.49453 1.33704 1.29739 1.17504 0.849712 0.512943 0.126802
threshold=3.5000000000000004 0.031068976968526844 13.500000000000002 7.5000000000000009 0.019607842899858955 0.08842144533991815 2.9700856208801274 0.10749299451708795 0.84672909975051891 4.5000000000000009 1.0000000180025095e-35 1.5000000000000002 1.5420657992362978 0.89023035764694225 1.344168543815613 1.4978661537170412 16.500000000000004 0.251315787434578 1.5827404260635378 12.770944118499758 0.41042780876159674 8.135838985443117 10.659457206726076 1.5007379055023196 13.500000000000002 -8.7866530418395978 8.9296660423278826 8.1323895454406756 3.5000000000000004 3.5000000000000004 0.5321912169456483 9.1698460578918475 8.4438309669494647 20.500000000000004 0.10880326852202417 9.9352564811706561 78.500000000000014 2.1588556766510014 10.145834445953371 13.500000000000002 1.5000000000000002 1.0000000180025095e-35 7.9153389930725107 5.5000000000000009 1.5135873556137087 6.5000000000000009 -7.3135521411895743 2.6306818723678593 0.40238095819950109 0.83853083848953258 0.33333325386047369 0.23076922446489337 6.5000000000000009 8.6680440902709979 89.500000000000014 0.066273741424083724 0.63636359572410595 23.500000000000004 1.1285597085952761 0.059411764144897468 7.5546460151672372 0.17142856866121295 1.5071766972541811 -8.760976314544676 0.02567765582352877 1.9940509200096133 -7.3684203624725333 10.19602155685425 7.129714012145997 9.5000000000000018 0.12556306272745135 9.6597313880920428 0.52985739707946788 0.14285712689161303 0.93745532631874096 12.500000000000002 9.7293262481689471 0.50378113985061657 8.5000000000000018 6.6972529888153085
decision_type=2 2 2 2 2 2 2 2 2 2 2 2 2 2 2 2 2 2 2 2 2 2 2 2 2 2 2 2 2 2 2 2 2 2 2 2 2 2 2 2 2 2 2 2 2 2 2 2 2 2 2 2 2 2 2 2 2 2 2 2 2 2 2 2 2 2 2 2 2 2 2 2 2 2 2 2 2 2 2 2
left_child=1 6 25 7 13 57 10 8 14 19 48 28 70 24 -3 33 39 54 -19 59 36 62 42 -23 72 26 27 -2 37 31 -31 -30 -25 55 35 -35 -21 41 -39 40 -10 -9 -17 65 58 47 -47 -14 -1 50 77 52 -24 -53 -18 -6 -36 -4 -45 60 64 -57 63 -15 -7 66 -27 71 -64 -44 -13 -61 73 -5 -72 -22 -69 -50 -11 -67
right_child=2 3 5 4 15 9 -8 11 16 78 -12 12 45 21 -16 22 17 18 -20 20 75 23 51 32 -26 43 -28 -29 29 30 -32 -33 -34 34 56 -37 -38 38 -40 -41 -42 -43 69 44 -46 46 -48 -49 49 -51 -52 53 -54 -55 -56 61 -58 -59 -60 67 -62 -63 68 -65 -66 79 -68 76 -70 -71 74 -73 -74 -75 -76 -77 -78 -79 -80 -81
leaf_value=0.027134619573892838 0.0063633697906511789 0.0048069785068111295 -0.0035682587788988629 0.032549584074812336 0.032341816639573133 -0.037710971279579064 0.052556725694662534 0.016091265759298173 0.0089033721529408541 -0.0046478874712859268 0.052914777431618223 0.0051790217443856848 -0.012209371294597347 0.019362468120185414 0.048078405878085921 0.059758700991032337 0.027159015716520331 0.029445094104572401 -0.018219992652554785 0.052199849375620472 -0.043072063652080259 -0.041917699184207208 0.056504292526791594 0.03736553379397408 0 0.015288829938502106 -0.015226999884859583 0.057364589624758988 -0.0069325488819688853 -0.0095670757695306072 0.013134676008315622 0.0064224445792647206 0.0013910265078412899 0.044468212210282188 0 -0.0233611686369272 -0.01028491373952 -0.00053134004641559515 0.0090809302186061185 -0.012901687450328152 -0.0029328536747765394 0.0043687658817255469 -0.023432658707795644 0.003315723205741479 0.029182455315726198 0.0046865411896047336 -0.01050724899493025 0.01682042949105227 -0.038645935061255118 -0.055716060241824218 0.02792675514710288 -0.027186878559062273 -0.0052633427785500116 -0.0028231269569142748 0.064751062952615665 -0.027232472212758388 -0.039375671453465128 0.035740036230682538 -0.03509862035689422 -0.02723510158243771 0.031255666560674376 0.013753911474435006 -0.0090468230909776289 -0.02302070076237224 -0.011476541084716057 -0.03964241894471765 -0.02683334137177474 -0.040433712874017265 -0.039153997993808601 0.022247929417939964 -0.0042437043744968659 0.02775416569075613 0.047015987649235702 0.0089200020584589857 -0.041775906628842036 0 -0.010969650133338144 -0.005999831297793968 -0.049536847522114034 -0.020586087883315146
leaf_weight=6.5194214126095167 19.617660984396935 21.879788912832737 10.773555391468108 16.23830579966307 5.017998261377218 26.152948255650699 1230.0011392869055 100.90700502414256 1312.403048671782 1.4556467216461886 15.282639967277644 2.3217928735539308 166.03500400390476 10.146345634013416 61.251873921602964 4.5319349309429509 27.510456889867783 16.390869203954935 21.522800331935287 5.5833536554127949 9.3030454479157907 7.3655902715399852 3.2653862321749356 11.942721623927353 27.897983049973845 9.0356992259621638 16.061748636886477 12.520549934357403 142.97657640278339 350.76871209032834 64.082768328487873 483.0244990857318 129.1168506834656 3.3587957751005879 6.8501545619219533 79.854444584809244 6.3293412048369646 1086.3432323718444 194.82333235163242 30.563620015978813 114.98547522723675 4766.8941739695147 4.2853169227018952 12.226361818611624 14.766151169314979 350.30937675200403 113.77928789984435 19.387955889105797 5.0221157791093045 7.6940711122006169 8.9918120699003321 67.472634920850396 13.802746080793439 35.948855867609382 17.354469386860728 16.468700389377776 148.97846076637506 11.93892899621278 9.3123766630887967 2.0042874664068218 1.7100193602964271 5.169004005379974 12.278531441465018 14.451331524178384 19.722013997845352 11.87777052074671 9.7385932393372041 648.78002559952438 21.125541371293366 3.4414464924484491 3.5666282810270777 1.8449927838519213 15.5499393902719 15.621800681576131 35.39240709040314 1.7967888275161374 5.6749674566090098 5.0381633350625634 1341.7989400997758 11.668765261769293
leaf_count=56 171 145 116 130 112 1311 24336 519 5739 145 199 114 1404 175 726 88 204 111 167 164 628 140 130 212 165 96 178 116 849 3401 394 3604 2183 127 574 4405 195 6512 1567 140 531 23273 87 154 153 2838 983 157 132 133 134 3272 514 1637 131 341 13610 113 101 114 94 72 125 280 1338 102 108 63117 500 143 238 111 116 98 2559 63 521 92 162998 98
internal_value=-3.96018e-05 0.00815367 -0.0422956 0.00276362 -0.0125341 -0.0447924 0.0510283 0.00386124 0.00997213 -0.0454935 0.0116911 0.00259912 -0.00404392 0.00245894 0.0370948 -0.0231299 0.00846756 0.0252266 0.00246927 -0.0380084 -0.00696932 -0.00403931 -0.0108554 0.00208344 0.0201325 -0.000934822 0.013506 0.0282019 0.00323948 -0.000372746 -0.0060016 0.00334699 0.00486804 -0.0291297 -0.0316227 -0.0197664 0.020818 0.00385249 0.000931484 0.00748422 0.00794081 0.0046187 0.024336 -0.00999943 0.00372173 -0.00191495 0.000918195 -0.00900988 -0.00842593 -0.0184286 0 -0.014773 0.00962516 -0.0189749 0.0435403 -0.00592432 -0.0376416 0.0176154 -0.0140627 -0.0389893 -0.0241631 -0.0167522 -0.0195329 -0.00504676 -0.0273641 -0.0217228 -0.00643625 -0.0399884 -0.0292382 -0.00169381 -0.0360657 0 0.031726 0.0221852 -0.0388718 -0.0365133 -0.0402191 -0.0260618 -0.0495009 -0.0323965
internal_weight=13684.9 11463.2 2221.69 10184.7 680.181 2094.87 1278.55 9504.48 1623.86 2072.16 48.5482 7880.61 690.792 281.735 83.1317 398.446 1540.73 82.7786 37.9137 728.902 23.0125 206.427 132.748 148.425 75.308 126.826 48.2 32.1382 7189.82 1040.85 414.851 626.001 141.06 265.698 239.042 83.2132 11.9127 6148.97 1281.17 1457.95 1427.39 4867.8 12.2587 78.6257 36.3049 649.512 464.089 185.423 33.2656 26.7462 19.0521 120.49 17.0681 103.421 44.8649 26.6557 155.829 22.7125 21.5387 705.889 47.585 21.6377 58.0017 24.5977 45.875 42.3208 18.7743 658.304 33.4041 7.72676 41.2808 3.84928 47.41 31.8601 38.959 11.0998 654.455 10.0603 1343.25 23.5465
internal_count=342929 110624 232305 85542 29236 231028 25082 56306 7894 230799 746 48412 8293 4124 871 25112 7023 613 278 67656 1050 3615 5871 2535 509 1277 465 287 40119 8248 3795 4453 2395 19241 18716 4532 359 31871 8079 6410 6270 23792 318 812 408 5382 3821 1561 547 491 358 5553 644 4909 335 525 14184 229 255 66606 2743 413 1080 455 2649 404 204 63863 625 230 2911 225 344 228 2797 691 63638 224 163143 200
is_linear=0
shrinkage=0.05


Tree=56
num_leaves=78
num_cat=0
split_feature=92 107 24 23 23 0 38 97 34 99 21 103 109 53 51 2 65 65 44 113 40 95 97 36 19 111 97 113 103 48 65 52 99 109 103 101 34 2 53 48 51 108 44 15 94 19 100 23 2 11 2 44 21 65 36 77 113 3 109 34 34 95 53 52 38 15 51 94 94 40 72 48 107 102 103 15 3
split_gain=1762.73 1034.69 86.4565 44.9808 43.715 39.46 30.805 24.3531 23.2765 21.1135 19.0798 18.3414 22.7418 15.9948 15.1981 10.9727 10.9707 9.48918 8.68601 7.70409 11.0558 7.43384 7.31014 7.21222 7.08343 8.70234 7.04931 6.81013 6.37285 5.94409 5.91555 5.7805 5.71365 7.24496 5.76584 5.64437 5.23319 6.5263 5.12241 10.6137 6.5533 4.71346 4.69796 4.55905 4.45002 4.33447 4.17788 4.04947 4.33237 3.89714 3.6156 4.85994 3.49235 3.43098 3.05267 3.03272 2.94816 2.76601 2.54952 2.31304 2.59399 2.11839 1.98273 1.6481 1.62745 1.49996 1.38105 1.05079 2.94125 1.03174 0.964696 0.80584 0.656016 1.57334 0.672252 0.440831 0.385538
threshold=4.5000000000000009 0.031068976968526844 7.5000000000000009 4.5000000000000009 1.5000000000000002 2.9700856208801274 35.500000000000007 0.19375000149011615 19.500000000000004 1.0000000180025095e-35 28.500000000000004 0.5159914791584016 0.0010013783467002215 0.30094340443611151 0.42857129871845251 1.035721004009247 9.1796870231628436 8.5816440582275408 0.055867666378617294 -8.7639679908752424 8.5000000000000018 7.129714012145997 0.41042780876159674 22.500000000000004 6.5000000000000009 -8.363433361053465 0.79285714030265819 -8.8786511421203596 1.6120507717132571 0.042274795472621925 10.565127372741701 0.73533937335014354 2.0182306766510014 0.0095958039164543169 1.2094135880470278 2.2900061607360844 4.5000000000000009 0.96849384903907787 0.40238095819950109 0.070933967828750624 0.99999958276748668 9.2564234733581561 0.083835341036319747 13.500000000000002 8.9881563186645526 122.50000000000001 0.67676359415054332 2.5000000000000004 1.2241572737693789 1.5000000000000002 0.2794493436813355 0.38138528168201452 19.500000000000004 12.199911117553713 5.5000000000000009 23.500000000000004 -8.7639679908752424 1.3904437422752383 1.1320192813873293 34.500000000000007 48.500000000000007 9.3152699470520037 2.3397434949874882 0.78966438770294201 32.500000000000007 5.5000000000000009 1.4999994635581972 11.962988376617433 12.045622348785402 8.5000000000000018 1.2424533367156985 0.032362798228859908 9.2338891029357928 11.945828437805178 0.54402646422386181 8.5000000000000018 1.2230008840560915
decision_type=2 2 2 2 2 2 2 2 2 2 2 2 2 2 2 2 2 2 2 2 2 2 2 2 2 2 2 2 2 2 2 2 2 2 2 2 2 2 2 2 2 2 2 2 2 2 2 2 2 2 2 2 2 2 2 2 2 2 2 2 2 2 2 2 2 2 2 2 2 2 2 2 2 2 2 2 2
left_child=1 5 7 6 14 9 8 11 50 38 24 12 -3 30 -4 53 -6 32 19 20 -16 42 28 47 44 26 -26 -27 45 -23 -12 -21 33 -13 -34 -17 41 -38 -1 65 -41 -19 -20 61 46 -8 -9 57 -49 54 62 -52 -5 -15 -10 -30 -46 -18 70 63 -61 -25 66 -56 -45 -40 -2 72 -69 -54 -24 -71 74 -74 -51 -67 -70
right_child=3 2 4 52 16 -7 22 10 49 -11 13 17 -14 15 18 35 23 36 21 31 -22 29 58 43 25 27 -28 -29 55 -31 -32 -33 34 -35 -36 -37 37 -39 39 40 -42 -43 -44 64 56 -47 -48 48 -50 67 51 -53 69 -55 59 -57 -58 -59 -60 60 -62 -63 -64 -65 -66 75 -68 68 76 71 -72 -73 73 -75 -76 -77 -78
leaf_value=0.021278085313296162 -0.018024371104321125 -0.0059863287659586879 0.041087846815984916 0.0076434848418530134 0.027474927452625631 0.052396106269110537 0.057503970257427844 -0.013400910405378561 0.022482780495866758 0.052382268495200716 -0.0031513090426385894 0.0026104552466096748 0.050200020120155675 -0.036402775925575996 -0.034833753120849416 0.012090037628597837 -0.03181338267607782 0.024078847451896285 -0.015373141031194604 -0.020527639882075815 0.020337915797177367 -0.018824983393469802 -0.042554743223267827 0 -0.0012661260405458911 0.022668434947454248 0.022454960834507355 0.0031109643680748218 -0.023734740059113305 0.016483923777048725 0.043160965825283171 0.0026042344398196377 0.012673292076860271 -0.017219062506436587 0.0031353716901949334 -0.015159223321943119 0.017629585098039743 0.0065032404875446821 -0.069181400419657951 -0.029806803558657342 0.03120431654659361 0.002978457238268931 0.018850720482528123 -0.035976299265979762 0.032233444527104888 0.009315403672849866 0.0052471153526477314 -0.044706250165760103 0.02155180622887887 -0.031863861364277976 0.036475487486317314 -0.0088395508462501375 0 0.013494302501649661 -0.036393191270624958 0.015001482794578681 0.0082812105862681961 -0.0097552674977629244 0.01657731316385978 -0.011194090206379237 -0.040688598070410656 0.067337716856034166 -0.03263373870833472 0.0071886532870099277 0.0042360009961573061 0 0.006231086481821837 0.032954330899479869 -0.035211340148458635 0 -0.0003038716098983388 -0.049467835013948677 -0.030200522434308593 0.0087471977827355551 -0.04281908339834363 -0.030045410577436045 0
leaf_weight=6.0123216416686764 8.8616846082732135 27.155044630169868 15.152274787425993 2.0094403550028792 6.3101843185722819 1174.6617128998041 8.910710780881347 29.443266704678535 1.4472320349887002 15.136455570347605 11.890878153964879 118.29029588401318 48.74046484567225 70.400676961056888 8.9905352536588889 23.548525573685765 103.86608324758708 89.82249228656292 14.309587669558821 47.056239061057568 65.917159771546721 210.46016418933868 8.3217998761683685 1.8527361424639806 2710.4706741943955 44.640086090192199 30.152237363159657 1493.3306986363605 9.4792208904400486 11.210075533948837 13.248269559815524 58.743122583255172 175.03127926588058 72.923794865608215 1663.9801157787442 75.848265468142927 143.29596497770399 1733.6186752002686 8.0897210165858287 6.4461631667800239 8.2935292916372401 39.535703934729099 25.497926034033298 3.4713473971933126 23.424450233578682 10.807110765017567 853.07432363182306 102.98716745572165 1.4890539776533831 46.063813610002398 9.3396018864586967 11.470238720066844 0.92686540074646373 2.5880723148584357 105.87118476629257 7.7109477212652555 32.680626451969147 19.97805886156857 1.6560027748346318 31.618525668047369 9.9977306239306909 1.702280689962208 8.6018324876204115 1.3631592337042082 3.7605619607493281 2.1579243196174493 11.509220873005686 1.0841129887849081 4.0298770368099213 1.0060787592083205 2.1525152139365664 1272.0693596755154 10.10818885732442 2.1403684383258215 426.4422152871266 2.5213402649387717 1.0263573341071603
leaf_count=56 146 168 127 21 81 24374 103 161 91 206 115 504 662 3950 102 445 8588 383 298 632 734 9284 522 122 17854 237 250 9526 145 112 126 499 872 311 6915 1212 856 7658 54 200 132 170 763 220 129 182 4654 10606 118 4915 125 108 98 127 8230 94 167 997 85 1994 382 88 90 84 29 69 115 106 371 69 121 162289 1030 213 45002 154 106
internal_value=-0.000450291 0.00713934 0.00193826 -0.0435458 -0.0149649 0.050569 -0.0335524 0.00318831 -0.0362666 0.00601379 0.000982529 0.00608878 0.0302412 -0.0142071 -0.00576392 -0.0196792 -0.0319314 0.00562112 -0.0075254 0.000855302 0.0130314 -0.0133272 0.00443497 -0.0337023 0.00156345 0.000697027 -0.00098936 0.00370666 0.015645 -0.0168958 0.0219358 -0.00773404 0.00319941 -0.00497525 0.00405818 -0.00852061 0.00806254 0.00737142 -0.0159852 -0.0251534 0.00361772 0.0178144 0.00619469 0.00483205 0.00549486 0.0340894 0.00459197 -0.035586 -0.0433759 -0.0388196 -0.00301532 0.0121349 -0.0492874 -0.0342631 -0.0306941 -0.00601445 0.019034 -0.0284942 -0.0269074 -0.0314968 -0.0196807 0.0427176 -0.0142869 -0.0356557 -0.0167852 -0.0559547 -0.00437573 -0.041186 -0.0132705 -0.0493939 -0.0358329 -0.0494323 -0.041477 -0.0224555 -0.0418764 -0.0202268 -0.0299789
internal_weight=13469.2 11453.2 10229.9 2016.03 702.755 1223.32 740.014 9527.13 690.975 48.6575 5414.74 4112.39 75.8955 197.525 457.337 172.386 245.417 4036.5 442.185 180.707 74.9077 261.478 49.0383 239.107 5217.22 4278.59 2740.62 1537.97 36.908 221.67 25.1391 105.799 2030.23 191.214 1839.01 99.3968 2006.27 1876.91 33.521 27.5087 14.7397 129.358 39.8075 10.7869 938.623 19.7178 882.518 228.32 104.476 641.193 49.7826 20.8098 1276.01 72.9887 150.298 17.1902 56.1051 123.844 12.1303 148.851 41.6163 3.55502 28.9727 107.234 7.23191 12.769 20.3709 490.895 6.14035 1274 10.4743 1273.08 484.755 12.2486 472.506 4.67926 5.05623
internal_count=342934 116097 90852 226837 33400 25245 64360 57452 63108 871 38953 18499 830 5975 12551 5734 20849 17669 12424 1967 836 10457 1252 20768 32978 27867 18104 9763 524 9396 241 1131 8602 815 7787 1657 9067 8514 665 609 332 553 1061 459 5111 285 4815 20309 10724 62524 584 233 162477 4077 10781 239 296 9585 728 10690 2376 210 351 8314 249 277 261 51743 583 162456 643 162358 51160 1243 49917 223 477
is_linear=0
shrinkage=0.05


end of trees

feature_importances:
std_bal_7d=246
recency_pct_of_tenure=232
recency_days=182
total_amt_90d=151
n_trx_total=140
vel_ratio_14_60=139
dec_latent_5=138
balance_first_90d=137
momentum_ratio=129
mean_gap_days=126
balance_std_7d=121
activity_drop_ratio=119
total_amt_mar_1_15=119
total_amt_60d=111
freq_recent_share_7d=110
freq_recent_share_30d=110
last_bal_to_mean=105
n_trx_90d=102
dec_prob_4=102
n_trx_mar_16_31=101
vel_ratio_30_90=100
std_bal_14d=99
recency_p2p=96
total_amt_mar_16_31=96
dec_latent_4=96
dec_latent_9=94
total_amt_30d=85
recency_billpay=81
span_days=80
avg_trx_per_active_day_90d=79
out_trx_cnt_7d=77
late_march_share=77
active_days_90d=76
dec_latent_3=76
last_balance=72
n_weekend_90d=70
mean_bal_7d=70
n_trx_60d=66
n_trx_14d=64
out_amt_std_30d=64
total_amt_7d=62
region_recency_deviation=60
avg_amt_7d=60
cnt_m2=57
weekend_ratio_30d=55
late_march_active_share=55
active_days_60d=51
n_trx_30d=50
freq_momentum_7d_vs_30d=50
out_trx_cnt_30d=46
cnt_m1=46
march_second_half_drop=46
uniq_cp_30d=43
max_bal_7d=42
freq_momentum_30d_vs_90d=41
zero_days_14d=37
n_trx_7d=32
min_bal_7d=32
vel_ratio_7_30=27
active_days_30d=26
zero_days_7d=25
weekend_ratio_14d=25
cnt_m3=22
active_days_mar_16_31=22
active_days_mar=19
out_trx_cnt_90d=18
n_weekend_14d=14
active_days_14d=13
active_days_mar_1_15=13
n_salary_30d=10
rec_le7=2
n_trx_7d__isna=2
active_days_7d=2
REGION=Rangpur=2
rec_8_29=1
std_bal_7d__isna=1
GENDER=Female=1
GENDER=Male=1
REGION=Barishal=1
REGION=Sylhet=1

parameters:
[boosting: gbdt]
[objective: binary]
[metric: auc]
[tree_learner: serial]
[device_type: cpu]
[data_sample_strategy: bagging]
[data: ]
[valid: ]
[num_iterations: 10000]
[learning_rate: 0.05]
[num_leaves: 127]
[num_threads: 0]
[seed: 42]
[deterministic: 0]
[force_col_wise: 1]
[force_row_wise: 0]
[histogram_pool_size: -1]
[max_depth: 8]
[min_data_in_leaf: 100]
[min_sum_hessian_in_leaf: 0.001]
[bagging_fraction: 0.8]
[pos_bagging_fraction: 1]
[neg_bagging_fraction: 1]
[bagging_freq: 1]
[bagging_seed: 400]
[bagging_by_query: 0]
[feature_fraction: 0.8]
[feature_fraction_bynode: 1]
[feature_fraction_seed: 30056]
[extra_trees: 0]
[extra_seed: 12879]
[early_stopping_round: 0]
[early_stopping_min_delta: 0]
[first_metric_only: 0]
[max_delta_step: 0]
[lambda_l1: 0.2]
[lambda_l2: 1.5]
[linear_lambda: 0]
[min_gain_to_split: 0]
[drop_rate: 0.1]
[max_drop: 50]
[skip_drop: 0.5]
[xgboost_dart_mode: 0]
[uniform_drop: 0]
[drop_seed: 17869]
[top_rate: 0.2]
[other_rate: 0.1]
[min_data_per_group: 100]
[max_cat_threshold: 32]
[cat_l2: 10]
[cat_smooth: 10]
[max_cat_to_onehot: 4]
[top_k: 20]
[monotone_constraints: ]
[monotone_constraints_method: basic]
[monotone_penalty: 0]
[feature_contri: ]
[forcedsplits_filename: ]
[refit_decay_rate: 0.9]
[cegb_tradeoff: 1]
[cegb_penalty_split: 0]
[cegb_penalty_feature_lazy: ]
[cegb_penalty_feature_coupled: ]
[path_smooth: 0]
[interaction_constraints: ]
[verbosity: -1]
[saved_feature_importance_type: 0]
[use_quantized_grad: 0]
[num_grad_quant_bins: 4]
[quant_train_renew_leaf: 0]
[stochastic_rounding: 1]
[linear_tree: 0]
[max_bin: 255]
[max_bin_by_feature: ]
[min_data_in_bin: 3]
[bin_construct_sample_cnt: 200000]
[data_random_seed: 175]
[is_enable_sparse: 1]
[enable_bundle: 1]
[use_missing: 1]
[zero_as_missing: 0]
[feature_pre_filter: 1]
[pre_partition: 0]
[two_round: 0]
[header: 0]
[label_column: ]
[weight_column: ]
[group_column: ]
[ignore_column: ]
[categorical_feature: ]
[forcedbins_filename: ]
[precise_float_parser: 0]
[parser_config_file: ]
[objective_seed: 16083]
[num_class: 1]
[is_unbalance: 0]
[scale_pos_weight: 1]
[sigmoid: 1]
[boost_from_average: 1]
[reg_sqrt: 0]
[alpha: 0.9]
[fair_c: 1]
[poisson_max_delta_step: 0.7]
[tweedie_variance_power: 1.5]
[lambdarank_truncation_level: 30]
[lambdarank_norm: 1]
[label_gain: ]
[lambdarank_position_bias_regularization: 0]
[eval_at: ]
[multi_error_top_k: 1]
[auc_mu_weights: ]
[num_machines: 1]
[local_listen_port: 12400]
[time_out: 120]
[machine_list_filename: ]
[machines: ]
[gpu_platform_id: -1]
[gpu_device_id: -1]
[gpu_use_dp: 0]
[num_gpu: 1]

end of parameters

pandas_categorical:null
