tree
version=v4
num_class=1
num_tree_per_iteration=1
label_index=0
max_feature_idx=126
objective=binary sigmoid:1
feature_names=recency_days region_recency_deviation recency_pct_of_tenure mean_gap_days zero_days_7d zero_days_14d rec_le7 rec_8_29 rec_ge30 span_days span_days__isna n_trx_7d n_trx_7d__isna n_trx_14d n_trx_14d__isna n_trx_30d n_trx_30d__isna n_trx_60d n_trx_60d__isna n_trx_90d n_trx_90d__isna n_trx_total n_trx_total__isna out_trx_cnt_7d out_trx_cnt_30d out_trx_cnt_90d active_days_7d active_days_7d__isna active_days_14d active_days_14d__isna active_days_30d active_days_30d__isna active_days_60d active_days_60d__isna active_days_90d active_days_90d__isna cnt_m1 cnt_m1__isna cnt_m2 cnt_m2__isna cnt_m3 cnt_m3__isna vel_ratio_7_30 vel_ratio_7_30__isna vel_ratio_14_60 vel_ratio_14_60__isna vel_ratio_30_90 vel_ratio_30_90__isna freq_recent_share_7d freq_recent_share_30d freq_momentum_7d_vs_30d freq_momentum_30d_vs_90d activity_drop_ratio momentum_ratio avg_trx_per_active_day_90d n_limit_7d n_limit_7d__isna n_limit_14d n_limit_14d__isna n_limit_30d n_limit_30d__isna total_amt_7d total_amt_7d__isna total_amt_30d total_amt_30d__isna total_amt_60d total_amt_60d__isna total_amt_90d total_amt_90d__isna avg_amt_7d avg_amt_7d__isna out_amt_std_30d n_salary_30d n_salary_30d__isna uniq_cp_30d uniq_cp_30d__isna recency_p2p recency_billpay n_weekend_7d n_weekend_7d__isna n_weekend_14d n_weekend_14d__isna n_weekend_90d n_weekend_90d__isna weekend_ratio_14d weekend_ratio_14d__isna weekend_ratio_30d weekend_ratio_30d__isna n_sunday_7d n_sunday_7d__isna active_days_mar active_days_mar_1_15 active_days_mar_16_31 n_trx_mar_16_31 total_amt_mar_1_15 total_amt_mar_16_31 late_march_share late_march_active_share march_second_half_drop last_balance mean_bal_7d max_bal_7d min_bal_7d std_bal_7d std_bal_7d__isna std_bal_14d std_bal_14d__isna balance_std_7d balance_first_90d last_bal_to_mean dec_cluster dec_latent_3 dec_latent_4 dec_latent_5 dec_latent_9 dec_prob_4 GENDER=Female GENDER=Male GENDER=Other REGION=Barishal REGION=Chattogram REGION=Dhaka REGION=Khulna REGION=Mymensingh REGION=Rajshahi REGION=Rangpur REGION=Sylhet
feature_infos=[0:4.5217885971069336] [-1:90] [0:4.1108736991882324] [0.21989504992961884:4.5217885971069336] [0:6] [0:13] [0:1] [0:0.69314718246459961] [0:0.69314718246459961] [0:91] [0:1] [0:35] [0:1] [0:63] [0:1] [0:126] [0:1] [0:244] [0:1] [0:360] [0:1] [0:370] [0:1] [0:39] [0:130] [0:370] [0:6] [0:1] [0:13] [0:1] [0:29] [0:1] [0:59] [0:1] [0:89] [0:1] [0:137] [0:1] [0:129] [0:1] [0:136] [0:1] [0:0.66666668653488159] [0:1] [0:0.60000002384185791] [0:1] [0:0.6428571343421936] [0:1] [0:0.37499994039535522] [0:0.74999982118606567] [0:4.2857050895690918] [0:2.2499983310699463] [0.09081818163394928:1] [0.083333335816860199:2.7059664726257324] [0:4.1744184494018555] [0:0.69314718246459961] [0:1] [0:1.0986123085021973] [0:1] [0:1.0986123085021973] [0:1] [0:13.546110153198242] [0:1] [0:14.689797401428223] [0:1] [0:15.305975914001465] [0:1] [0:15.675131797790527] [0:1] [0:11.113802909851074] [0:1] [0:11.154898643493652] [0:2.1972246170043945] [0:1] [0:116] [0:1] [0:91] [0:91] [0:13] [0:1] [0:20] [0:1] [0:95] [0:1] [0:1] [0:1] [0:1] [0:1] [0:2.1972246170043945] [0:1] [0:31] [0:15] [0:16] [0:74] [0:14.191494941711426] [0:14.199810028076172] [0:0.83333331346511841] [0:0.80000001192092896] [-24.000999450683594:23] [0:15.373227119445801] [0:15.34560489654541] [0:15.373227119445801] [0:15.314265251159668] [0:11.82155704498291] [0:1] [0:12.315423965454102] [0:1] [0:11.911970138549805] [0:13.122374534606934] [0:3.5729587078094482] [0:4] [-16.082473754882812:5.9756999015808105] [-14.768078804016113:3.7735135555267334] [-9.0940380096435547:4.4788112640380859] [-5.7307357788085938:21.129375457763672] [0.00018867959443014115:0.69242459535598755] [0:1] [0:1] [0:1] [0:1] [0:1] [0:1] [0:1] [0:1] [0:1] [0:1] [0:1]
tree_sizes=9718 10344 10538 10600 10820 11043 12064 12338 11525 10145 11537 9264 10845 10474 11799 9491 9981 10243 10418 9787 9532 11656 10921 10331 10024 11183 10795 11894 10113 11052 9279 10949 10253 11616 11570 10406 10380 9897 10719 13484 10550 9651 10417 10217 11409 10937 10659 10774 9087 10587 9721 8734 9043 8294 9169 10205 10009 10323 7346 8632 10665 10122 9705 10560 9672 9384 9856

Tree=0
num_leaves=92
num_cat=0
split_feature=97 107 21 52 1 1 13 52 13 21 1 2 2 1 13 107 52 1 48 98 48 107 52 107 1 51 23 1 1 107 96 105 30 86 48 9 96 67 112 112 77 53 9 2 51 112 102 105 67 76 3 9 2 97 92 52 2 53 102 105 109 54 53 86 71 46 105 65 54 96 109 86 9 94 9 71 113 109 24 115 112 53 77 65 40 92 107 112 109 32 11
split_gain=212623 14970.5 13054.9 1333.9 1178.61 1049.7 601.104 339.469 237.042 209.063 197.445 195.651 171.853 149.695 147.136 127.198 96.6987 80.8582 77.9923 151.24 48.2254 47.1308 43.147 41.8742 35.0921 30.6675 30.3634 28.5944 26.3997 22.655 21.8715 18.0536 16.3734 15.7192 15.3444 15.2544 15.0053 14.9562 14.5239 22.0745 16.3787 14.29 13.8292 13.7268 13.1086 13.0549 12.6639 12.6552 11.5658 11.3685 20.6797 11.0472 10.9402 10.9152 10.3671 9.81783 9.75493 9.72651 9.57556 9.4715 8.97989 9.1357 8.83733 8.56739 8.36772 8.16388 8.15424 14.5894 8.07419 7.99741 7.64398 8.23826 7.58502 7.51812 7.47929 7.3197 6.99123 6.83816 6.78955 6.42345 6.24087 5.7803 5.55347 4.92364 4.60957 4.46219 4.45437 4.15855 3.01293 2.90337 1.08676
threshold=0.087121214717626586 0.78592985868453991 21.500000000000004 0.87555310130119335 4.5000000000000009 20.500000000000004 1.5000000000000002 0.84650033712387096 1.5000000000000002 15.500000000000002 10.500000000000002 2.0732922554016118 1.6343240141868594 25.500000000000004 1.5000000000000002 1.2498539090156557 0.7813813090324403 8.5000000000000018 0.020067113451659683 11.500000000000002 0.020067113451659683 0.61956045031547557 0.83266666531562816 0.14817950874567035 17.500000000000004 0.49999982118606573 1.5000000000000002 3.5000000000000004 13.500000000000002 1.6686534881591799 0.1695402339100838 5.4958775043487558 3.5000000000000004 0.22176685184240344 0.03846153803169728 77.500000000000014 0.1695402339100838 8.9931201934814471 -0.33305355906486506 -0.28331533074378962 6.5000000000000009 0.57043650746345531 81.500000000000014 0.6477583944797517 0.74999958276748668 -14.386725425720213 11.443006515502931 1.3997674584388735 7.8401498794555673 83.500000000000014 2.175783753395081 61.500000000000007 1.9030201435089114 0.21825397014617923 1.5000000000000002 0.7561737895011903 0.56779673695564281 1.3252907395362856 8.7310829162597674 1.7258644104003908 0.001662169524934143 1.0779351592063906 1.3252907395362856 0.39879518747329717 8.1532249450683612 0.38358409702777868 7.6847007274627694 10.150676250457765 1.1428570151329043 0.3991869986057282 0.68924483656883251 0.24908759444952014 81.500000000000014 6.7184090614318857 81.500000000000014 6.7331304550170907 -7.3131270408630362 0.65575000643730175 6.5000000000000009 0.0005655646964441986 -0.31268432736396784 0.83272504806518566 88.500000000000014 9.3194808959960955 9.5000000000000018 2.5000000000000004 1.5682700276374819 -14.258283615112303 0.00014354523591464388 12.500000000000002 2.5000000000000004
decision_type=2 2 2 2 2 2 2 2 2 2 2 2 2 2 2 2 2 2 2 2 2 2 2 2 2 2 2 2 2 2 2 2 2 2 2 2 2 2 2 2 2 2 2 2 2 2 2 2 2 2 2 2 2 2 2 2 2 2 2 2 2 2 2 2 2 2 2 2 2 2 2 2 2 2 2 2 2 2 2 2 2 2 2 2 2 2 2 2 2 2 2
left_child=1 23 4 6 14 7 10 24 17 13 20 18 -5 -7 27 -15 30 38 19 52 22 -19 36 -1 44 -25 33 47 29 -23 84 32 63 35 85 62 -4 70 41 40 -40 42 -6 -41 45 -3 -43 79 69 57 75 -50 -8 -18 55 -22 -37 72 74 64 81 -62 -16 80 -35 -30 67 76 -26 -49 77 -72 -29 -68 -34 -51 -33 -28 -61 -2 -10 -39 -52 -65 -12 -20 -17 -46 -81 -56 -36
right_child=2 5 3 12 8 9 11 -9 31 -11 16 -13 -14 15 26 86 53 21 34 -21 54 28 -24 25 68 -27 37 49 65 -31 -32 66 58 59 90 56 -38 60 39 43 -42 46 -44 -45 87 -47 -48 48 51 50 82 -53 -54 -55 89 -57 -58 -59 -60 78 61 -63 -64 83 -66 -67 73 -69 -70 -71 71 -73 -74 -75 -76 -77 -78 -79 -80 88 -82 -83 -84 -85 -86 -87 -88 -89 -90 -91 -92
leaf_value=-1.5357498844375947 -1.953294059146341 -1.8104683328440774 -1.909537435985897 -1.8422780568739778 -1.8218266903550022 -1.7275559107763461 -1.9731056793636037 -1.624503684433497 -1.8493285362419072 -1.5809162898015934 -1.8565001466888189 -1.8270540472283385 -1.619277479794093 -1.6230937779104238 -1.8541412113357172 -1.6743148700940251 -1.7650814453755974 -1.7396487023511589 -1.972743404762568 -1.8356523794475279 -1.9652408411998594 -1.826468908894304 -1.8459288133527707 -1.5844284080931563 -1.7741967972777146 -1.7250353430518321 -1.9131711429573164 -1.8731627738467063 -1.7999487391514712 -1.847438139899366 -1.9407456571468287 -1.8967952728860245 -1.8935959752155209 -1.8900830522676502 -1.985253496012805 -1.9066320301603816 -1.944983293100256 -1.9569497478849971 -1.8921318915388596 -1.8515322936449112 -1.8281631688743758 -1.8804350291588983 -1.884983266979771 -1.8913034443724854 -1.8047590468884493 -1.7697855957925062 -1.8327289991839795 -1.8993677409293008 -1.860796399031049 -1.9518235063202127 -1.8914502169802261 -1.8942691891638612 -1.9281824042973412 -1.8493491371897131 -1.9399952233663318 -1.9269466576122725 -1.9495008116321357 -1.8947566669407128 -1.8622583940987698 -1.9208044910031274 -1.9185655871637399 -1.9342968595335948 -1.8950661722251545 -1.9156445967023024 -1.9297247817163503 -1.8637925553917059 -1.9084751297637643 -1.9606293267332866 -1.7318755996564692 -1.9419042318794049 -1.8664365038176254 -1.9177862939265986 -1.8205911142685811 -1.8543351973581068 -1.9262945988978375 -1.8994829332656167 -1.9315907335770419 -1.945797469738088 -1.957320052246045 -1.9286162082906737 -1.8813885772854544 -1.9344298937724844 -1.8488416161296 -1.8716922873882573 -1.9043099254056106 -1.9826257985622289 -1.7021748321447339 -1.8519189067903672 -1.8944516474261777 -1.9698046882000082 -1.9868194108474408
leaf_weight=2712.8900037705898 11.735006749629973 60.114232689142227 50.482670545578003 15.609773129224775 30.444592982530594 366.33148428797722 484.56721267104149 36.090681135654449 64.431829512119293 44.615167170763016 15.941895961761476 18.045340567827225 24.134259164333344 93.105100721120834 20.148785173892975 174.80731752514839 20.923738449811935 14.17057418823242 180.78552851080894 19.816662341356277 25.905580937862396 301.12470149993896 16.05260357260704 45.390120446681976 214.32993459701538 14.059866577386854 92.330147445201874 19.373831897974014 83.916369020938873 346.9576523900032 20.038077563047409 67.531642615795135 70.520748108625412 45.722243279218674 4214.085206836462 161.85452705621719 68.638718724250793 33.322990864515305 14.059866577386854 57.014419585466385 117.35006749629974 172.37175008654594 17.38109490275383 45.279412835836411 173.70024141669273 121.77837193012238 16.495434015989304 20.480908006429672 27.234072268009186 11.181468695402147 19.705954730510712 501.39476951956749 13.39562091231346 11.402883917093275 11.181468695402144 41.404646456241608 13.063498079776762 14.502697020769117 19.152416676282883 252.74547556042671 213.00144326686859 159.75108245015144 55.353805422782898 16.384726405143741 18.377463400363922 11.292176306247709 15.388357907533647 11.624299138784407 40.740400791168213 20.591615617275238 15.720480740070341 16.938264459371567 24.798504829406738 13.39562091231346 24.466381996870041 12.509960025548933 17.38109490275383 17.823925346136093 11.845714360475538 13.506328523159029 35.205020248889923 173.4788261950016 24.023551553487778 11.735006749629973 11.513591527938841 1924.8732297718525 460.65436872839928 15.720480740070341 12.288544803857802 105.94718357920647 22427.812050759792
leaf_count=24505 106 543 456 141 275 3309 4377 326 582 403 144 163 218 841 182 1579 189 128 1633 179 234 2720 145 410 1936 127 834 175 758 3134 181 610 637 413 38065 1462 620 301 127 515 1060 1557 157 409 1569 1100 149 185 246 101 178 4529 121 103 101 374 118 131 173 2283 1924 1443 500 148 166 102 139 105 368 186 142 153 224 121 221 113 157 161 107 122 318 1567 217 106 104 17387 4161 142 111 957 202586
internal_value=-1.92977 -1.61016 -1.97362 -1.98455 -1.88412 -1.72265 -1.98495 -1.77346 -1.85196 -1.69336 -1.92407 -1.98578 -1.70025 -1.69842 -1.90938 -1.68424 -1.85447 -1.8414 -1.98588 -1.96639 -1.94169 -1.83108 -1.91912 -1.5372 -1.78277 -1.61166 -1.9195 -1.89148 -1.83322 -1.83746 -1.90175 -1.88752 -1.87944 -1.91099 -1.98623 -1.90154 -1.92981 -1.92637 -1.8583 -1.8487 -1.83443 -1.86827 -1.84252 -1.86823 -1.79473 -1.78209 -1.87548 -1.89618 -1.89433 -1.86961 -1.88577 -1.89234 -1.97188 -1.78963 -1.95823 -1.94199 -1.91003 -1.85278 -1.89423 -1.91831 -1.92994 -1.92533 -1.88276 -1.86687 -1.90122 -1.80628 -1.90359 -1.91124 -1.76628 -1.92061 -1.91197 -1.89108 -1.84081 -1.88046 -1.90173 -1.92443 -1.90394 -1.91868 -1.92262 -1.92483 -1.85967 -1.93828 -1.86592 -1.89495 -1.87385 -1.98181 -1.69391 -1.80798 -1.91093 -1.96721 -1.98658
internal_weight=37926.8 4574.33 33352.4 29722.6 3629.88 1801.99 29682.8 662.474 1595.08 1139.51 399.433 29283.4 39.744 1094.9 2034.81 728.567 79.8202 1227.86 29265.3 517.779 319.613 757.461 135.174 2772.34 626.384 59.45 1301.48 733.327 743.291 648.082 47.4936 367.217 241.896 579.112 28747.6 250.421 119.121 722.367 470.397 233.704 131.41 236.693 47.8257 102.294 371.313 181.893 188.867 607.231 569.701 126.096 67.4209 528.629 497.963 32.3266 184.439 67.3102 174.918 58.675 114.14 328.691 579.554 372.753 75.5026 127.757 64.0997 95.2085 125.321 96.537 255.07 41.0725 142.813 32.6587 44.1723 28.784 94.9871 23.6914 84.9127 110.154 264.591 37.5299 99.6368 206.802 43.7295 28.1197 27.4555 2105.66 635.462 189.421 25.7949 117.129 26641.9
internal_count=342585 41319 301266 268478 32788 16277 268119 5984 14408 10293 3608 264511 359 9890 18380 6581 721 11091 264348 4677 2887 6842 1221 25042 5658 537 11756 6624 6714 5854 429 3317 2185 5231 259671 2262 1076 6525 4249 2111 1187 2138 432 924 3354 1643 1706 5485 5146 1139 609 4775 4498 292 1666 608 1580 530 1031 2969 5235 3367 682 1154 579 860 1132 872 2304 371 1290 295 399 260 858 214 767 995 2390 339 900 1868 395 254 248 19020 5740 1711 233 1058 240651
is_linear=0
shrinkage=1


Tree=1
num_leaves=96
num_cat=0
split_feature=0 19 103 0 44 36 0 52 93 92 115 13 21 48 103 49 48 49 82 93 0 74 107 0 93 2 32 92 54 0 107 38 11 15 49 15 109 109 30 92 46 115 109 2 11 94 108 111 67 2 53 13 107 108 93 67 112 108 114 69 100 100 105 53 2 69 46 69 93 103 46 107 95 32 2 54 111 113 2 21 36 105 21 80 34 97 113 34 49 97 49 111 115 103 53
split_gain=157652 10090.5 9447.71 1068.15 738.023 793.919 619.335 224.049 172.311 143.48 99.8894 96.0452 92.2604 80.3203 71.2375 61.0792 47.4075 29.6997 28.6794 24.2491 24.076 22.6126 35.99 21.7459 20.8392 20.3979 20.2119 20.1112 20.0106 19.2116 18.1879 17.9669 17.6692 16.6795 15.2122 16.8743 14.8031 23.5693 14.7766 15.7266 14.6738 14.6737 13.2808 12.6171 11.6903 11.238 10.9258 11.6937 11.4323 12.6001 10.9141 10.8151 10.7292 10.6925 10.6669 10.3493 10.0999 9.83253 9.45956 9.13916 9.0497 8.93226 8.78323 8.64644 8.06793 7.59271 9.56501 7.35569 7.21418 7.08308 6.74873 6.74549 6.74206 6.61496 6.42836 5.90431 5.86967 5.5916 5.20616 5.06435 4.73398 4.63084 4.22856 4.01346 3.66557 3.59666 3.48147 3.1873 2.20377 2.04862 2.03787 1.86158 1.80008 1.76187 1.21202
threshold=2.6020033359527592 19.500000000000004 0.53195574879646312 3.113268375396729 0.067117117345333113 26.500000000000004 1.8688348531723025 0.84650033712387096 1.5000000000000002 1.5000000000000002 0.00069183213054202508 1.5000000000000002 15.500000000000002 0.020067113451659683 1.2190653681755068 0.18929155915975573 0.020067113451659683 0.19999998062849048 4.5000000000000009 1.5000000000000002 3.3140207529067998 2.5000000000000004 0.98098626732826244 2.2499048709869389 2.5000000000000004 1.8065174221992495 8.5000000000000018 1.5000000000000002 1.7770466804504397 1.7005987167358401 1.1824088096618655 3.5000000000000004 1.5000000000000002 1.5000000000000002 0.24999995529651645 3.5000000000000004 0.0084519353695213812 0.67953351140022289 6.5000000000000009 1.5000000000000002 0.14350064843893054 0.0003974525752710179 0.0031213366892188792 0.11492241919040681 1.5000000000000002 9.0668616294860858 7.1348390579223642 -8.3191962242126447 8.9259920120239276 0.76976349949836742 0.45534290373325353 1.5000000000000002 0.87327080965042125 6.0316703319549569 2.5000000000000004 7.8401498794555673 -6.5900027751922599 9.7400193214416522 -4.4732105731964102 5.7290399074554452 1.5516322255134585 1.0003253817558291 1.7398692369461062 1.3252907395362856 1.7662037611007693 7.2744674682617196 0.18146027624607089 6.1460759639739999 2.5000000000000004 2.1649440526962285 0.19931507110595706 1.9768362641334536 7.2887296676635751 3.5000000000000004 0.3832873553037644 1.1883445978164675 -15.054976940155028 -8.7173533439636213 1.5807083249092104 8.5000000000000018 2.5000000000000004 3.1814138889312749 10.500000000000002 1.0000000180025095e-35 5.5000000000000009 0.32575757801532751 -8.7210540771484357 21.500000000000004 0.29986375570297247 0.26491229236125952 0.37499995529651647 -8.3592772483825666 0.00058030610671266924 2.2249014377593999 0.40085470676422125
decision_type=2 2 2 2 2 2 2 2 2 2 2 2 2 2 2 2 2 2 2 2 2 2 2 2 2 2 2 2 2 2 2 2 2 2 2 2 2 2 2 2 2 2 2 2 2 2 2 2 2 2 2 2 2 2 2 2 2 2 2 2 2 2 2 2 2 2 2 2 2 2 2 2 2 2 2 2 2 2 2 2 2 2 2 2 2 2 2 2 2 2 2 2 2 2 2
left_child=1 6 -2 7 5 13 11 10 -6 21 19 29 14 15 33 27 28 -7 32 40 -16 22 70 57 46 -9 72 45 54 41 77 63 43 -5 64 93 90 -38 39 -17 92 59 80 58 68 -3 48 51 -11 -50 67 -48 -43 -44 85 -54 -26 -24 -13 -1 61 -58 -45 73 79 66 -33 -15 94 -42 -8 -62 -21 -31 76 -40 -20 -23 -37 -12 -34 -76 -78 -56 -25 -10 -49 -52 -61 -89 -32 -65 -4 -36 -18
right_child=2 4 3 12 8 17 9 25 16 24 34 18 -14 50 20 38 44 -19 74 26 -22 30 23 84 56 -27 -28 -29 -30 31 36 65 42 -35 35 78 37 -39 75 -41 69 52 53 62 -46 -47 47 86 49 -51 87 -53 55 -55 83 -57 60 -59 -60 88 71 -63 -64 91 -66 -67 -68 -69 -70 -71 -72 -73 -74 -75 81 -77 82 -79 -80 -81 -82 -83 -84 -85 -86 -87 -88 89 -90 -91 -92 -93 -94 -95 -96
leaf_value=0.027942066957927964 0.2818751317651354 0.11561619980749116 0.10216870587948988 0.22282336594745408 0.099670606824815211 0.24885205292674498 0.16097022505260128 0.13088310042265167 -0.027482947935532954 0.099087130088993669 0.14155528601602016 0.045574114247477759 0.25763738782518331 0.018985307433423727 0.16292575652575214 0.04482319162794185 -0.023946079520863431 0.12294720982086629 0.011814076645202806 0.11226887187920853 0.18423236020731884 0 0.070874733166846435 0.10184443533230728 0.070138895573024509 0.23529930148160388 0.016304317032654093 0.021064291159342843 0.0088308717429941754 0.044201805826256303 0.073749826965321036 0 0.0058515771985485536 0.14904477085700685 0.12415669192593333 0.097127298070861734 0.043822345146117228 0.097549012908548602 -0.038087578222513574 -0.010249060202812674 0.093696016199356108 -0.0094459655520700032 -0.014444291315707512 0.035541182051610019 -0.056476380123678831 0.042819051660340016 0.059764461952848603 -0.0058097443945940783 0.030009712952706435 0.076604392438135702 -0.010223834889910034 0.037546797472042259 0.006846230027073884 0.015675760471690187 -0.037220088108501012 0.035119088941515851 0.019980169741002696 0.041252190448882425 0.00026826949625968202 -0.030447252911692469 0.0095019952634930929 0.075145710916641739 0.019305380244625442 0.050268653715343739 0.16830816967125203 -0.0070971804336152876 0.055591963773043866 -0.029702275946469254 -0.053346925255490889 0.054020714300736607 0.091381781283156396 0.036037720461394245 0.052954424301865803 0.089172727670166846 0.032267308649563647 -0.0082749983512762446 0.0018055781613873379 0.044139453979583576 0.052881748003531487 0.11973794568115743 -0.010458144289760503 -0.008208415598270109 -0.026554698740830881 -0.049257185488633351 0.082433960286178429 0.0015908311408535929 0.02834399772369638 -0.03354095855908714 -0.00029305956525441833 -0.04810254547151669 0.11851617522406582 0.017904667332627265 0.14341349518135485 0.085829890673341444 -0.04315810689785813
leaf_weight=17.537757866084576 3682.1295741051435 15.067158691585066 38.918457463383675 164.88420827686787 16.469387643039227 28.508239105343819 18.484823353588581 13.36833845078945 47.470581121742725 22.263092212378979 154.36383728682995 11.384595319628714 52.224598854780197 15.237147763371469 367.85987193882465 22.201244316995144 17.990985050797462 11.929543249309061 14.073817640542982 12.461677052080633 717.93049286305904 14.769280940294268 137.08065512776375 71.591123163700104 12.411499656736849 45.715481452643871 20.514512524008751 22.380077123641968 19.228627070784569 17.876460306346416 23.016324430704117 11.995041653513907 72.594010859727859 22.674432277679443 266.0568161085248 51.772119633853436 93.674995355308056 27.948484256863594 26.982356928288937 27.164458438754082 233.62832932174206 14.073196798563002 31.061885058879852 110.10823604464531 25096.762242883444 12.652910478413103 117.73543308675289 12.87653097510338 34.165373489260674 30.690720684826374 12.277782119810579 135.43151723593473 36.307045713067055 307.11685952544212 149.99104598164558 526.06785494089127 17.541947439312935 47.732250466942787 113.5166596993804 13.149358473718168 86.841225184500217 14.519916623830794 414.14144223928452 12.645404033362867 36.752425312995911 12.261714883148668 22.139009937644005 12.884892761707304 2303.0937019363046 20.618020460009575 16.090036146342754 33.494919769465923 17.221011139452457 39.85620041936636 11.622112512588503 45.365858241915703 15.011101499199865 11.994260996580122 16.300800837576389 186.66566730290651 108.57036526501179 13.691051006317137 71.584326036274433 263.54788047075272 295.80968578159809 12.573197856545447 13.924179658293722 102.52597403526306 11.54780527949333 60.125184252858162 15.66445356607437 12.09906132519245 27.667031086981297 19.845783464610577 157.68983862549067
leaf_count=155 25321 127 325 1228 144 229 155 101 441 192 1246 102 369 138 2871 195 166 103 127 105 5473 125 1179 607 109 336 180 198 169 153 196 105 656 176 2173 426 799 238 244 247 1959 126 279 978 236593 107 1002 111 297 263 113 1185 326 2759 1394 4627 154 409 1017 116 760 127 3694 110 295 106 193 117 21658 174 136 293 145 343 104 410 135 102 135 1511 986 123 645 2454 2508 116 121 947 102 561 134 106 231 162 1472
internal_value=-0.000308522 -0.0451256 0.230994 0.155548 -0.0547715 0.0113371 0.0369763 0.12022 -0.05575 0.0638574 0.114811 0.0197485 0.186334 -0.0116733 0.183102 0.0133884 -0.0558469 0.217673 0.0114744 0.0926522 0.177258 0.0776484 0.0827477 0.0791657 0.043612 0.215665 0.0568262 0.0590011 -0.0401254 0.0340109 0.0610693 0.0518093 0.0139221 0.21521 0.12582 0.115891 0.067463 0.0572877 -0.00579526 0.0149134 0.0979359 0.030171 0.00698849 0.019425 -0.0561253 0.0866338 0.0503325 0.0448756 0.0666997 0.0534428 -0.0328711 0.0482096 0.0322511 0.0128282 -0.0421558 0.0333346 0.0282641 0.0636714 0.00496878 0.00141987 0.0241384 0.047503 0.0228261 0.0658379 0.134602 0.0253811 0.0371363 -0.00335913 -0.0525345 0.0908534 0.134009 0.0173229 0.0823798 0.0768887 -0.0110463 -0.0200768 -0.0167069 0.0208712 0.0880445 0.130219 -0.00387358 0.0107679 -0.021578 -0.0450657 0.0866421 -0.021342 0.0121431 -0.03749 -0.0175537 -0.039375 0.0958752 0.0367528 0.122235 0.121993 -0.0414665
internal_weight=38017.5 31847.9 6169.57 2487.44 28500.1 415.303 3347.79 1161.87 28084.8 1305.75 1102.79 2042.03 1325.57 374.865 1273.35 171.814 28068.3 40.4378 1294.48 371.029 1085.79 773.856 586.789 552.214 531.896 59.0838 50.1972 50.1001 492.811 747.556 187.068 128.873 1168.49 187.559 731.757 353.976 160.304 121.623 121.714 49.3657 320.832 618.683 519.343 649.151 27575.5 27.7201 367.087 279.968 87.1192 64.8561 203.051 253.167 576.448 338.179 473.583 562.375 164.81 184.813 124.901 42.2349 152.398 32.0619 524.25 82.4771 377.782 46.3958 34.1341 28.122 2478.77 254.246 34.5749 120.336 29.6827 57.7327 125.982 72.3482 100.669 26.7635 68.0729 341.03 181.164 25.3132 86.5954 413.539 367.401 60.0438 26.8007 174.929 24.6972 162.651 38.6808 24.7445 66.5855 285.903 175.681
internal_count=342660 297718 44942 19621 268343 3736 29375 9504 264607 11202 9067 18173 10117 3404 9748 1528 264463 332 11605 3119 8344 6588 4994 4703 4614 437 430 432 4574 6568 1594 1116 10471 1404 5948 2896 1367 1037 1096 442 2689 5452 4680 5791 259889 234 3171 2419 752 560 1876 2187 5079 3038 4405 4953 1443 1588 1119 373 1334 281 4672 712 3052 404 298 255 23296 2133 291 1053 250 496 1134 654 907 227 561 2757 1642 227 780 3848 3115 557 232 1621 218 1508 330 216 556 2335 1638
is_linear=0
shrinkage=0.05


Tree=2
num_leaves=98
num_cat=0
split_feature=0 21 46 44 105 36 0 0 21 13 13 52 92 115 105 19 49 48 92 48 49 51 104 86 109 21 34 24 15 0 44 2 21 0 3 114 46 105 49 54 102 92 3 3 109 115 105 108 100 100 46 48 108 114 65 9 2 67 82 2 24 15 109 50 100 52 5 48 13 108 108 96 24 115 112 112 109 108 112 32 112 9 24 67 67 3 46 0 113 46 13 11 92 108 9 21 49
split_gain=125820 9505.46 4674.36 768.629 710.034 602.406 500.138 456.353 139.98 130.793 93.9782 84.5617 84.311 83.4006 58.6579 46.9376 41.6007 41.3679 40.375 39.2165 31.6504 31.2089 30.6859 30.4158 23.483 23.245 22.9417 20.4884 20.4733 20.2636 19.494 20.4911 23.0226 19.2268 18.3168 17.6672 15.3595 14.9405 14.8107 15.4336 14.5965 14.3406 13.6934 16.5254 13.6387 12.3857 12.2819 11.8367 11.6515 12.0678 11.5966 10.9605 10.8915 12.2665 10.4053 11.7955 10.4034 11.509 13.3077 10.421 11.7027 10.083 9.67665 9.59182 9.33687 9.16363 9.12045 9.0929 8.93732 8.80389 8.74008 8.66099 8.58151 8.55589 10.6635 9.57001 7.97326 7.87789 7.76267 7.53076 9.78612 7.17212 7.12283 6.55374 6.26936 4.56292 4.14926 3.4695 2.63664 2.43489 2.07529 2.04011 1.21974 1.16185 0.785597 0.684145 0.477401
threshold=2.6020033359527592 19.500000000000004 0.066352203488349928 0.067117117345333113 1.5936141610145571 26.500000000000004 3.0677825212478642 1.8688348531723025 50.500000000000007 1.5000000000000002 1.5000000000000002 0.87411972880363475 1.5000000000000002 0.00063411527662538003 1.410960376262665 16.500000000000004 0.2070197016000748 0.020067113451659683 1.5000000000000002 0.03846153803169728 0.20060975849628451 0.56249997019767772 1.0000000180025095e-35 0.22176685184240344 3.2403591831098317e-05 15.500000000000002 14.500000000000002 7.5000000000000009 2.5000000000000004 1.7005987167358401 0.11791443824768068 1.4489225745201113 90.500000000000014 2.4414010047912602 1.1476429700851443 3.363972663879395 0.1673669517040253 1.5243286490440371 0.38360472023487097 1.1666665673255923 10.447037696838381 1.5000000000000002 2.1614035367965703 2.2445856332778935 0.31413982808589941 0.00039925661985762423 1.1989712715148928 10.185534954071047 0.7018590271472932 0.868150293827057 0.27259959280490881 0.090787876397371306 11.613179206848146 3.3001029491424565 9.459165573120119 82.500000000000014 0.34313900768756872 8.9931201934814471 1.0000000180025095e-35 0.46450674533844 4.5000000000000009 7.5000000000000009 0.00090575011563487362 2.5105034112930302 1.4730452895164492 0.58633655309677135 7.5000000000000009 0.099865220487117781 2.5000000000000004 7.7836406230926523 7.6364216804504403 0.18834459781646731 2.5000000000000004 0.00061114292475394915 -0.29411306977272028 -6.5421545505523673 0.043731365352869041 11.330952167510988 -0.27719715237617487 5.5000000000000009 -0.35312002897262568 64.500000000000014 4.5000000000000009 8.8582530021667498 11.016894340515138 2.2704048156738286 0.18773496150970462 3.2384861707687382 -7.3764016628265372 0.21073190867900851 2.5000000000000004 2.5000000000000004 2.5000000000000004 8.491007328033449 84.500000000000014 21.500000000000004 0.3987134993076325
decision_type=2 2 2 2 2 2 2 2 2 2 2 2 2 2 2 2 2 2 2 2 2 2 2 2 2 2 2 2 2 2 2 2 2 2 2 2 2 2 2 2 2 2 2 2 2 2 2 2 2 2 2 2 2 2 2 2 2 2 2 2 2 2 2 2 2 2 2 2 2 2 2 2 2 2 2 2 2 2 2 2 2 2 2 2 2 2 2 2 2 2 2 2 2 2 2 2 2
left_child=1 7 4 5 46 11 8 10 13 18 29 17 28 27 89 22 26 21 -5 30 -7 34 -6 56 -18 50 37 35 33 52 31 86 -33 47 -3 36 -4 -15 39 44 -26 -23 51 63 -30 -45 -2 62 70 -50 -16 68 53 64 72 -56 57 58 -12 65 -61 71 -9 -44 -1 -58 -59 76 -25 -53 -14 -19 -51 74 75 -31 -40 -49 -76 93 -81 -37 -28 -55 -63 -75 -11 96 -54 -8 92 95 -32 -35 -92 -21 -52
right_child=2 3 6 9 15 20 14 12 -10 19 23 -13 48 16 25 -17 24 61 -20 91 -22 41 -24 42 40 -27 82 -29 38 73 90 32 -34 79 -36 81 -38 -39 67 -41 -42 -43 43 45 -46 -47 -48 77 49 54 87 69 88 83 55 -57 59 66 -60 60 -62 84 -64 -65 -66 -67 -68 -69 -70 -71 -72 -73 -74 85 78 -77 -78 -79 -80 80 -82 -83 -84 -85 -86 -87 -88 -89 -90 -91 94 -93 -94 -95 -96 -97 -98
leaf_value=-0.0076897919850500681 0.22499029995085384 0.088316313756375081 0.10573841397287172 0.087700343151483062 0.16583797487423413 0.20219233596169128 0.19759783005541495 0.096014204687679933 0.2385917845496798 -0.034409204632733573 -0.002568594068359277 0.10424836836727852 0.10174832541428508 0.14910750715809315 0.14907985519467118 0.22099720418542354 0.048692320949343809 0.0013972476832305786 -0.024282165928768099 -0.033878028781147096 0.092853634856518319 0.016695576832078913 0.22089292147901191 0.020613094881190924 0.10836522168994772 0.20067991054882606 0.18357354633500403 0.027149599018578059 0.03469830807390574 0.025301842062297537 -0.024710713281619029 -0.030934714819057164 0.036266477908863969 0.081847966586739207 0.017265678488787448 0.018156992916425006 0.079870244422611383 0.1113475509278227 0.093644263741336928 0.0026839091293913244 0.078745714990476834 -0.020283203796173464 0.036380434152940004 0.035753461293832216 0.065749804628560768 0.00064257843905323841 0.20450802819070202 0.028773959416693376 -0.0068014149512098726 0.063769312842324982 0.089089550447816621 -0.021754277887850317 0.080631604016108291 0.047201092072364934 0.035317403954520793 -0.0014714411002433646 0.047395579468526433 0.011556401147562796 0.041137411583283302 0.035350255279027291 0 -0.0095789141443774414 0.065527134867480005 -0.0034459388655335025 0.022784631088789063 0.019512719180135724 -0.019450292201430817 0.025810991187856992 -0.0086134577770146676 -0.0018315220753809505 0.040712487264673039 -0.030233956642841637 0.041481144424510341 0 0.0019780679691499292 0.077538451340872172 0.060879089195701688 0.069757783144325389 0.04958678065591942 0.092952298049227569 0.037867148308386021 0.065488259065229301 0.11743741870870437 0.029791378370467126 -0.046258019063239307 0.041425494679929155 -0.048220184656086809 0.14892902907868097 0.037822498952920336 0.13908229689239468 -0.04887835583393732 -0.056283761779475354 -0.04672145834170708 0.10629914760183504 -0.053715994343333975 -0.054524063479947031 0.12308561935413836
leaf_weight=26.508617296814919 3881.6091233640909 12.350117042660711 115.91674212366343 19.226980537176136 773.03032657504082 35.273038856685162 105.11877037584782 40.058700822293758 18.600208915770054 88.237049549818039 22.973422400653362 14.302461110055445 13.680798694491388 50.032933607697487 613.84363941848278 64.903615593910217 25.468027167022228 36.56391891092062 12.100582167506216 15.573232062160967 13.526819556951521 36.505325607955456 41.277182146906853 70.589676596224308 341.40097390860319 31.04190981388092 31.643260017037392 18.184913940727711 79.957878954708576 13.221559353172777 21.7148157954216 135.89716441184282 12.662178143858908 57.020931161940098 30.734292097389698 14.443943247199057 228.40890400111675 243.00769565999508 42.069547869265079 19.457924515008926 74.413907833397388 82.582044288516045 76.078125216066837 26.67166343331337 78.456998251378536 238.43319255113602 280.24870246648788 41.268158212304115 13.105869919061659 63.11592260748148 35.545060440897942 84.221304997801781 11.702079452574255 82.17536985129118 171.83557826280594 24.19408967345953 81.199485532939434 238.76774711161852 63.602868169546127 38.611003451049328 57.273996829986572 15.363494157791136 241.40622138977051 17.917278721928596 265.17580842971802 53.351642295718193 24.734755471348763 13.698967345058916 39.410648658871651 161.53078477084637 16.512829929590225 49.119877308607101 251.56059043854475 12.188826099038126 13.943408027291296 58.050618425011635 72.930319353938103 18.998115673661232 23.359584078192711 16.491913534700871 23.121206805109978 25.652927860617638 21.170944735407829 240.34772381931543 84.098505616188049 12.325482964515684 494.49314583092928 25.120466560125351 13.960290424525736 20.828985139727592 406.11665821075439 20591.226253330708 23.332321494817734 63.814520865678787 1221.2462751194835 3875.3855925425887 31.941103011369705
leaf_count=233 22483 104 881 157 5107 240 649 319 124 853 201 113 114 344 4225 390 186 337 112 144 107 317 242 627 2567 189 207 153 654 111 206 1300 114 450 259 113 1800 1787 340 160 565 759 677 236 637 2124 1719 336 111 525 253 759 101 712 1446 208 715 2120 557 339 506 147 1945 161 2283 469 220 113 351 1451 140 466 2117 103 117 485 593 154 195 131 183 200 150 2065 806 102 4815 173 121 138 3946 202730 227 505 11950 38084 227
internal_value=-0.000553456 -0.0443809 0.188941 -0.0542298 0.214948 0.013615 0.125546 0.0340492 0.104478 -0.0552653 0.019218 -0.0088737 0.0565061 0.102075 0.154785 0.173259 0.111795 -0.013989 0.0450083 -0.055385 0.175756 0.00439175 0.169042 0.0109526 0.100432 0.148428 0.125767 0.0827019 0.0668663 0.0330086 -0.0491144 -0.0419648 -0.024835 0.07341 0.0401427 0.0851882 0.0890285 0.118555 0.0558099 0.045491 0.103391 -0.00879804 0.00401623 0.0108897 0.050612 0.00439381 0.223688 0.0658381 0.0412243 0.0392193 0.145697 -0.00291052 0.0291478 0.0276516 0.0404363 0.0307496 0.0194447 0.0138565 0.0295801 0.0277466 0.0146383 -0.0300484 0.0703874 0.0287492 0.0199558 0.0367501 0.00851447 0.0693062 0.0100772 -0.00879022 0.0721902 -0.0168294 0.0462645 0.0509645 0.057081 0.0687068 0.0740026 0.0432358 0.0328133 0.088716 0.0635983 0.0499483 0.161222 0.034456 -0.0409179 0.0217604 -0.0462398 0.12115 0.0610864 0.18975 -0.0521943 -0.0559972 -0.0374643 0.0959877 -0.052561 -0.0544571 0.107651
internal_weight=37871.6 30758.7 7112.85 27327.6 5041.07 410.42 2071.79 3431.08 1208.35 26917.2 2068.33 361.62 1362.76 1189.75 863.44 879.211 787.138 347.318 31.3276 26885.9 48.7999 162.172 814.308 1295.37 441.283 737.492 345.855 402.607 808.751 772.959 2403.7 731.29 148.559 502.18 43.0844 384.423 344.326 293.041 306.572 177.873 415.815 119.087 714.853 359.1 158.415 265.105 4161.86 341.731 554.006 523.812 706.45 355.752 639.87 614.208 510.706 196.03 580.515 350.079 86.5763 230.436 95.885 185.146 281.465 93.9954 291.684 134.551 263.503 128.699 110 245.752 30.1936 85.6838 314.677 133.089 108.575 71.2722 115 60.2663 37.303 160.449 39.6131 40.0969 52.8142 322.523 99.462 24.5143 582.73 92.6066 25.6624 125.948 1672.41 24482.2 45.0471 120.835 1627.36 3890.96 67.4862
internal_count=342487 297615 44872 268293 29941 3655 14931 29322 9077 264638 18141 3308 11181 8953 5854 5739 5806 3195 269 264369 347 1439 5349 11513 3318 5067 2488 3147 6520 6628 23411 7082 1414 4023 363 2994 2681 2131 2497 1451 3132 1076 6386 3198 1291 2360 24202 2754 4661 4407 4878 3188 5515 5293 4296 1654 5127 3098 758 2029 845 1756 2264 838 2516 1184 2340 1046 978 2210 254 803 2642 1113 908 596 933 490 312 1269 314 313 357 2777 953 205 5668 653 222 787 16329 240958 433 955 15896 38228 480
is_linear=0
shrinkage=0.05


Tree=3
num_leaves=98
num_cat=0
split_feature=0 21 103 0 44 36 0 93 21 21 15 0 13 93 48 0 48 103 52 86 49 93 103 93 21 90 114 101 2 82 28 44 36 82 112 74 94 115 49 115 94 111 111 63 52 111 0 76 94 17 0 107 21 113 65 17 77 115 61 34 103 61 63 53 52 44 46 48 67 105 105 82 103 93 2 5 46 54 48 95 67 65 46 94 15 112 94 93 2 71 46 2 102 94 0 17 26
split_gain=105468 8383.01 4856.34 627.779 587.218 448.336 283.9 142.174 107.219 105.841 102.197 93.3028 65.3518 61.2581 45.1935 44.4745 37.5923 37.3627 33.5888 27.8143 25.5949 24.8686 22.3865 21.3063 20.3734 19.6047 19.5308 16.793 14.1713 13.8907 20.3962 13.8787 25.7534 13.4846 13.1101 12.5206 12.032 11.8468 22.8136 11.7198 11.9958 10.7613 10.7284 10.6484 10.6633 11.5311 9.98976 15.1883 10.0549 9.95115 9.85093 9.73201 9.63093 9.23541 9.09146 8.76545 9.40132 8.5349 8.49916 8.43589 8.27121 8.05531 8.46608 8.38763 7.94912 7.93261 7.67849 7.57632 7.50695 7.47095 7.19075 6.61842 6.47967 6.03338 5.7539 5.69377 5.33748 4.59905 8.78853 4.82345 4.35845 3.85082 3.78221 3.60662 3.3625 3.27372 3.14811 2.95125 2.21106 2.02139 1.89565 1.83895 1.67815 1.55955 1.06118 0.741937 0.391874
threshold=2.5249279737472539 19.500000000000004 0.69937413930892955 2.9700856208801274 0.067117117345333113 24.500000000000004 1.8688348531723025 1.5000000000000002 50.500000000000007 16.500000000000004 6.5000000000000009 3.1567740440368657 1.5000000000000002 1.5000000000000002 0.020067113451659683 2.6735538244247441 0.034582419320940978 1.2190653681755068 0.81284341216087352 0.22176685184240344 0.27202939987182623 1.5000000000000002 0.5052073895931245 1.5000000000000002 14.500000000000002 6.5000000000000009 3.2751245498657231 5.4380357265472421 1.5047012567520144 1.5000000000000002 1.5000000000000002 0.11791443824768068 26.500000000000004 3.5000000000000004 -0.25985273718833918 4.5000000000000009 4.2431232929229745 0.00058299777447246026 0.19999998062849048 0.0003974525752710179 7.1950035095214853 -8.332429885864256 -8.3921976089477521 6.2891030311584482 0.58633655309677135 -8.3694081306457502 2.3502402305603032 10.500000000000002 8.6632328033447283 15.500000000000002 0.89587974548339855 2.33396327495575 43.500000000000007 -7.2127087116241446 8.7334885597229022 6.5000000000000009 27.500000000000004 0.69238266348838817 3.373483538627625 10.500000000000002 1.6187107563018801 6.6401634216308603 8.4007773399353045 0.85435608029365551 0.4301948100328446 0.47722567617893225 0.3629883229732514 0.076817698776721968 9.4787564277648944 1.9476153254508974 7.8582360744476327 7.5000000000000009 1.5432795882225039 2.5000000000000004 1.5807083249092104 2.5000000000000004 0.30758179724216467 1.0631648898124697 0.13314065337181094 8.7256417274475115 11.129055976867678 9.8946919441223162 0.18210405856370929 8.1356034278869647 6.5000000000000009 -0.28619390726089472 9.5693616867065447 2.5000000000000004 1.8293986320495608 5.8689539432525644 0.1673669517040253 0.87594741582870495 0.38865226507186895 3.054237008094788 1.4978661537170412 14.500000000000002 2.5000000000000004
decision_type=2 2 2 2 2 2 2 2 2 2 2 2 2 2 2 2 2 2 2 2 2 2 2 2 2 2 2 2 2 2 2 2 2 2 2 2 2 2 2 2 2 2 2 2 2 2 2 2 2 2 2 2 2 2 2 2 2 2 2 2 2 2 2 2 2 2 2 2 2 2 2 2 2 2 2 2 2 2 2 2 2 2 2 2 2 2 2 2 2 2 2 2 2 2 2 2 2
left_child=1 6 20 8 5 14 12 -6 10 11 15 74 39 22 21 37 28 82 -7 43 -2 25 -8 69 51 60 -26 29 73 41 36 32 -30 65 46 53 -31 38 -4 40 92 83 76 68 66 -46 48 -48 -24 -16 61 -17 71 70 -36 56 -52 88 -57 -32 -3 62 -41 -63 -39 67 -45 -29 93 -12 -21 -23 -56 81 91 -55 -35 78 -37 -79 85 -9 -13 -15 -82 -51 -25 95 -19 -59 -76 -5 -1 -14 -75 -18 -89
right_child=2 4 3 9 7 18 13 16 -10 -11 23 17 19 27 49 24 87 57 -20 35 -22 52 34 86 26 -27 -28 33 31 30 59 -33 -34 42 54 77 -38 64 -40 50 -42 -43 -44 44 45 -47 47 -49 -50 80 55 -53 -54 75 72 58 -58 89 -60 -61 -62 63 -64 -65 -66 -67 -68 -69 -70 -71 -72 -73 -74 94 90 -77 -78 79 -80 -81 84 -83 -84 -85 -86 -87 -88 96 -90 -91 -92 -93 -94 -95 -96 -97 -98
leaf_value=-0.022430833406677491 0.19025049962973606 0.078948281503742168 0.082429927996756622 0.072828011652255345 0.078095146274614002 0.08450075936683743 0.11987806846740066 -0.007122529651947599 0.1881351056990529 0.1808778942762255 0.018204371817518307 0.15847596314871795 0.039286087595482619 0.079027435171307059 0.0045502204432956361 0.088238447398217623 -0.031257885392482088 0.12667104779256261 0.17926292424983811 0.012797054941010209 0.12914944183227145 0.00083966233152674608 0.050049882959637672 0.0014693945027617174 0.06984855074477897 -0.0021872833992838247 0.13574222462619512 0.041138818430544448 -0.032888074743144785 0.01996402375499912 0.012296446747604996 -0.047709816105372581 0.031840916834389311 0.037890400850617921 0.05288960715840052 0.02412729982657261 0.067167530890904409 0.036387096575166922 0.045726820541536269 0.022471958701339608 0.035996618854273542 0.019378579964966888 -0.027492110556723095 0.039425461544109419 -0.0020588171307450846 0.023321175557517157 0.025429067464880346 0.072899555229754151 0.075588822209632325 -0.0078445555936501061 0.026595503409799128 0.053448328336438901 0.028723033115826604 -0.021851009349354574 0.032356054566236796 -0.0082828901887483149 0.045546281715730323 0.12027931342738839 0.029290915640640226 0.039075936788618565 0.022729048426075683 0.027035062252634204 0.055361106068318899 -0.0057232940526830657 0.08244839913344916 -0.0019856708582112531 0.019620609565281805 0.017231705019847089 0.011678882864611377 0.069431741310821124 -0.0067378236149421237 -0.029001406471753723 -0.014019740926260134 -0.05258787660651975 0.090211012664267176 0.0039647755560679619 0.00065377749039190929 -0.0066922483914314355 -0.015178333651098866 -0.035652844787574758 -0.02291488018784163 -0.040921819143050292 0.11231297964260767 0.040687138224518457 -0.043320152484582417 -0.038648125118747441 -0.030800574106011822 -0.054704252103012496 0.13983490094257686 0.090517121379783086 0.053605562451420667 0.10700982303013429 -0.00022866808657086475 0.076612795551054005 -0.0482397181775805 -0.048137454502287846 -0.055959135893098561
leaf_weight=14.014306299388407 4917.349913097918 18.67834081500769 69.391599640250206 19.654883250594139 18.761661000549793 20.844417333602905 15.0868773907423 10.534495443105696 22.612048961222172 96.653420433402061 18.248322293162349 175.82699146866798 14.225728064775469 51.429305583238602 18.400504402816296 632.18497623503208 24.103996977210045 574.53346122801304 29.745701879262924 469.47147192806005 31.360002622008324 31.749256446957588 319.53836190700531 12.51122857630253 22.387174256145954 21.828650414943695 51.537795297801495 150.54035104811192 99.751393310725689 19.825816296041012 70.549652464687824 130.77210164815187 16.728617981076241 17.99409931153059 24.657404527068138 22.729959063231945 64.730425842106342 14.483577832579611 137.89510473608971 98.296623811125755 21.677900470793247 13.656170614063738 16.255552023649216 61.079446695744991 109.99569225311279 72.988419227302074 21.28400157392025 212.07006700336933 53.388328582048416 30.098892241716385 103.28136136382818 30.916088029742241 12.758699998259543 34.972716875374317 14.142788052558901 15.5166774764657 255.26513439416885 368.29677775502205 159.6418773829937 53.830360077321529 12.994161538779734 33.510864898562431 25.646236211061478 42.438020870089531 149.56835225969553 14.448921374976633 310.82404582202435 48.561475910246372 13.30984230339527 13.093468151986597 50.712732031941414 40.987713634967804 12.943473756313322 976.71912763267756 23.039892137050629 49.462236844003201 20.219743721187115 37.929206229746342 32.859429188072681 23.805137485265732 36.515427231788635 130.20995897054672 24.143085166811943 14.430541366338728 93.23838197439909 12.037958137691019 15.245900653302668 5616.8590156584978 296.0900616645813 33.439763814210892 18.408027708530426 359.10046716034412 20.998378090560436 12.093137517571448 672.81802023202181 96.676121942698956 17971.347296990454
leaf_count=122 25473 149 511 133 145 152 111 103 133 538 140 1023 122 416 171 4493 239 3561 180 4170 191 293 2494 111 152 188 338 1229 976 157 585 1307 151 146 190 202 519 110 1051 830 184 112 133 530 958 639 162 1608 419 288 860 222 116 312 110 130 2121 2277 1336 449 105 282 216 357 1127 119 2709 401 116 100 451 376 101 9940 149 442 168 341 297 216 341 1288 151 118 921 115 136 57629 1803 213 125 2416 179 104 6822 982 184832
internal_value=-0.000539788 -0.0445054 0.158908 0.11059 -0.0540296 0.007631 0.0301192 -0.0549395 0.0816435 0.127829 0.0793336 0.124973 0.0189468 0.0492074 -0.0138428 0.0827493 -0.0550414 0.131124 0.143968 0.0120886 0.189905 0.00773487 0.0594282 0.0146465 0.0901064 0.0340258 0.117706 0.0366998 -0.0483303 0.0452042 0.0377897 -0.0364227 -0.0232204 0.0273094 0.0577576 0.00545634 0.0567569 0.0678165 0.0585654 0.0303139 0.00792538 0.0635028 0.0047294 0.0200917 0.0181759 0.00811782 0.0598825 0.0688025 0.0540209 -0.0295934 0.0320107 0.0867558 -0.00890541 0.00836525 0.0316864 0.0356321 0.0402487 0.12737 0.0258637 0.0242933 0.0582556 0.0220988 0.0299377 0.0088452 0.0788087 0.0329491 0.0230453 0.0355301 0.0450336 0.0421035 0.0108595 -0.0160875 0.0102722 -0.0499374 0.103009 -0.00680645 0.0192084 -0.00936669 0.000929851 -0.0185986 -0.0333138 -0.0385641 0.15383 0.0718683 -0.0379814 -0.0178999 -0.0165838 -0.0556146 0.131392 0.118173 0.0766265 0.105557 -0.00994568 0.0600028 -0.0508658 -0.0452754 -0.0556642
internal_weight=37609.5 29481.5 8127.97 3179.26 26145.2 379.878 3336.33 25765.3 1190.08 1989.19 1167.46 1892.53 2106.75 1229.58 329.288 1108.36 25746.5 1472.33 50.5901 1316.46 4948.71 138.997 673.111 59.0989 737.026 53.5012 73.925 556.472 2037.53 288.452 208.936 247.252 116.48 268.02 658.024 721.943 84.5562 371.339 207.287 790.287 56.6906 79.516 54.4694 594.516 554.888 182.984 606.281 233.354 372.927 190.291 733.597 663.101 85.4957 604.619 51.7437 533.705 358.546 1272.36 175.159 124.38 31.6725 199.892 123.943 75.9489 164.052 213.551 371.903 199.102 39.6287 31.3418 520.184 72.737 27.0863 1790.28 420.203 84.435 38.2138 117.324 55.5894 61.7343 171.891 140.744 199.97 65.8598 129.754 42.1369 27.7571 23709 870.624 401.737 41.4479 378.755 35.0127 26.3189 1649.54 120.78 23588.2
internal_count=342459 295782 46677 21013 267809 3395 27973 264414 8624 12389 8491 11851 18226 9747 3063 8004 264269 9028 332 11609 25664 1227 5195 487 5205 442 490 4552 20587 2356 1710 2434 1127 2196 5084 6431 676 2799 1562 6617 485 646 447 5178 4836 1597 4683 1770 2913 1836 6132 4715 785 5375 401 4447 2981 7854 1466 1034 254 1685 1046 639 1237 1749 3239 1630 342 240 4621 669 211 18153 2823 754 314 1056 499 557 1665 1391 1174 534 1262 403 247 243682 5364 2490 274 2549 301 226 16762 1221 242461
is_linear=0
shrinkage=0.05


Tree=4
num_leaves=100
num_cat=0
split_feature=1 21 103 1 13 1 21 2 21 46 49 1 93 21 48 38 1 15 96 13 103 92 52 32 1 34 86 93 2 5 107 48 93 50 93 98 3 107 48 99 61 103 91 65 113 52 111 94 90 115 1 54 103 48 15 21 99 77 3 13 109 115 3 9 101 9 103 102 101 77 9 105 9 2 65 109 93 49 113 21 34 1 114 67 65 105 36 65 65 67 94 111 50 52 11 103 1 96 3
split_gain=90198.3 8045.35 3808.97 510.86 428.006 283.738 195.708 158.017 118.158 96.1109 89.2842 87.0292 74.778 68.6736 66.8451 92.1087 65.726 64.233 64.0359 48.7615 34.9506 27.2497 20.6864 20.1012 19.5647 21.3237 19.1236 18.5034 17.1216 16.8755 16.6176 16.4975 15.3469 14.1811 13.9269 12.4882 11.7299 11.4396 11.184 12.9519 11.7654 10.8049 10.5754 15.5905 10.4805 10.2366 10.2224 9.92034 9.70569 12.1751 13.3218 9.54491 9.56557 10.434 9.53077 9.45258 9.26115 9.25604 9.16734 8.9508 8.87925 8.87186 8.79259 12.1087 13.1647 8.05212 8.04268 44.6122 8.02817 7.89302 7.84984 7.52643 7.4495 7.44562 8.42212 7.29152 6.55768 6.46123 6.43536 6.32666 7.95005 6.08521 5.76542 5.64081 5.56266 5.3146 5.20892 4.88197 4.61329 4.44441 3.61476 3.53479 3.17084 2.73032 1.84094 1.36237 1.31361 1.04291 0.255233
threshold=10.500000000000002 19.500000000000004 0.53195574879646312 18.500000000000004 1.5000000000000002 3.5000000000000004 49.500000000000007 1.8760797381401064 50.500000000000007 0.10042016953229906 0.22222220152616504 13.500000000000002 1.5000000000000002 15.500000000000002 0.020067113451659683 30.500000000000004 25.500000000000004 6.5000000000000009 0.2674796879291535 1.5000000000000002 1.0929695367813113 1.5000000000000002 0.81861472129821788 5.5000000000000009 3.5000000000000004 25.500000000000004 0.22176685184240344 2.5000000000000004 0.33816286921501165 6.5000000000000009 0.76678845286369335 0.03846153803169728 1.5000000000000002 2.1428537368774419 2.5000000000000004 8.5000000000000018 2.6775850057601933 0.88895243406295787 0.16666664928197863 1.590254604816437 6.0618531703948983 1.4291607141494753 3.5000000000000004 9.8946919441223162 -7.2433993816375724 0.4301948100328446 -8.4162640571594221 8.8904232978820819 2.5000000000000004 0.000395618990296498 1.0000000180025095e-35 1.1384099125862124 1.4858149290084841 0.062411470338702209 2.5000000000000004 8.5000000000000018 8.1085028648376483 13.500000000000002 1.9506495594978335 2.5000000000000004 3.2403591831098317e-05 0.00061600931803695868 2.0746105909347539 60.500000000000007 1.7690021395683291 68.500000000000014 0.038043830543756492 1.0000000180025095e-35 8.9180235862731951 38.500000000000007 74.500000000000014 6.5548710823059091 81.500000000000014 1.4698078632354739 11.40970039367676 0.69162359833717357 2.5000000000000004 0.39999996125698095 -7.3295571804046622 15.500000000000002 23.500000000000004 19.500000000000004 3.349641084671021 8.9259920120239276 11.187001228332521 1.6886136531829836 10.500000000000002 9.9440488815307635 9.1066455841064471 9.5359849929809588 6.2342147827148446 5.5976116657257089 0.28571422398090368 0.7209666669368745 2.5000000000000004 1.7562851905822756 2.5000000000000004 0.32955697178840643 1.5906476378440859
decision_type=2 2 2 2 2 2 2 2 2 2 2 2 2 2 2 2 2 2 2 2 2 2 2 2 2 2 2 2 2 2 2 2 2 2 2 2 2 2 2 2 2 2 2 2 2 2 2 2 2 2 2 2 2 2 2 2 2 2 2 2 2 2 2 2 2 2 2 2 2 2 2 2 2 2 2 2 2 2 2 2 2 2 2 2 2 2 2 2 2 2 2 2 2 2 2 2 2 2 2
left_child=1 5 66 8 6 19 9 14 11 -3 -9 17 23 16 15 34 41 29 -17 42 -18 24 55 28 86 -26 33 45 56 36 -30 76 -19 37 84 -12 -4 -21 39 59 -41 54 48 -44 -32 71 -39 75 49 -1 -51 52 53 -25 81 68 -7 61 -54 -29 -57 -50 83 -64 -65 91 -2 -68 -13 -59 -31 78 82 87 -75 -35 97 -74 -14 -24 -81 -5 -47 -28 -6 -85 -11 -23 -53 -67 -40 -43 -36 -34 98 -22 -78 -16 -33
right_child=2 4 3 13 7 12 -8 10 -10 21 35 22 27 -15 31 18 20 32 -20 26 95 73 79 51 25 -27 62 38 30 70 44 94 93 47 92 -37 -38 46 90 40 -42 65 43 -45 -46 72 -48 -49 57 50 -52 88 58 -55 -56 60 -58 69 -60 -61 -62 -63 63 64 -66 89 67 -69 -70 -71 -72 -73 77 74 -76 -77 96 -79 -80 80 -82 -83 -84 85 -86 -87 -88 -89 -90 -91 -92 -93 -94 -95 -96 -97 -98 -99 -100
leaf_value=-0.010169480626664359 0.16613632388983368 0.10164829155147928 0.061886189057483582 0.082935049750982912 -0.02641001932432236 0.048049152259292717 0.15136863032354203 0.11003101028923921 0.1684425068573483 0.0061502198529805388 -0.048602000775638088 0.09352446858590853 0.073947591382722722 0.15690152641475819 -0.039349652557656462 0.12590848005262728 0.14878766901383408 0.035371119790503933 -0.021543054344454141 -0.017491023731984721 0.12065279329318512 -0.0025388465709857855 0.080481636214319585 0.070088428137212264 0.047322776590850643 -0.0059008077470339027 0.0230363264592056 0.021794165687865599 0.11713162384046408 0.047093741067404035 0.064025117853684907 -0.053803812791524158 -0.037820231855261482 0.0026803635354337202 -0.045399959863346891 0.014062792906992048 0.097682705571152564 0.014928865474338339 0.007435189809853332 0.022058314230290647 -0.019310504166950182 0.081741710440666721 0.07740820643084366 0.0058168642284354066 0.036581639949659482 0.035717815227056353 0.033458614072267669 -0.030150434277055233 0.042551591908870284 0.017283199954853109 0.040412337874816961 0.038298256697176028 0.062463177375821313 0.034686606449733495 0.073419293937730931 0.038220130004149255 -0.0059588905744671437 -0.0042266255822205577 0.032863571373837046 0.067922683947495163 0.075481853808741353 -0.0034116006508101201 0.048689553533917837 -0.020441525772891128 0.0087162152477996413 0.085723063294482496 0.077444020769333988 0.17210510786361946 0.074137786893271371 0.017648118952619005 -0.0032251870399233537 0.017732471043067601 0.027976955345020423 -0.020284892027472894 0.025691886015732298 0.026751612656876613 -0.052344461430983216 -0.0044737249720892651 0.027959504695480045 0.15676895673073477 0.09100387912356743 0.12102475736187127 0.057609158759438395 0.0074908836770883518 0.0077063351226692835 -0.010926995730472511 -0.031499159498599716 -0.035747372644200553 0.0015478238904847396 0.048219389977269711 -0.028559691916647208 0.10041902337029923 -0.018365818235918558 -0.0054270628642279252 -0.05557065424703999 0.11046455698164358 -0.047593335752179916 -0.018796549709277063 -0.038042883385471488
leaf_weight=16.346119627356529 5289.3810301721096 17.567849650979042 467.29147796332836 29.055265188217163 36.64328271150589 14.62357283383608 19.236161425709724 20.467285394668579 32.567410215735435 11.544996760785578 16.859572768211368 246.10403524339199 42.843280278146267 99.880816444754601 114.30721565335989 13.057277075946333 118.18896980583668 16.804926872253418 13.954900667071341 15.79837905615568 597.82479333877563 13.197653785347937 23.971401274204254 76.569308280944824 35.640603229403496 36.962488137185574 15.607015788555143 22.528571896255016 14.701447412371634 14.159422658383848 400.38805909454823 3555.6938111260533 13.771972112357618 129.08336612582207 347.87063208222389 12.735866896808146 29.082286730408669 152.80735798925161 12.687803499400617 152.03232977539301 17.933589570224285 84.865009769797325 21.559238389134407 12.205940492451189 47.731349676847458 272.99061838537455 158.1214916035533 16.619620747864246 55.351745411753654 98.286759771406651 197.83753699064255 14.188217200338839 35.673348434269428 37.225041382014751 26.335796296596527 22.951236486434937 14.489020414650438 50.347109280526638 145.2010551020503 24.476093754172325 341.7776408419013 12.132459245622156 15.693250969052313 41.573421955108643 373.44352937489748 29.795043438673019 26.517833545804024 33.992049381136894 135.25197374820709 199.88775570690632 14.309488013386725 12.636947490274904 99.491574324667454 40.574502989649773 11.505442373454569 40.801867164671421 1125.6539767980576 17.031603284180164 13.226939238607882 20.036841109395027 19.841854959726334 169.46601518988609 40.447835706174374 49.04317806661129 16.004570819437504 168.72092553973198 31.639883510768414 116.62522292137146 20.356005430221558 24.146926879882812 12.079298600554464 421.18056990206242 15.353944651782511 13.801092170178888 18873.162218205631 431.21298451721668 532.43236695975065 12.996450722217558 22.979025892913342
leaf_count=143 25177 130 3337 185 364 112 114 142 171 107 167 1623 343 504 1174 89 623 130 134 136 3348 128 153 566 292 320 139 183 102 101 2972 38042 126 1124 3587 110 206 1307 108 1255 155 510 178 101 357 2162 1348 146 458 816 1621 109 269 289 165 154 112 417 1096 202 2270 100 138 367 3296 188 144 173 897 1651 103 102 808 377 107 350 11952 140 104 112 112 994 322 441 158 1517 296 1156 155 153 104 2547 152 123 202834 2458 5628 130 235
internal_value=-0.000565471 -0.0438029 0.13939 0.0982906 -0.0535967 0.0283256 0.00254374 -0.0543566 0.0750062 -0.00717935 0.0334538 0.072612 0.0439996 0.114396 -0.0545371 -0.035 0.112073 0.0572476 0.0522562 0.0150023 0.120079 -0.0141125 0.0832719 0.0544362 0.00474889 0.0205206 0.00886022 0.0323248 0.06106 0.0621184 0.0634251 -0.0548915 -0.00028693 0.0160999 -0.040859 -0.0219362 0.0642916 0.022368 0.0206675 0.0243028 0.0175043 0.100151 0.0258337 0.0531601 0.061256 0.0378769 0.0244995 0.00497508 0.024231 0.0305724 0.0328949 0.0442763 0.0472301 0.0591963 0.111721 0.0804876 0.0218684 0.0178486 0.039222 0.0473779 0.0733305 0.0342488 0.00322639 0.00746103 0.0057083 0.095201 0.165808 0.133659 0.0869923 0.0132082 0.0225725 0.0564261 0.0347037 -0.0261137 -0.00950621 0.00870352 -0.0499591 0.0231525 0.0642839 0.11306 0.128774 0.116164 0.0388355 -0.00454423 -0.015928 -0.00671058 -0.0213416 -0.0325151 0.0178853 0.0708739 -0.0103678 0.0975573 -0.0443648 -0.023067 -0.0552799 0.11656 -0.0508692 -0.0375724 -0.0537214
internal_weight=37261.1 28467.5 8793.57 3443.68 25064.7 3402.82 334.495 24730.2 1411.72 315.259 50.0627 1379.16 1561.55 2031.95 24680.1 442.885 1932.07 569.221 27.0122 1841.27 1147.23 297.691 809.935 821.146 115.788 72.6031 1177.31 740.406 491.933 524.843 462.821 24237.2 44.378 513.232 415.872 29.5954 496.374 326.727 241.738 216.971 169.966 784.845 663.955 33.7652 448.119 498.669 310.929 186.505 630.189 312.47 296.124 329.213 294.669 113.794 224.857 746.085 29.1126 317.719 180.874 47.0047 364.729 67.4842 664.081 430.71 415.017 559.988 5349.89 60.5099 381.356 250.235 28.4689 68.7072 429.962 181.903 52.0799 169.885 1785.39 116.523 56.0702 63.8501 39.8787 198.521 313.438 233.371 52.6479 217.764 43.1849 129.823 34.5442 53.942 24.7671 506.046 363.225 27.5731 22451.8 1029.04 1658.09 127.304 3578.67
internal_count=342633 295846 46787 21293 267925 27921 3027 264898 9618 2913 419 9447 12127 11675 264479 4484 11171 4126 223 15794 6429 2783 5321 6139 1015 612 10309 5988 3655 3747 3431 259995 379 4411 4261 277 3543 2791 2007 1795 1410 4742 5485 279 3329 3981 2655 1620 5206 2580 2437 2484 2220 855 1344 4944 224 2626 1365 385 2424 558 5898 3801 3663 3398 25494 317 2520 2068 204 549 3432 1768 484 1474 18884 948 447 377 224 1179 2484 2097 522 1958 403 1284 264 341 212 3057 3739 249 241111 5806 17580 1304 38277
is_linear=0
shrinkage=0.05


Tree=5
num_leaves=102
num_cat=0
split_feature=93 103 21 0 44 3 0 0 42 21 103 48 53 52 0 46 34 21 3 48 46 48 113 0 71 71 67 95 3 21 93 17 53 24 32 111 67 108 49 52 111 100 99 65 77 44 48 38 84 100 107 107 112 0 77 93 49 103 52 17 114 112 95 52 52 52 113 46 95 109 34 67 108 94 46 112 65 94 80 34 100 109 63 109 77 0 103 74 46 3 53 11 50 94 34 103 96 3 52 49 0
split_gain=78943.3 5712.61 4126.12 1296.2 348.369 289.874 189.055 153.061 102.2 64.7547 49.155 49.1367 48.8869 38.8857 37.7671 37.5895 30.0014 27.5921 18.452 16.8857 16.5417 16.5269 15.3939 14.1093 13.6571 13.6457 13.407 14.7193 12.9815 12.8756 12.1565 12.0545 11.8842 11.5445 13.2099 11.2853 11.0793 17.5694 10.5128 10.3919 10.2842 9.85233 13.6069 11.1654 12.6085 11.7646 10.5483 9.54216 12.9636 9.52301 19.2779 9.47575 14.8775 14.4288 8.7506 8.6425 8.54777 8.4721 12.0501 8.35343 8.24881 11.6876 8.0344 8.021 11.2489 10.544 7.47022 7.31356 7.21427 7.18862 6.84969 5.91752 5.76058 5.43934 4.98656 4.43784 4.59275 5.44175 4.23798 4.05523 3.94615 3.93179 3.83649 3.79318 3.52857 3.38358 3.37375 3.19944 3.19224 3.06584 2.4673 2.34755 2.33787 5.21263 2.19107 1.97941 1.83906 1.50332 1.41941 1.03414 0.958916
threshold=1.5000000000000002 0.26727814972400671 19.500000000000004 2.7403194904327397 0.067117117345333113 0.95999291539192211 3.113268375396729 2.3502402305603032 0.099180329591035857 14.500000000000002 1.0180123448371889 0.020067113451659683 0.65636926889419567 0.85825893282890331 1.7005987167358401 0.15415885299444201 20.500000000000004 15.500000000000002 2.4900881052017216 0.11111110076308252 0.20069444924592975 0.03846153803169728 -7.2127087116241446 2.3502402305603032 8.9597611427307147 5.7395896911621103 8.9931201934814471 10.535741806030275 2.6775850057601933 110.50000000000001 2.5000000000000004 19.500000000000004 2.4365079402923588 3.5000000000000004 7.5000000000000009 -8.3075127601623517 10.546080112457277 9.5262799263000506 0.33333325386047369 0.29285715520381933 -8.3464345932006818 1.184535086154938 1.4097658991813662 9.2496395111084002 11.500000000000002 0.1305327042937279 0.076817698776721968 3.5000000000000004 0.33084577322006231 0.61473500728607189 1.0353817939758303 1.6686534881591799 -6.5963394641876212 2.6735538244247441 68.500000000000014 2.5000000000000004 0.2070197016000748 1.7671122550964358 0.61433240771293651 6.5000000000000009 3.3001029491424565 -0.34352371096611017 9.1491465568542498 0.52797341346740734 0.4301948100328446 0.59968945384025585 -8.8609728813171369 0.39938651025295263 9.3789267539978045 0.64205211400985729 23.500000000000004 11.47800922393799 9.673704147338869 8.5410461425781268 0.21799691766500476 -6.363736391067504 9.0371813774108904 4.8869597911834726 1.0000000180025095e-35 23.500000000000004 0.62816402316093456 0.9789312779903413 6.8144385814666757 0.12001433596014978 58.500000000000007 1.2424533367156985 1.8265430331230166 1.5000000000000002 0.26194280385971075 2.175783753395081 0.61152571439743053 2.5000000000000004 0.3571427613496781 10.105006694793703 22.500000000000004 1.6691036224365237 0.33473390340805059 1.6383027434349062 0.80658715963363659 0.15412895381450656 1.8688348531723025
decision_type=2 2 2 2 2 2 2 2 2 2 2 2 2 2 2 2 2 2 2 2 2 2 2 2 2 2 2 2 2 2 2 2 2 2 2 2 2 2 2 2 2 2 2 2 2 2 2 2 2 2 2 2 2 2 2 2 2 2 2 2 2 2 2 2 2 2 2 2 2 2 2 2 2 2 2 2 2 2 2 2 2 2 2 2 2 2 2 2 2 2 2 2 2 2 2 2 2 2 2 2 2
left_child=1 20 8 7 5 12 9 14 18 33 82 29 -4 28 16 -11 60 57 39 32 -1 55 26 80 36 -20 63 40 51 30 73 74 35 49 59 47 72 -38 -37 -2 -28 42 46 45 -45 -43 -41 48 -10 -5 -51 52 -9 -53 -27 79 71 58 -12 -35 61 -3 -62 64 -21 -65 -34 -56 84 -49 -17 -18 -16 -6 -25 76 77 -24 81 90 -7 -32 -8 -33 -26 -68 -59 -78 -75 -29 -13 97 93 -82 -94 -30 100 -23 -80 -81 -57
right_child=2 3 4 6 11 23 10 13 19 15 17 21 -14 -15 24 70 56 -19 25 22 -22 91 75 31 68 54 27 89 95 -31 78 83 66 34 -36 38 37 -39 -40 41 -42 43 -44 44 -46 -47 -48 69 -50 50 -52 53 -54 -55 67 96 -58 86 -60 -61 62 -63 -64 65 -66 -67 85 -69 -70 -71 -72 -73 -74 88 -76 -77 87 -79 98 99 92 -83 -84 -85 -86 -87 -88 -89 -90 -91 -92 -93 94 -95 -96 -97 -98 -99 -100 -101 -102
leaf_value=0.1483996083511718 -0.0074551552738547884 0.024093042302946021 0.12500173078709254 0.034101180642643517 0.0091227598622006557 -0.0030808271371345515 0.13887519110555477 0.013681713457819329 0.028862301757627742 0.13117294238052693 0.082294298986258008 0.0030332482617299109 0.022423337132547749 0.11727511222111334 0.04480108918700227 0.092893871114015147 -0.01850064346014715 0.13649476980509453 0.016854372654983282 0.023234702306461574 0.09962367999838237 -0.053324016012214807 -0.016560014124969696 0.034204225439849349 0.052037012077108348 0.10665872483102318 0.0064136754017310076 0.01831675295705985 0.098338190857063384 0.002343513599484036 -0.038523274694914338 -0.0063694356522692305 0.004846453930034288 0.04512681060486947 0.02083611601796146 0.071794334206223928 0.0072530220318052438 0.051966770475835436 0.014868786013760592 0.037238244525105726 -0.0098665886703896925 0.062312204451200198 -0.02109650311464735 0.0051038518622939545 0.032573513260409991 0.035938237666206817 -0.010483435893805963 -0.00095168202420757098 0.0069002420769891208 0.12195380152157108 0.075057180404052945 0.044496998117306619 0.064759277248926758 0.071820563620059383 0.020803725767384075 -0.047942938713421 -0.039871757093624477 0.080473483600029025 0.10660148148970937 0.084139085857622017 0.034675424633468788 -0.0036339953051985063 0.0015526877814358796 0.049125757077383772 -0.0047757096536547436 0.012987434714477311 0.030579424950773443 0.074596940166067605 0.033962076727158078 0.018349196408191489 0.051268787219602353 0.026491146156775822 0.030629336249157382 -0.033991696523163507 -0.0046135781023395172 -0.032763775758754152 -0.031214703893718485 0.024970244305916434 -0.04804552772721854 -0.020430660102176125 -0.013118937598802505 -0.015071481977560992 0.097841325035950416 -0.037639818680289455 0.098559934880520964 0.067976221684927965 0.097127529157143677 -0.0021577156920757983 -0.0027055233614838247 0.058740920657368557 -0.027626566087574814 -0.055258761432617813 -0.013780164636859014 -0.045193550572176451 -0.0428691237783448 0.06279340030284572 -0.052109291204506795 -0.024147487405256154 -0.021120374407829934 -0.042320209885132097 -0.036152799180076009
leaf_weight=5629.2028487250209 15.984278924763201 213.54926410317421 42.813033074140549 17.644599586725235 14.097725264728068 11.550961896777151 134.20408262312412 16.381826318800449 154.49292723834515 91.002602949738503 88.787752389907837 9.8849095776677149 17.114202506840229 29.23819662630558 350.04924890398979 31.751322984695435 13.881521314382555 69.402990385890007 15.272503554821013 83.200168281793594 31.152183778584003 3407.9532936811447 11.826108030974867 17.038828343153003 15.684022985398768 15.24783582985401 477.70218098908663 11.395751625299456 26.900002017617226 18.99359230697155 107.05805852264166 20.017173834145069 11.687334589660166 36.635325521230698 24.349510073661804 15.245937190949915 67.885883361101151 31.911971934139729 18.764167763292789 48.428518928587437 119.84039440006018 58.887717753648758 18.259049139916897 54.50340623408556 201.68071707338095 215.77087657153606 13.953822419047354 149.41284848749638 122.66237679868937 25.97314165532589 847.52137088775635 303.83725538849831 329.23477493971586 64.936064839363098 13.230311937630178 421.41160409152508 19.269331090152264 99.177405953407288 923.83424128592014 35.357316523790359 246.58510205894709 44.990395680069923 20.608043342828751 40.751192323863506 60.514157764613628 43.322780802845955 16.902953125536442 16.269061706960201 16.961544588208199 69.043782733380795 27.666161835193634 12.346720479428766 116.88924504071474 29.580298289656639 13.643558569252489 20.619374625384808 19.363102212548256 17.605487182736397 217.00192751735449 12.323238514363764 38.510399676859379 26.483204200863838 26.09317709505558 20.848570741713047 17.617061324417591 18.544942751526833 580.53655451536179 19.249665886163712 12.405875757336615 12.478214003145693 14.209659673273562 18069.993364661932 10.090844631195067 20.135648742318153 84.900299958884716 23.793147131800652 1116.1937239021063 9.1950689852237684 9.7942740470170957 90.078707002103329 52.012027911841869
leaf_count=25245 126 1746 249 103 138 117 661 113 1282 467 494 101 133 166 2559 196 127 322 115 704 179 38053 104 136 116 116 4179 102 180 171 1126 182 100 236 159 126 520 245 158 365 1046 429 142 430 1555 1674 109 1269 1058 159 5265 2139 2267 438 101 4646 191 542 4933 228 1979 365 166 343 513 369 145 124 126 589 172 106 869 297 126 183 173 155 2333 126 371 279 134 186 130 155 3175 172 126 109 151 203001 100 199 878 161 12338 92 103 954 570
internal_value=-0.000693186 0.113677 -0.0475299 0.0749342 -0.0535556 0.000255121 0.095343 0.0433814 0.0179513 0.0788898 0.105009 -0.0542313 0.0971328 0.0603989 0.0319351 0.110176 0.0225292 0.102325 0.0339286 0.0106663 0.148159 -0.0545471 0.00649242 -0.0246836 0.0405513 0.0606465 0.00857302 0.0047254 0.0579871 -0.0372478 -0.0390795 -0.0058045 0.0174017 0.073954 0.0549934 0.0151442 0.0380925 0.0222075 0.0426236 0.0312184 0.00311536 0.0322615 0.0153442 0.0347621 0.0268319 0.0419369 0.0264117 0.0131155 0.0192678 0.0758968 0.0766697 0.0559456 0.0624367 0.0496068 0.0743454 -0.0495164 -0.0158702 0.100798 0.104605 0.065749 0.025907 0.0192365 0.0321809 0.0189263 0.0114439 0.0311748 0.0413125 0.0529676 0.0661747 0.00518648 0.0754161 0.00260555 0.0413842 -0.0165289 0.0172219 -0.0131354 -0.00646522 0.00796558 -0.0424786 -0.0356847 -0.0326749 -0.0341656 0.133227 -0.0233266 0.0801234 0.05238 0.0948948 -0.0176006 -0.0253896 0.0420629 -0.0152169 -0.0549449 -0.0347841 -0.0251502 -0.0401449 0.0841307 -0.0505761 -0.0532591 -0.047073 -0.0401152 -0.046787
internal_weight=36840.3 10702.8 26137.4 5042.49 23935.3 296.664 3059.94 1982.55 2202.11 1137.9 1922.04 23638.7 59.9272 794.321 1188.23 150.42 571.23 1761.74 687.488 1514.63 5660.36 23203.3 937.869 236.736 616.999 60.0197 849.205 621.417 765.083 435.415 416.421 71.5481 576.757 987.481 96.3422 529.622 566.736 99.7979 34.0101 627.468 597.543 611.484 80.6414 530.843 256.184 274.659 62.3823 495.612 277.155 891.139 873.495 714.39 345.617 368.773 44.7472 1716.11 45.4976 1692.34 1012.62 71.9926 525.733 258.54 267.193 227.788 143.714 84.074 47.1352 29.4994 50.2626 218.457 59.4175 26.2282 466.938 56.0839 30.6824 88.6637 68.0444 29.4316 360.337 126.497 165.188 133.541 160.297 40.8657 33.3011 35.4479 679.714 38.6128 41.9862 23.874 24.0946 21487.1 153.637 58.646 94.9911 50.6931 1589.62 3417.15 226.796 102.402 473.424
internal_count=342981 57379 285602 31955 267282 2677 17246 14709 18320 6985 10261 264605 382 5464 9245 835 4680 9466 5286 13034 25424 260032 8152 2295 4565 456 7365 5436 5298 4573 4402 630 4882 6150 623 4482 4193 765 284 4830 5225 4704 616 4088 1985 2103 474 4198 2340 5527 5424 4957 2380 2577 341 18886 424 9144 5427 464 4256 2111 2145 1929 1217 712 400 225 372 1858 368 233 3428 561 262 787 604 259 3841 1332 1665 1405 795 368 246 300 3717 345 423 211 252 241146 1548 570 978 341 17554 38145 2436 1080 5216
is_linear=0
shrinkage=0.05


Tree=6
num_leaves=111
num_cat=0
split_feature=93 103 21 112 44 36 48 50 46 21 21 48 17 52 103 23 24 4 6 78 6 15 13 28 101 53 112 52 52 72 103 88 65 67 82 108 95 3 113 34 115 103 109 76 65 93 93 90 46 112 100 82 34 103 113 95 44 36 93 86 103 113 3 113 112 113 38 53 113 101 67 76 108 108 108 112 49 67 100 113 103 65 3 49 21 93 95 24 65 86 36 53 65 52 74 86 72 23 103 32 17 30 49 103 34 17 94 113 67 112
split_gain=70291 4772.48 3909.16 1086.09 372.804 261.904 133.578 117.853 101.628 86.661 49.3276 48.3192 42.247 36.3345 29.3742 27.9982 27.3807 20.3508 19.7667 17.1413 16.9363 16.2906 14.7505 14.7121 14.2058 13.5332 13.3338 12.2827 11.9378 11.9017 11.8947 11.2892 13.6232 14.6004 11.0938 15.1675 10.3277 10.2667 14.4405 9.84711 9.41487 9.33314 8.89142 8.8845 8.38208 8.14426 8.06537 7.69827 7.63152 7.44847 9.33801 7.39154 7.29197 7.17137 6.84681 9.69948 6.72184 26.4338 18.6738 6.67525 6.49093 6.32901 6.29737 7.44545 6.24096 7.39035 6.15078 6.11924 6.79531 5.75221 11.0341 11.5791 9.1695 8.53997 6.67137 5.85056 5.42519 5.25764 5.12062 5.03798 5.03258 4.90136 4.77484 4.56113 4.5236 4.31842 4.27925 4.18877 4.14147 3.85182 3.82773 3.29768 3.17899 3.02675 2.79227 2.70728 5.68322 2.62952 2.08045 1.97573 1.43008 1.39823 1.33751 1.32235 1.09683 2.77088 0.60063 0.59999 0.566359 0.560068
threshold=1.5000000000000002 0.094428826123476042 19.500000000000004 -7.1669058799743643 0.067117117345333113 21.500000000000004 0.020067113451659683 0.69767436385154735 0.1766968369483948 50.500000000000007 15.500000000000002 0.034582419320940978 16.500000000000004 0.77431482076644909 1.0180123448371889 1.5000000000000002 7.5000000000000009 2.5000000000000004 1.0000000180025095e-35 1.0000000180025095e-35 1.0000000180025095e-35 1.0000000180025095e-35 1.0000000180025095e-35 1.5000000000000002 11.435375213623049 1.7795138955116274 -0.33305355906486506 0.71798598766326915 0.87555310130119335 1.0000000180025095e-35 1.7562851905822756 1.0000000180025095e-35 9.0371813774108904 9.6523714065551776 1.5000000000000002 9.0547418594360369 6.1359543800354013 2.1373851299285893 -8.9251203536987287 9.5000000000000018 0.00062146873096935462 2.1385315656661992 1.1332482695579531 20.500000000000004 11.37768602371216 2.5000000000000004 2.5000000000000004 7.5000000000000009 0.20069444924592975 -14.54404830932617 3.1512035131454472 1.0000000180025095e-35 7.5000000000000009 1.700957238674164 -7.2562725543975821 8.4381794929504412 0.11159003898501398 38.500000000000007 11.500000000000002 0.22176685184240344 1.5047653913497927 3.0685902833938603 2.1614035367965703 -8.7502374649047834 -6.7067697048187247 -8.8031125068664533 11.500000000000002 1.1633634567260744 2.9760878086090092 2.7710249423980717 10.590999603271486 10.500000000000002 8.6090226173400897 7.9718589782714853 8.9162974357604998 -0.30055582523345942 0.26656685769557958 10.546080112457277 6.2108225822448739 -7.2127087116241446 5.1530842781066903 10.790040016174318 2.084622979164124 0.33333325386047369 7.5000000000000009 2.5000000000000004 7.1176109313964853 3.5000000000000004 10.308129310607912 0.14009346067905429 19.500000000000004 0.55634921789169323 11.31489944458008 0.79932886362075817 2.5000000000000004 0.12390350922942163 1.0000000180025095e-35 2.5000000000000004 1.1176279783248904 16.500000000000004 13.500000000000002 2.5000000000000004 0.28552378714084631 1.6793666481971743 23.500000000000004 17.500000000000004 8.7526044845581072 -8.7692604064941388 12.323927879333498 -14.308920860290526
decision_type=2 2 2 2 2 2 2 2 2 2 2 2 2 2 2 2 2 2 2 2 2 2 2 2 2 2 2 2 2 2 2 2 2 2 2 2 2 2 2 2 2 2 2 2 2 2 2 2 2 2 2 2 2 2 2 2 2 2 2 2 2 2 2 2 2 2 2 2 2 2 2 2 2 2 2 2 2 2 2 2 2 2 2 2 2 2 2 2 2 2 2 2 2 2 2 2 2 2 2 2 2 2 2 2 2 2 2 2 2 2
left_child=1 48 7 8 5 18 9 23 10 16 14 20 19 -7 17 31 22 -3 27 44 46 30 53 69 -24 34 -18 92 109 45 -16 32 33 36 35 60 -9 47 -39 83 -35 -41 51 -23 59 107 95 64 -1 50 -10 -34 -33 -5 55 -40 57 93 -59 -8 -25 67 63 -21 -17 -66 -29 68 -51 72 71 -71 73 82 -72 -73 -54 -44 -47 -64 -78 88 -2 -36 -52 -68 91 102 106 -56 94 -14 103 -22 -48 -6 -97 100 -83 -90 -13 -69 -63 -4 105 -58 -20 -27 -100 -12
right_child=2 3 4 6 11 13 12 15 49 -11 28 97 86 -15 21 37 26 -19 81 62 56 43 24 25 -26 29 -28 66 -30 -31 -32 52 42 40 39 -37 -38 38 54 41 -42 -43 77 -45 -46 78 90 -49 -50 61 84 -53 76 -55 89 -57 104 58 -60 -61 -62 87 79 -65 65 -67 85 101 -70 70 74 75 -74 -75 -76 -77 80 -79 -80 -81 -82 98 -84 -85 -86 -87 -88 -89 99 -91 -92 -93 -94 -95 -96 96 -98 -99 108 -101 -102 -103 -104 -105 -106 -107 -108 -109 -110 -111
leaf_value=0.13482081179427569 0.070703138286680997 0.12343564199104756 -0.050178430967330691 0.065149576461614081 0.0028317892446821286 0.023866509571570056 0.028964861861687358 0.035866407257453763 0.018292230871056147 0.1428786769766032 0.11480612607207839 -0.039801936431758729 -0.0070899317985781253 0.11283406260325453 0.10012439687079489 0.025072480688080302 -0.014392555284799735 0.075355691484289763 -0.022198717476660818 -0.02081694089371524 -0.046425903402867487 0.06119950605059124 0.045253495902999888 0.029047427349455764 0.074981064567174668 0.087003512899847424 0.044575912827121658 0.029433197305177079 0.13391683614911587 0.00016275869385428256 0.086341249271296119 -0.025432569561371271 -0.010995513333776061 0.053838826334752538 0.017820226925612245 0.0063647193802924776 0.013942109190955657 0.045980880893746245 0.0020925192661994259 0.02813084287236561 0.0044731480255974483 -0.016109416421012969 -0.023102978700091949 0.085324278059241324 0.069040427311229224 0.050372603707293385 -0.022613036756277138 0.02411157417928456 0.093130802174025015 0.077150777102524326 0.083092351230873482 0.015520325054088242 0.035093674425859422 0.050461911517824337 0.012670549793303731 0.021688100084508891 -0.023085790800008235 0.057015982774332057 -0.031700715259906274 0.042609085794681228 0.080092338357758489 0.089563140394264051 0.025111175886179171 0.017402031866879789 0.0038799048434450287 -0.011816609685690798 0.0075195469208570514 0.091257905664070341 0.058214378762676079 0.0026328861481068177 0.030260003056025771 0.051524281443633649 0.081321053959832648 0.006586089935608482 -0.013566481887686783 0.020931506275579506 0.0085960305760474556 0.012738357900280517 0.013251921641756226 -0.0018210237522186725 -0.023820262739958801 -0.017538945810481599 0.035913640882203439 -0.013709463797484884 0.040948730679258097 -0.023825171700722431 0 0.061586933101777687 0.0055275832626753094 -0.016694852326809742 -0.0074385186490903941 -0.043537329152673401 -0.0045741674495019041 -0.03045979551964233 -0.042186007421259282 -0.040100455962106075 0.0018417830266155731 -0.054874347805219104 -0.048184793119307151 -0.019066272731352356 -0.052716931829495287 0.068401661487205459 0.076381606574932592 -0.019470358057301823 -0.050544532748384774 -0.049317166319499867 -0.048108533843054524 0.051072000758339391 -0.024053499094514506 0.085146515219595723
leaf_weight=5865.5918497368693 22.428098030388355 131.67685240507126 12.957082413136961 255.8406218290329 15.812827445566652 16.662265285849571 475.83194049447775 72.432524286210537 17.108266815543175 24.746345207095146 34.707104325294495 52.180679760873318 11.353260643780233 47.214447565376759 575.41146537661552 14.553422309458254 24.227268740534782 39.283378168940544 11.537949964404108 22.308323495090008 357.2823259010911 62.286796346306801 791.30914016067982 14.091086611151693 46.205921433866024 14.771225452423097 13.732168637216089 19.944229707121849 105.16196629405022 13.481123387813566 400.89324010908604 21.59375386685133 26.847096160054207 56.23177819699049 14.486882627010344 22.639065839350224 224.33968196064234 22.343440838158131 186.79926956444979 82.176651984453201 12.485816232860087 12.597151607275007 26.908095441758633 794.60415403544903 15.894517496228216 23.523052260279655 30.063592724502087 22.123185269534588 26.806974299252033 98.794738262891769 20.449463188648224 360.85514801740646 12.242475531995295 198.77494244277477 13.081000812351702 95.243445888161659 24.494677841663361 10.126987941563131 10.5955753326416 127.04531572759151 18.052120342850685 167.10206142067909 105.83727294206619 25.901271522045135 108.69861516356468 230.57105015218258 31.652260065078735 58.609882175922394 212.87556293606758 16.659933999180794 17.156037971377376 131.36035726219416 25.600856840610504 13.968484669923781 14.652720496058462 22.315418310463428 44.838755622506142 14.403201982378958 18.43730066716671 19.670388326048851 14.639514647424219 11.323571249842642 31.977596133947372 38.346337802708149 18.842656999826431 14.836602807044981 18.457900896668434 53.015044376254082 13.486918807029726 45.100306257605553 11.623894199728964 17.359584875404835 10.846289493143557 49.747025944292545 153.95814034342766 16.623808175325397 13.555802889168261 18449.970942080021 62.446174167096615 15.932097166776655 2292.2221135646105 53.088875994086266 182.87025991082191 10.459216669201849 1099.4346773326397 30.527071438729763 10.160734698176382 14.647201828658579 9.315791502594946 45.927096657454967
leaf_count=25178 161 627 124 1616 159 124 3649 585 100 118 168 586 103 258 2868 128 189 189 117 180 4027 365 5441 106 316 113 107 172 470 110 2055 186 216 460 112 175 1836 190 1604 645 103 102 223 4321 123 188 329 197 144 568 119 2982 105 1278 113 828 274 98 113 978 135 944 851 211 950 2043 272 334 1225 124 126 944 185 101 106 160 385 120 151 160 127 118 224 301 111 136 176 318 139 403 116 171 103 543 1689 167 138 216620 665 167 26690 323 1054 101 12597 350 104 113 100 227
internal_value=-0.000676443 0.103737 -0.0470538 0.0691171 -0.0531776 0.00226581 0.0421975 0.0164451 0.0883097 0.051923 0.0941876 -0.0539105 0.0264282 0.0908599 0.0916901 0.00950411 0.0500642 0.113197 -0.0222072 0.0291717 -0.045933 0.089588 0.0512946 0.0357045 0.0470366 0.027274 0.00756997 -0.00522055 0.120125 0.0440881 0.0946161 0.015482 0.0174115 0.024527 0.0199025 0.0389553 0.0194801 0.00228734 0.00828228 0.0124435 0.0452988 0.0219873 0.011262 0.0836923 0.0330887 0.0520729 -0.0330246 -0.00347769 0.134657 0.0735812 0.0521106 0.0136232 -0.000856173 0.0589366 0.00558628 0.00882478 -0.0478649 -0.0418129 0.0121267 0.0319553 0.0603051 0.0749375 0.0149987 -0.000176599 -0.00532539 -0.00676332 0.00723123 0.0693556 0.0645896 0.0436701 0.0380921 0.0431333 0.0547771 0.0431629 0.0100693 0.0473916 0.00677616 -0.0103648 0.0353123 0.0208398 6.36601e-05 -0.0346803 0.0519463 -0.00462667 0.0653763 -0.00270755 -0.0189361 0.080498 -0.0210942 -0.00977251 -0.0374826 -0.0305243 -0.0289341 -0.044618 -0.039251 -0.0132656 -0.0217504 -0.0546064 -0.0423985 -0.00774681 -0.0524594 0.0815333 0.0830592 -0.0388615 -0.0500415 -0.0387389 -0.0370886 0.0727826 -0.0457453 0.0998981
internal_weight=36286.3 11159.6 25126.7 5267.21 22917 298.776 2194.5 2209.7 3072.71 1354.84 2189.95 22618.2 839.66 63.8767 2004.16 1626.33 1330.09 170.96 234.899 792.489 1823.85 1833.2 1292.13 583.369 837.515 287.249 37.9594 100.696 185.796 84.8599 976.305 887.818 794.503 365.49 202.389 54.7823 296.772 738.514 362.567 147.607 68.7176 94.7738 429.014 856.891 618.772 71.3788 241.638 375.946 5892.4 882.757 56.4004 387.702 93.3145 454.616 340.224 282.043 1582.21 427.752 20.7226 602.877 32.1432 826.356 173.717 48.2096 353.823 339.27 66.4331 423.369 311.67 296.12 202.144 170.336 93.975 68.3742 31.8088 153.676 71.7207 41.3113 41.9604 125.508 59.4783 134.203 54.4057 52.8332 39.2921 46.4889 47.1707 402.987 51.1177 58.1813 195.646 28.7128 34.2626 407.029 184.022 45.9924 30.1796 20794.4 83.0855 29.419 2344.4 111.699 349.972 23.4163 1154.46 55.0217 21.6987 29.4184 71.762 80.6342
internal_count=342737 57375 285362 32053 267196 2700 15667 18166 16386 9065 11290 264496 6602 382 10425 13784 8947 816 2318 6152 20600 9609 8651 4382 5757 2251 296 908 865 675 4923 7328 6525 2984 1576 416 2421 6456 3138 1160 563 747 3541 4686 4750 565 2598 3318 25322 5096 330 3198 803 2894 2948 2432 18002 4781 211 4627 241 4766 1402 391 3121 2993 580 2450 1793 2131 1460 1228 671 486 232 1104 617 343 339 1011 512 1410 385 413 230 408 450 2316 527 516 2134 274 328 4570 2018 464 305 243896 883 306 27276 657 1998 225 13221 624 221 226 765 395
is_linear=0
shrinkage=0.05


Tree=7
num_leaves=114
num_cat=0
split_feature=93 107 21 1 44 1 21 61 2 21 1 48 53 34 21 1 3 2 107 105 34 51 23 36 44 102 105 1 38 107 24 9 9 44 44 97 115 93 94 96 115 95 115 65 100 3 49 17 115 115 32 34 107 109 114 114 96 49 53 109 95 115 93 115 36 9 112 3 102 36 3 28 99 100 109 95 28 49 3 48 114 3 100 96 44 95 9 50 115 94 102 95 19 71 107 100 53 96 84 11 44 113 54 113 109 65 94 1 3 107 1 2 3
split_gain=62976.2 3983.34 3746.65 949.475 349.919 216.491 198.809 75.7436 70.7734 61.2166 52.973 47.2657 33.9432 28.3626 25.1302 23.9229 23.1053 23.0928 22.8368 21.6632 19.503 19.1905 17.5523 15.1027 15.4969 14.9053 14.7528 13.7463 15.482 13.335 12.5892 12.2108 11.0586 10.2985 10.1286 10.0941 9.68388 9.62369 9.31721 9.26576 9.42711 9.24639 9.23384 10.6925 9.33117 9.2176 9.7649 9.15663 8.96647 8.87178 8.71561 21.7506 11.9904 10.5619 8.67555 10.5954 8.63828 7.965 7.95734 7.87312 7.80701 7.54042 7.30459 6.98998 6.89449 8.70736 11.185 6.74617 6.5889 6.43546 6.00573 5.93952 7.56479 5.87343 5.82395 7.31983 5.77033 6.25301 5.74384 6.46015 5.7282 5.68972 6.28578 9.8432 7.39802 5.6434 5.27336 5.10184 4.43006 4.29111 4.83532 4.28015 4.17454 4.13946 4.00657 3.80843 2.74269 2.66679 4.83601 2.59777 2.57485 2.52106 2.43607 2.67735 2.11701 1.4285 1.40848 1.15803 1.13494 0.785568 0.523115 0.32426 0.194451
threshold=1.5000000000000002 0.42780525982379919 19.500000000000004 16.500000000000004 0.067117117345333113 7.5000000000000009 51.500000000000007 3.7976217269897465 1.8293986320495608 50.500000000000007 20.500000000000004 0.020067113451659683 0.64747309684753429 25.500000000000004 15.500000000000002 3.5000000000000004 1.7547054886817934 1.4390774369239809 1.4209144115448 2.4682825803756718 20.500000000000004 0.54545441269874584 1.5000000000000002 32.500000000000007 0.1155870445072651 11.358935832977297 5.4958775043487558 1.0000000180025095e-35 3.5000000000000004 1.2159997224807741 7.5000000000000009 76.500000000000014 81.500000000000014 0.43050193786621099 0.040408162400126464 0.29705883562564855 0.0003974525752710179 2.5000000000000004 8.4021215438842791 0.5992700755596162 0.00039925661985762423 5.7893023490905771 0.00057644629850983631 9.0371813774108904 7.5662674903869638 2.084622979164124 0.28552378714084631 5.5000000000000009 0.00037102447822690015 0.00044314570550341165 3.5000000000000004 5.5000000000000009 1.6072049140930178 0.7931680977344514 -4.6529157161712638 -4.5712375640869132 0.32955697178840643 0.27202939987182623 0.57043650746345531 0.01161230029538274 10.371532917022707 0.00065986448316834878 2.5000000000000004 0.00056335655972361575 2.5000000000000004 58.500000000000007 -14.465739727020262 2.3259208202362065 2.0169008970260625 15.500000000000002 1.9359971880912783 1.5000000000000002 9.4779176712036151 0.62816402316093456 0.43016375601291662 8.7825942039489764 2.5000000000000004 0.45035210251808172 2.2318032979965214 0.076817698776721968 3.3227851390838627 2.5139920711517338 9.9960703849792498 0.49827586114406591 0.29833745956420904 9.2637071609497088 84.500000000000014 2.1428537368774419 0.00057458836818113934 6.4948198795318612 9.3031845092773455 5.7893023490905771 10.500000000000002 7.2031738758087167 0.98098626732826244 2.5910792350769047 0.40085470676422125 0.38784307241439825 0.11010101065039636 2.5000000000000004 0.091372914612293257 -8.7279710769653303 1.2521186470985415 -8.8739614486694318 0.57126930356025707 10.967702865600588 6.4948198795318612 2.5000000000000004 1.5420657992362978 1.8568982481956484 9.5000000000000018 1.4489225745201113 1.7251294255256655
decision_type=2 2 2 2 2 2 2 2 2 2 2 2 2 2 2 2 2 2 2 2 2 2 2 2 2 2 2 2 2 2 2 2 2 2 2 2 2 2 2 2 2 2 2 2 2 2 2 2 2 2 2 2 2 2 2 2 2 2 2 2 2 2 2 2 2 2 2 2 2 2 2 2 2 2 2 2 2 2 2 2 2 2 2 2 2 2 2 2 2 2 2 2 2 2 2 2 2 2 2 2 2 2 2 2 2 2 2 2 2 2 2 2 2
left_child=1 34 7 5 6 15 17 26 10 13 64 23 85 16 29 20 21 73 38 -18 25 -7 62 37 -25 36 32 48 39 -10 68 -15 35 47 -1 88 -3 56 94 60 87 -42 49 44 -44 46 -20 71 -9 59 52 -52 91 -53 -37 -56 93 -54 -33 -30 67 -45 96 -51 89 -66 -67 -29 -19 101 -34 -28 -73 -4 75 -32 77 -72 79 -49 -47 82 84 -84 -50 -8 -27 -41 -2 109 -91 -17 -31 -6 -12 -83 -13 98 -39 108 -101 -22 103 -75 -97 -98 -80 -64 111 -5 -76 -24 -94
right_child=2 3 4 8 11 9 12 27 14 -11 18 22 -14 31 -16 50 19 30 45 -21 69 -23 99 24 -26 86 33 28 42 92 74 58 70 -35 -36 54 -38 97 -40 40 41 -43 43 61 -46 80 -48 78 81 63 51 53 57 -55 55 -57 -58 -59 -60 -61 -62 -63 107 -65 65 66 -68 -69 -70 -71 76 72 -74 102 110 -77 -78 -79 106 -81 -82 95 83 -85 -86 -87 -88 -89 -90 90 -92 -93 112 -95 -96 104 105 -99 -100 100 -102 -103 -104 -105 -106 -107 -108 -109 -110 -111 -112 -113 -114
leaf_value=0.12388747134825187 0.037473212498373175 -0.01032352549005585 0.00066484721951175923 0.095503567762531244 0 0.098734598389286554 0.11731937906539132 0.038094439259767757 0.11250360028504634 0.12755262075871973 0.11672360686061907 -0.012006075420182869 0.016089729539938924 0.041888187404782264 0.1171338355980987 -0.024054407167832859 0.056638229194486134 -0.0017716419957475875 0.075768579036221181 0.041368180596768604 -0.0099684015579526199 0.056543672929723857 -0.052793390645179974 0.034743320660857772 -0.040358019879352343 0.073655844552424563 0.056231853879211639 0.014775882582528186 0.029748162911618466 0.09159179527017336 -0.019034191972335506 0.020657517498663614 -0.0041793249085996182 -0.020866472799960296 0.079499888013796358 0.068810936697692046 0.021064734977910362 -0.026418420403430593 0.068979488303017172 0.052162559529471533 0.042500451525506945 0.00038174390252738148 0.06832610947121355 -0.0048736073802971977 0.015076770103241949 0.073019511954473829 0.044180503421171621 0.023749553273205708 0.0060584682791240494 -0.038425672981598345 0.087664054132657945 0.0385095817053683 0.047223150973323448 0.01574384479674212 -0.010393822393553385 0.03160190694433359 0.021242066001844626 0.0086047047377969532 -0.026029097195490465 -0.0037929147819929575 0.056149650613412129 0.030194608119377769 -0.051326667489707559 -0.007044274546238705 0.031770161227315998 0.03273114124261061 0.066707684019428531 0.030436696885306005 0.037449207426547344 0.016251667364723058 0.012013079451498728 0.040702454894985252 -0.0077321278275619409 -0.0042076972826367073 -0.021209153432822231 0.026896913953823483 0.051134908631555336 0.043414613334176649 -0.020283039031076346 -0.0014771247168191609 0.087716857453108282 0.0061843703803047319 -0.010686436554614149 0.024040276176955613 -0.0081825727778277787 0.068016802632386436 0.028664888423492831 0.0090463245289155569 0.076394168549684074 0.073974351670383284 0.048774169544237023 0.012062574672618539 0.082275266621159943 -0.035692659285959653 0.09494831732255947 -0.03907069526856697 -0.031616800937870074 -0.048208725131946996 -0.04435839100921693 -0.027129593425384263 -0.054679826238435703 -0.04017602495338049 -0.047601797728674261 -0.033895229243169629 -0.011825694759423059 -0.046789396958808925 0.0016864558609228913 -0.046092945990237472 -0.035547627484097372 0.065989820796418838 -0.045681634511109813 -0.039556640782679175 0.06186936287160974
leaf_weight=5966.7167565524578 22.331806696951389 24.567457288503647 10.379454635083674 49.311853989958763 10.752799317240713 56.834781035780907 26.730533629655838 14.433700509369372 99.906676396727562 28.121179059147835 73.299503237009048 14.30677719414234 17.946802414953709 32.957508556544781 166.27880981564522 14.903514206409456 1067.5529359653592 19.644464857876301 308.29727722704411 333.20980350673199 17.634571924805641 72.493004687130451 3196.7666837796569 13.887640736997129 10.89613416790962 16.802745744585991 21.132316686213017 248.8626846075058 26.21409334987402 448.1788178384304 24.887297384440899 18.768813014030457 24.085142031311989 16.95213794708252 24.371103756129742 15.030681125819681 490.58867634087801 78.847523473203182 43.455745726823807 15.505193784832956 12.632944718003271 174.3022875636816 12.15464250743389 68.079498767852783 25.4827930778265 156.06163917481899 36.4629046022892 81.447928361594677 175.47907603532076 21.455912716686726 19.970298409461975 308.23937467485666 34.53708416223526 66.445847116410732 14.540375567972658 416.90968060493469 9.745547801256178 23.60918702185154 15.096381075680254 45.55699411034584 14.478657461702822 18.100889407098293 667.28405848890543 88.7109005600214 29.762084513902664 32.654232293367386 285.0505103468895 100.83200814574957 20.578774452209473 12.233896985650061 91.87651588767767 16.840888224542145 13.131130643188952 9.9972930774092656 11.090856514871122 11.363691948354242 14.738362222909926 18.831042617559433 12.716275542974474 35.280301846563816 578.84286762773991 12.238982588052748 28.193261981010437 63.72010700404644 186.16519069671631 20.708254046738148 16.520945131778717 13.860562339425085 19.897351339459419 104.43447013199329 43.696339249610901 14.707038730382918 51.26066629588604 35.053011454641819 241.55115161836147 14.419785365462301 71.63525615632534 144.46304771304131 107.24892023205757 14.339773580431936 16715.522935219109 13.363470546901228 46.561866581439972 64.254668794572353 19.116019532084465 44.029717825353146 12.999133415520189 463.46264746040106 26.096213318407536 24.31471560895443 11.492323204874991 33.256815999746323 43.145914927124977
leaf_count=24815 159 204 108 273 110 320 137 125 442 125 327 152 139 194 738 103 6577 165 1549 2168 171 471 38911 120 115 130 153 2060 225 2169 239 124 190 135 144 109 3813 875 211 128 102 1461 101 574 211 788 190 624 1529 183 140 2193 242 474 104 3052 96 167 118 387 120 154 8005 749 166 185 1594 831 166 108 717 131 103 107 109 110 121 149 100 285 2875 107 244 556 1653 108 129 119 139 587 248 101 251 365 1151 125 809 1656 1235 172 205306 131 505 689 165 499 102 5510 306 136 109 393 211
internal_value=-0.000797069 0.0954969 -0.0465811 0.0648018 -0.0528772 0.0435644 0.0011136 0.0148744 0.0851207 0.0550849 0.0798645 -0.0536147 0.0770781 0.053684 0.0979811 0.0260734 0.0550859 -0.0207746 0.0851217 0.0530611 0.0192117 0.0760809 -0.0539433 -0.0364675 0.00092583 0.0217668 0.0266531 0.0077055 0.011474 0.0927474 -0.00236131 0.0209312 0.0304636 0.0149187 0.123729 0.0341507 0.0195229 -0.0388878 0.0970777 0.0162635 0.00791438 0.00359682 0.00231375 0.0127876 0.0344883 0.0810155 0.0726625 0.0182406 0.00117102 -0.00480602 0.0343835 0.0376111 0.0193684 0.0345778 0.0316829 0.0301324 -0.018581 0.0323212 -9.29009e-05 0.00867955 0.0211423 0.00276844 -0.0478763 -0.0136797 0.0663776 0.0608832 0.0634171 0.0194308 0.0186796 -0.012624 0.0181275 0.0362336 0.0198077 -0.0344183 -0.0170189 -0.00387453 0.0224879 0.0179525 0.0114055 0.0161184 0.0847645 0 0.00170799 0.0132807 -0.00124843 0.0987463 0.0538333 0.0335644 0.0580319 0.0744749 0.067171 -0.00607762 0.0887912 -0.02767 0.100579 -0.0165168 -0.035387 -0.042171 -0.0370827 -0.0543218 -0.0546592 -0.0245521 -0.0374854 -0.0301926 -0.0249972 -0.0380029 -0.00932917 -0.0492542 -0.0525608 0.0874021 -0.0361477 -0.0526786 0.0741671
internal_weight=35708.2 11506.2 24202 5515.12 21953.2 2699.16 295.636 2248.74 2815.97 1625.03 2007.2 21657.6 65.3856 1596.91 808.771 1074.12 1530.09 230.251 1437.97 1400.76 591.712 129.328 21246.7 410.895 24.7838 548.48 848.741 1400 886.23 642.492 99.0574 66.8227 638.241 210.5 5991.09 488.71 515.156 386.111 358.306 580.474 216.301 186.935 305.756 123.818 37.6374 1079.66 344.76 193.548 513.766 181.938 482.412 394.656 87.7568 374.685 446.481 431.45 55.5514 58.1463 33.8652 71.7711 364.173 86.1804 1260.72 110.167 569.224 347.467 317.705 349.695 40.2232 43.2319 149.531 51.1043 29.972 131.193 58.8342 36.251 125.446 110.708 142.444 116.728 734.905 499.332 453.558 91.9134 361.644 47.4388 33.3237 29.3658 42.2292 221.757 148.131 29.6106 542.585 45.8058 314.851 45.7748 129.972 330.559 186.096 19986 16729.9 30.998 120.814 74.252 33.5358 115.665 25.7154 1130.75 3256.12 73.6266 22.5832 3230.02 94.4066
internal_count=342861 57253 285608 32294 267326 18203 2691 18282 14091 10097 10280 264635 384 9972 3811 8106 9536 2307 7091 8745 4686 791 260063 4572 235 4276 6373 11909 7405 3073 898 436 4740 1633 24959 3563 4017 4337 1689 4821 1810 1563 2584 1040 312 5402 1739 1498 4504 1544 3420 2807 613 2667 3265 3156 571 409 242 612 3011 728 14975 932 3189 1945 1779 2891 331 410 1177 387 234 1409 567 349 987 866 1111 909 3663 4379 3982 800 3182 245 259 247 298 1244 835 204 2631 475 1478 397 1460 3766 2110 245088 205478 302 1301 796 290 1308 202 13515 39610 409 218 39304 462
is_linear=0
shrinkage=0.05


Tree=8
num_leaves=106
num_cat=0
split_feature=93 103 21 1 44 19 48 1 69 52 48 21 53 17 2 103 23 94 111 28 2 1 103 2 36 82 21 17 94 99 111 36 93 102 113 21 71 46 99 46 46 100 99 36 63 2 109 112 67 86 112 34 53 24 105 111 74 112 17 90 100 9 38 13 50 103 96 53 93 1 2 100 101 67 107 109 86 34 46 113 1 80 96 2 49 63 101 100 102 44 21 67 109 53 109 11 44 9 53 67 63 63 17 96 1
split_gain=56381.6 3775.35 3737.87 739.537 372.62 216.787 109.665 101.212 75.9433 55.9117 52.0434 36.3993 33.1951 29.9213 28.2364 24.9693 18.1021 17.7122 16.1661 15.5945 14.9373 14.5415 14.1377 13.7293 13.6847 12.6375 10.7622 9.9963 9.7061 9.61773 9.69597 9.58987 9.36213 9.20187 9.13837 8.88281 8.69107 8.57072 8.50907 11.9076 8.50573 8.37113 10.643 9.75449 10.0633 7.87331 8.92641 7.83567 8.44883 7.89601 9.94237 7.83447 7.55556 8.98966 7.31361 7.29069 7.25773 8.84085 6.91991 9.87395 7.22906 7.05004 6.83847 6.61265 6.51089 7.01411 6.41542 6.34827 6.34776 6.27405 6.26864 6.18182 5.97396 5.87358 5.87122 5.34714 6.67911 5.27289 5.22377 4.52052 4.31616 3.77194 3.93794 3.87998 3.67248 5.48892 3.48858 3.47844 3.36816 3.10454 2.62336 2.01569 3.05413 2.30192 1.95168 1.85599 1.89148 1.68051 1.73926 1.44978 1.3828 0.428335 0.265176 0.169129 0.0494092
threshold=1.5000000000000002 0.26727814972400671 19.500000000000004 13.500000000000002 0.067117117345333113 49.500000000000007 0.022222221828997139 19.500000000000004 3.9664155244827275 0.87555310130119335 0.020067113451659683 15.500000000000002 0.68795290589332592 16.500000000000004 2.3889811038970952 1.0180123448371889 1.5000000000000002 9.2116336822509783 -8.4162640571594221 1.5000000000000002 1.5324124097824099 3.5000000000000004 2.2586323022842412 0.17355933040380481 40.500000000000007 7.5000000000000009 34.500000000000007 6.5000000000000009 6.8277537822723398 11.474996566772463 -8.3860607147216779 8.5000000000000018 2.5000000000000004 9.4786596298217791 -7.2855563163757315 8.5000000000000018 7.2031738758087167 0.14201681315898898 2.2454854249954228 0.20069444924592975 0.20069444924592975 1.0894033312797549 1.7307698130607607 4.5000000000000009 9.0918335914611834 0.68754473328590404 0.69162359833717357 -6.6538312435150138 11.435561180114748 0.42740046977996832 -6.5702686309814444 21.500000000000004 0.40085470676422125 7.5000000000000009 1.8978503942489626 -14.937507152557371 1.5000000000000002 -6.6676998138427725 12.500000000000002 5.5000000000000009 8.2028679847717303 79.500000000000014 1.0000000180025095e-35 1.5000000000000002 2.142855286598206 1.5141340494155886 0.49827586114406591 1.2445626854896548 2.5000000000000004 25.500000000000004 0.82340019941329967 0.59929415583610546 10.586132526397707 11.605745792388918 1.7802128791809084 1.0302008986473086 0.24908759444952014 12.500000000000002 0.24372374266386035 -7.3580486774444571 9.5000000000000018 1.0000000180025095e-35 0.38784307241439825 1.746773958206177 0.2070197016000748 9.0537023544311541 3.1313551664352421 0.71743309497833263 1.0525668263435366 0.30697411298751837 22.500000000000004 11.289298057556154 0.65147271752357494 0.50373134016990673 0.029522183351218704 2.5000000000000004 0.091372914612293257 83.500000000000014 0.40085470676422125 11.391804218292238 9.5064072608947772 7.7971372604370126 13.500000000000002 0.23166368901729587 2.5000000000000004
decision_type=2 2 2 2 2 2 2 2 2 2 2 2 2 2 2 2 2 2 2 2 2 2 2 2 2 2 2 2 2 2 2 2 2 2 2 2 2 2 2 2 2 2 2 2 2 2 2 2 2 2 2 2 2 2 2 2 2 2 2 2 2 2 2 2 2 2 2 2 2 2 2 2 2 2 2 2 2 2 2 2 2 2 2 2 2 2 2 2 2 2 2 2 2 2 2 2 2 2 2 2 2 2 2 2 2
left_child=1 40 8 6 5 20 9 14 19 18 24 15 -7 21 26 28 68 69 52 41 51 29 34 47 32 73 31 56 87 30 -8 35 36 62 -23 -5 -6 -33 39 -20 -1 71 66 44 -44 55 -47 89 49 50 -49 -4 80 -54 -40 -35 75 -58 59 61 -61 -29 -21 -59 65 -64 -43 -57 97 -17 -48 -2 -51 100 78 76 -25 -45 -27 -31 -3 82 -34 -83 85 -15 -50 -9 -19 -10 102 92 -53 -93 -38 103 -97 -12 -99 -86 -22 -70 -18 -92 -103
right_child=2 3 4 7 10 12 13 11 23 -11 16 -13 -14 84 -16 17 90 88 38 33 25 22 -24 27 -26 74 -28 58 -30 79 -32 37 81 45 -36 -37 94 -39 54 -41 -42 42 43 77 -46 46 70 48 86 72 -52 91 53 -55 -56 67 57 63 -60 60 -62 -63 64 -65 -66 -67 -68 -69 101 -71 -72 -73 -74 -75 -76 -77 -78 -79 -80 -81 -82 83 -84 -85 99 -87 -88 -89 -90 -91 95 93 -94 -95 -96 96 -98 98 -100 -101 -102 104 -104 -105 -106
leaf_value=0.11542333800143648 0.033414580601687602 0.032393302355720105 0.0098978554810866884 0.063001152595140567 0.015272895685880576 0.098387553029537 0.00998740944951358 0.073546649730758543 -0.00079087594539549986 0.11278196216545114 -0.014453255785533173 0.10873583858787172 0.013951543278133586 -0.023990899066801019 0.11140243358097274 0.071751907951635704 -0.01643188913627926 0.032784676596090988 0.050639033935894175 0.05582537823809413 0.012568995297100833 0.025268731427412556 0.078242065575926958 0.024119596613032222 0.0059444923204405222 0.0082093820898924124 0.018786411938348711 -0.0041631484579623471 0.067899249393173045 0.060633606377729923 0.023726530568862425 0.097091352779246298 -0.02396917894055893 0.024738439952589328 0.05160988776570196 0.052457062409210102 -0.011005409776594109 0.056080457529170208 0.061486742404011009 0.026354825154576041 0.08075564855610845 0.083136824772361215 0.043624583195925923 0.023638402731691561 0.017093840418322508 0.001356983523278097 0.065019770660041151 0.039988795842287116 -0.042848955909579933 -0.0059376489199394651 0.0070384642561591732 -0.031917506126861464 0.033118096073499262 -0.001777275264696407 0.046827002228642632 0.0075138337259734655 -0.016004872449923664 0.043672475848589389 -0.021869361785166578 0.010509717610356815 0.036134280772691492 0.009822846406283843 0.015627965136421753 0.020787816122199002 -0.010142286304175619 0.030289392366386576 0.03910281768339699 -0.023732860485576157 -0.027614475802963834 0.07944516141101618 0.015104570067726468 -0.0067298837871240004 0.017808142052080169 0.041780878820993239 -0.043535412648975216 -0.021916401866815829 -0.0085004531269158388 -0.0073060305817376422 -0.032521587832514763 0.018992250631287479 0.066653411758285874 -0.04643434406003337 -0.044046617197384889 -0.0099531815536994788 -0.013749001077001378 0.020848145098510219 -0.0036110460918025271 0.10971941322721934 0.059097852452303118 -0.032944267741366468 -0.045151224974750929 -0.016029617589210211 -0.0041812332802981063 -0.042768694429529741 -0.037092120335053928 -0.027712115151573936 -0.054398103654324306 -0.016497845872820601 -0.039894587527024468 -0.044486524799164644 -0.010308199454215055 -0.050508382304503011 -0.037447719445879941 -0.052627001002458131 -0.046258070742243397
leaf_weight=6156.7824531123042 15.170563161373137 23.287474133074284 10.208173722028731 543.93792168796062 14.187893874943255 53.176899582147598 248.44993704557419 23.676459059119225 12.490992471575735 28.716720312833786 13.034525193274019 107.40439550578594 15.853517070412634 13.357046492397787 27.379747733473778 676.72943709790707 8.6250957176089305 24.734830632805824 99.719445697963238 16.537841819226742 12.2429705709219 198.16031097620726 16.031707867980003 37.588591068983078 18.565571777522564 20.031572014093403 18.794230550527573 144.87006889283657 37.590802013874054 19.119258023798466 281.06769105792046 38.226605117321014 76.131981365382671 19.829510062932968 42.050443790853024 480.02473075687885 13.964081741869448 35.366125240921974 135.30656505376101 120.54940425604582 34.897676840424538 18.862717323005199 177.15591665357351 50.489593632519245 49.824834272265434 24.552735261619091 14.023851759731771 24.336845353245735 11.876732155680658 184.20296387374401 229.20267426967621 33.66611585766077 322.77138463407755 18.838100880384445 494.51782722771168 29.169690020382404 12.630262687802313 40.104459494352341 17.97292560338974 72.527990102767944 46.560768224298954 230.86455027014017 149.20663762837648 193.69746281951666 13.059181272983549 209.61484241485596 25.383984170854092 32.815576329827309 11.061013802886007 1254.0984914004803 13.637418940663336 20.922820404171944 29.293687701225281 13.830365709960459 16.351619735360146 13.536138750612734 24.620420709252357 17.322487078607082 10.808625131845472 13.581174746155737 28.232947930693626 195.0248659402132 46.848349280655384 9.2750349044799787 10.111905187368395 11.039426930248736 11.4001277834177 110.47627054154873 79.104019597172737 20.528127126395702 101.93983188271523 13.317567422986029 15.76403161883354 68.806195609271526 24.724803797900677 12.908314652740954 15948.151601493359 13.582552202045916 95.740181781351566 10.895080521702765 11.029795087873934 625.64402834326029 12.348454944789408 2994.0109354630113 438.42884993553162
leaf_count=25115 102 153 104 3011 142 272 1937 104 108 137 152 450 125 121 120 3374 101 122 623 125 102 1386 113 305 167 174 104 1211 174 142 2148 174 863 159 295 2691 149 190 846 779 175 130 1232 352 350 187 107 209 105 1612 1996 359 2066 141 3191 234 104 307 157 609 391 1936 1143 1599 110 1616 177 263 137 5877 102 149 253 122 151 111 205 122 107 104 168 2344 544 102 102 104 100 481 391 177 1289 139 167 778 262 158 204927 145 1115 113 98 7828 151 38051 5414
internal_value=-0.000720621 0.0883475 -0.0459192 0.0585433 -0.0524981 0.00324314 0.0353635 0.0728376 0.0152242 0.044711 -0.0532944 0.0789278 0.0798469 0.0215352 0.0604208 0.0773994 -0.0536496 0.0756663 0.0429966 0.0265037 -0.0204773 0.0237351 0.0336945 0.00774219 -0.0350734 -0.00357388 0.0590137 0.0117179 0.0970417 0.0191006 0.0173454 0.0596668 -0.0371182 0.0207581 0.030213 0.0581519 -0.0166123 0.07903 0.0469838 0.0376619 0.115249 0.0343646 0.0368142 0.0329828 0.037995 0.00920139 0.0240785 0.00136461 0.00299495 0.00450918 0.0104571 -0.030316 0.0342038 0.0311653 0.0501308 -0.000435709 0.018629 0.0227826 0.00731468 0.00845774 0.0209361 0.00440872 0.0246695 0.0250091 0.0230385 0.024311 0.0602039 -0.00904084 -0.047341 0.0768117 0.0427965 0.0105374 -0.00253148 0.0177211 -0.020552 0.00480584 0.0111564 0.0156024 -0.00660278 0.045223 0.0527108 -0.0403099 -0.0321365 -0.0449113 -0.0173991 -0.00328269 -0.0254173 0.104293 0.053481 -0.0216334 -0.0540413 -0.0335881 -0.023652 -0.0389175 -0.0286876 -0.0540638 -0.0543798 -0.0351877 -0.0373406 -0.0320374 0.00135535 -0.0486639 -0.0309238 -0.0524061 -0.0488341
internal_weight=35010.2 11785 23225.2 5593.35 20969.3 295.087 2135.8 3457.54 2255.89 1271.94 20674.2 2313.81 69.0304 863.864 1143.73 2206.41 20275.5 2034.67 1243.22 897.58 226.057 818.461 256.242 1358.31 398.723 84.2949 1116.35 834.974 171.744 562.218 529.518 1097.56 380.157 522.447 240.211 1023.96 52.8768 73.5927 850.093 220.269 6191.68 375.133 339.04 294.793 226.981 134.029 52.214 523.332 490.313 467.036 253.54 141.762 393.13 341.609 629.824 81.8148 322.177 246.432 512.796 494.823 119.089 375.735 388.419 233.802 371.881 358.821 44.2467 61.9853 1197.49 1930.83 27.6613 36.0934 213.497 37.1031 47.1918 75.7452 62.209 67.8121 30.8402 32.7004 51.5204 327.28 122.98 204.3 45.4035 24.3965 23.2769 134.153 103.839 33.0191 19078 131.554 49.4301 82.1238 38.6889 19057 15961.1 122.357 109.323 21.007 23.2728 1075.13 20.9736 3095.95 1064.07
internal_count=342116 57222 284894 31932 266739 2698 14669 17263 18155 8104 264041 10973 397 6565 6290 10523 259468 9764 7967 6660 2301 6125 1794 11495 4573 754 6170 6935 759 4331 4085 6066 4406 4046 1681 5702 553 364 5439 1402 25290 2614 2363 2056 1582 1052 396 4560 4275 4070 2205 1547 2528 2207 4037 656 2631 2010 4304 4147 1000 3147 2994 1906 2869 2759 307 497 14791 9251 209 251 1865 322 432 621 510 474 281 246 321 3853 1407 2446 440 225 205 585 513 285 244677 1443 526 917 411 244425 205085 1412 1260 215 200 13379 252 39340 13242
is_linear=0
shrinkage=0.05


Tree=9
num_leaves=94
num_cat=0
split_feature=93 21 103 1 2 13 1 1 1 51 21 36 19 2 1 19 32 103 93 36 93 50 96 103 112 34 100 94 65 82 51 108 1 21 51 115 108 32 3 105 98 13 103 9 114 13 50 65 105 71 103 65 24 65 103 109 76 99 99 111 71 76 111 3 36 46 105 100 67 2 96 108 94 90 46 38 103 94 67 46 46 1 113 113 86 21 46 11 111 38 67 38 21
split_gain=50838.5 3744.79 3514.68 654.123 267.354 111.384 103.888 81.7788 64.6686 58.065 43.0567 42.8599 41.225 33.2355 31.1337 31.0717 24.6971 23.5003 21.8459 21.7252 18.3934 18.2493 16.5607 15.5014 14.4942 12.0839 12.0626 12.6377 11.4618 10.6919 10.3395 10.304 9.70427 9.6202 9.28293 9.2412 9.03147 9.12598 13.1393 8.83177 8.8261 8.65961 8.63472 9.43128 9.064 8.51012 8.38327 8.9754 8.72056 8.7875 7.89702 8.78728 8.14305 7.56362 7.02524 15.4305 11.5244 6.98971 11.3688 8.29267 7.50492 9.14884 6.96748 11.7496 7.81846 6.95161 6.7394 6.6994 8.23235 6.44548 7.26061 6.32966 5.34952 5.08595 4.99682 5.53696 4.8935 4.79081 5.94919 4.47074 4.22168 4.03712 3.97561 3.95202 3.27031 3.24353 3.16336 3.00148 2.50341 2.30605 2.08896 1.97072 1.08992
threshold=1.5000000000000002 19.500000000000004 0.31013996899127966 12.500000000000002 1.8760797381401064 2.5000000000000004 18.500000000000004 3.5000000000000004 2.5000000000000004 0.68181815743446361 50.500000000000007 27.500000000000004 15.500000000000002 1.4044657349586489 25.500000000000004 48.500000000000007 17.500000000000004 1.1860079765319826 2.5000000000000004 25.500000000000004 2.5000000000000004 0.5357140600681306 0.18834459781646731 5.1530842781066903 -0.25805658102035517 20.500000000000004 0.58361119031906139 4.2431232929229745 11.346645355224611 4.5000000000000009 0.5149553418159486 9.673704147338869 9.5000000000000018 14.500000000000002 0.8995911478996278 0.00037429263466037815 7.335695981979371 4.5000000000000009 2.1373851299285893 8.1959066390991229 10.500000000000002 1.5000000000000002 4.4024357795715341 74.500000000000014 3.3922973871231084 1.5000000000000002 1.7104923129081728 7.8802204132080087 1.2332175970077517 5.3752143383026132 1.1860079765319826 7.0753226280212411 2.5000000000000004 9.9440488815307635 1.5235664248466494 0.0040605419781059035 90.500000000000014 1.590254604816437 1.1297866106033327 -8.3305268287658674 7.4280436038970956 24.500000000000004 -8.3661251068115217 2.084622979164124 4.5000000000000009 0.60208335518836986 2.1226105690002446 1.3539003133773806 11.708721637725832 1.5324124097824099 0.2524509876966477 10.690575122833254 10.128361225128176 4.5000000000000009 0.21452540904283526 12.500000000000002 1.0442442893981936 7.2720718383789071 9.7723512649536151 0.11167800426483156 0.33287920057773596 34.500000000000007 -8.7661981582641584 -8.7003431320190412 0.24908759444952014 7.5000000000000009 0.18146027624607089 2.5000000000000004 -8.4057359695434553 2.5000000000000004 10.209087848663332 33.500000000000007 21.500000000000004
decision_type=2 2 2 2 2 2 2 2 2 2 2 2 2 2 2 2 2 2 2 2 2 2 2 2 2 2 2 2 2 2 2 2 2 2 2 2 2 2 2 2 2 2 2 2 2 2 2 2 2 2 2 2 2 2 2 2 2 2 2 2 2 2 2 2 2 2 2 2 2 2 2 2 2 2 2 2 2 2 2 2 2 2 2 2 2 2 2 2 2 2 2 2 2
left_child=2 8 32 7 5 11 15 25 29 19 16 13 14 45 67 26 24 81 23 -6 30 22 -7 36 28 39 -5 31 -9 35 -15 -28 -1 -29 -26 77 37 88 -39 42 72 -31 44 -44 -4 53 48 66 73 -50 52 -52 -38 -3 90 83 -57 58 60 62 76 -62 64 -64 -59 -49 -48 85 -69 86 -71 -19 -11 -37 75 -27 -20 78 -2 -47 -22 -16 -18 -56 -25 -8 -24 91 -10 -61 -43 92 -23
right_child=1 4 3 6 9 21 12 10 18 40 -12 -13 -14 20 17 -17 82 71 57 -21 80 87 69 84 34 74 27 33 -30 41 -32 -33 -34 -35 -36 46 50 38 -40 -41 -42 54 43 -45 -46 79 47 65 49 -51 51 -53 -54 -55 55 56 -58 59 -60 89 61 -63 63 -65 -66 -67 -68 68 -70 70 -72 -73 -74 -75 -76 -77 -78 -79 -80 -81 -82 -83 -84 -85 -86 -87 -88 -89 -90 -91 -92 -93 -94
leaf_value=0.067588380643458346 -0.0066614151481193627 0.0083701629278984998 0.010995159277105124 0.012366499099513387 0.018672996718165424 0.010744911754911182 0.061481559557523928 0.037788465577007407 0.074853868911364974 0 0.11062123901536081 0.064272251250962836 0.1012900770594935 0.032638984374291434 0.082077083018547367 0.1112607788276585 0.0079992144207784305 0.070637175600766419 -0.024794560389117887 0.087814649248502075 -0.035370733051551931 -0.022207488870233855 -0.023320342809930415 0.0075416253890256222 0.0019927610558627463 -0.021476157419854879 0.078914682242647458 0.048902810721564903 0.065284484330075748 0.029158357079711629 -0.0085962092037016775 0.041887428186361625 0.10826851773444496 0.064795699995187139 0.035078095648200538 -0.034946502629114223 0.038932240067238492 0.04562569572390876 0.016348614383833917 -0.020102308469647882 0.021639253359438931 -0.047348158771046783 0.047700148847647408 0.020737463372767658 0.038263549171727092 -0.0077693551622365666 -0.011831114011984839 -0.00034245770616980731 0.035321430934972732 0.01163852905606016 0.00024699039301072568 0.030445517465184764 0.00085112733987135591 -0.031995511328243062 0.0034574027006685441 -0.04392782660846864 0.0011974334472341366 0.0031099863380459588 0.059969118227365815 0.0010261429509174974 0 0.053858698342017057 0.00036266306868710076 0.053967076119225889 0.026554788137106253 0.035066201677093865 0.025287842173579635 0.065208148947003219 0.028819419543113629 0.0013801577450251925 -0.039357973274759414 0.084719752299826451 -0.043526077393088614 0.0068635851890839136 -0.033045958644276376 0.020502522222027912 0.014895791526538974 0.053467767632282281 0.039495044395600178 -0.044373220356744708 -0.0017329911007527097 0.10307991565043764 -0.02877907429334732 0.042922157181246041 -0.023797329221763541 0.033716055432527689 -0.049416546040425245 -0.054150791081197407 0.042072739329153203 -0.025287638241650475 -0.016048193951808867 -0.01864150227498618 -0.051928261798952005
leaf_weight=25.173950329422951 12.960483320057394 12.086910068988798 320.64695786684752 20.116420686244965 18.529554978013039 11.340344019234179 22.457324624061584 1247.2680439278483 20.865949645638466 10.418250009417536 18.911846309900284 9.4583012461662275 123.59561605751514 18.109520949423313 132.88240273296833 23.074025496840477 13.055610105395319 1082.7227472662926 13.038005746901037 34.936210371553898 81.537045828998089 7.3523275777697554 17.13504970818758 17.844804689288143 48.37355862557888 12.341320864856245 87.874007150530815 865.58506916463375 41.858098328113556 13.036759711802004 65.998054437339306 33.221751525998116 6242.7084942311049 130.73379881680012 37.509909704327583 13.384448543190958 17.462246842682362 89.76354418694973 72.787109240889549 13.760606341063975 11.1867513731122 13.120215125381948 43.128056362271309 153.74918395280838 33.070683486759663 9.8687592074274999 13.596254222095011 464.36281579732895 43.00112684071064 413.16364481300116 26.273780629038811 422.82166045159101 56.548491626977921 98.067017249763012 12.107947230339052 24.136309161782265 30.477184556424618 158.56138540059328 18.026809811592102 13.144077681005003 13.538847528398039 17.353043243288994 18.41109050065279 22.663978226482868 45.050679311156273 12.775218077003954 65.945085182785988 890.78723065555096 20.230571374297142 11.572714976966379 103.38897507637739 141.90879997611046 18.069250948727131 12.789734356105326 13.599620208144186 16.5525988265872 15.017967522144316 14.872649461030958 12.108859919011591 526.05568338930607 11.398181483149527 92.124642297625542 13.207621939480303 14.219300314784048 12.908234171569346 42.041086047887802 1216.4361044317484 15106.681234464049 23.161575265228748 17.933107681572437 14.182081945240496 7.5744037926197043 2709.3745473474264
leaf_count=143 106 128 2440 105 143 101 107 7961 146 103 82 46 512 161 570 96 104 4947 101 174 902 85 212 144 316 113 483 4748 270 103 652 183 25146 672 243 110 126 637 527 104 92 118 325 1164 247 112 115 4009 346 3415 188 3055 414 1103 110 215 270 1245 138 103 105 135 146 177 354 109 550 4365 100 120 1258 649 196 108 147 147 113 124 102 6648 129 392 105 128 106 201 15761 203144 163 144 129 91 35966
internal_value=-0.000802262 -0.045247 0.0822373 0.0539306 -0.0521749 -0.0525687 0.0664157 0.0310464 0.014986 0.031859 0.0376163 -0.034511 0.0721181 -0.0357731 0.0705655 0.0538074 0.0365067 0.0754211 0.0236634 0.0651978 -0.0162965 -0.0533488 -0.0474469 0.0284491 0.0374261 0.0155999 0.0524882 0.053184 0.0387639 0.00691017 0.000581811 0.0694749 0.108123 0.0510925 0.0169114 0.00849673 0.029915 0.0390248 0.0328463 0.0175421 -0.0135645 -0.00705445 0.0185531 0.0270104 0.0137236 -0.0410447 0.00754798 0.00332863 0.0123715 0.0140013 0.0261972 0.0287077 0.0105634 -0.0274238 -0.011846 -0.0040769 -0.0192085 0.0132413 0.0265279 0.00937308 0.0149014 0.0313404 0.0124914 0.0310341 0.00850234 0.000691628 0.018718 0.063235 0.0644597 -0.0479551 -0.0352062 0.0723788 -0.0281131 -0.0148904 -0.00968588 0.00206836 -0.0035328 0.0317688 0.0162275 -0.0437414 -0.0314441 0.0913461 -0.0106918 0.0262963 -0.00579748 0.0447127 -0.0490909 -0.0537943 0.0597827 -0.0143165 -0.0331192 -0.0517854 -0.0518638
internal_weight=34434.3 22430 12004.3 5736.39 20116.6 20023.4 3709.36 2027.03 2313.42 93.14 1420.18 832.579 2548.75 823.121 2425.15 1160.61 1401.27 1449.64 1113.18 53.4658 177.043 19190.9 1359.87 760.437 1375.01 606.849 1137.53 1117.41 1289.13 1200.24 84.1076 121.096 6267.88 996.319 85.8835 1078.96 729.684 206.578 162.551 564.355 39.6743 121.28 550.595 196.877 353.718 646.078 1039.02 556.679 482.339 456.165 523.106 449.095 74.0107 110.154 108.243 80.9407 54.6135 352.739 76.9747 275.764 58.9479 30.8919 244.687 41.0751 203.612 477.138 79.5413 975.516 911.018 1348.53 114.962 1224.63 28.4875 26.1742 42.4935 28.8939 28.056 39.942 25.0693 535.924 92.9352 225.007 26.2632 26.3272 30.753 64.4984 1233.57 17831 44.0275 31.0772 27.3023 2724.3 2716.73
internal_count=342948 285761 57187 31898 267327 266619 18130 13768 18434 708 9081 9881 11843 9835 11331 6287 8999 6558 8267 317 1844 256738 17452 5506 8790 4687 6191 6086 8231 10167 813 666 25289 5420 559 9094 5256 1473 1164 4280 391 1073 4176 1489 2687 7991 8762 4783 3979 3761 3783 3243 540 1231 970 723 485 2761 592 2169 454 240 1922 323 1599 4118 665 4773 4465 17351 1378 5596 299 218 407 260 214 332 208 6760 1031 962 209 238 250 308 15973 239286 309 247 247 36142 36051
is_linear=0
shrinkage=0.05


Tree=10
num_leaves=106
num_cat=0
split_feature=93 21 103 0 44 3 0 0 61 23 52 21 103 21 112 93 32 36 0 30 2 51 105 2 36 21 51 115 111 90 51 17 112 105 108 99 101 94 102 74 95 94 95 82 115 101 113 111 105 3 0 0 99 2 97 21 99 115 103 105 44 108 105 105 50 112 76 32 52 3 108 86 53 98 113 50 115 52 34 99 109 108 97 103 103 11 21 44 103 36 44 112 103 74 99 21 53 0 115 2 96 108 103 109 100
split_gain=46320.1 3432.54 3289.46 578.003 366.435 190.039 79.2786 73.4306 64.1358 51.9792 32.1245 31.424 25.9447 18.7584 18.087 16.5498 15.4522 18.6344 15.1579 14.7239 14.5146 14.3581 13.5987 13.1179 12.8475 12.8265 12.7607 12.5665 12.6563 11.6858 10.5997 9.82182 9.94428 9.57961 12.4553 10.8623 10.6091 10.1811 9.75419 9.14202 9.07483 8.75415 7.88603 7.8609 10.3045 7.46489 11.383 10.2311 7.21486 11.1275 7.1206 7.09398 6.96341 6.89175 10.1662 6.80869 11.8692 12.0838 8.00422 6.52868 6.4967 6.26248 6.19497 7.38268 5.74414 5.68925 7.05958 5.57742 10.1216 9.1116 6.09865 5.79791 5.69167 11.3203 8.60613 5.54856 5.35374 5.23021 5.0229 4.77289 4.53563 4.2176 4.15502 3.73408 3.6442 3.57653 3.8884 4.30163 3.32047 3.01416 2.98629 2.92584 2.77034 2.65214 2.58876 2.21908 2.20983 2.11116 2.06691 1.84277 1.77977 1.57633 0.960722 0.814281 0.0661672
threshold=1.5000000000000002 19.500000000000004 0.26727814972400671 2.7403194904327397 0.067117117345333113 0.95999291539192211 3.113268375396729 2.2499048709869389 3.7976217269897465 1.5000000000000002 0.81861472129821788 50.500000000000007 1.2190653681755068 15.500000000000002 -0.31621927022933954 2.5000000000000004 11.500000000000002 17.500000000000004 0.89587974548339855 6.5000000000000009 1.4594482183456423 0.66666650772094738 8.112955570220949 0.23470593243837359 28.500000000000004 15.500000000000002 0.54545441269874584 0.00040300416003447031 -14.993889331817625 7.5000000000000009 0.27272723615169531 6.5000000000000009 -6.6904776096343985 4.9154930114746103 9.2867145538330096 11.354419708251955 8.6406526565551776 7.6235516071319589 9.3324794769287127 1.5000000000000002 4.3977770805358896 6.0869336128234872 9.05242967605591 7.5000000000000009 0.00058614363661035906 8.273867607116701 -7.3131270408630362 -15.015627384185789 1.5704501271247866 2.3732419013977055 3.2384861707687382 2.2499048709869389 2.4600160121917729 1.3947334885597231 0.28174604475498205 8.5000000000000018 0.22712764143943789 0.00057037101942114543 1.0442442893981936 1.4337530732154848 0.42163743078708654 6.7371923923492441 7.5529983043670663 6.8884873390197763 0.28571422398090368 -0.28473871946334833 30.500000000000004 4.5000000000000009 0.4301948100328446 2.3406023979187016 6.3160901069641122 0.49509803950786596 1.8255577683448794 -2.4999999999999996 -8.8486351966857892 0.53295269608497631 0.00058030610671266924 0.74961772561073314 21.500000000000004 0.55100327730178844 0.12001433596014978 7.605959653854371 0.39565217494964605 0.95897960662841808 1.7671122550964358 2.5000000000000004 97.500000000000014 0.14124041050672534 0.95897960662841808 43.500000000000007 0.091372914612293257 -0.29247280955314631 1.7335028648376467 1.5000000000000002 3.8167227506637578 21.500000000000004 0.79930555820465099 1.4978661537170412 0.69238856434822094 0.37543597817420965 0.38784307241439825 8.3854913711547869 5.4377703666687021 0.14928863942623141 1.0540215969085696
decision_type=2 2 2 2 2 2 2 2 2 2 2 2 2 2 2 2 2 2 2 2 2 2 2 2 2 2 2 2 2 2 2 2 2 2 2 2 2 2 2 2 2 2 2 2 2 2 2 2 2 2 2 2 2 2 2 2 2 2 2 2 2 2 2 2 2 2 2 2 2 2 2 2 2 2 2 2 2 2 2 2 2 2 2 2 2 2 2 2 2 2 2 2 2 2 2 2 2 2 2 2 2 2 2 2 2
left_child=2 8 14 7 5 21 10 16 33 15 55 19 30 50 -1 53 22 65 67 27 78 89 23 59 51 94 -22 28 -9 31 79 32 -20 35 36 40 37 41 -38 -34 92 -35 -29 44 -28 47 -47 -33 49 -42 81 97 -50 82 103 58 -57 -58 101 -4 62 -25 63 -36 -11 66 -18 68 -10 72 -71 -72 74 -74 -69 -40 -64 -60 -7 -8 -45 -14 102 -80 -52 86 95 -88 -81 -3 -87 96 -2 -85 -12 -66 -70 -17 104 -24 -53 -5 -6 -55 -32
right_child=1 4 3 6 9 20 12 11 18 64 25 -13 13 -15 -16 24 17 -19 29 -21 26 -23 99 61 -26 -27 43 42 -30 -31 98 45 39 34 60 -37 38 -39 75 -41 48 -43 -44 80 -46 46 -48 -49 52 -51 84 100 -54 54 -56 56 57 -59 77 -61 -62 -63 76 -65 85 -67 -68 69 91 70 71 -73 73 -75 -76 -77 -78 -79 83 88 -82 -83 -84 93 -86 90 87 -89 -90 -91 -92 -93 -94 -95 -96 -97 -98 -99 -100 -101 -102 -103 -104 -105 -106
leaf_value=0.10226579125130333 -0.016312561897015975 0.063236030873878399 -0.013546499723458878 0.057226061385888032 -0.038909776841494749 0.0043922932024337896 0.059039487585665441 0.029515666393809599 0.013359272067649737 -0.014508648005489497 0.063011550740674729 0.10092977314187508 0.066445446751931078 0.092558485598081275 0.051952476098480374 -0.049892086530562464 0.022472572218302986 0.048881735595279037 -0.020567444847167514 -0.0059639644692013076 0.028873268194575027 0.03150392794367729 -0.021876796803072442 0.016627422689570199 -0.0026333406130387323 0.087327565998651657 -0.019566099697504013 0.039295321291702122 -0.015116937583730084 0.050498809605324262 0.055624021387283874 0.01844161986116271 0.0025306009994927642 0.031555699094060058 0.0094854252080667882 0.0612212519662092 -0.020167998568010697 0.0034298828965549327 0.036530583731883101 0.021440653654546712 0.010148984894803838 0.076244909371100802 0.058831563162413052 -0.0095986808514893322 0.034832982436699765 0.01698346194770433 -0.014137504051667549 -0.0049813491178697421 0.039663979962029167 0.050571457771975248 0.069311338702649772 -0.025695430596986923 0.025311340710711196 -0.013740489915561172 0.026753432638362485 0.01593295531689664 0.01282155518346462 0.048909228593937461 0.049195335626041337 0.016952323383433922 -0.024221600729519871 0.029891407245796944 0.0044918448498935384 -0.024038373690108927 -0.017514760204824068 -0.031870132335584028 -0.014528616730825426 0.019042142330418444 -0.019521351085084689 -0.014174828923628339 0.038130109196379505 0.0081643188336167748 0.016143693987738572 -0.020366850983497949 -0.0026308370804513852 -0.0019947306232630251 0.048779230711250843 0.063214419795783669 -0.0015644072046565539 0.10425760180606217 -0.043566907426758214 0.05252891291122861 -0.0055833921658301399 -0.010230644517907277 0.062377853289087529 -0.024002765277237288 0.0012740440114006742 -0.045480023555761834 0.082526752627821873 0.10149321900825137 -0.053893818877788713 -0.0065074521236521445 0.012671853220419697 -0.038459853809541256 0.031616639081006551 -0.05165730687572459 -0.051292768440562436 -0.04422545662178206 0.05411584758112023 0.0015940482596341699 -0.041769106874612938 0.092578900055964031 -0.021043301574339444 -0.035399778394534336 0.078367634396589808
leaf_weight=6298.7373975813389 14.44405569881201 23.511613123118877 17.130080483853817 21.864019080996513 100.99326001852751 8.811041444540022 24.89649760723114 110.39760360121727 20.666682355105877 11.493338651955126 21.242933452129364 19.456366673111916 125.01580250263214 70.529701396822929 23.441896483302116 611.96459569782019 18.695289760828018 14.922931060194967 16.957718528807163 18.026483051478863 20.756231136620045 18.728388756513596 14.421069025993349 118.12069049477577 17.961369745433331 92.493736535310745 18.362590104341507 872.40970428287983 17.245647996664047 16.21918909996748 23.206383988261223 56.2075000628829 84.954692773520947 34.801672048866749 71.872130997478962 21.724562138319016 17.441515281796455 16.380770035088062 25.194179855287075 278.96279240399599 117.88522475212812 19.28041534870863 63.259214140474796 20.691604919731617 13.936180569231508 174.84995695203543 33.717248670756817 240.72780361771584 136.22273195534945 18.956126488745213 808.38163091242313 66.151891328394413 294.00540629029274 13.775911785662176 12.034737519919871 35.320519059896469 26.427580684423447 507.96891115605831 492.71647442877293 315.10241097956896 15.805988505482672 560.3146209269762 13.760130308568479 19.609439119696617 7.5940645933151236 19.716811031103134 34.034724116325378 56.74552658200264 15.458944775164129 12.209233842790125 30.553228467702866 36.813281200826168 26.689582966268063 84.086625903844833 211.36507058143616 13.421256847679613 14.00632707774639 112.08591069281101 9.4649927318096143 79.677979812026024 21.447465926408768 263.5586483925581 13.325240984559057 11.620575606822966 628.41234102845192 12.947385564446448 8.575249984860422 8.7018571272492391 117.08645708858967 29.466726168990135 14594.633277006447 13.112718127667902 15.455603674054144 96.301965713500977 20.341684207320213 2832.5021132826805 13.87622360140085 576.91964386403561 48.304928690195084 15.699803717434405 39.870860263705254 20.085263818502426 17.493577487766743 12.919711865484713 78.115287780761719
leaf_count=25236 104 119 132 111 1239 91 104 670 178 120 108 81 587 285 119 8297 164 104 139 135 155 133 108 809 194 395 171 5227 104 134 102 463 687 250 531 152 129 121 181 2221 835 141 377 202 126 1437 283 1996 969 131 3608 784 2042 147 122 191 147 2673 2571 2368 125 3839 102 147 89 180 299 487 135 106 261 317 236 729 1858 106 105 572 104 327 216 1240 146 133 2851 169 100 116 494 131 205379 115 114 1129 103 39250 122 7626 213 105 494 101 217 140 343
internal_value=-0.000893897 -0.0449182 0.0770911 0.0500347 -0.0518205 0.0036089 0.0623788 0.0299665 0.0127405 -0.0526781 0.0525966 0.0391714 0.068163 0.0655968 0.102093 -0.0435139 0.0209359 0.000609527 0.00616201 0.0379127 -0.0193306 0.0735154 0.0226293 0.0236198 -0.0454557 0.0763534 -0.00435492 0.0386733 0.0233025 0.0100786 0.0809232 0.00924362 0.0153055 0.0233439 0.0150867 0.0267739 0.0262821 0.0390654 0.0094407 0.0170821 0.0253533 0.0492951 0.0407189 -0.0141393 0.0041142 0.00462473 0.0118398 -0.000443652 0.0267661 0.0163085 0.0644744 -0.0460382 0.030001 -0.0282413 -0.00890503 0.0498792 0.0453111 0.0471841 0.0537735 0.015296 0.004352 0.0276385 0.00847602 0.00192005 -0.0534516 -0.00998843 -0.000966813 -0.000605995 -0.0143731 0.00130821 0.016536 0.0224346 -0.00191631 -0.0113831 0.00199957 0.0233175 0.0285287 0.0519599 -0.0303648 0.0888525 -0.0280199 0.0572702 -0.0336838 -0.0330803 0.066354 -0.0534754 -0.0514249 -0.0234937 0.0920991 0.086907 -0.0538705 -0.0280979 -0.00112197 -0.0356936 0.0495218 -0.0515788 -0.0366384 -0.0472099 0.0683451 -0.00983163 -0.0323315 0.0769948 -0.0366513 -0.0259031 0.0741432
internal_weight=33726.3 21557.4 12168.9 5846.69 19253 293.099 3617.73 2228.95 2304.44 18959.9 1350.55 1100.8 2267.19 1895.9 6322.18 1483.41 1128.16 87.3698 1424.17 1081.34 221.393 71.7067 1040.79 1010.67 1312.87 134.078 95.1941 1063.31 127.643 902.597 371.288 886.378 380.875 880.268 261.574 618.694 126.52 70.4629 56.057 363.917 596.969 54.0821 935.669 74.4378 32.2988 505.503 208.567 296.935 567.069 136.841 1825.37 1294.91 430.228 170.542 38.7304 1216.47 569.717 534.396 646.752 332.232 135.054 678.435 119.248 91.4816 17476.4 72.4468 52.73 521.577 63.1146 458.463 79.5757 67.3665 378.887 110.776 268.111 38.6154 27.7665 604.802 126.199 221.661 42.1391 388.574 131.812 117.388 1436.79 17465 2857.37 17.2771 196.764 52.9783 14607.6 42.4479 29.8997 107.923 41.5846 2840.1 29.3352 1188.88 149.627 30.1209 106.023 41.9493 118.487 26.6956 101.322
internal_count=342711 285528 57183 31828 267339 2710 17126 14702 18189 264629 6972 6594 10154 8571 25355 19406 8108 747 11904 6513 2327 383 7361 7148 17395 606 870 6378 774 7360 1583 7226 3047 6285 1938 4347 928 512 416 2908 4195 391 5604 715 297 4179 1720 2459 3977 966 8286 17201 3011 2011 409 6366 3011 2820 3355 2500 1010 4648 885 678 245223 643 463 4544 550 3994 684 578 3310 965 2345 287 207 3143 1457 925 418 1827 1602 1366 6459 245103 39555 216 821 250 205548 372 218 1262 211 39339 257 15923 658 213 1278 212 1456 287 445
is_linear=0
shrinkage=0.05


Tree=11
num_leaves=85
num_cat=0
split_feature=13 107 21 0 2 0 0 21 24 52 23 21 107 21 19 23 52 0 52 21 102 0 52 112 0 67 96 54 108 9 46 65 77 98 105 9 90 63 2 86 98 109 102 63 71 96 63 65 113 53 100 107 77 71 69 107 111 74 52 19 77 53 100 112 111 51 54 96 90 105 2 97 69 36 71 11 54 112 15 96 63 21 36 63
split_gain=42129.2 3646.75 2638.76 851.245 140.369 100.616 90.5777 73.3275 94.5325 57.1665 52.9737 49.4508 46.8688 44.661 42.1859 39.6248 20.9166 20.7911 18.1288 20.2047 15.4393 14.1839 13.0461 12.7589 12.2422 11.4121 9.97214 41.8242 8.77744 11.531 11.3886 13.0629 10.7719 7.99719 7.99455 7.90748 7.76686 7.76057 7.60194 7.49734 7.35772 7.00293 9.83808 6.98313 10.7429 6.85395 10.1586 6.75103 8.35292 6.82665 6.66907 9.33947 6.65331 6.61615 6.3179 6.26762 6.22586 6.22558 6.07517 11.7616 5.13584 5.01691 4.77954 7.16789 8.9069 5.18633 4.93756 4.49719 6.48332 4.47617 4.18519 3.65438 3.47126 3.25824 2.83894 2.81388 4.26642 2.21467 2.13102 1.79637 1.03123 0.551185 0.519715 0.292588
threshold=1.5000000000000002 0.19233874231576922 19.500000000000004 2.7403194904327397 1.8293986320495608 2.9700856208801274 1.7005987167358401 49.500000000000007 7.5000000000000009 0.76752376556396495 1.5000000000000002 16.500000000000004 1.2159997224807741 21.500000000000004 94.500000000000014 1.5000000000000002 0.87411972880363475 3.1567740440368657 0.87411972880363475 12.500000000000002 1.0000000180025095e-35 1.7005987167358401 0.84650033712387096 -6.6538312435150138 2.2499048709869389 7.8401498794555673 0.22401433438062671 1.708597004413605 9.4292669296264666 80.500000000000014 0.27694551646709448 9.3900532722473162 76.500000000000014 3.5000000000000004 1.3997674584388735 61.500000000000007 5.5000000000000009 4.3569653034210214 0.93411079049110424 0.16594202816486361 10.500000000000002 0.67075377702713024 2.4479832649230961 11.350866794586183 9.9134554862976092 0.49827586114406591 8.7758708000183123 7.0753226280212411 -8.9618301391601545 2.4365079402923588 0.68771570920944225 1.0225380063056948 45.500000000000007 6.4463229179382333 7.7126550674438485 1.0353817939758303 -8.4223585128784162 4.5000000000000009 0.7813813090324403 49.500000000000007 25.500000000000004 0.4743421077728272 0.40045243501663214 -0.32632580399513239 -8.3900456428527814 1.6666662693023684 1.1666665673255923 0.38430769741535192 6.5000000000000009 1.1283507347106936 0.40733428299427038 0.39565217494964605 7.9903459548950204 44.500000000000007 5.1376667022705087 2.5000000000000004 1.8858951330184939 -0.34954640269279474 2.5000000000000004 0.18834459781646731 10.573215007781984 22.500000000000004 3.5000000000000004 11.224134445190431
decision_type=2 2 2 2 2 2 2 2 2 2 2 2 2 2 2 2 2 2 2 2 2 2 2 2 2 2 2 2 2 2 2 2 2 2 2 2 2 2 2 2 2 2 2 2 2 2 2 2 2 2 2 2 2 2 2 2 2 2 2 2 2 2 2 2 2 2 2 2 2 2 2 2 2 2 2 2 2 2 2 2 2 2 2 2
left_child=1 78 15 6 10 16 13 8 18 40 14 12 20 25 24 21 37 33 19 -8 74 36 38 -23 58 71 27 83 30 53 31 -25 -32 -14 69 -36 47 82 61 62 80 42 -10 44 54 46 -38 -2 -49 -50 -39 -52 -19 -30 57 -22 -48 -41 79 -60 -31 -15 -17 64 65 -64 70 68 -26 -27 -65 -3 -56 -11 -7 76 81 -43 -1 -4 -6 -28 -5 -12
right_child=2 3 4 5 9 11 7 -9 41 73 26 -13 17 22 -16 39 -18 52 -20 -21 55 23 -24 28 67 34 75 -29 29 60 32 -33 -34 -35 35 -37 45 50 -40 43 -42 77 -44 -45 -46 -47 56 48 49 -51 51 -53 -54 -55 72 -57 -58 -59 59 -61 -62 -63 63 66 -66 -67 -68 -69 -70 -71 -72 -73 -74 -75 -76 -77 -78 -79 -80 -81 -82 -83 -84 -85
leaf_value=0.097143039934943137 0.036234051724167014 0.0046588389212537922 -0.033223218678226495 0.068851202050434351 -0.018309318121874009 0.06530571144254417 0.032511061600534318 0.095962523109848014 -0.018412196783399747 0.040677474529016835 -0.047792505413600438 0.091218194867915714 0.052294556653872309 -0.0046979556138544718 0.055432098987476586 0.036950512084584837 0.084891349056866947 0.056009533558188523 0.073093135561090469 0.019052016898598631 0.093947895498483619 0.057164845353854958 0.032074474987175153 0.054633044428332223 0.0086587367965360144 0.016583349920488911 -0.030018299726263721 0.063659919988509353 0.0038911121159048434 -0.024956214702134809 0.030202642537174279 0.017360802987626985 0.0097341104988054022 0.028830265508995308 0.040666158967565737 0.016242782098938868 0.0083003453199391591 0.012939330069391486 0.010269277120981399 0.004961718259397379 0.008436266229126169 -0.044104108193280755 0.01892558392298585 -0.038172446823002609 0.044071596103626362 0.0014068471960623776 0.025662027988352001 -0.029098381542564163 0.0061083745798310675 0.025898748126234633 0.077185297786161913 0.041070907201222653 0.064127054034261471 0.030904999573956718 -0.028915332612491393 0.074267555060018073 0.076496347494696457 -0.0098625794796686431 -0.03783167306118515 0.019953615877876699 0.0045586887105569249 -0.034852798177176472 0.0051608195244050902 -0.003600104792779417 0.049344259008012814 0.033290674206641176 -0.026825339372542424 -0.041394773654043954 -0.026504094109945808 -0.016676103835782354 0.021030612091840456 -0.02251536019431848 -0.0071748762577746907 0.081763957702946505 0.039050505706805079 -0.053633274007600457 -0.020572981875219477 -0.013900410930037375 0.074166596239574195 -0.046910161991228667 -0.047025561660513651 -0.051527763085859206 0.045253500851415079 -0.024273770413618747
leaf_weight=6136.5169986113906 19.814027078449726 23.098740205168724 46.650280714035034 36.96972344815731 9.0004426911473292 78.695285901427269 1615.0538694486022 39.583613067865372 57.502389669418335 16.492917589843273 75.611438572406769 164.41863167285919 479.79102373123169 18.524715758860111 9.5191156193613988 13.017845295369623 31.519192352890968 478.05836382508278 24.487841747701168 351.42222867906094 152.79868340492249 24.798726826906204 10.056479655206202 58.728465780615807 15.184763319790362 14.115513443946837 12.349936731159685 8.2842002585530263 37.321580000221729 21.781217969954014 122.29197587817907 43.377319514751434 142.31927652657032 48.1370759755373 35.067236475646496 613.55485765635967 21.353963106870651 22.74196720123291 12.993295595049856 272.64295008778572 10.802785746753214 21.461012206971645 23.571173757314682 11.248864613473414 11.553011402487753 20.751767821609974 14.281401559710504 13.768850356340407 376.57669381797314 48.654650688171387 19.664523527026176 752.29102245718241 1428.2255940139294 62.297247245907784 24.552803158760071 136.17640554904938 15.004989698529242 93.821733966469765 138.62421230971813 8.2624772489070875 38.108076237142086 73.161315768957138 106.11421343684196 72.75276780128479 14.99403081089258 18.416514076292515 15.995968088507651 39.134428404271603 62.895726129412651 26.78124026209116 20.866689510643482 23.070728987455368 74.904199026525021 16.838162325322628 24.575201988220215 13913.462632015347 15.002022378146647 12.391084358096121 39.272181257605553 1106.0140021145344 16.286900140345097 2660.4191063567996 21.704621016979218 8.1989814564585668
leaf_count=24581 155 172 587 187 101 333 9885 172 543 117 1072 668 2339 185 53 111 130 2121 130 2392 628 181 80 414 168 111 158 52 271 166 883 311 1034 244 254 4565 172 113 143 2369 95 209 213 100 102 172 116 112 3081 397 97 3909 6298 462 216 587 122 827 1832 78 290 835 874 608 122 149 134 499 750 208 170 178 662 85 114 204958 177 125 176 15333 203 38495 110 114
internal_value=-0.000772092 0.0691324 -0.04633 0.0440549 -0.0520907 0.0595272 0.0240153 0.02949 0.0281683 0.0184205 -0.0523629 0.0639408 0.062303 0.0101643 -0.0429359 0.0108521 0.0445153 0.0596022 0.0307154 0.0301273 0.0787473 0.0169746 -0.0186408 0.0226126 -0.0436618 0.0146991 -0.0531638 -0.0352362 0.0208075 0.0107589 0.0250895 0.0393759 0.0193483 0.0502617 0.0163159 0.0176694 0.0110492 0.042866 -0.0239914 0.00200652 -0.024605 -0.0156979 -0.00728898 -0.00163763 -0.000639172 0.0263205 0.0360038 0.00857321 0.00718292 0.00847929 0.0413542 0.0421517 0.0621422 0.0210912 -0.00190709 0.0851396 0.0544901 0.00111451 -0.0450941 -0.034345 -0.00636023 -0.0290412 0.00880865 0.00708597 0.0145527 0.00974692 -0.00239632 -0.0273288 -0.0195058 -0.00478016 0.00202974 -0.00899144 -0.0129908 0.0643479 0.0598018 -0.0532595 -0.051292 -0.0343902 0.0970166 -0.0464088 -0.0387756 -0.051449 0.0616339 -0.0460762
internal_weight=33068.6 13047.5 20021.1 6871.66 18189 3875.77 2995.9 2145.47 2105.89 69.4212 18119.6 2990.88 2826.46 850.424 1426.29 1832.11 884.891 2434.21 1990.96 1966.48 392.246 1081.23 114.736 551.024 1416.77 735.688 16693.3 92.0946 526.225 159.508 366.717 102.106 264.611 527.928 689.519 648.622 530.206 853.372 104.679 750.882 36.0901 114.926 81.0736 488.724 477.475 71.3921 50.6404 458.814 439 425.231 794.698 771.956 1906.28 99.6188 465.922 288.975 29.2864 366.465 1299.55 146.887 59.8893 91.686 262.158 249.14 139.525 124.531 109.615 117.215 78.0805 40.8968 93.6195 46.1695 99.457 33.3311 103.27 16601.2 2687.77 33.8521 6175.79 1152.66 25.2873 2672.77 58.6743 83.8104
internal_count=342745 63035 279710 38278 264927 17878 20400 13669 13497 601 264326 13332 12664 6731 19300 14783 4546 11002 12407 12277 1662 8339 1243 4012 19247 5488 245026 1238 3831 1189 2642 725 1917 2583 5138 4819 4327 4416 1163 6444 399 1090 756 4276 4176 582 410 3745 3590 3478 4119 4006 8419 733 4074 1215 238 3196 17830 1910 456 1020 2168 2057 1145 1023 912 1417 918 319 778 350 878 202 447 243788 38830 334 24757 15920 304 38653 297 1186
is_linear=0
shrinkage=0.05


Tree=12
num_leaves=100
num_cat=0
split_feature=93 21 107 112 44 21 0 48 61 3 0 21 107 100 17 53 34 11 107 109 9 63 36 44 93 2 49 65 114 5 49 113 107 76 3 15 69 86 114 105 67 34 48 108 38 48 93 112 28 108 71 2 111 0 94 82 108 65 82 86 44 109 100 49 65 65 5 111 65 2 108 42 95 100 63 100 107 114 84 96 100 82 109 67 67 2 36 0 95 2 11 21 0 94 65 44 114 38 71
split_gain=38481.6 3256.1 2857.12 540.011 322.746 132.925 66.7035 56.8576 56.3833 54.9742 46.6476 40.9085 37.2831 30.7253 28.3804 22.0585 21.4026 21.1464 14.2185 13.7931 13.3531 12.2969 12.2357 17.1483 12.2052 11.7856 11.3848 10.8117 10.5064 13.8201 10.4157 10.3446 10.1406 14.837 10.2483 10.0345 9.91341 11.6381 11.4581 9.80567 9.40801 9.32065 9.20306 9.14379 8.36862 7.94822 7.43279 7.37614 7.34314 7.29977 7.22471 7.14414 6.98519 6.76475 6.73043 6.72061 6.67973 6.56051 6.49359 7.64984 6.33642 6.16492 6.06043 5.92294 5.86676 5.859 5.61322 5.44233 5.29041 5.27617 5.27459 5.20885 5.01693 5.83521 9.16602 4.75361 4.32533 4.16129 3.72541 4.41958 3.66546 3.34702 3.34294 3.3177 3.18087 2.13042 1.65637 1.63665 1.63483 1.3116 1.22682 1.51829 1.18888 1.1881 1.06602 1.02351 0.807447 0.793793 0.241287
threshold=1.5000000000000002 19.500000000000004 0.14817950874567035 -6.9516432285308829 0.067117117345333113 49.500000000000007 3.1567740440368657 0.020067113451659683 4.0902526378631601 0.95999291539192211 2.3502402305603032 16.500000000000004 0.92020049691200267 0.55532076954841625 16.500000000000004 0.61152571439743053 11.500000000000002 1.5000000000000002 1.0225380063056948 0.00010293718878529036 83.500000000000014 9.7728829383850115 28.500000000000004 0.10050505027174951 2.5000000000000004 1.4594482183456423 0.19999998062849048 11.37768602371216 3.4360412359237675 2.5000000000000004 0.12499998882412912 -8.9453334808349592 1.6167384386062624 35.500000000000007 1.7547054886817934 3.5000000000000004 9.7135586738586444 0.37221671640872961 -4.6332337856292716 4.0536427497863778 8.8582530021667498 21.500000000000004 0.19999996572732928 9.7726693153381365 1.0000000180025095e-35 0.14068286865949634 2.5000000000000004 -0.29899352788925165 1.5000000000000002 6.6116578578948983 7.2031738758087167 2.1374469995498662 -8.3075127601623517 2.9174053668975835 6.3715691566467294 7.5000000000000009 9.4292669296264666 8.9647054672241229 1.0000000180025095e-35 0.33205129206180578 0.28423725068569189 0.70052587985992443 0.64404436945915233 0.18181817978620532 9.3194808959960955 9.3900532722473162 1.5000000000000002 -8.3191962242126447 11.284443378448488 0.63484525680542003 8.406039237976076 0.19923664629459384 10.984929084777834 0.41706408560276037 9.7051758766174334 0.89982250332832348 1.8845740556716921 3.4210895299911503 0.096006143838167204 0.38784307241439825 0.71743309497833263 6.5000000000000009 0.088649652898311629 8.9931201934814471 11.111373901367189 1.8515046238899233 43.500000000000007 1.4978661537170412 7.942523956298829 1.0405023694038393 2.5000000000000004 22.500000000000004 2.6020033359527592 12.022790908813478 10.918857574462892 0.12018518522381784 3.1565196514129643 13.500000000000002 8.7835922241210955
decision_type=2 2 2 2 2 2 2 2 2 2 2 2 2 2 2 2 2 2 2 2 2 2 2 2 2 2 2 2 2 2 2 2 2 2 2 2 2 2 2 2 2 2 2 2 2 2 2 2 2 2 2 2 2 2 2 2 2 2 2 2 2 2 2 2 2 2 2 2 2 2 2 2 2 2 2 2 2 2 2 2 2 2 2 2 2 2 2 2 2 2 2 2 2 2 2 2 2 2 2
left_child=2 8 92 6 5 25 11 22 20 -5 14 13 80 -4 27 86 28 46 -15 40 42 39 24 -24 50 41 32 31 77 -30 -13 -11 33 -12 -34 -20 37 38 65 43 49 -3 44 71 54 70 88 -29 57 -10 -6 -18 -40 -32 -2 68 -50 -46 69 -60 -47 66 -43 -57 83 -21 -16 -38 84 -28 -39 -22 73 74 -42 -75 -51 -14 79 -26 -8 -52 -65 -41 -27 90 -7 93 94 -90 91 -19 -1 -48 -9 -89 -80 -64 -25
right_child=1 4 3 9 7 15 12 17 19 10 26 30 16 18 61 -17 51 85 35 36 21 -23 23 98 78 55 58 47 29 -31 53 -33 34 -35 -36 -37 67 45 52 64 72 62 -44 -45 48 60 87 -49 56 76 81 -53 -54 -55 -56 63 -58 -59 59 -61 -62 -63 97 82 -66 -67 -68 -69 -70 -71 -72 -73 -74 75 -76 -77 -78 -79 96 -81 -82 -83 -84 -85 -86 -87 -88 95 89 -91 -92 -93 -94 -95 -96 -97 -98 -99 -100
leaf_value=0.065227288613338583 0.019836414098273136 0.015415137423293875 -0.014034556818557739 0.093255136347785636 0.016155480425848089 0.05412038922029036 0.063062261935165301 -0.021110478010498843 -0.010760472938965406 -0.006872404111009759 0.027347025721406227 0.086460177767153645 0.056042736932664608 0.076269537253206579 0.021619036481596202 0.015713719105469339 0.059531924087912719 -0.022679724858142583 0.045853143329091468 -0.029734839799531617 0.027475541976022057 -0.034536530045060361 0.03890119223985096 -0.041377713685533286 -0.021996173406959064 0.014500622842755046 0.064565527259019095 0.073228061848317302 0.064850379771790076 0.044421005242791203 0.038805746707343124 0.021091134170322878 0.057507930392233189 0.059693687358862817 0.027473253389526386 0.026992847208362737 0.052363684429581239 0.020011500535155873 0.010409047849442476 0 -0.0025437503650160929 0.0038458822939893313 -0.010863271311982425 0.058064804417691331 0.036299502295491719 -0.026301646072412622 -0.049917391126296111 0.021677872066369969 0.022340523198766508 0.053743277401971393 -0.0048721857396357539 0.090441134710714854 0.032537830931550257 0.07174047965771603 0.066323885597274243 0.01234840788198374 0.0083034394635702804 0.021851539587081935 0.022031703084236694 0.033510029883475123 -0.0031080470779867885 -0.034168143897729382 -0.030971845480558424 -0.010215166655166067 0.018968001543911456 0.0058834013973338923 -0.013092675610797806 0.0084087964052101949 0.035192275803753101 0.033699243053774627 -0.00091068940330432755 0 -0.036392947199395252 -0.021452730027728781 0.046013564597118729 -0.0045384258341829905 0.010104464777961277 0.043557160698918171 -0.034577631524687728 -0.044125069991024175 0.092413630488463641 -0.035980106363408475 -0.040407858234214888 -0.032460471440825388 -0.016661311247518375 -0.020627095702224669 0.085523817140483807 -0.03851005690452302 -0.045906118776378221 -0.020285997217253743 -0.053408480022755125 -0.051351808654232292 0.092747491609823596 -0.019773754574036961 -0.037104204364471254 -0.046479167075269459 -0.047623622386253651 -0.044731001652290048 -0.018657131620989097
leaf_weight=21.963906303048134 16.066170997917652 9.3144482821226102 21.06686182320118 29.385767921805382 14.710255302488802 22.817311696708202 31.36955800652504 47.564390577375889 12.145280949771402 32.778805740177631 57.930092945694923 77.104287892580032 953.08692617714405 39.114614605903625 15.784434862434862 25.067362904548645 45.252399161458015 9.2065414786338788 1099.058797582984 24.670085273683071 32.554407514631748 14.766499795019625 13.16402291506529 8.8363436907529849 69.729751706123352 13.283680133521559 22.294110134243965 15.770866066217424 904.11122108995914 110.77482463419437 39.289928659796715 1223.8956455141306 35.34985762834549 119.6837919652462 188.92541660368443 86.369984537363052 17.68645848333836 47.375056810677052 672.30310530215502 14.444967873394491 34.621475756168365 8.9702600985765439 18.15819700807333 13.220646463334559 151.0165526792407 40.928250253200531 885.19867644459009 15.794139988720415 285.64912284910679 12.580539993941786 16.118465088307858 85.909989193081856 37.147444263100624 41.869096413254738 20.282203979790211 11.329376488924025 127.59372562170029 200.78780577331781 341.18388773500919 291.08890298753977 101.99870953708887 19.505732722580433 58.268681935966015 19.977500006556511 13.649481892585753 19.202958770096302 33.981577008962631 13.151248909533022 11.661545664072035 65.201942086219788 75.999365270137787 34.746469505131245 12.305082499980925 53.375663347542286 11.761348597705362 186.87640704959631 12.067756131291388 113.44880029559135 46.360080786049366 41.11814246326685 115.32035484910011 21.308350138366222 20.449396409094334 17.136075034737587 16.644576653838158 8.5614994466304761 30.315694093704224 129.63753165304661 43.990425921976566 11.408468537032602 13312.707306884229 2053.2651133909822 6085.7294694334269 7.0174299404025069 23.982420176267624 451.53542277216911 118.44624152779579 42.432031705975533 9.0617913976311666
leaf_count=101 106 96 99 122 150 112 129 623 101 226 315 312 4153 181 141 179 197 120 5398 203 236 115 114 107 864 114 125 104 3873 473 190 8265 188 641 1055 453 143 391 5451 110 299 99 141 100 962 347 13163 108 2034 104 180 346 296 183 136 85 944 1307 2017 1621 889 177 699 199 108 159 302 109 101 378 627 270 106 460 102 1603 100 489 644 546 464 244 215 132 149 114 129 1863 582 151 205333 31077 24490 104 322 6639 1653 537 99
internal_value=-0.000941512 -0.0438601 0.0683231 0.0445984 -0.0512225 0.00100188 0.0565805 -0.052098 0.0114655 0.0265967 0.0257467 0.0477789 0.0617799 0.0446046 0.0194556 0.0561419 0.0600518 -0.0525173 0.0456375 0.00499626 0.0207734 0.00635131 -0.032089 -0.00166755 -0.0349207 -0.0195105 0.0333155 0.0211353 0.0586921 0.0626992 0.0720462 0.0203465 0.0402587 0.0495168 0.0326022 0.0445233 0.00781638 0.00692831 0.0101014 0.0115817 -0.00379338 -0.0298733 0.0232179 0.0219331 0.0240214 -0.00201689 -0.0467828 0.04989 0.0227951 0.0195072 -0.0120179 0.0806462 0.011648 0.0569109 0.0476409 -0.00593232 0.0180762 0.0282096 0.0293492 0.0273987 -0.0100231 -0.0114255 -0.0339657 -0.0177989 -0.00674488 -0.0142455 -0.00157757 0.0351872 0.00870844 0.0426321 0.0071871 0.0135788 -0.00677758 -0.00528866 0.0106159 -0.00844735 0.0345655 0.054787 -0.0391279 -0.0307733 0.0869062 -0.0235439 -0.0266255 -0.0185166 -0.00247993 -0.0531086 0.0740772 -0.0478456 -0.0339554 -0.0414797 -0.053124 -0.0512452 0.0926662 -0.0497251 -0.0272603 -0.0448224 -0.0443589 -0.0374388 -0.0327221
internal_weight=32359.1 19979.7 12379.4 6271.7 17633.5 290.532 3763.15 17342.9 2346.27 2508.55 2479.17 1403.87 2359.27 1245.61 1357.51 78.2004 2212.58 16984.1 1224.54 1386.2 960.072 140.519 358.853 31.0622 327.791 212.331 1121.66 1288.24 2081.42 1014.89 158.263 1256.67 401.889 177.614 224.275 1185.43 1050.46 1019.62 753.324 125.752 335.734 118.985 819.554 80.5215 801.396 266.301 1600.33 31.565 765.047 36.7936 52.1371 131.162 709.451 81.159 36.3484 93.3461 413.243 351.804 719.769 632.273 142.927 69.2717 109.671 51.7563 45.2305 43.873 49.766 30.8377 41.5898 87.4961 123.374 67.3009 298.94 286.635 46.3828 240.252 24.6483 1066.54 275.654 110.848 146.69 37.4268 40.4269 31.581 29.9283 15383.7 53.133 1473.39 126.946 55.3989 15375.2 2062.47 6107.69 892.216 71.5468 581.173 164.806 100.701 17.8981
internal_count=342913 285597 57316 32725 267406 2714 16940 264692 18191 15785 15663 6816 10124 6131 9323 420 9531 260091 6032 11490 6701 1071 4601 320 4281 2294 6340 8703 8988 4346 685 8491 2199 956 1243 5851 8615 8363 6109 956 2875 1431 5630 606 5489 2254 23447 212 5247 305 574 543 5747 373 242 863 2978 2269 4141 3638 1236 620 1335 499 350 362 443 252 364 503 1018 506 2570 2464 401 2063 204 4642 3707 1410 593 424 414 242 263 236644 241 21769 1678 733 236530 31197 24591 13267 945 8502 2297 1236 206
is_linear=0
shrinkage=0.05


Tree=13
num_leaves=97
num_cat=0
split_feature=13 103 25 0 2 0 0 25 23 25 25 30 52 96 2 103 23 107 3 2 30 93 9 0 113 50 103 36 25 3 112 108 54 52 86 105 9 53 63 103 82 113 71 77 92 67 63 108 71 9 49 54 40 53 54 108 53 99 71 108 96 11 54 97 46 86 52 86 114 2 114 63 95 5 112 91 42 61 99 54 111 49 108 108 24 67 0 74 49 54 49 107 96 3 5 71
split_gain=35255.2 3451.6 2518.23 588.987 114.493 79.6459 66.7281 62.1175 58.9556 50.4141 39.2896 43.6665 38.4953 38.3777 35.8505 27.1913 26.0004 21.644 20.0461 17.7951 17.6532 16.6555 15.6399 15.3911 11.0614 10.0917 10.0372 9.9417 9.52566 10.907 10.5244 9.29077 9.06962 9.15355 9.01472 8.80939 8.79018 8.73039 8.48545 9.02146 8.36156 10.7854 9.53432 8.1793 7.98822 8.18739 10.8472 8.04066 8.79933 7.909 16.3326 7.84662 7.57459 7.35217 7.12349 6.78339 6.73557 6.62774 10.4531 7.53301 6.54142 6.24369 12.7447 6.23953 6.06334 5.92818 5.68659 5.64002 5.60858 5.48263 5.4129 9.90246 5.41831 5.33154 5.27633 5.20552 5.08279 5.03226 4.92918 4.64048 4.52349 4.26765 3.63038 5.49905 3.27037 2.95929 2.92255 2.49207 2.35138 1.36295 1.23505 1.05416 0.882188 0.871553 0.857372 0.589187
threshold=1.5000000000000002 0.038043830543756492 19.500000000000004 2.6735538244247441 1.8293986320495608 3.1567740440368657 2.2499048709869389 21.500000000000004 1.5000000000000002 97.500000000000014 50.500000000000007 6.5000000000000009 0.87411972880363475 0.28416149318218237 2.2764940261840825 0.93024978041648876 1.5000000000000002 1.658418655395508 1.403691351413727 0.19649510085582736 2.5000000000000004 2.5000000000000004 80.500000000000014 2.4414010047912602 -8.7995648384094221 0.30612237751483923 5.6811320781707773 19.500000000000004 33.500000000000007 1.6383027434349062 -14.326989173889158 10.456040382385256 1.1310068368911745 0.6662062704563142 0.42740046977996832 1.4561052322387698 81.500000000000014 0.60120484232902538 8.878423213958742 1.5047653913497927 4.5000000000000009 -8.9251203536987287 7.6893880367279062 33.500000000000007 2.5000000000000004 10.142803668975832 9.9210157394409197 6.6767306327819833 6.6295928955078134 72.500000000000014 0.43999998271465307 1.161726236343384 3.5000000000000004 1.1633634567260744 1.231455981731415 9.6569929122924822 0.38529014587402349 1.9523178935050967 9.9491591453552264 9.2220044136047381 0.62442660331726085 2.5000000000000004 1.8263767361640932 0.5962963104248048 0.39938651025295263 0.37221671640872961 0.76518443226814281 0.45199692249298101 3.2141399383544926 1.4044657349586489 3.3101755380630498 7.6952006816864023 9.05242967605591 4.5000000000000009 -0.31808319687843317 3.5000000000000004 0.39504285156726843 7.4479522705078134 1.6742885112762453 1.2869248986244204 -14.95387554168701 0.12499998882412912 8.2550163269042987 9.6569929122924822 11.500000000000002 8.7904248237609881 3.2769666910171513 3.5000000000000004 0.16666664928197863 1.3636363148689272 0.36769449710845953 1.7340316176414492 0.35323826968669897 1.5420657992362978 2.5000000000000004 7.0827219486236581
decision_type=2 2 2 2 2 2 2 2 2 2 2 2 2 2 2 2 2 2 2 2 2 2 2 2 2 2 2 2 2 2 2 2 2 2 2 2 2 2 2 2 2 2 2 2 2 2 2 2 2 2 2 2 2 2 2 2 2 2 2 2 2 2 2 2 2 2 2 2 2 2 2 2 2 2 2 2 2 2 2 2 2 2 2 2 2 2 2 2 2 2 2 2 2 2 2 2
left_child=1 23 16 6 8 14 7 19 9 21 11 17 27 37 28 73 22 20 85 49 -8 56 26 -1 31 -10 44 67 29 30 -5 70 33 34 -26 43 -19 -6 39 -20 41 42 76 -21 47 52 -47 64 -49 50 -3 -37 -46 91 94 -31 -4 59 65 63 82 62 93 -43 -2 -59 92 -9 -28 88 72 -72 -24 81 -35 -51 -18 -70 -62 -56 -61 -7 95 -84 -58 -17 -40 -71 -23 -16 -33 -34 -15 -27 -13 -42
right_child=2 3 4 5 13 15 10 12 25 -11 -12 54 -14 66 89 18 40 36 38 35 -22 69 24 -25 32 61 68 -29 -30 55 -32 90 53 74 -36 51 -38 -39 86 -41 60 57 -44 -45 45 46 -48 48 -50 75 -52 -53 -54 -55 79 -57 84 58 -60 80 78 -63 -64 -65 -66 -67 -68 -69 77 87 71 -73 -74 -75 -76 -77 -78 -79 -80 -81 -82 -83 83 -85 -86 -87 -88 -89 -90 -91 -92 -93 -94 -95 -96 -97
leaf_value=0.045635739696323341 0.03036112770328972 0.044419920769971671 0.0065803915540760399 0.07713085702736576 0.070655684398014229 0.089565456900172993 0.04426246202834961 -0.025109750272709137 -0.0095483440831566416 0.06269564870010641 0.085839424229644523 -0.042263815079319395 0.06351495313657908 -0.017953987780551572 0.059819081384642731 0.055674740388808978 0.060920273020558961 0.023590441068271177 0.059351922765739078 -0.015078057816808727 0.026417268482729728 -0.026242269499463733 0.0046263426930067495 0.089070446642260104 0.017172424224155051 -0.050435969038337761 -0.022519153141314918 0.022107765076200249 0.010912685653751903 0.041636342427525758 0.043352105636501298 -0.014339110176720328 -0.033091224183151406 0.044254127643137645 -0.0055058490804832244 0.023411623578585315 -0.010803971697494783 0.018017766672767159 0.043628588353466315 0.051314579160240084 -0.021470237197422415 -0.0068324816313481878 -0.0056594717837452711 0.016994140891717236 0.033203204889185031 0.043472433704082207 0 0.01310428344642843 0.030797712962409254 0.002315718822679422 -0.01018689297755015 0.0083168972061654477 -0.00080748392256261171 0.015910994551621142 0.025572558526516756 0.033418048503384909 -0.031570732963446854 0.0085364576469894871 0.050073316112584532 0.0011647791663703159 0.031242274319844544 -0.053190031240734993 -0.0011115350746407301 0.0099512964360781043 0.068092407085867154 -0.0072362646702392036 0.0068707772273456759 0 -0.011183914782652456 -0.022899696934787106 0.018852214582631935 -0.030582636381272951 0.036948265753689646 0.053181261221718304 0.016369863515161925 0.03275877465540937 0.016556721153690307 0.028961434780712628 -0.012617618817406888 -0.01753483483869402 -0.03515806366006375 0.056963033349498086 0.011123700946165003 -0.032070633453786308 -0.00095831601112740528 0.084651359580512592 0.021873540496627448 -0.038979207655590334 -0.046534655552620846 0.088976802005628922 -0.038253940248452363 -0.010190976494675045 -0.045788331119452214 -0.033042060341293179 -0.019141488186846255 -0.046531411263356935
leaf_weight=26.243875898420811 37.841032482683659 35.20525760948658 13.243763640522955 41.927783444523811 18.974402450025082 91.267296358942986 315.28869973123074 152.10388490557671 14.882914312183855 10.185553871095179 28.276597514748573 15.304263211786749 14.01846146583557 8.8218405619263667 26.971445389091969 28.427201360464096 16.720709852874283 620.14190454781055 653.06594023108482 31.278574958443642 272.65514329075813 23.376787416636944 92.380755141377449 6181.8823657780886 173.6373703032732 2489.1665641069412 17.988707639276981 12.726435847580431 29.33742368966341 1155.4739373475313 78.16555067896843 16.480025961995128 13.672142498195173 39.848083041608334 56.834319964051247 836.87541807442904 17.929486900568008 16.014785304665565 57.39860936999321 1283.8570374697447 10.968394398689272 131.04787889122963 13.667174711823462 48.650941610336304 18.210048019886017 38.588119670748711 22.67710193246603 130.19158282876015 169.09504962712526 279.88951050490141 20.674044042825699 100.74824551492929 93.269330590963364 18.862966783344746 10.861898414790632 399.027333304286 130.08701448142529 291.53600168228149 12.155982926487921 11.715516738593577 10.690926522016527 12698.153562869877 13.720213413238524 93.576262503862381 18.5411232188344 72.869037337601185 9.0642201825976354 26.63256011903286 12.222886532545091 42.586733393371105 14.900756001472471 24.91697570681572 13.952489346265791 32.315460234880447 36.010550826787949 13.399019062519072 13.50146661698818 16.51034052670002 11.856150090694426 10.993890151381491 25.211702816188335 26.039662435650826 14.212999679148199 12.265562206506727 10.170785136520861 70.903450474143028 31.415996849536896 150.30993328243494 943.98164103925228 37.540645837783813 13.064409747719763 12.82884757965803 14.824330773204563 21.781801082193851 14.093417905271052 12.370329029858111
leaf_count=142 266 256 147 179 93 367 1760 1632 161 54 119 151 80 98 117 120 134 3697 2745 217 1678 345 720 25106 1334 39271 148 103 160 5679 380 131 104 307 459 5573 116 130 255 5511 100 1137 113 329 136 290 173 926 1215 2076 152 673 709 146 101 1974 1682 2404 102 103 100 205099 159 818 130 637 81 282 100 580 115 196 112 132 281 98 108 132 108 103 224 107 128 112 123 286 136 2063 14248 152 104 101 204 312 132 115
internal_value=-0.000817335 0.0618313 -0.0453126 0.0375353 -0.0514789 0.0498418 0.0202248 0.0132545 -0.0517444 -0.0414528 0.0285863 0.0272117 -0.0122799 0.0130349 0.0417717 0.0560797 0.00990101 0.0291069 0.0545208 0.0171101 0.0360921 -0.0423385 0.0147922 0.0888995 0.00850408 -0.0526338 0.0205038 -0.0183318 0.0403046 0.0408034 0.0560334 -0.00168405 0.0136076 0.0166982 0.0115374 0.0204564 0.0225853 0.0485681 0.0533371 0.0540735 0.00272404 0.00445711 0.0280363 0.00427406 0.022464 0.0133446 0.0278387 0.0267905 0.0232379 0.00728397 0.0243042 0.0218162 0.00502669 -0.00691565 -0.0174708 0.0395675 -0.0262479 0.00275776 0.00700187 -0.00331965 -0.0132329 -0.0526743 -0.0500463 0.000134887 0.0443848 0.00533837 -0.0251443 -0.0214267 -0.00146696 -0.044422 0.0034985 -0.0118281 0.00941516 0.0773931 0.0317206 0.00390006 0.0431366 0.0118456 0.00841472 0.003727 -0.0237784 0.0832231 -0.023185 -0.0091743 -0.029455 0.0774094 0.0365351 -0.0356848 -0.046096 0.0785742 -0.0265736 -0.0235024 -0.0374921 -0.0503089 -0.0329699 -0.037164
internal_weight=31615.2 13129 18486.2 6920.88 16629.3 4043.13 2877.75 1572.2 16561.6 1323.94 1305.55 1277.27 205.481 67.6996 1768.44 2274.69 1856.89 1226.02 2125.07 1366.72 587.944 1313.76 1102.53 6208.13 527.39 15237.7 575.135 191.463 1703.93 1674.59 120.093 175.695 351.694 306.33 230.472 1017.55 638.071 34.9892 2025.74 1936.92 754.366 682.002 43.8894 79.9295 528.413 172.745 61.2652 355.669 299.287 349.168 55.8793 937.624 111.479 45.364 51.2535 1554.5 153.502 638.112 376.561 261.551 72.3644 15222.8 2524.67 224.624 56.3822 364.405 32.7104 178.736 46.7219 1160.26 146.151 39.8177 106.333 149.622 75.8586 293.289 30.2222 28.7332 22.5471 21.8558 36.9272 117.307 49.8173 26.4786 140.258 99.3307 88.8146 192.897 967.358 64.5121 29.5444 26.501 23.6462 2510.95 29.3977 23.3387
internal_count=342504 62876 279628 37628 264850 18300 19328 11471 264244 19242 7857 7738 2097 606 8641 9659 14778 7251 9053 9374 3438 19188 8335 25248 4110 245002 4225 2017 8372 8212 559 1378 2732 2381 1793 6792 3813 223 8647 8256 6443 5780 355 546 3845 1308 463 2537 2141 2582 408 6246 845 351 487 7653 1952 5425 3143 2282 663 244841 39742 1955 396 3041 383 1914 380 17236 1143 311 832 606 588 2174 242 232 208 204 327 474 455 240 1805 406 391 2643 14593 269 235 205 302 39583 283 215
is_linear=0
shrinkage=0.05


Tree=14
num_leaves=109
num_cat=0
split_feature=13 103 21 0 2 21 17 23 49 21 0 19 52 0 103 0 13 9 4 0 21 0 105 90 49 52 107 52 0 112 49 54 86 65 63 115 3 3 46 108 50 52 101 53 24 3 15 54 46 9 46 115 65 3 63 115 98 54 98 49 76 63 94 3 98 74 54 100 34 111 2 98 108 108 103 103 94 54 108 115 114 105 105 11 36 74 94 105 113 103 103 54 63 15 115 24 113 115 65 2 98 111 49 107 21 54 72 0
split_gain=32545.2 3257.5 2382.65 517.342 113.902 63.6322 98.6455 63.4864 60.6205 48.3336 41.3269 35.1255 32.3385 26.3908 26.2264 22.7886 18.1219 17.7335 16.9415 16.6255 15.1238 14.665 12.941 12.2477 12.0066 13.0651 12.0145 11.9163 11.017 10.77 9.29072 8.85983 8.71241 9.1564 15.3873 11.4726 8.77866 10.926 8.66027 8.96955 8.46693 17.1676 8.25518 8.18946 8.08588 8.43579 8.24596 7.9148 7.6896 13.6438 9.61554 7.77082 7.66357 8.12381 7.41733 9.13066 7.20394 7.09074 10.9418 8.83836 6.74893 10.5087 6.63521 6.5786 6.48151 6.38284 9.78216 7.84914 7.59291 6.77072 6.2982 8.04144 6.2946 6.13286 6.03611 6.0229 5.83911 5.69803 5.6696 5.2212 5.17756 5.10406 8.53856 5.00066 9.96867 4.94363 4.73478 4.72405 4.19484 3.9418 3.89802 3.86688 3.55344 3.30092 3.1284 3.01282 2.92281 2.85759 2.81705 2.60203 2.44911 2.44557 2.2875 1.41044 1.1475 1.09719 1.04652 0.639966
threshold=1.5000000000000002 0.038043830543756492 19.500000000000004 2.7403194904327397 1.8293986320495608 49.500000000000007 16.500000000000004 1.5000000000000002 0.14213562756776812 15.500000000000002 1.7005987167358401 94.500000000000014 0.76752376556396495 2.4414010047912602 1.1633732914924624 1.4978661537170412 2.5000000000000004 79.500000000000014 1.5000000000000002 3.0201274156570439 51.500000000000007 3.1567740440368657 1.3997674584388735 5.5000000000000009 0.21222498267889026 0.4301948100328446 1.6268203258514407 0.71798598766326915 2.2499048709869389 -14.54404830932617 0.23684210330247882 1.1719211339950564 0.24908759444952014 9.459165573120119 8.6662201881408709 0.00059387506917119037 2.1614035367965703 2.2022497653961186 0.29356317222118383 9.4292669296264666 0.38961027562618261 0.742027908563614 3.0903604030609135 0.85435608029365551 4.5000000000000009 2.2318032979965214 2.5000000000000004 1.2816506028175356 0.46182984113693243 80.500000000000014 0.53033089637756359 0.00065017532324418436 10.71967124938965 1.874359726905823 10.482835292816164 0.000395618990296498 8.5000000000000018 1.0971675515174868 -1.4999999999999998 0.42499999701976782 41.500000000000007 7.8941409587860116 8.5410461425781268 2.084622979164124 2.5000000000000004 4.5000000000000009 1.0909090638160708 1.6927061676979067 23.500000000000004 5.792142629623414 0.45304960012435919 -1.4999999999999998 6.5444800853729257 8.967600345611574 0.79602599143981945 1.5898247361183169 7.4247169494628915 1.0971675515174868 8.6294221878051776 0.00057715631555765878 3.279449582099915 1.2769678235054018 1.8078500628471377 2.5000000000000004 40.500000000000007 3.5000000000000004 5.9286179542541513 5.2810523509979257 -8.6948428153991681 1.6491445899009707 0.93024978041648876 1.21244353055954 10.913342475891115 2.5000000000000004 0.00059108168352395307 4.5000000000000009 -8.7410583496093732 0.0005820231162942947 9.3194808959960955 1.5324124097824099 12.500000000000002 -8.4549622535705549 0.15412895381450656 1.711925804615021 21.500000000000004 1.1790292263031008 1.0000000180025095e-35 2.8617925643920903
decision_type=2 2 2 2 2 2 2 2 2 2 2 2 2 2 2 2 2 2 2 2 2 2 2 2 2 2 2 2 2 2 2 2 2 2 2 2 2 2 2 2 2 2 2 2 2 2 2 2 2 2 2 2 2 2 2 2 2 2 2 2 2 2 2 2 2 2 2 2 2 2 2 2 2 2 2 2 2 2 2 2 2 2 2 2 2 2 2 2 2 2 2 2 2 2 2 2 2 2 2 2 2 2 2 2 2 2 2 2
left_child=1 13 15 5 7 6 10 11 9 14 22 16 56 -1 18 32 20 27 90 65 28 62 79 64 26 -26 -12 91 -4 103 -29 74 33 35 94 44 72 85 39 52 41 100 -33 -36 46 -46 -2 -24 51 50 76 57 53 -17 55 -39 106 58 -40 -59 -37 -62 -16 -45 -19 66 69 -68 -67 -10 -41 97 77 96 -31 -23 -50 86 -55 -3 -52 -74 -83 84 104 87 -34 -38 -25 -53 -5 -8 -14 -15 95 -35 -51 -72 -73 102 -9 -91 -18 -21 -42 -101 -6 -11
right_child=2 3 4 8 12 -7 17 40 19 107 24 -13 92 93 21 38 99 23 -20 29 -22 75 47 88 25 -27 -28 30 -30 31 -32 42 36 34 43 60 37 54 48 70 83 -43 -44 63 45 -47 -48 -49 49 73 80 89 -54 78 -56 -57 -58 59 -60 -61 61 -63 -64 -65 -66 68 67 -69 -70 -71 71 98 81 -75 -76 -77 -78 -79 -80 -81 -82 82 -84 -85 -86 -87 -88 -89 -90 101 -92 -93 -94 -95 -96 -97 -98 -99 -100 105 -102 -103 -104 -105 -106 -107 -108 -109
leaf_value=0.033040274052539106 0.020103091395971495 -0.025733587862829862 -0.037207227129546036 0.083743187328259444 -0.018209637921315747 0.078468276474701143 -0.041868483812596009 -0.048460304710394184 0.040262540148129675 0.058736006581835025 0.040395364764461893 0.045215329482724775 0.023099630400836093 0.085812166250462257 0.038744139918930241 0.063162930250643165 -0.018241181507812246 -0.01464117149070744 0.037059835090418929 0.011653440564777448 0.031632852566225861 0.055870526045441717 0.013074987576758549 -0.017978998123155534 0.036371788715227907 0.021392019856826164 0.025681578842681144 0.0078138938175385027 -0.013158803671464984 0.069309088684755743 0.050933083004473849 0.036613329125371873 -0.035161038202067917 0 -0.018627593732090157 0.055149709924968197 0.031719154472030935 0.026794656751762611 0.031353062998824587 0.03624330669139314 -0.020166894271326966 0.03376979186548601 0.06920336025957334 0.024818685019959888 0.011466266399531877 0.052073938393293877 -0.0097515645304630146 0.047574551470987075 0.029288338394650521 0.028163713449044371 0.0014662629178170707 0.0062434178525712734 -0.0043012923901379453 0.020868065593310801 0.035187556037320197 -0.0031358503756213907 0.0067576509411971467 0.011995888600412355 0.0082491709260847975 -0.016365482509824204 0.042900336620880213 -0.0016682530163089505 0.008397713199844099 0.0016986553945357804 0.027657497960292151 0.072642219219054491 0.0037552131705805383 0.029755976347275517 0.029834410601417199 0.021753158212834644 -0.00076903321694571597 0.00195190909236436 -0.027320723927698493 -0.024670777427731948 0.043966775931927299 0.047754010900558981 0.070909754165643546 -0.050332193169634692 0.045626242285435159 0.00868121220120548 0.03482461802493985 0.019475487079429234 -0.0052391683686298937 -0.052992743594669572 -0.001380051770875483 0.050001197461900675 0.0014802552893703525 -0.0079043609472572839 -0.036876492820893135 -0.03291504268340608 0.064371037055019079 -0.0017578263375580879 0.060306242412156846 0.062786014028085799 -0.040924668771786826 -0.029359240996814636 -0.0029938004489049436 -0.032172968611337636 0.031434573794315579 -0.015947303688749151 -0.014708963034529905 -0.0036342036750098661 -0.046660537247234381 0.030439648379423107 -0.050301915564141368 -0.037009344459686816 -0.048094359059489528 0.082792927165523722
leaf_weight=27.007242240011692 31.800733916461468 28.684224471449852 309.97154013067484 86.377604246139526 9.0027064681053179 44.925724469125271 11.204476758837702 34.498073600232601 560.84426432847977 24.29136435687542 254.7335355207324 10.533128492534159 15.128981597721575 6065.6330458372831 184.65336582064629 18.975311681628227 10.891110770404337 15.417024746537207 46.226358368992805 25.520556628704071 7.8853621929883948 477.18028889596462 721.12885026633739 89.827075511217117 171.48675180971622 1202.9639850482345 353.03421877324581 61.571176841855049 60.420706547796726 29.116833597421646 14.721765413880346 34.731305986642838 11.816551618278025 19.689979203045368 21.148533619940281 21.546445704996586 14.926865749061109 26.957751050591469 72.517868533730507 14.525694541633127 6.9596184194087973 7.581443812698125 86.498292535543442 64.912076614797115 62.576685287058353 15.453089170157908 74.088036470115185 16.016927778720856 22.81393887847662 13.59991806745529 27.401197269558907 20.815477579832077 14.579095929861067 99.958306968212128 14.3545805811882 242.08389089256525 13.521121338009833 62.720401331782341 178.45190487056971 46.496005065739155 24.731979928910732 25.625799342989922 21.962414935231209 59.610378421843052 17.825674913823605 27.223833858966827 35.256257355213165 209.08224332332611 23.27608035504818 63.302661791443825 14.544897854328157 16.663399584591389 18.305901445448399 15.883731409907339 883.40184770524502 821.65324819087982 18.899954319000244 12.188393473625181 33.185676619410515 15.8567783460021 19.799078531563282 40.923032760620117 195.98576144129038 12122.433727689087 10.999023389071224 15.851974345743654 24.345948934555054 12.394893333315848 51.174675434827805 17.103364005684856 120.13727214932442 12.705070443451403 19.301473021507263 38.321170061826706 15.542692221701143 14.026657380163668 13.466649100184442 14.582233995199202 16.325696669518948 12.646482393145559 9.38608445599675 13.602095350623129 810.2141796015203 23.900112733244896 2357.1415317393839 59.079801976680756 12.522684533149002 144.49512757360935
leaf_count=145 251 229 4534 349 113 194 109 540 2746 102 1435 55 103 24946 868 135 166 138 192 113 58 1983 5254 972 1009 7175 2073 417 741 121 126 149 106 162 175 169 124 218 545 112 89 64 375 531 511 123 592 122 163 100 199 151 104 697 122 2059 128 457 1301 339 189 203 103 483 147 136 173 1026 115 306 106 119 164 123 3878 3465 134 110 235 123 140 355 1716 205089 127 132 215 104 583 127 493 116 103 159 127 117 100 105 119 177 122 100 12748 107 38858 833 168 583
internal_value=-0.000805331 0.0588418 -0.0449296 0.0355526 -0.0512047 0.0202013 0.0192982 -0.0514853 0.0475842 0.0539817 0.0221375 -0.0406514 0.0123199 0.0854626 0.0514182 0.00848124 -0.0414232 -0.00922439 0.0667783 0.0413862 -0.0318789 0.048769 0.0123414 -0.0188206 0.0259832 0.0233059 0.0319492 0.00739578 -0.0333801 0.0457123 0.0170845 0.0468242 0.00374787 0.00904308 0.000808261 0.0152376 -3.65765e-05 0.005625 0.0149507 0.0228345 -0.0524347 -0.0301691 0.0605097 0.00903832 0.00841275 0.0204645 -0.000536871 0.0139332 0.0113499 0.0218527 0.0328796 0.00789472 0.029334 0.0326332 0.00195354 0 -0.0209091 0.0105065 0.0151113 -4.60365e-05 0.0320297 0.0206354 0.0356503 0.0139822 0.00796757 0.0362102 0.035041 0.0260907 0.0545336 0.0384579 0.00827812 0.000880974 -0.00615768 -0.00108903 0.0448988 0.0508046 0.0501846 -0.0224456 0.0275528 -0.0133809 0.016306 -0.00291983 -0.000832402 -0.0525099 -0.0500093 0.0286261 -0.0111508 0.0139206 -0.0252237 -0.00995625 0.0730672 -0.02231 0.0458826 0.0856847 -0.0228807 -0.0128901 0.0129684 -0.0176233 0.0175649 -0.0453955 -0.0421865 -0.0210279 -0.0463297 0.021564 -0.0502303 -0.0338351 -0.0380303 0.0799373
internal_weight=30911.3 13143.4 17767.9 7012.41 15900.1 3083.28 3038.35 15830.6 3929.13 1926.98 2763.91 1281.64 69.477 6130.96 1758.19 1867.8 1271.11 274.447 252.741 2002.15 378.278 1505.45 781.687 174.244 1982.22 1374.45 607.768 100.202 370.392 1083.17 76.2929 1033.75 1080.89 450.753 194.93 255.823 630.136 326.57 786.912 243.34 14549 51.4656 121.23 145.671 183.919 78.0298 105.889 737.146 543.572 131.864 88.9142 411.707 166.698 152.119 283.396 269.042 35.0465 360.186 250.97 109.216 71.9042 50.3578 206.616 124.522 33.2427 918.985 868.485 244.339 50.4999 624.147 76.6419 62.1162 303.566 42.9503 912.519 1298.83 41.7139 48.3509 133.144 44.541 47.2003 255.215 236.909 14497.5 2375.1 43.1737 36.1625 27.3218 141.002 51.5209 206.515 23.9095 34.4305 6103.95 49.2593 33.7166 27.0666 29.1271 32.9891 892.832 43.8842 30.7055 821.105 49.4207 2364.1 71.7263 21.5254 168.786
internal_count=342440 62855 279585 37605 264816 20222 20028 264201 17383 8138 17420 19312 615 25250 7453 14769 19257 2608 1034 9245 5333 6419 5728 1840 11692 8184 3508 768 5275 4743 543 4523 9058 3633 1595 2038 5425 2759 5711 1732 244889 726 524 1189 1477 634 843 5376 3979 959 636 3020 1171 1067 2399 2277 409 2642 1846 796 561 392 971 1014 285 4502 4251 1199 251 3052 561 449 2666 323 3999 5448 297 431 932 352 339 2235 2071 244163 39074 360 321 228 1555 378 842 225 206 25105 406 279 200 211 238 13924 662 227 12914 220 38947 1010 281 685
is_linear=0
shrinkage=0.05


Tree=15
num_leaves=87
num_cat=0
split_feature=93 103 21 0 44 48 32 0 3 54 0 48 40 103 52 2 3 0 44 36 63 65 115 63 65 0 46 112 9 15 86 90 54 24 103 40 2 67 93 5 77 53 111 95 103 71 86 113 115 52 111 40 103 9 103 53 113 42 9 65 115 11 71 63 44 3 2 5 46 21 69 53 46 113 3 49 65 96 93 86 2 49 65 36 105 61
split_gain=29996.6 3859.95 1160.69 650.743 149.053 114.842 134.209 69.3621 68.159 66.9902 52.1647 42.9156 38.5149 36.9193 30.931 18.2085 16.7245 15.3709 11.6164 24.16 11.533 13.4145 10.9122 10.4028 10.3508 10.2207 10.1352 9.91501 9.5076 9.47738 13.6709 9.24645 9.17839 12.3152 9.10665 9.28568 8.3421 8.22228 8.13344 7.83643 20.9814 8.90403 7.62994 7.47615 7.3703 7.32113 8.05255 7.64722 7.10032 9.43111 9.96529 7.50684 6.60933 6.30487 5.67341 5.54633 5.3873 5.17472 4.84157 4.77096 4.70448 4.69823 4.67756 4.55893 4.37016 11.6742 4.24991 3.47125 3.27415 3.14159 2.95428 3.10596 2.57917 5.27525 2.42369 2.272 1.83813 1.82892 1.64598 2.10798 1.62957 1.18358 1.00451 0.843382 0.83648 0.0938955
threshold=2.5000000000000004 0.094428826123476042 19.500000000000004 2.7403194904327397 0.067117117345333113 0.020067113451659683 12.500000000000002 3.113268375396729 0.95999291539192211 1.660188674926758 2.1383330821990971 0.034582419320940978 6.5000000000000009 0.97432249784469616 0.87555310130119335 1.5324124097824099 1.2978605031967165 1.7005987167358401 0.091372914612293257 25.500000000000004 10.117214679718019 9.9903535842895526 0.00056823712657205771 7.0951764583587655 10.484138965606691 3.3140207529067998 0.21960458159446719 -0.25445553660392756 79.500000000000014 2.5000000000000004 0.42740046977996832 7.5000000000000009 1.2072218656539919 3.5000000000000004 1.0310679078102114 7.5000000000000009 1.6532226800918581 11.035807132720949 1.5000000000000002 1.5000000000000002 6.5000000000000009 2.7029832601547246 -8.3284864425659162 6.8149764537811288 1.0442442893981936 6.297621726989747 0.15339367091655734 3.0301965475082402 0.00058614363661035906 0.57587876915931713 -8.4032340049743635 5.5000000000000009 1.700957238674164 58.500000000000007 1.8660447001457217 1.7795138955116274 -7.1672880649566642 0.12254524603486062 73.500000000000014 11.458529472351076 0.00063796155154705058 2.5000000000000004 8.6057610511779803 9.3026919364929217 0.10551619529724122 0.67661738395690929 0.39777174592018133 3.5000000000000004 0.31241045892238622 21.500000000000004 3.69975757598877 0.84587103128433239 0.25037313997745519 -7.2291893959045401 1.1149416565895083 0.15412895381450656 9.8946919441223162 0.33473390340805059 3.5000000000000004 0.36180344223976141 1.0286595821380617 0.091673031449317946 9.5309824943542498 12.500000000000002 1.5590342879295351 10.142611503601076
decision_type=2 2 2 2 2 2 2 2 2 2 2 2 2 2 2 2 2 2 2 2 2 2 2 2 2 2 2 2 2 2 2 2 2 2 2 2 2 2 2 2 2 2 2 2 2 2 2 2 2 2 2 2 2 2 2 2 2 2 2 2 2 2 2 2 2 2 2 2 2 2 2 2 2 2 2 2 2 2 2 2 2 2 2 2 2 2
left_child=1 10 31 5 9 8 17 14 -3 36 66 15 22 67 32 64 -15 29 19 74 21 -19 23 -10 28 53 -12 -24 -14 42 -31 34 33 44 48 39 37 -4 57 56 58 -42 -7 -26 -5 47 -47 -34 49 50 55 -52 -33 -18 -27 -2 60 83 -41 -38 -36 69 -35 -59 65 -6 -1 81 -22 -13 71 -40 73 -20 -17 -66 -72 -74 79 -39 -67 -9 -77 -8 -51 -71
right_child=2 3 4 7 11 6 38 13 12 -11 26 61 24 16 -16 18 25 20 72 -21 68 -23 27 -25 43 54 -28 -29 -30 30 -32 52 45 62 35 -37 59 78 70 40 41 -43 -44 -45 -46 46 -48 -49 -50 84 51 -53 -54 -55 -56 -57 -58 63 -60 -61 -62 -63 -64 -65 75 80 -68 -69 -70 85 76 -73 77 -75 -76 82 -78 -79 -80 -81 -82 -83 -84 -85 -86 -87
leaf_value=-0.0030631535287394735 -0.033797034036521102 0.083390047865631117 0.0056788932428041977 0.049851878915340361 0.011865580722200241 0.010676003074419502 -0.039329956615819048 0.082095810306020506 0.027638196376303038 0.05711736828894845 0.082818514144475913 -0.013809357324783484 0.03460996019153275 0.07015289376737642 0.076066775469721182 -0.038328758266653648 0.034642478191755748 0.017623671215044653 -0.029780719434388515 0.06551378467214973 0.0050982199942691004 0.042167353945921145 0.028044916897626788 0.012342490993417277 0.0077361150467665845 0.051312202986047287 0.04903428942897526 0.010285382689646553 -0.0057651723920926186 0.0083630203226359619 -0.0091218356743775382 0.055391083303769233 0.0051538844790261478 0.013944934219709163 -0.00027407586488479939 -0.024810275455835917 -0.013083356706194545 -0.035820393903822037 -0.026042262087092257 -0.032205229360050359 0.014385755514192564 0.042304330748211688 0.025000526528783075 -0.018907758587039098 0.033166730520182423 0.033863044953577275 0.06748764822836828 0.046671559534752771 -0.036846740338448064 -0.01507015784518939 0.046635334042454617 -0.00082348628711099666 0.0096345779442781766 0.045036428133551784 0.043433976449106869 0.0087169445503005785 -0.024438129607406232 -0.012048288680902089 -0.0035583323262077535 0.025413428768239533 0.01180216423424652 -0.052868208679750152 0.035418776481240248 0.024954296479939769 -0.018352520786574598 -0.044624804794043307 0.033256020681410578 0.053934345803259766 -0.026395117915305577 -0.050246642698735411 -0.012752134120529536 0.0098101168011475032 -0.02619713581134633 0.012861836906177627 -0.0073142430426441987 -0.018042219301340718 -0.037314373819591115 -0.047877588398905865 -0.048428537056360223 -0.007747075448387708 -0.031932824721191362 0.061486511506414293 -0.046816620331302336 -0.014528933093274155 -0.037637830348530278 -0.042551492424240056
leaf_weight=15.451729197055103 14.761982642114164 45.857950948178768 12.798736296594141 79.146732211112976 10.758002776652573 442.13164512813091 10.044594198465349 92.535366252064705 179.24415723979473 36.445939742028713 6000.3323867693543 8.1537495888769609 31.039545938372612 83.461545005440712 45.070162698626518 13.230923973023893 278.31308378279209 403.2456677891314 36.910997476428747 8.7464823797345144 15.557982385158541 65.505810365080833 1262.456602409482 312.88772685825825 39.524874784052372 1018.4018224924803 31.302463263273239 88.17414840310812 25.082457058131695 613.55580252408981 134.81551571190357 13.222258895635603 21.165839061141014 122.11777470260859 332.88624776899815 23.675324134528637 20.272216774523262 23.167620301246643 17.597958151251081 17.348246194422245 266.57597042620182 31.77385301887989 120.51650453358889 71.38292995095253 1072.6778155267239 36.113597020506859 56.000995762646198 24.402995303273201 19.104708932340145 13.337917417287828 17.31726980954409 14.133798852562903 20.166540831327438 481.63009469211102 428.25383305549622 13.045992329716681 17.670432850718498 19.381859198212627 75.339789971709251 11.236430361866949 104.27825229614973 11527.739830069244 33.581712625920773 12.258598305284975 10.954668097198008 104.06521015241742 13.911133371293543 46.15123550593853 14.304594516754149 2143.2424302399158 11.477401599287985 7.3930286504328242 26.361853580921888 7.6733731441199771 14.231197595596312 6.6690290421247473 147.10277697071433 38.207855168730021 24.736253671348095 11.952701091766356 75.950656708329916 44.341235026717186 836.66705588623881 11.531275428831576 12.996912159025667 86.006959658116102
leaf_count=111 124 194 149 362 140 3282 108 373 1028 167 25074 111 221 341 182 171 1194 2640 517 74 110 451 7286 1864 316 4194 135 520 226 4794 1097 108 101 602 2666 195 191 283 241 140 2108 247 872 669 5081 167 259 112 157 108 142 120 164 2062 1787 107 148 181 632 88 825 204335 165 119 170 1691 95 188 98 36949 157 102 354 101 190 107 2159 569 298 145 1173 180 13761 121 110 1484
internal_value=-0.000989719 0.0521851 -0.0476364 0.0295176 -0.0511042 0.015545 0.00714533 0.0439653 0.0238909 6.32577e-05 0.0823327 -0.0515859 0.0224671 0.0491355 0.0353379 -0.0422677 0.0473265 0.0117856 -0.0250937 -0.000222601 0.0192723 0.0211984 0.0245495 0.0180008 -0.000461282 0.0464115 0.0826571 0.0269056 0.0167113 0.00891184 0.00518793 0.00430564 0.0339832 0.0325768 0.00338279 0.00507129 -0.0203322 -0.0294949 -0.0281268 0.00596189 0.011142 0.0175891 0.0138203 -0.00934704 0.0343853 0.0467733 0.0551657 0.0283787 -0.01042 -0.00387371 0.00710784 0.0259377 0.0296436 0.0413187 0.0490343 -0.0140853 0.00146444 -0.0102645 -0.00945379 0.000873186 0.00261422 -0.0523863 0.0189339 0.00246664 -0.0446076 -0.0366071 0.0145997 0.0711468 -0.0102096 -0.049865 -0.0331258 -0.0151037 -0.0331387 -0.0220448 -0.0238132 -0.0463152 -0.0357353 -0.0399732 -0.0371339 -0.0272478 -0.0396331 0.0762306 -0.0466333 -0.0283144 -0.0279952 -0.0499831
internal_weight=30230.3 14126.4 16103.8 8065.44 15096.2 4102.07 2046.42 3963.37 2055.65 140.61 6061 14955.6 2009.79 2473.09 1490.28 1190.43 2290.06 1809.63 145.363 36.2086 498.614 468.751 1842.76 492.132 167.03 2206.6 6031.63 1350.63 56.122 1311.02 748.371 1007.64 1445.21 1307.52 974.247 869.548 104.164 72.6553 236.787 845.873 391.038 298.35 562.648 110.908 1151.82 137.683 92.1146 45.5688 104.699 85.5939 59.259 31.4511 33.3888 759.943 1446.66 27.808 454.835 53.2163 92.688 31.5086 437.165 13765.1 155.699 31.6405 1045.06 190.774 29.3629 183.028 29.8626 2237.4 183.571 24.991 109.154 44.5844 27.4621 854.291 158.58 64.5697 59.8566 35.1203 180.016 136.877 843.336 21.5759 26.3348 2229.25
internal_count=342940 71621 271319 46206 263218 28856 16532 17350 12324 1321 25415 261897 12130 10319 7031 19018 9578 13344 1976 435 3299 3091 10698 2892 1432 9237 25209 7806 447 10045 5891 8101 6849 6210 7829 6961 1154 875 3188 6766 3127 2355 4154 985 5443 639 426 213 868 711 493 262 272 3256 5981 231 3639 529 772 279 3491 242879 767 300 17042 3004 206 741 208 38544 2659 343 1541 618 361 14038 2316 923 726 428 2864 553 13868 229 218 38433
is_linear=0
shrinkage=0.05


Tree=16
num_leaves=92
num_cat=0
split_feature=93 103 21 0 44 32 21 0 54 0 52 48 0 103 93 2 21 2 30 34 2 84 98 4 15 50 54 65 94 109 53 2 114 114 112 44 46 86 115 65 54 109 107 112 115 44 52 77 3 71 113 82 76 111 54 115 103 82 113 42 46 53 28 65 52 2 69 53 54 53 11 53 115 109 109 114 95 114 96 21 95 34 0 48 53 103 54 3 46 3 0
split_gain=27873.5 3634.32 1253.61 597.142 138.165 109.594 99.5526 83.7664 62.5187 50.6663 44.6289 41.261 32.5812 29.5438 28.8147 18.094 15.2453 13.8291 13.0899 13.0825 16.0798 12.5209 10.8441 10.4028 10.3269 9.97334 14.4098 28.4508 10.4625 10.347 10.1614 9.61438 9.07774 8.94226 11.3471 9.3646 8.24036 14.7773 12.0754 10.7779 9.49769 7.65535 7.73081 7.65441 7.37171 7.32368 6.98532 6.80769 8.51178 7.1878 6.09713 6.27184 6.6786 6.06901 8.15134 5.98471 8.35111 5.85894 5.74806 6.64457 5.6611 5.4438 5.07807 4.91476 4.81907 5.33691 4.47596 4.43874 4.41475 4.32359 4.3025 4.14485 3.94689 3.91398 3.78818 3.68194 3.66594 3.25364 2.73397 3.91342 5.73985 2.94941 2.26893 2.24505 2.14133 2.12184 2.02196 1.96057 1.44672 1.43057 1.17326
threshold=2.5000000000000004 0.094428826123476042 19.500000000000004 2.5249279737472539 0.067117117345333113 11.500000000000002 50.500000000000007 3.113268375396729 1.4999999403953554 2.1383330821990971 0.87555310130119335 0.034582419320940978 1.7005987167358401 1.1529362201690676 1.5000000000000002 1.5324124097824099 15.500000000000002 2.3889811038970952 6.5000000000000009 23.500000000000004 1.7662037611007693 0.28452381491661077 10.500000000000002 1.5000000000000002 2.5000000000000004 1.0714277029037478 1.0631648898124697 10.250030517578127 7.3515753746032724 0.0026155405212193732 2.7029832601547246 1.3947334885597231 -4.7104036808013907 3.4516190290451054 -0.25445553660392756 0.089087303727865233 0.28005602955818182 0.42740046977996832 0.0007673237705603243 9.784980773925783 1.0779351592063906 1.5400638580322268 1.0490924119949343 -0.28473871946334833 0.00057037101942114543 0.22163555026054385 0.75416782498359691 10.500000000000002 2.2445856332778935 6.9426639080047616 -8.8831081390380842 7.5000000000000009 20.500000000000004 -8.3592772483825666 1.0779351592063906 0.6923760473728181 1.3532662987709048 2.5000000000000004 -7.2127087116241446 0.19923664629459384 0.12556306272745135 2.2928571701049809 3.5000000000000004 10.074902534484865 0.53358396887779247 0.2961233407258988 6.8411543369293222 0.14415584504604342 1.2222221493721011 0.4743421077728272 2.5000000000000004 1.199099123477936 0.00042387074790894991 0.00010293718878529036 0.01161230029538274 3.3275407552719121 8.328733444213869 -4.3093748092651358 0.34654632210731512 97.500000000000014 10.917032241821291 22.500000000000004 1.4978661537170412 0.19999996572732928 0.55634921789169323 0.93024978041648876 1.913311839103699 1.413210451602936 0.30758179724216467 1.5420657992362978 1.4978661537170412
decision_type=2 2 2 2 2 2 2 2 2 2 2 2 2 2 2 2 2 2 2 2 2 2 2 2 2 2 2 2 2 2 2 2 2 2 2 2 2 2 2 2 2 2 2 2 2 2 2 2 2 2 2 2 2 2 2 2 2 2 2 2 2 2 2 2 2 2 2 2 2 2 2 2 2 2 2 2 2 2 2 2 2 2 2 2 2 2 2 2 2 2 2
left_child=1 9 21 5 8 12 14 10 50 -1 17 15 36 23 18 78 55 19 43 20 -5 25 69 60 -11 26 27 44 29 64 62 63 -23 34 35 -14 38 39 40 -38 -3 42 82 -7 72 -36 -21 49 -49 -31 -4 52 -52 54 -28 56 -15 -56 59 -44 85 -39 71 -16 66 -66 -27 -57 -33 -17 89 -30 -2 -25 -20 -46 -71 -60 79 81 -81 -6 83 -34 -53 -9 -10 90 -86 -13 -80
right_child=2 3 4 7 11 6 -8 13 86 24 -12 70 33 16 31 22 -18 -19 74 46 -22 32 -24 73 -26 28 53 -29 30 47 -32 68 41 -35 45 -37 37 61 -40 -41 -42 -43 58 -45 75 -47 -48 48 -50 -51 51 84 -54 -55 57 67 -58 -59 77 -61 -62 -63 -64 -65 65 -67 -68 -69 -70 76 -72 -73 -74 -75 -76 -77 -78 -79 87 80 -82 -83 -84 -85 88 -87 -88 -89 -90 -91 -92
leaf_value=0.010450544749363445 0.011475724722949651 0.016942344514108129 0.0069317580847702443 0.031011166163584132 -0.008164196320502649 0.017046034766820286 0.077907157438281194 0.07774097139032865 0.059233241170356665 0.080209795835696263 0.072981680031214732 -0.049898354374596644 0.045740141169377434 0.055877764744143826 -0.012270789602774201 0.0040764018159142089 0.067328131443408643 0.069659027238697699 -0.0043854949780348504 -0.0071359622252571532 0.057331904745245577 0.039936115778044068 0.013895951699861804 0.051845668786757761 0.050696759313368089 0 -0.021260467579504245 0.07893082700413058 0.00029160792299659147 -0.016814768761126059 0.024162518572409596 0.0033193485267539848 -0.037247682194650182 0.048289033705929164 -0.0068017247478736088 0.02013313606616636 0.014269431549563998 -0.012671436439529032 0.052906782843072091 -0.0022316985287876888 0.0040185698532895107 -0.033072171140297528 0.01388748132528257 -0.01780251331331676 0.01340190853905417 0.024757976147139243 0.021194519429884495 0.015126288469619234 0.046480705460181286 0.021654208142351552 0.022561943334443463 -0.011992650772048937 -0.026306436196101835 -0.013970020333735173 0.02779139398058621 0.020668850990206801 0.043509064659537411 0.0018560833141352175 0.0019017271990821615 -0.00034842865816279045 0.045887306579920885 0.012030362028501017 0.0040322529863574992 -0.035183339536666296 0.026987642816118332 -0.015473025079110823 -0.041183944694412014 0.040052145133459199 -0.022180911650256471 -0.015218566868925166 -0.052688694269972795 -0.030392235063510499 0.04529563054761436 0.024315582236148835 -0.044549072832918403 -0.01499870718902355 -0.037135388358444342 -0.024077660315694294 -0.049764276284890552 0.010927236672669378 -0.040715684722342604 -0.041956665241987073 0 -0.0077909674226560926 -0.047820080440506833 0.061449976324335159 0.031199756985652412 -0.017991127312644042 -0.018902648759520958 -0.032621015823991094 -0.043050278754111618
leaf_weight=27.106642942875624 15.719300679862497 412.11268565803766 12.679050754755734 1981.4901676848531 8.1825233362615091 80.882118470966816 27.640315730124712 95.662891820073128 22.351773750036955 5900.9581528306007 66.501034647226334 2112.5986909456551 36.758514285087585 187.83194655179977 30.944958630949259 8.0998069904744607 72.374685689806938 23.281747996807098 10.824497841298582 28.909778840839863 61.584917724132538 12.483409702777861 14.968863699585198 38.131067797541618 41.309488862752914 12.035825341939928 14.019276909530161 23.554119266569614 13.531226605176924 23.586867086589336 18.239295653998852 32.498363621532917 18.136473678052429 27.830914534628391 63.087536200881004 1526.7580251134932 361.40959451347589 120.73742550984025 17.860089801251888 134.19426521658897 221.86168442294002 16.338381879031658 125.87226063758135 17.926834337413311 39.82397435605526 24.125811368227005 74.928176693618298 75.538477957248688 31.456254333257675 21.958434797823429 9.6706954725086707 9.0705282986164075 16.996760174632072 25.711264163255692 56.117845445871353 38.278879314661026 1145.2892878502607 36.763100765645504 18.969096377491951 226.07193404436111 46.674980089068413 25.627451129257679 22.289875380694866 179.4946511015296 14.143067017197611 12.41243717074394 13.115989871323107 726.45339560508728 32.053988754749298 30.298420455306768 11013.021250061691 45.113067619502544 26.314042240381241 28.910059362649918 14.403705969452856 14.112545251846312 89.007006511092186 27.837821274995804 380.49295128136873 9.4948413297534007 9.0794763155281526 307.8861588537693 11.805948577821253 12.578752249479292 36.740700352936983 111.78705853223801 21.495242550969124 9.4328774847090227 9.4567798003554326 26.586652740836143 272.36204861849546
leaf_count=194 115 3050 136 9752 130 600 120 388 119 25120 274 38073 227 770 398 101 296 96 109 201 280 102 156 155 180 101 103 172 114 190 151 342 163 168 385 9251 2719 958 134 1025 1710 137 964 153 292 154 391 610 244 180 113 84 197 189 400 157 4760 264 162 1934 192 201 188 2614 122 102 110 3034 335 424 204539 374 191 118 143 104 1293 238 6615 135 142 5179 86 115 450 450 95 148 124 427 4551
internal_value=-0.000756155 0.050087 -0.0471293 0.0283187 -0.0509254 0.012322 -0.0113305 0.0398091 -0.00113285 0.0797076 0.0327199 -0.051407 0.0157245 0.046146 -0.0178055 -0.0420611 0.0439591 0.031432 0.00211808 0.0309645 0.0318509 0.00626576 -0.0247922 0.0606193 0.0800192 0.0113374 0.0186759 0.0311893 0.00514463 0.011607 -0.00804 -0.0267911 0.000233906 0.0203267 0.0198058 0.0207848 0.00972943 0.00566168 0.0136981 0.00978807 0.0124555 -0.000954311 0.0003203 0.0104521 0.018335 0.00208691 0.0132227 0.0181335 0.0249518 0.00161852 -0.0240216 -0.0289698 -0.00797201 0.00710014 0.0123833 0.0431006 0.0453201 0.0178246 0.00252873 0.00475206 0.0655087 -0.00820053 -0.0157261 -0.0319719 -0.00742681 0.0070183 -0.0225899 0.0391373 -0.00940777 -0.0295241 -0.0522109 -0.0233155 0.0337088 0.0409118 -0.0289037 0.00558571 -0.0319103 -0.01361 -0.0444764 -0.0398059 -0.0149747 -0.041156 -0.0195431 -0.0264192 -0.0384469 0.0695144 0.0471975 -0.046726 -0.0428909 -0.0497113 -0.0470837
internal_weight=29552.1 14096.5 15455.6 8127.12 14430 3399.03 426.669 4728.09 138.462 5969.37 2236.7 14291.5 2972.36 2491.39 399.029 1139.3 2170.23 2170.19 124.037 2146.91 2043.08 1025.65 142.374 321.166 5942.27 555.556 252.135 119.524 303.421 204.247 99.1735 274.992 470.094 1678.56 1650.73 1563.52 1293.8 641.969 651.834 495.604 633.974 457.611 441.272 98.809 95.9699 87.2133 103.838 152.54 106.995 45.5453 94.6145 81.9355 26.6675 132.611 106.9 2097.85 1333.12 92.8809 398.751 351.944 254.125 146.365 80.9342 210.44 51.7073 26.5555 25.1518 764.732 64.5524 127.405 13152.2 58.6443 42.0333 67.0411 25.2282 53.9365 119.305 46.8069 996.931 334.643 18.5743 316.069 42.5212 30.7152 55.268 207.45 43.847 662.288 46.1975 2139.19 652.855
internal_count=343052 71604 271448 46110 263231 24796 4814 21314 1318 25494 10994 261913 19982 10320 4694 18874 9017 10720 1005 10624 10032 8217 1974 1303 25300 4316 1830 874 2486 1659 827 3689 3901 10185 10017 9478 9797 4903 4894 3744 4760 3799 3662 753 702 539 592 1224 854 370 1104 968 310 956 767 8721 5530 664 3298 2898 1030 1159 676 3012 435 224 211 3191 677 1818 243039 488 306 273 252 396 1717 400 16900 5586 277 5309 364 278 658 838 214 11314 574 38500 11166
is_linear=0
shrinkage=0.05


Tree=17
num_leaves=94
num_cat=0
split_feature=93 103 19 1 44 17 21 1 54 48 1 48 52 103 2 21 2 17 102 115 100 67 30 107 103 101 93 93 46 100 67 3 2 21 21 52 44 9 115 114 102 105 49 97 108 101 108 107 2 3 34 92 101 5 3 100 111 42 113 102 46 105 94 54 109 69 113 53 113 109 115 21 103 115 52 67 77 109 9 53 11 115 115 72 1 52 113 98 96 94 80 38 54
split_gain=25579.1 3591.51 1194.24 532.235 134.167 91.5253 92.6074 67.8702 56.5622 54.8677 53.7396 40.451 39.7325 30.1446 29.4064 17.545 14.0223 11.8248 15.9628 11.5215 13.7359 12.1154 11.2776 11.2659 11.0423 10.9968 10.1038 10.0765 8.98192 8.39656 8.37598 8.32425 8.25054 8.12211 8.09993 8.08792 7.96402 11.4654 7.71618 8.21746 7.71109 7.61111 7.29483 7.16447 7.00963 8.4591 6.93056 6.64846 6.52795 8.0378 9.32963 11.5495 7.47719 12.2777 10.9285 10.1405 10.3918 8.73925 7.13531 6.97677 6.89422 6.77078 6.7551 9.90605 7.89015 8.59555 6.29985 5.85292 5.39203 5.38649 4.98054 4.94381 4.76131 4.6103 4.49865 4.19314 4.04697 4.00868 3.95483 4.774 3.5868 3.49512 3.32322 2.96017 3.10603 4.10731 2.13939 1.67431 1.84862 1.6375 1.51951 0.775541 0.226343
threshold=2.5000000000000004 0.038043830543756492 19.500000000000004 11.500000000000002 0.067117117345333113 14.500000000000002 50.500000000000007 19.500000000000004 1.6183014512062075 0.02334665693342686 3.5000000000000004 0.034582419320940978 0.84650033712387096 1.4002090692520144 1.3947334885597231 15.500000000000002 1.5324124097824099 5.5000000000000009 12.227538585662844 0.00060448248405009519 0.58361119031906139 7.9770038127899179 6.5000000000000009 1.0225380063056948 0.86534583568573009 1.1984564661979678 1.5000000000000002 1.5000000000000002 0.21452540904283526 1.184535086154938 11.035807132720949 2.2445856332778935 1.0682493448257449 31.500000000000004 49.500000000000007 0.35857143998146063 0.089087303727865233 81.500000000000014 0.000395618990296498 -4.6053242683410636 10.180060863494875 1.7013528347015383 0.24999997764825824 0.65942031145095836 9.9844160079956072 9.7771153450012225 8.1387472152709979 8.608614921569826 0.80095681548118602 2.175783753395081 9.5000000000000018 3.5000000000000004 1.7875837683677676 1.5000000000000002 2.2318032979965214 2.0471550226211552 -8.4549622535705549 0.28426213562488561 -8.7821536064147931 11.12618398666382 0.41445992887020117 2.2901493310928349 8.4740614891052264 1.0631648898124697 0.68593916296958934 4.6560058593750009 -7.2682499885559073 0.45534290373325353 -8.7723388671874982 0.01161230029538274 0.00037102447822690015 38.500000000000007 0.79602599143981945 0.00056376558495685469 0.57587876915931713 11.318952560424806 46.500000000000007 0.6636372208595277 62.500000000000007 1.2445626854896548 2.5000000000000004 0.00035435182508081203 0.00057458836818113934 1.4978661537170412 2.5000000000000004 0.83266666531562816 3.1985551118850712 1.0000000180025095e-35 0.23166368901729587 10.689860820770265 1.5000000000000002 3.5000000000000004 1.0444663763046267
decision_type=2 2 2 2 2 2 2 2 2 2 2 2 2 2 2 2 2 2 2 2 2 2 2 2 2 2 2 2 2 2 2 2 2 2 2 2 2 2 2 2 2 2 2 2 2 2 2 2 2 2 2 2 2 2 2 2 2 2 2 2 2 2 2 2 2 2 2 2 2 2 2 2 2 2 2 2 2 2 2 2 2 2 2 2 2 2 2 2 2 2 2 2 2
left_child=1 9 48 5 8 10 14 12 30 28 26 16 19 24 27 44 83 31 32 21 -21 -5 33 -22 25 -9 38 67 -1 86 -4 66 -19 -16 87 46 37 -18 42 -40 -23 -31 -3 -33 45 -15 -28 -37 49 50 51 78 72 54 58 56 -55 -57 -54 -56 74 -62 64 68 70 -66 -12 -7 -64 -24 -52 73 -51 -38 -50 -14 -46 -65 -2 -80 91 -73 -76 84 85 -6 -26 -32 -89 -29 -86 -13 -93
right_child=2 3 4 7 11 6 -8 13 -10 -11 17 80 75 15 22 -17 36 18 -20 20 23 40 69 -25 29 -27 35 89 -30 41 34 43 -34 -35 -36 47 71 -39 39 -41 -42 -43 -44 -45 76 -47 -48 -49 60 52 62 -53 53 55 59 57 -58 -59 -60 -61 61 -63 63 77 65 -67 -68 -69 -70 -71 -72 81 -74 -75 82 -77 -78 -79 79 -81 -82 -83 -84 -85 90 -87 -88 88 -90 -91 -92 92 -94
leaf_value=0.077893874719535725 -0.038362615601086919 -0.032608151355267991 0.010983681216857676 0.048729938428179805 -0.047567922288823228 0.016418039819349001 0.071705530469031928 0.031852080946961854 0.050750616164022683 0.0004699139508317925 0.018184775232402622 -0.018844853634730069 0.045995517715844238 0.037804155149373686 0.030783748979260651 0.065080848723787499 -0.032904477373380592 0.013677382765935312 0.059383238494961924 -0.0072748247171970266 0.060194937739913072 0.021622369123882657 0.003009072462035908 0.030812721364884384 0.018583619315740513 0.072427898161527698 0.00017605045205216639 -0.034436202304026726 0.045791140583873263 0.058158673903425821 -0.010019033524972812 0.028272404130449819 0.028016327610938974 0.00033655742787336686 0.0010471000697384353 0.00079395326678857183 0.011844963755061383 0.02680635512428093 0.049793481044438162 0.012048631194816922 0.00078864640843377535 0.044715213005657006 0.012595269814334739 0.01037226088196762 0.035061988599543285 0.023065583987334239 0.044640211360232884 0.030034474151257613 -0.0099401455558543548 0.0061129290997273779 0.024727387531416567 0.020237537802101555 0.040253283357953418 0.033380842116904584 -0.0076771810907178845 0.058461686922619022 -0.0016657464589646923 0.013721078932658927 0 0.024427646669225936 0.056354837470876509 0.010240314359763331 0.0076409477948813313 0.0070911281954941759 -0.014362686801598813 0.021351350386688728 -0.008449190623379536 -0.017781916184031417 0.042520740078840553 -0.030615821847670512 -0.0056260355404824059 -0.0084846320531841626 -0.02742807604752653 -0.02615639629164835 0.031527072014667007 0.071986594185602479 0.048431969739599151 -0.02253870772303708 -0.035948407788520091 -0.00071249559246537239 -0.052459980742640556 -0.044599473341508718 0.0019056767386492332 -0.0078837683904749069 -0.037852761623123767 -0.0045350627824966632 0.03930512161913164 -0.017748026889389854 -0.043886965797347716 -0.015992851840345233 -0.048333551667358587 -0.037376901501748307 -0.049827441130694011
leaf_weight=5766.5917661041021 27.796714201569557 17.252693459391594 16.082046985626221 37.969518780708313 541.18340700864792 15.404407337307928 30.63767508789897 24.91231007874012 36.499124698340893 23.346822086721659 183.30131740868092 5.4925905168056479 45.655056342482567 1333.6665811687708 33.441406883299351 66.890514522790909 14.305429976433517 895.11904982477427 19.914066173136234 22.065306305885315 34.663187727332115 405.07309170812368 18.138922423124313 1196.8663942813873 32.690707415342331 109.64598076045513 15.852284438908098 166.85711893066764 30.769401714205742 222.66237980127335 8.1158886849880201 669.36276677250862 115.54739466309547 60.614346891641617 18.990074504166842 655.08542891219258 9.4374641589820367 14.814888235181568 13.677185058593748 567.11978764086962 51.1157066822052 318.8330462127924 15.467583306133745 65.478039659559727 107.89671419560909 118.35372430086136 19.481903202831745 18.579599417746067 22.834936290979385 19.878951504826546 12.612476177513598 17.255966350436211 27.037592455744743 34.009159877896309 121.47191875427961 29.220884568989277 50.738885164260864 19.782736085355282 18.614355631172657 18.058130897581577 16.955125778913498 16.527142219245434 19.364263907074928 42.686666235327721 20.792230032384396 67.311247956007719 23.802603408694267 45.877932295203209 30.40845624729991 29.440945334732533 285.97124853730202 9.1954048499464971 19.293028891086578 28.709168244153261 18.730135209858418 53.743072986602783 275.25841930508614 13.87230511754751 13.508353836834429 28.602961711585522 10510.584726016968 60.920782595872879 19.633318714797497 7.0542033165693274 327.38598007708788 6.4585594274103633 31.469638362526894 13.174567602574824 43.147211614996195 19.437288824468851 77.459495756775141 32.978640839457512 2006.1437143608928
leaf_count=25073 222 132 182 192 9724 124 131 101 165 169 1056 100 192 5536 243 276 192 5471 121 102 154 2106 179 5612 135 449 123 2507 133 910 89 3820 701 482 146 5289 136 159 93 3957 265 1303 113 414 449 493 150 153 153 166 101 140 213 269 959 219 398 167 150 143 110 114 160 365 161 560 142 465 249 312 2382 133 157 422 125 224 1140 117 105 229 204565 911 134 121 5610 107 128 175 556 304 1345 614 37751
internal_value=-0.00100573 0.0473927 -0.0468054 0.0260713 -0.0506899 0.0120604 -0.00988386 0.0376548 -0.0011866 0.0774291 0.0148628 -0.0511821 0.0302285 0.0428225 -0.0165826 0.0393839 -0.0417521 0.0200923 0.016311 0.0284214 0.0310178 0.0217406 0.00152544 0.0317201 0.0515473 0.0654231 0.00704153 -0.0269289 0.0777371 0.048294 -0.0208064 0.0241863 0.0153657 0.01158 -0.0271379 0.00294732 -0.0261228 -0.00237511 0.0117379 0.0130806 0.01932 0.050407 -0.0113319 0.0267154 0.0383895 0.0366347 0.0257829 0.00168015 0.00503338 0.00374133 8.32664e-05 -0.0148346 0.00961504 0.0121624 0.00370107 0.0236324 0.0126184 0.0415419 0.0245428 -0.00323561 0.0174756 0.0352933 0.00277792 0.0138462 -0.000281622 0.012712 0.015037 -0.008839 0.0297662 -0.017893 -0.00419336 -0.0322996 -0.0105632 -0.0164102 0.00695676 0.0610089 0.0448444 -0.000398536 -0.0238751 -0.0130924 -0.0520001 -0.0402797 0.0172607 -0.0439351 -0.0441788 -0.0470924 0.0295652 -0.0354307 -0.0385646 -0.0327083 -0.0400537 -0.0495946 -0.0496586
internal_weight=28846.1 14025 14821.1 8204.32 13788.1 3714.89 419.85 4489.43 136.009 5820.71 3295.04 13652.1 1847.15 2642.28 389.212 1902.07 1096.92 1972.53 1030.58 1747.75 1253.59 494.158 141.636 1231.53 740.214 134.558 1322.52 247.577 5797.36 605.656 99.5098 941.945 1010.67 94.0558 83.4277 708.999 137.383 29.1203 613.517 580.797 456.189 541.495 32.7203 734.841 1835.18 1452.02 35.3342 673.665 1032.97 938.289 580.183 87.164 358.106 318.934 185.182 133.752 84.748 49.0036 45.6519 139.53 94.6807 33.4823 493.019 106.332 386.687 88.1035 207.104 61.2823 49.7727 47.5799 298.584 108.263 39.172 38.1466 61.1984 99.3981 383.155 56.559 69.908 42.1113 12555.2 70.1162 38.3635 959.542 952.487 547.642 64.1603 64.4377 56.3218 186.294 404.845 2044.61 2039.12
internal_count=343095 71624 271471 46249 263203 26482 4747 19767 1313 25375 21735 261890 8847 10920 4616 7894 18860 11725 6293 8431 5868 2563 1216 5766 3026 550 10010 3400 25206 2476 1148 5432 6172 725 966 5715 1953 351 4295 4050 2371 2213 245 4234 7618 6029 273 5442 8268 7632 4791 696 2841 2518 1465 1053 667 386 363 1102 636 224 4095 891 3204 721 1198 589 409 491 2483 1602 323 558 412 416 1589 482 556 334 243030 1044 259 16907 16786 9831 263 820 731 2811 6955 38465 38365
is_linear=0
shrinkage=0.05


Tree=18
num_leaves=96
num_cat=0
split_feature=93 103 19 1 44 1 21 21 1 48 3 52 93 69 103 91 2 44 82 69 3 46 2 100 114 23 107 63 19 30 103 113 77 2 5 2 100 13 107 94 1 114 9 1 82 114 63 108 101 69 99 108 111 108 99 102 2 101 103 1 100 86 101 44 114 69 9 107 94 99 99 103 11 49 63 102 114 97 86 21 1 52 95 15 54 71 65 52 65 99 108 95 98 3 19
split_gain=23673.9 3432.33 1199.38 532.452 147.189 89.5729 64.4068 70.6406 52.0429 46.9578 41.6869 40.8919 35.9031 25.6546 22.2876 18.9312 16.8159 15.0785 21.9845 14.7593 13.0843 10.5478 12.7717 12.3732 11.2435 10.2202 10.1615 10.0832 10.8571 9.12469 8.80594 8.32729 8.18304 7.99093 7.81128 7.68294 8.11151 7.35273 8.07634 9.28309 8.31781 7.20251 8.94202 6.89352 9.75432 6.85141 12.4955 7.25382 6.79516 6.62363 13.5489 10.9737 10.894 8.48446 6.66868 6.64479 8.92951 6.45644 6.05878 6.05495 6.48645 11.1266 9.20298 10.4254 5.58732 5.52249 5.47896 5.47788 5.36632 4.84303 4.81915 4.71659 4.60177 4.5293 4.37175 4.274 3.81879 3.72073 3.62833 3.16051 3.09364 3.04736 7.84018 2.92081 2.79733 2.78502 2.54823 2.48258 2.38353 3.12834 2.71734 2.22091 1.78084 0.952851 0.109899
threshold=2.5000000000000004 0.038043830543756492 19.500000000000004 10.500000000000002 0.067117117345333113 20.500000000000004 21.500000000000004 50.500000000000007 5.5000000000000009 0.034582419320940978 0.71034014225006115 0.85825893282890331 1.5000000000000002 4.1872656345367441 1.2190653681755068 2.5000000000000004 1.5324124097824099 0.091372914612293257 16.500000000000004 3.3243156671524052 1.3821102380752566 0.21960458159446719 1.5641107559204104 0.55532076954841625 3.1565196514129643 1.5000000000000002 1.5490724444389345 10.816891670227053 49.500000000000007 6.5000000000000009 1.8660447001457217 -7.2127087116241446 32.500000000000007 2.1701493263244633 5.5000000000000009 0.30254590511322027 1.4983201026916506 1.5000000000000002 1.0747903585433962 10.470479965209963 8.5000000000000018 3.4360412359237675 15.500000000000002 7.5000000000000009 7.5000000000000009 3.3290942907333378 9.1676273345947283 7.5762434005737314 1.9394605755805971 3.9664155244827275 8.1708884239196795 9.4292669296264666 -8.3241071701049787 8.4701938629150408 11.231535434722902 10.105770111083986 0.7629486918449403 11.113119602203371 0.94471400976181041 3.5000000000000004 0.71743309497833263 0.14009346067905429 1.9058316946029665 0.36023256182670599 3.3714383840560918 9.7850632667541522 76.500000000000014 0.82157653570175182 8.0947628021240252 8.5068249702453631 9.773466110229494 1.9260652065277102 2.5000000000000004 0.24999995529651645 9.1676273345947283 9.5650792121887225 3.3554278612136845 0.35504202544689184 0.39879518747329717 35.500000000000007 7.5000000000000009 0.7813813090324403 10.511755943298342 3.5000000000000004 1.2521186470985415 7.6506597995758066 8.7334885597229022 0.73495620489120495 10.18573045730591 1.7808666825294497 7.9187359809875497 6.6913886070251474 5.5000000000000009 1.5906476378440859 28.500000000000004
decision_type=2 2 2 2 2 2 2 2 2 2 2 2 2 2 2 2 2 2 2 2 2 2 2 2 2 2 2 2 2 2 2 2 2 2 2 2 2 2 2 2 2 2 2 2 2 2 2 2 2 2 2 2 2 2 2 2 2 2 2 2 2 2 2 2 2 2 2 2 2 2 2 2 2 2 2 2 2 2 2 2 2 2 2 2 2 2 2 2 2 2 2 2 2 2 2
left_child=1 8 31 6 10 11 13 12 -1 16 -4 21 15 37 32 -8 80 18 77 26 86 23 24 -5 -23 45 -14 28 43 -17 -24 49 58 -25 76 88 -37 38 40 -40 -3 70 -43 84 -45 47 -47 -15 67 50 51 52 53 -2 55 75 -57 66 -7 60 61 -51 63 -62 -50 -64 -27 -39 -13 74 -22 -38 93 -10 -61 -52 -34 -18 -63 87 81 91 -83 -21 -12 -82 -16 -19 89 90 -33 -6 -81 -11 -88
right_child=2 3 4 5 9 14 7 -9 73 72 27 68 19 25 20 29 17 79 -20 83 41 22 30 33 -26 57 -28 -29 -30 -31 -32 35 34 -35 -36 36 71 48 39 -41 -42 42 -44 44 -46 46 -48 -49 64 59 54 -53 -54 -55 -56 56 -58 -59 -60 69 62 78 65 -65 -66 -67 -68 -69 -70 -71 -72 -73 -74 -75 -76 -77 -78 -79 -80 92 85 82 -84 -85 -86 -87 94 -89 -90 -91 -92 -93 -94 -95 -96
leaf_value=0.00045803886175208963 0.023621405750005913 0.021742119488023865 0.045600469346995652 -0.005958224173724342 -0.021034976399510762 0.054764522257056497 0.056135711702525064 0.06811016302482055 0.075786447271402047 -0.049264551176956412 -0.014741986516986506 0.040777575772775673 0.0091677154798328591 -0.0016749029212285308 0.040630245242469457 0.007368196052449579 -0.032336208765772541 -0.026318749704525364 0.06822450266476443 0 0.037858097676167372 0.011742031991347164 0.013965289987903862 0.030304470731704853 0.027029424413895449 -0.018305002663572125 -0.021370938606357599 -0.04697438716688554 0.031062773156700658 -0.025327748254766431 -0.022752331251803662 -0.0169155629174613 0.045858985317010714 0.053750970425643169 0.030793060600284163 0.035332852792054593 -0.024032991548653741 0.016678237914184043 0.016483885272960439 0.047664631761155624 0.054598565806395695 0.010931713848617257 0.04328537401306351 0.0399772979173477 -0.019859994979521706 0.019793321447825418 -0.00043844716749344599 0.0095120156850928023 0.011229340100707814 0.026233447261904741 -0.0049703887366504915 -0.012916777215268477 -0.0074399604426246373 0.053998801237732957 0.026862443520133679 -0.04452942067300536 0.0037562266145871369 0.024643476494981487 0.022122357184758568 -0.034581817174623955 0.064882587246252371 -0.0095123867053572893 0.0049451050384218013 0.0013920470171602541 0.038734758505056879 0.037179484632981652 -6.8148716831461985e-05 -0.018402936112950654 0.071300090206794925 0.0062795727913196502 0.02890930251870362 0.012660602121328968 -0.05234332684766111 0.048859427690786161 0.00025819767253215192 0.024331411315147919 0.062574058131461621 0.0046024461136555386 -0.038909776953338582 -0.042934727146784195 -0.042485669575557938 -0.036942136398754925 0.015593896043676636 -0.034538166205875277 -0.042117269012071003 -0.0031066763659436496 0.07361924375903417 0.0068491516598146859 -0.037275215712328537 -0.030882813717915722 0.015271283501883254 -0.044935324017269712 -0.022547743428711253 -0.025023422461385714 0.051221731539273112
leaf_weight=23.383177097886801 95.749755665659904 68.279698230326176 36.582398675382137 21.894947826862335 15.317200552672146 24.943902969360352 15.890996009111403 27.048918679356575 5615.4387832060456 1940.1421250477433 25.920595809817314 32.516197264194489 43.606742043048143 205.20021941512823 26.889023765921593 99.062069371342659 16.085040468722585 12.653930213302376 8.4641354233026487 6.402979712933301 858.26043985784054 146.16633471846581 56.647595323622227 1044.3540721610188 874.42534200847149 54.664080232381821 66.880572058260441 19.16979655995965 13.53346538543701 25.574860036373138 21.129575408995152 11.945995137095453 73.159917920827866 40.239001244306564 34.272197917103767 14.583592236042021 18.061595790088177 14.925022676587103 1178.0013576000929 23.70436704158783 29.124753281474113 23.943283542990685 904.89834521710873 10.098331265151502 14.898382514715193 288.81050469726324 102.14836537092924 477.33211246877909 339.06740482896566 14.792984150350092 34.882898807525635 18.483854509890079 19.230758912861347 32.71914254128933 16.719064071774483 19.142151221632957 16.799824997782707 18.707545772194862 42.865316346287727 22.984731055796146 12.943377666175367 29.559089697897434 512.44315708056092 12.42553438618779 18.765753373503685 12.309053078293799 158.65579492598772 32.48818326741457 58.01650333404541 23.509587518870831 232.07264511287212 14.199033834040163 10030.862210344523 28.201276861131191 13.314369946718214 17.247145116329193 237.90000239014626 9.8895537815988046 17.407687526196241 58.119273137301207 6.5576805882155922 71.429707929491997 6.7622586563229552 157.0271925739944 18.235490832477808 12.14051043614745 37.087170481681824 7.8798366338014594 15.742956668138502 13.336309988051651 11.225048109889029 814.57583125308156 23.34583493694663 10.462701033800839 25.464490801095963
leaf_count=168 659 397 162 101 277 102 91 118 24992 38176 347 137 507 1479 109 756 216 188 68 85 3539 757 329 4932 4249 451 777 226 91 263 123 106 298 171 139 111 134 101 6850 136 154 97 3692 97 162 2010 734 3427 2282 122 256 131 136 227 124 150 117 154 175 180 109 259 4229 106 125 96 1334 222 242 186 957 111 204600 122 104 127 965 138 160 926 102 1258 118 2485 256 189 155 115 143 118 100 15023 336 175 107
internal_value=-0.000927189 0.0453878 -0.0463008 0.0248356 -0.0503818 0.0355742 0.00983577 -0.00796335 0.0753583 -0.050926 0.000822965 0.0283756 -0.0131801 0.0124526 0.0421019 0.00726246 -0.0406483 -0.0236675 0.00455176 -0.0236865 0.0399261 0.0269789 0.0233817 0.0305041 0.0248702 0.00715231 -0.0092674 -0.0155909 -0.00748887 0.000358466 0.00362239 0.00533099 0.0529982 0.0312566 0.056297 -0.00832178 0.00614168 0.0164968 0.0183478 0.0171659 0.0323466 0.0390183 0.0424811 -0.0156744 0.00483072 0.00920865 0.0145003 0.0061378 0.0104925 0.00678773 0.0133843 0.0222002 0.0267476 0.0319689 -0.000618385 -0.00630931 -0.0224466 -0.0023167 0.0351995 0.00408779 0.00558822 -0.00954349 0.00732645 0.0359713 0.0128553 0.00582404 -0.00488315 -0.00698261 0.0612894 -0.0108606 0.0360049 -0.00774169 -0.051832 0.0756667 -0.022035 0.00494699 0.0589137 -0.0184248 -0.0214815 -0.0332199 -0.0430951 -0.043536 -0.0320652 -0.0332009 -0.0272787 -0.019542 0.0593286 -0.0135369 -0.0212844 -0.0129266 -0.000937081 -0.044545 -0.0377262 -0.049159 0.0660705
internal_weight=28160.4 13935.5 14224.9 8268.52 13183.1 4817.15 3451.37 441.494 5667.02 13044.7 138.438 2295.39 414.445 3009.88 2521.76 140.528 1063.22 136.438 34.4387 273.917 2108.62 2204.86 1098.37 1106.49 1020.59 1305.52 110.487 101.856 82.6863 124.637 77.7772 1041.76 413.141 1084.59 345.332 99.0945 46.8442 1704.36 1299.11 1201.71 97.4045 2019.17 928.842 69.1528 24.9967 1073.49 390.959 682.532 405.246 942.664 270.975 166.184 147.7 128.469 104.791 88.072 35.942 232.027 67.8092 671.69 611.881 61.7598 550.121 25.3689 357.833 524.752 213.32 47.4132 90.5327 59.8087 1090.33 32.2606 11981.5 5643.64 36.2991 52.13 311.06 25.9746 46.9668 101.999 926.783 908.085 78.192 163.43 44.1561 18.6982 89.4407 20.5338 52.2503 36.5074 23.171 829.893 81.4651 1950.6 62.5517
internal_count=343143 71596 271547 46314 263246 21376 24938 5082 25282 261905 1341 11041 4964 19856 10335 1110 18954 1987 422 3854 8656 10662 5458 5204 5006 9589 1284 1179 953 1019 452 8301 1679 5103 1402 823 356 10267 7537 6986 551 8285 3789 862 259 7650 2744 4906 2730 7478 1927 1153 1022 886 774 650 267 1939 277 5551 5081 541 4540 215 2407 4325 1785 323 379 470 4496 245 242951 25114 284 383 1263 354 419 1565 16967 16676 1376 2570 603 291 371 303 467 324 206 15300 1262 38351 262
is_linear=0
shrinkage=0.05


Tree=19
num_leaves=90
num_cat=0
split_feature=93 103 21 0 42 42 21 21 0 0 21 90 21 93 38 23 19 103 52 0 101 93 65 19 23 52 86 108 15 112 0 65 105 113 19 67 13 5 77 102 74 99 4 112 97 82 49 21 112 101 100 102 113 77 99 102 105 103 107 115 34 49 96 65 67 50 49 0 52 67 42 65 94 113 108 97 52 52 38 65 46 74 115 97 40 97 96 53 105
split_gain=21977 3340.43 1093.81 433.035 103.146 78.8749 71.3418 65.8033 64.8883 53.7956 38.9168 42.9186 32.577 32.3689 26.8941 20.6835 31.181 20.1694 19.389 12.9471 11.8099 10.3869 10.7332 9.92817 9.44621 9.15798 8.73745 8.59709 8.52766 8.48094 8.6207 8.22917 7.88308 9.27382 8.16625 7.54391 7.40322 7.06846 7.03234 9.14604 9.33167 9.13099 8.52947 8.21755 7.69419 6.87028 6.85428 6.80836 7.063 6.649 6.58837 10.3003 6.35513 6.16386 5.75418 5.62801 5.40861 5.3742 7.65755 5.25941 5.24629 9.62798 4.70556 4.66675 4.56745 4.5048 4.49727 4.46168 4.33349 4.21283 3.89702 5.68851 3.88167 3.84817 3.6747 3.51991 3.02471 3.01621 2.63447 2.09758 2.37794 2.37279 1.44277 1.21795 0.719335 0.285416 0.266318 0.263034 0.0832516
threshold=2.5000000000000004 0.038043830543756492 19.500000000000004 2.6735538244247441 0.056079665198922164 0.059411764144897468 21.500000000000004 90.500000000000014 3.0677825212478642 2.1383330821990971 50.500000000000007 6.5000000000000009 15.500000000000002 11.500000000000002 22.500000000000004 2.5000000000000004 94.500000000000014 1.0180123448371889 0.87555310130119335 2.2499048709869389 1.1984564661979678 1.5000000000000002 9.459165573120119 49.500000000000007 1.5000000000000002 0.6662062704563142 0.42740046977996832 10.291287422180178 2.5000000000000004 -6.7363986968994132 0.89587974548339855 11.330542564392092 1.5821174979209902 -8.9192876815795881 8.5000000000000018 8.7137298583984393 1.5000000000000002 1.5000000000000002 5.5000000000000009 7.970595359802247 3.5000000000000004 2.6465293169021611 2.5000000000000004 -6.5176091194152823 0.39565217494964605 3.5000000000000004 0.14213562756776812 15.500000000000002 -14.308920860290526 3.2266455888748173 9.4437251091003436 0.38865226507186895 -8.7757196426391584 22.500000000000004 1.4713239669799807 1.8617515563964846 6.7282180786132821 1.0929695367813113 1.4112119674682619 0.00060056499205529701 25.500000000000004 0.27504046261310583 0.20256410539150241 10.506482601165773 9.7723512649536151 2.8571398258209233 0.27202939987182623 1.4978661537170412 0.44782213866710668 11.016894340515138 0.29797463119030004 10.074902534484865 6.8277537822723398 -8.7348537445068342 10.493291378021242 0.34057971835136419 0.76752376556396495 0.83395987749099743 20.500000000000004 9.8410124778747576 0.27591322362422949 1.5000000000000002 0.00057183031458407651 0.26491229236125952 3.5000000000000004 0.5962963104248048 0.24722222238779071 0.86689975857734691 1.0916676521301272
decision_type=2 2 2 2 2 2 2 2 2 2 2 2 2 2 2 2 2 2 2 2 2 2 2 2 2 2 2 2 2 2 2 2 2 2 2 2 2 2 2 2 2 2 2 2 2 2 2 2 2 2 2 2 2 2 2 2 2 2 2 2 2 2 2 2 2 2 2 2 2 2 2 2 2 2 2 2 2 2 2 2 2 2 2 2 2 2 2 2 2
left_child=1 9 29 5 7 10 24 19 14 -1 11 21 17 -9 46 16 67 20 36 79 -10 31 -23 55 32 27 52 -19 -11 37 35 -3 34 -34 -7 68 73 -2 39 70 -41 42 43 -40 -43 -46 47 49 -49 -5 51 -48 -26 -27 -44 69 -57 64 -59 -52 61 -13 -17 -62 -37 -60 -28 77 -31 -21 71 -32 -22 -8 -38 76 -69 83 -77 -4 81 -81 -72 -6 -14 -66 -64 -15 -82
right_child=2 3 4 8 15 6 18 13 12 28 -12 60 84 87 -16 62 -18 25 -20 23 72 22 -24 -25 26 53 66 -29 -30 30 38 -33 33 -35 -36 57 74 -39 41 40 -42 44 54 -45 45 -47 50 48 -50 -51 59 -53 -54 -55 -56 56 -58 58 65 -61 63 -63 86 -65 85 -67 -68 75 -70 -71 82 -73 -74 -75 -76 78 -78 -79 -80 80 88 -83 -84 -85 -86 -87 -88 -89 -90
leaf_value=0 0.0037374232003938457 0.020211930407716402 -0.010934845352633824 0.040575506848925344 -0.03644999904718544 0.013423839931528014 -0.0045294596016737902 0.051914302831438719 0.019420795829382696 0.073907872642769198 0.069068068900395435 0.03085109836948426 0.072947653315155334 -0.017974649413174552 0.073316942710065294 -0.0037867360434502128 0.030689025931322386 0.023501606734519339 0.039216686632462666 -0.0056040043176166935 0.063548408913964669 0.018563490229212845 0.0053352084651816607 0.031611049638101595 0.013658563015640043 0.01578139400045064 0.0020938860319047038 0.046636459540452015 0.045756661273556654 0 -0.017415338157789808 0.041353035389484115 -0.004573866671812395 0.011818232340007312 -0.010966213325425212 0.0012425497794508683 -0.037867897136453881 0.051729491906211948 0.053207129595697289 -0.016731970905945717 0.032765615337942165 -0.024602788559023939 0.012956374638114783 0.018227495460052017 0.008540793112288881 -0.0092722858462759485 0.017051065471859101 0.065814281001169483 0.029254864848802315 0.020803487764455092 0.0017699665757472786 0.029182131939232265 -0.0042258766850880114 0.038248635892406138 -0.010065959106879262 -0.0015168099092155163 -0.034771611796012888 0.022398292807450346 -0.0099075295765944354 0.020179554396030072 0.0017672986988285077 -0.016041945291542278 -0.034074223142764433 -0.026874591719210174 -0.043920180816010332 0.012801450412066382 -0.02906485135326933 -0.034479014969644076 0.034367784578307019 -0.041328701298406351 -0.016773084362842937 0.019462084841545754 0.041091664807294745 -0.025464464158630934 -0.013092293189189232 -0.044897783070559118 -0.0049596321832477697 -0.016246445205844263 -0.01078852763107689 -0.01221658834409867 -0.02892093263591379 -0.035865416639591155 -0.043279245616737155 -0.048518764484716259 0.053050155386441526 -0.022234024610075655 -0.052002681749541015 -0.043453911783033497 -0.045462127667546037
leaf_weight=24.761874303221703 15.721038222312929 1382.7264349237084 8.870920751243828 71.211451381444931 51.765598066151142 53.163194194436073 49.332125470042229 35.076533727347851 24.682431355118752 5486.2901644259691 35.173481993377209 16.011299014091492 67.41029666364193 7.540915083140133 29.123743161559105 5.7605153769254676 12.051386602222918 238.32529464364052 10.665419317781923 11.552884943783281 128.48366789519787 381.77979660779238 262.54855766147375 7.5364588126540175 84.561381563544273 35.445693448185921 15.744040183722971 51.42381776869297 37.827791288495064 18.057163827121258 32.215929806232452 48.700300872325897 92.042312577366829 1083.6390869319439 90.329731583595276 10.932708308100699 102.49070329964161 14.998397417366503 20.82494629919529 13.940255925059317 23.378294542431831 22.545084722340107 94.241125218570232 90.976476147770882 249.19047798216343 67.2244508638978 248.50333313643932 29.90941521525383 32.952870145440102 130.96838527917862 45.978182770311832 716.79448500275612 115.10165324807167 2038.4770499169827 36.134638085961342 42.462041523307562 16.168075308203697 22.563727676868439 188.27075280249119 313.09525924175978 17.687060236930847 27.610889304429293 16.443636007606983 57.244332879781723 13.436982594430448 23.014900013804436 35.475156955420971 92.438740566372871 16.626297399401665 43.734360422939062 16.677396185696129 13.557070665061472 40.401500195264816 41.526384763419628 21.484785627573729 279.67226937040687 11.059256155043839 10.334405206143854 7.6979534402489653 15.228483866900204 14.682747296988962 124.98405445739627 11.98605866730213 1426.0274400934577 36.710467278957367 11.383675716817377 10189.904286682606 6.9027594067156315 154.63495281711221
leaf_count=175 125 7507 155 320 986 381 553 178 100 25041 148 143 286 99 123 90 79 999 75 157 528 2318 1823 49 675 151 141 215 168 148 254 266 664 7601 662 101 1724 119 152 111 185 166 725 650 1874 513 1166 122 137 592 229 3318 956 8304 280 568 238 198 1622 1449 184 253 331 608 126 202 319 1757 139 616 143 108 165 491 353 5490 173 188 141 266 279 2185 103 28764 154 109 217309 104 2878
internal_value=-0.000971397 0.0433666 -0.0460696 0.0232892 -0.0501175 0.0115059 0.00369486 -0.0274351 0.0343606 0.0733999 0.0177854 0.0169122 0.0391828 0.0264837 0.0263963 -0.0510302 -0.0459985 0.0380126 -0.0225006 -0.0335975 0.0538815 0.0185859 0.0132137 -0.019178 0.00748144 0.0366755 -0.0013703 0.0278609 0.0737294 0.00351033 0.00267925 0.0209807 0.00917209 0.0105222 -0.0018155 -0.00430294 -0.0258615 0.0287968 0.00576258 -0.00561461 0.0140862 0.00797645 0.0153691 0.0254495 0.00262083 0.00469894 0.025462 0.0330575 0.0479334 0.0280642 0.0238987 0.0261008 0.00334421 0.0378811 0.00645781 -0.0229918 -0.0114922 -0.00717215 -0.00428022 0.0178672 -0.0121743 0.00140169 -0.0519541 -0.020081 -0.0248848 -0.00731409 -0.0195104 -0.0465197 0.0170965 -0.0343849 -0.0157064 -0.00601046 0.0586439 -0.0144641 -0.0338619 -0.0409168 -0.0315359 -0.047942 -0.0440795 -0.0389508 -0.039665 -0.033524 -0.0297896 -0.0481402 0.06688 -0.036188 -0.0519798 -0.0337212 -0.0443528
internal_weight=27474.2 13853.8 13620.4 8304.94 12592.5 4025.04 1795.56 489.375 4279.9 5548.88 2229.48 2194.31 2661.36 49.5202 1618.54 12103.2 1891.05 2557.24 225.499 439.855 193.568 2075.76 644.328 121.454 1570.06 2363.67 250.882 289.749 5524.12 1027.9 997.178 1431.43 1319.17 1175.68 143.493 304.286 214.834 30.7194 692.892 111.755 37.3186 581.137 242.177 111.801 338.96 316.415 1589.41 265.042 62.8623 202.18 1324.37 965.298 199.663 2073.92 130.376 113.917 58.6301 269.603 233.849 359.073 118.554 43.6222 10212.1 74.9314 35.7534 211.286 51.2192 1879 34.6835 55.2872 74.4365 45.773 168.885 90.8585 123.975 390.868 103.498 1488.13 287.37 318.401 309.53 140.213 28.6635 1477.79 104.121 24.8207 10206.3 14.4437 169.318
internal_count=342820 71587 271233 46203 263080 27845 14595 7772 18358 25384 13250 13102 10902 381 7456 255308 37578 10462 3196 7391 793 11914 4141 1628 11399 9669 2091 1214 25209 8153 7909 7773 9308 8265 1043 2645 3121 244 5264 904 296 4360 1807 802 2553 2387 7333 1171 259 912 6162 4484 1631 8455 1005 1579 806 2358 2022 1678 1188 396 217730 792 336 1824 460 37499 287 773 608 362 693 1044 2077 7561 1930 29938 5631 5763 5608 2451 246 29750 440 235 217640 203 3157
is_linear=0
shrinkage=0.05


Tree=20
num_leaves=88
num_cat=0
split_feature=93 103 19 1 44 50 21 65 1 2 1 21 30 103 46 44 36 19 99 1 103 46 111 3 1 2 67 15 80 67 11 49 34 99 114 46 52 111 108 103 103 114 113 54 107 108 111 3 67 54 65 44 114 103 77 94 36 96 65 90 54 44 91 114 95 91 108 53 30 101 52 21 53 3 36 34 65 1 97 44 94 36 67 96 52 97 61
split_gain=20533.4 3151.43 1142.89 404.696 152.201 58.5707 84.0567 46.973 44.3278 41.6167 38.2859 35.376 29.2577 21.1548 19.3669 15.8866 19.7118 15.0077 11.3036 10.0743 10.7673 9.92727 9.82207 9.65944 18.5075 9.21254 9.50166 8.81892 8.80589 14.9296 8.65614 8.435 10.9144 9.18332 8.2612 8.22631 8.0884 10.12 9.84397 7.9919 24.2716 8.00427 7.8359 7.15683 7.07743 7.25256 7.08245 6.68607 6.63398 6.49449 7.58613 6.23611 6.18591 5.8068 5.61347 5.3434 10.4181 9.97971 8.64076 6.3653 5.30016 6.92139 5.17979 4.77983 4.66862 4.57804 4.37955 5.36627 4.03699 4.03576 3.95094 3.65666 3.38903 3.26614 3.19868 2.97264 2.9563 2.62074 2.59053 2.38986 2.20886 1.69102 1.61537 1.47313 0.744004 0.631649 0.211108
threshold=2.5000000000000004 0.038043830543756492 19.500000000000004 13.500000000000002 0.067117117345333113 0.30612237751483923 21.500000000000004 12.229402065277101 6.5000000000000009 1.7095447778701784 2.5000000000000004 50.500000000000007 6.5000000000000009 1.5703029632568362 0.26194280385971075 0.12018518522381784 40.500000000000007 46.500000000000007 12.186209678649904 19.500000000000004 0.86534583568573009 0.10042016953229906 -15.370213031768797 1.3904437422752383 16.500000000000004 1.8515046238899233 10.955220222473146 7.5000000000000009 1.0000000180025095e-35 8.7137298583984393 2.5000000000000004 0.14213562756776812 12.500000000000002 8.2884511947631854 3.3034969568252568 0.24695076793432238 0.6662062704563142 -14.968702793121336 7.7836406230926523 1.7335028648376467 1.700957238674164 3.1963365077972417 -7.1487503051757804 1.1666665673255923 1.7340316176414492 8.8476891517639178 5.7399137020111093 1.7963677644729616 6.6609847545623788 1.0693664550781252 9.5962972640991229 0.080229885876178755 3.4282252788543706 1.056711792945862 55.500000000000007 7.3515753746032724 6.5000000000000009 0.44334760308265692 11.15606737136841 7.5000000000000009 1.8188130855560305 0.12467616423964502 1.5000000000000002 3.4282252788543706 6.9207653999328622 1.5000000000000002 8.6484637260437029 0.749149650335312 2.5000000000000004 12.141891479492189 0.79932886362075817 121.50000000000001 0.78389188647270214 1.874359726905823 24.500000000000004 18.500000000000004 10.918857574462892 7.5000000000000009 0.32575757801532751 0.091372914612293257 5.5777657032012948 9.5000000000000018 11.111373901367189 0.18834459781646731 0.83266666531562816 0.65942031145095836 5.0460989475250253
decision_type=2 2 2 2 2 2 2 2 2 2 2 2 2 2 2 2 2 2 2 2 2 2 2 2 2 2 2 2 2 2 2 2 2 2 2 2 2 2 2 2 2 2 2 2 2 2 2 2 2 2 2 2 2 2 2 2 2 2 2 2 2 2 2 2 2 2 2 2 2 2 2 2 2 2 2 2 2 2 2 2 2 2 2 2 2 2 2
left_child=1 8 22 5 7 11 28 25 -1 14 30 12 18 31 19 16 69 27 21 39 80 -3 -2 24 -15 26 -4 51 29 34 60 32 53 54 -7 -10 38 -38 -30 40 -5 -41 52 49 46 -46 -25 -31 -22 63 -51 -8 55 -11 -33 56 57 -24 59 -57 75 -62 85 -16 82 -20 72 -68 -45 74 81 -9 -14 -58 -12 -6 -29 86 -79 -32 -21 -28 -17 -77 -26 -44 -66
right_child=2 3 4 9 10 6 17 71 35 13 15 -13 66 23 43 64 -18 -19 65 20 48 -23 42 44 84 -27 70 76 36 47 79 33 -34 -35 -36 -37 37 -39 -40 41 -42 -43 62 68 45 -47 -48 -49 -50 50 -52 -53 -54 -55 -56 58 73 -59 -60 -61 61 -63 -64 -65 77 -67 67 -69 -70 -71 -72 -73 -74 -75 -76 83 -78 78 -80 -81 -82 -83 -84 -85 -86 -87 -88
leaf_value=0.0046673081602055288 0.042249555429341064 0.030847103169010449 0.014360074003692734 0.026576176411244865 -0.0089344374510462888 0.013627827751460139 -0.0064548388047702167 0.061447405789288034 0.072160831584844307 0.059103797759804004 -0.033436502118315052 0.06541672073852127 -0.0086498016719854538 0.019002137993294633 0.018395998243096911 0.0056271409903846485 0.042016166533111632 0.040109231645062617 0.023065059267401378 0.067496449250540255 0.013745518704738034 0.016293394012703265 0.037551103469211471 0.012408157827201539 0.047921810093249806 0.016252168757650509 -0.01157814605289227 -0.024818757134688577 -0.012033429944361212 0.033006404973558487 -0.018410786847424962 0.0059446607952759233 0.067585486683500451 0.057547094384897628 0.031275588706637311 0.039219189290998852 0.04116561479030216 0.0075703529655053578 0.0057941543776391857 0.062915442535533092 -0.018530197392137265 0.031644748331507044 -0.040088089523868463 0.0465575654787794 0.029068191434615937 0.042956404287296843 0.037015032436028779 0.0082757319061109967 0.034833605719906645 -0.00048030211258662725 0.026217831884531247 -0.026796991099248421 -0.020169610827491899 0.043117494631862686 0.036705969783075595 -0.003292279631476807 0 0.0085204708308937345 0.03031175518149656 0.022415980289446524 0.01498634899220856 -0.044649574970565306 0.0027838286847224757 0.030891885111058323 -0.041744052197965786 0.058617790885516691 -0.02502890721691416 0.01191274337624363 0.018648364252349437 0.0058533317669220561 0 0.027179685521488764 -0.045032949641238801 -0.034914068205080549 -0.0025972942477394817 -0.016170217818996292 -0.046175876162742865 -0.00778473782672396 -0.037598752500703957 -0.051996539158156142 0.04084930218086668 -0.039963429211908374 -0.025197992973355062 -0.048353982539473768 0.067145117062696658 -0.017353094238780949 -0.047588617383606813
leaf_weight=25.079738769680262 15.939820505678652 127.68192636966705 12.419788934290407 471.74257482588291 6.2033039368689051 147.19123100489378 82.969688978046179 20.69752798601985 5363.1779850870371 95.748606637120247 182.48256055265665 36.911188594996929 12.940684966742994 41.630378924310207 242.61097167432308 5.65072988718748 8.4114179611206037 8.1667791306972486 21.676719628274441 32.276624485850334 42.703600898385048 1884.9573665708303 30.264528580009937 85.484083458781242 36.852663949131966 16.009468249976635 8.752151492983101 41.293131440877914 119.76693076640368 27.118243739008904 8.3195301592349988 32.209325283765793 95.22881343960762 25.864405110478401 130.99465012550354 26.086645185947418 24.684154264628887 176.01182448863983 212.42374052107334 23.098635941743851 30.537298396229744 333.52992781996727 12.134299561381342 43.684325069189072 237.18673539161682 193.80069836974144 46.852649420499802 997.29529472440481 1316.9442111700773 74.581723168492317 39.219049230217934 72.289787955582142 21.768754720687866 299.8629324734211 28.807185456156731 299.04103909805417 12.034184731543066 547.33714676648378 21.778394006192684 24.634874653071165 7.9083952531218555 8.6661977842450124 19.362436287105083 127.56866286695004 208.92173780873418 22.570096299052238 15.62313801795244 21.36238082498312 24.523120567202568 6.4256661087274543 9.2436498180031759 20.913102433085442 15.49294578284025 15.249306187033651 9.8284461274743062 6.3898541964590541 44.221242029219866 12.427833534777163 26.217675730586052 9094.0382864810526 28.533103257417679 48.066557615995407 8.9280698448419553 1923.1581255868077 54.957519516348839 12.004814602434633 360.23436657339334
leaf_count=176 120 652 145 2112 118 984 907 120 25149 397 3288 157 134 188 1094 106 60 49 116 134 173 10605 233 346 151 129 117 656 941 197 160 139 403 108 860 112 191 1320 1660 107 137 1502 103 190 963 786 189 6803 5378 343 183 1191 175 1204 122 2375 100 4320 174 198 89 145 162 571 4102 133 158 220 114 112 87 91 169 124 139 127 724 191 433 203714 116 653 172 40882 234 105 7522
internal_value=-0.00060497 0.0419981 -0.0455331 0.0227238 -0.049867 0.011886 0.00589395 0.0026095 0.0717055 0.033914 -0.0504691 0.0176578 0.0167769 0.0414831 0.0304834 -0.0398539 -0.0273586 -0.0212751 0.0178281 0.0325417 0.0352123 0.0172439 0.00495808 0.0353806 0.0479348 -0.0168149 -0.0238635 -0.0236339 0.0095986 0.011817 -0.0512592 0.0487151 0.0513857 0.0328984 0.0220969 0.0720142 0.00413926 0.0120265 -0.000628576 0.0280598 0.023767 0.0339531 0.00430152 0.0219037 0.0322697 0.0354637 0.0215119 0.00898745 0.0341945 0.0196071 0.0088553 -0.0161558 0.00524642 0.0472204 0.0211599 0.00586998 0.00869958 0.0101522 0.000870382 -0.0012105 -0.047903 -0.0167594 -0.0160627 0.0228364 -0.0439209 0.0427463 -0.0157858 -0.00379934 0.0372838 -0.0306376 -0.0313569 0.0460017 -0.0300716 -0.0206315 -0.0319443 -0.0481514 -0.0365835 -0.0446066 -0.0289092 -0.05197 0.056438 -0.0361728 -0.0132179 -0.0482652 0.0604304 -0.0308483 -0.0455761
internal_weight=26815.9 13764 13051.9 8349.68 12020.3 4243.64 2084.43 136.102 5414.34 4106.04 11884.2 2159.22 2122.31 1274.49 2831.55 829.529 207.148 248.941 2056.89 2279.37 1420.46 2012.64 1031.55 696.765 133.441 94.4916 78.4821 240.774 1835.49 1302.6 11054.7 577.721 490.84 86.8809 278.186 5389.26 532.887 200.696 332.191 858.908 502.28 356.629 1015.61 552.188 563.324 430.987 132.337 1024.41 1359.65 483.98 113.801 155.259 972.108 395.612 61.0165 950.339 604.885 577.602 345.454 323.676 1952.33 16.5746 43.5016 370.18 622.38 44.2468 65.4191 36.9855 68.2074 198.737 66.0624 41.6106 28.4336 27.2835 192.311 1935.75 85.5144 607.802 38.6455 9102.36 60.8097 56.8187 14.5788 1929.55 91.8102 24.1391 569.156
internal_count=342539 71648 270891 46211 262702 28827 16483 1342 25437 17384 261360 12344 12187 5230 12154 16125 3599 3527 11506 9659 5801 11257 8189 2857 573 1131 1002 3478 12956 8844 245235 2373 2004 369 1844 25261 4112 1511 2601 3858 2249 1609 8069 2495 2284 1749 535 7000 5551 2191 526 2098 7699 1601 261 7524 4777 4553 2747 2573 41361 234 370 1665 12526 249 681 378 304 3539 857 211 303 224 3427 41127 1380 12248 624 203874 250 770 278 41009 385 208 11624
is_linear=0
shrinkage=0.05


Tree=21
num_leaves=107
num_cat=0
split_feature=15 103 48 0 25 52 48 49 96 0 34 23 25 111 115 54 95 15 115 0 17 108 13 36 96 28 103 82 49 61 112 109 3 0 114 53 53 53 15 54 67 114 0 114 63 76 86 53 71 71 76 112 54 53 108 17 67 3 108 49 3 0 0 94 114 74 72 96 108 3 94 46 111 11 99 99 111 94 115 30 2 15 96 52 101 69 100 48 109 114 95 34 0 48 96 63 100 109 48 67 96 114 71 115 63 67
split_gain=19015.1 3228.15 611.279 368.288 338.274 106.551 76.6865 56.3273 53.6073 40.906 42.1106 40.4673 30.4308 22.6364 18.0525 17.7977 16.8439 16.7026 16.3209 15.6586 15.6468 14.0692 14.0092 13.3923 12.5625 12.0266 11.6542 11.5121 10.6076 10.4647 10.2817 11.6832 10.7907 10.0214 10.8496 12.5714 9.94363 9.22204 8.50867 8.43046 9.24146 9.20683 8.24364 8.07872 8.00894 9.64183 7.47073 14.3933 9.52083 10.1481 7.78628 7.16013 8.73041 6.98391 6.979 6.58272 6.56558 6.51842 7.17255 6.35354 10.1558 7.2678 6.24479 11.3279 6.22431 6.06563 5.9003 5.75384 8.50764 8.20181 5.73052 5.61109 5.50607 5.45869 5.41332 5.35399 5.16911 4.84889 4.76861 4.72853 4.4441 4.24217 3.69146 6.80459 3.1711 2.94782 4.05972 3.77064 2.71314 2.58493 3.43414 2.33646 2.22578 2.16171 1.79207 1.82281 1.4948 0.946795 0.931478 2.1907 1.47403 0.930138 0.419093 0.3499 0.329254 0.274377
threshold=5.5000000000000009 0.038043830543756492 0.020067113451659683 2.5249279737472539 21.500000000000004 0.81284341216087352 0.048285657539963729 0.14213562756776812 0.2869249433279038 1.7005987167358401 18.500000000000004 1.5000000000000002 17.500000000000004 -5.1098446846008292 0.00037102447822690015 1.1827458143234255 5.7893023490905771 2.5000000000000004 0.69226571917533886 3.3497501611709599 9.5000000000000018 8.1387472152709979 2.5000000000000004 6.5000000000000009 0.18834459781646731 1.5000000000000002 1.0929695367813113 1.5000000000000002 0.14285712689161303 8.2056231498718279 -0.28331533074378962 0.020119572058320049 2.465976476669312 2.9174053668975835 3.3594905138015752 1.1633634567260744 0.749149650335312 0.33712121844291693 2.5000000000000004 1.1123737096786501 9.1812252998352069 3.3034969568252568 2.3502402305603032 -4.5540897846221915 7.5869555473327646 38.500000000000007 0.16594202816486361 2.5857142210006718 9.2393889427185076 8.711395740509035 42.500000000000007 -6.5497443675994864 0.99999991059303295 1.1422619223594668 9.367063522338869 16.500000000000004 9.7133603096008319 1.9704965949058535 10.364001750946047 0.26470588147640234 0.95999291539192211 2.3502402305603032 3.113268375396729 10.105006694793703 3.2446457147598271 6.5000000000000009 1.0000000180025095e-35 0.42807881534099584 7.5094037055969247 2.2840802669525151 8.9940128326416033 0.22259759902954104 -8.3964562416076642 2.5000000000000004 11.292307853698732 0.86499521136283886 -8.3545494079589826 9.1869263648986834 0.00057082198327407252 2.5000000000000004 2.2410700321197514 6.5000000000000009 0.14550264924764636 0.75416782498359691 11.191140174865724 7.9903459548950204 1.6316884756088259 0.16666664928197863 0.013588106259703638 3.3212677240371709 6.6913886070251474 21.500000000000004 1.4978661537170412 0.025641025044023994 0.34654632210731512 11.695303440093996 0.59929415583610546 1.5757861733436587 0.037089947611093528 11.754154682159426 0.24722222238779071 3.4360412359237675 8.6057610511779803 0.00079341384116560232 9.0103187561035174 10.209087848663332
decision_type=2 2 2 2 2 2 2 2 2 2 2 2 2 2 2 2 2 2 2 2 2 2 2 2 2 2 2 2 2 2 2 2 2 2 2 2 2 2 2 2 2 2 2 2 2 2 2 2 2 2 2 2 2 2 2 2 2 2 2 2 2 2 2 2 2 2 2 2 2 2 2 2 2 2 2 2 2 2 2 2 2 2 2 2 2 2 2 2 2 2 2 2 2 2 2 2 2 2 2 2 2 2 2 2 2 2
left_child=1 6 5 9 29 8 17 12 13 10 14 22 19 20 43 18 36 -1 39 57 -2 76 82 81 -23 55 75 44 -7 46 31 -29 -32 34 35 -17 37 56 101 41 -41 -9 -39 -3 45 -18 47 50 49 53 -4 70 -53 -48 -15 -12 -11 58 -5 60 71 -62 63 -20 -59 85 -30 69 -69 -38 -16 -25 -46 98 -28 -21 -22 -64 -8 88 -40 -10 83 92 96 -31 -87 -88 -35 91 -91 -84 -6 -75 95 102 -27 103 99 -13 -101 -14 -24 -61 -96 -95
right_child=2 3 4 7 11 28 78 15 23 16 25 73 38 54 51 33 27 -19 62 26 21 24 94 59 -26 84 74 30 66 65 32 -33 -34 79 -36 -37 67 42 80 40 -42 -43 -44 -45 72 -47 48 -49 -50 -51 -52 52 -54 -55 -56 -57 -58 64 -60 97 61 -63 77 -65 -66 -67 -68 68 -70 -71 -72 -73 -74 93 -76 -77 -78 -79 -80 -81 -82 -83 89 -85 -86 86 87 -89 -90 90 -92 -93 -94 105 104 -97 -98 -99 -100 100 -102 -103 -104 -105 -106 -107
leaf_value=0.070634206000656771 0.038255385546014355 0.067393968657261036 0.028719840744114929 0.023011097249747356 -0.042684460161490398 0.070273806440619646 -0.0308483217762563 0.016023147680892948 0.016584022140098222 0.053312406834746431 0.02171727192755929 -0.0059415096111405715 0.072846155362512391 0.016992541740570643 -0.00069852437735301815 0.019342564246431895 -0.0085777983244820413 0.033532180251692266 0.022521271571576112 0.02615496289286777 -0.027669622427374359 0.016847089593565068 -0.041954490632936742 0.039180698279766925 -0.0088784995167953233 -0.011737256955805551 0.034315710658808646 0.020156359855581174 0.0083483138338551061 -0.021363230638853693 -0.0071503054284251209 0.0060432094174943853 0.033449037253188117 0.031484695176152669 -0.00061448019551537379 0.062973873055812146 0.020856605611003814 0.0012212947587307071 0.025858012314835217 -0.0075029205001590979 0.017283871027058424 0.025883181327385624 0.022292419870276525 0.017800547700003919 0.014092916966465233 0.016184637619942436 0.035928651228107886 0.058155871153833284 -0.033789430742518806 0.047438074866921434 -0.011600289805970993 0.0093743751661332954 0.0018284583297116267 -0.0010939480987054914 0.056063887148297367 -0.023491146110197751 0.010930047267800717 0.045888200332228887 -0.0032924111845397115 -0.042568505209049146 -0.038392209197919774 -0.00068607683273098311 0.032749803516346897 0.054456425894276177 0.02748605246623391 -0.041428259889543149 0.046786075341073111 0.037853818749890342 0 0.037219889075104338 -0.026470515121618979 -0.01329198124500079 0.027972782802627258 -0.019388774664512273 0.049380407403815135 0.054998758559387531 0.0017324670558298413 0.015955744714113814 0.0080958106163107699 0.024269295648944395 0.055015621138018715 -0.01654940499953874 -0.0088843203928241736 0.0095991481706359984 -0.0068139657098876677 -0.020202998486300739 0.030830220290220256 -0.0052957091943841295 0.054671964231391534 0.0076772804044262849 -0.026640538635896684 -0.037764007751425931 -0.010627111049192714 -0.02725199057278796 -0.036558399792310452 -0.0060820912886468169 -0.045937319397870921 -0.012419605569227221 -0.04864881096581776 -0.011939324959751542 -0.04381976540336055 0.049124950979757852 -0.030423854040204902 -0.019298022690759767 -0.047671897718112463 -0.051865384945529669
leaf_weight=5194.2407284155488 22.865301519632339 14.4889003559947 20.377182129770517 145.17789517343044 14.482392262667419 41.859880156815052 13.863748099654915 509.98139323294163 20.034635912626982 20.467037230730057 14.52011811733246 5.7607940994203082 68.361213311553001 27.470785181969404 200.11126348748803 51.839407995343208 55.66080454736948 35.516406733542681 662.82166187465191 24.865217193961143 61.979051556438208 92.967831466346979 95.37208603695035 8.3043782524764556 93.520534783601761 5.5542032085359088 1132.0224151462317 206.76019709929824 17.496480252593756 17.675584148615599 164.53296729922295 515.12018588557839 16.620118111371994 25.852057263255119 29.304486729204655 25.205277994275093 185.76273975521326 141.38184385001659 33.070710070431232 57.759077981114388 100.64057044684887 478.88277919590473 68.571942321956158 21.630468092858791 138.44488624110818 123.3529803827405 12.602082978934048 18.641605652868748 14.515295479446648 12.423848059028385 24.75081629678607 858.03908897936344 700.32556959986687 127.05736028030515 22.460440021008253 14.657655648887156 18.508048105984926 60.319201543927193 30.276241108775139 89.394138444215059 51.285006616264582 17.653984617441893 548.29431539773941 28.913253143429756 321.12701368331909 13.80530960857868 27.449428636580706 19.801623478531837 47.465810984373093 148.02538423240185 22.820813436061144 9.0724056959152204 171.84947200492024 8.446420840919016 74.211458250880241 126.82332012057304 18.512389287352562 53.978271186351776 14.492388587445019 27.192273303866386 31.733268901705742 15.932638023048638 9.44814260676503 16.266553893685341 8.0272908471524698 11.61562220007181 13.297969266772272 12.612611077725886 97.965421974658966 7.0047205314040175 67.794390462338924 146.47594243660569 11.671028468757866 8.0089826025068742 44.454997539520264 5.7730671837925902 54.267657704651356 5.5999439842998973 1648.5696982070804 6.1590155623853198 75.157884776592255 23.727241858839989 42.940724644809961 6.9964649863541117 329.70022521540523 8731.7052067220211
leaf_count=25064 128 109 157 608 197 188 117 2472 136 110 140 123 296 131 1549 255 324 171 2944 101 589 688 1978 94 1088 116 4550 1327 121 159 1115 3331 95 108 136 126 1058 819 146 272 484 2236 361 168 842 712 113 136 120 102 197 6360 5438 1047 109 158 104 273 127 1574 898 230 2237 130 1378 130 132 114 291 812 176 136 1013 162 298 531 179 223 104 116 137 145 158 165 159 100 108 105 406 117 1232 2632 139 188 935 119 1076 100 36918 89 1566 104 891 123 6974 205021
internal_value=-0.000810616 0.0390049 -0.0463575 0.0203512 -0.0490084 0.000774251 0.0699488 0.029705 -0.00718769 0.00906455 0.00380199 -0.0504011 0.0359342 0.00531477 0.00552833 0.024902 0.0139863 0.0703938 0.0235423 0.0341324 -7.48196e-05 -0.00359022 -0.0392457 -0.0260828 0.00392507 -0.0280246 0.0370845 0.010848 0.0518662 0.00340121 0.007461 0.0101327 -0.00312662 0.0375494 0.0249842 0.034674 0.020653 0.0126039 0.0573303 0.0191163 0.00819744 0.0208402 0.00825984 0.0398542 0.0170366 0.00842255 0.00854171 0.0229072 0.00282814 0.00668402 0.00672969 0.00479375 0.00599469 0.00252221 0.0358849 -0.000705677 0.0345844 0.0268358 0.0184262 -0.0313869 -0.0205665 -0.0290986 0.027432 0.0239855 0.0305905 -0.0134343 0.0327912 0.0255585 0.0116006 0.0282771 -0.00354056 0.0123757 0.0219096 -0.0512365 0.035311 0.0506383 -0.0208774 0.0313046 -0.0112029 0.0460002 0.0412084 0.00156486 -0.0296305 -0.0148367 -0.0393593 -0.0053462 0.00247304 0.0135527 0.0503453 -0.0321939 -0.023208 -0.0361789 -0.0300928 -0.0518218 -0.0441941 -0.0376445 -0.0432898 -0.0400169 -0.0482386 -0.0396682 -0.0417858 0.0677264 -0.038811 -0.0413032 -0.0465293 -0.0518487
internal_weight=26210.7 13985.2 12225.4 8727.11 11574.6 650.856 5258.11 4770.35 564.05 3956.77 1914.44 11275.2 2071.72 339.776 1817.42 2698.63 2042.33 5229.76 2441.27 1914.82 289.845 266.98 791.384 224.274 186.488 97.0269 1357.92 1392.34 86.8058 299.375 903.033 721.88 181.153 257.359 106.349 77.0447 649.984 248.929 156.892 1147.26 158.4 988.864 209.954 36.1194 489.308 179.014 230.368 63.7696 166.599 152.083 45.128 1781.3 1558.36 139.659 49.9312 29.1778 38.9751 556.9 175.454 188.306 86.3158 68.939 1294.01 691.735 381.446 69.0071 44.9459 401.056 67.2674 333.788 222.932 17.3768 310.294 10483.8 1206.23 151.689 80.4914 602.273 28.3561 151.01 64.804 35.9673 273.143 42.42 67.8492 55.2018 37.5262 25.9106 123.817 230.723 74.7991 155.924 26.1534 8748.16 518.241 144.086 59.8219 101.991 1735.65 87.0777 81.3169 92.0885 138.313 96.3906 374.155 8739.71
internal_count=342894 74027 268867 48571 262078 6789 25456 20694 6348 27877 15449 259604 8549 2912 13800 12145 12428 25235 10998 7866 2672 2544 15537 3436 1776 1649 5480 8759 441 2474 5868 4658 1210 1147 517 381 3669 1394 683 5464 756 4708 1180 277 2891 1036 1872 490 1382 1262 354 13523 11798 1160 240 298 214 2386 735 3155 1358 1128 5534 3074 1651 602 253 2275 405 1870 1725 230 1855 244067 4848 632 768 2460 221 630 283 281 4640 501 1351 472 313 213 514 4139 1349 2790 336 205371 10897 2988 1192 1797 38696 1778 1655 400 2869 1697 7909 205209
is_linear=0
shrinkage=0.05


Tree=22
num_leaves=100
num_cat=0
split_feature=93 107 34 0 48 0 49 38 34 34 107 52 38 48 52 44 0 38 48 107 0 13 100 24 86 34 107 114 23 91 53 101 108 101 105 112 15 100 69 48 96 112 86 107 76 65 9 9 11 108 97 77 98 112 105 112 65 49 112 63 2 49 105 107 52 74 53 67 13 52 80 65 38 17 69 0 102 77 52 38 52 48 82 48 52 52 71 44 46 114 97 52 97 114 114 114 48 44 44
split_gain=17619.9 2936.45 1033.52 370.846 153.011 59.4011 58.6762 57.8511 43.1405 36.6124 31.5938 29.9469 26.5549 25.6348 24.0552 20.5017 16.7969 16.2038 15.9741 15.7256 15.2632 14.9007 14.2151 13.9453 9.76329 8.98285 9.35405 9.19196 8.88161 9.09281 9.71868 8.30182 8.24238 7.7113 9.71973 7.57011 10.0008 6.88059 6.51378 6.48714 6.28028 6.07293 6.03021 7.799 6.98193 5.97728 5.81162 5.99278 5.70547 5.67822 5.60177 5.53101 5.4289 5.38776 8.69719 5.40323 5.30712 9.18406 11.1893 8.10966 10.9042 7.21881 12.5547 7.92851 6.81952 8.43972 7.7445 5.15688 5.08923 5.04183 4.9423 4.89126 4.87443 7.79405 4.83905 4.67213 4.36418 4.27721 4.14682 4.69073 3.95033 3.68372 3.61405 3.50899 3.25238 3.04911 2.97247 2.74151 1.89581 1.87578 1.56564 1.04757 0.799572 0.621709 0.594238 0.494099 0.481421 0.379946 0.369017
threshold=2.5000000000000004 0.14817950874567035 17.500000000000004 2.6735538244247441 0.020067113451659683 1.7005987167358401 0.14213562756776812 30.500000000000004 18.500000000000004 15.500000000000002 1.0353817939758303 0.87555310130119335 7.5000000000000009 0.034582419320940978 0.7561737895011903 0.083835341036319747 3.3497501611709599 19.500000000000004 0.020067113451659683 2.0736835002899174 2.9700856208801274 3.5000000000000004 0.64404436945915233 32.500000000000007 0.22176685184240344 6.5000000000000009 1.711925804615021 3.4595552682876591 1.5000000000000002 3.5000000000000004 1.4175170063972475 1.293355464935303 6.0316703319549569 1.7343065142631533 2.5265194177627568 -0.36513817310333246 13.500000000000002 0.59929415583610546 8.2207822799682635 0.19999998062849048 0.1132478639483452 -14.54404830932617 0.58578431606292736 1.0225380063056948 22.500000000000004 9.5962972640991229 36.500000000000007 42.500000000000007 2.5000000000000004 8.2989215850830096 0.42582418024539953 55.500000000000007 14.500000000000002 -6.5176091194152823 1.9824557304382326 -6.6153154373168936 9.1779060363769549 0.54545453190803539 -0.32632580399513239 8.539743900299074 0.42466211318969732 0.46666665375232702 1.5590342879295351 5.3341007232666025 0.64697575569152843 1.5000000000000002 1.4974747300148012 10.142803668975832 1.5000000000000002 0.56773442029953014 1.0000000180025095e-35 9.8410124778747576 2.5000000000000004 9.5000000000000018 5.3778791427612314 1.4978661537170412 1.8617515563964846 27.500000000000004 0.8896499276161195 13.500000000000002 0.63622915744781505 0.14285712689161303 7.5000000000000009 0.12499998882412912 0.80073529481887828 0.81861472129821788 10.660041809082033 0.067117117345333113 0.4435133188962937 3.3324289321899419 0.41421568393707281 0.76752376556396495 0.25657895207405096 3.3880754709243779 3.3117204904556279 3.3052778244018559 0.16666664928197863 0.26304447650909429 0.4016129076480866
decision_type=2 2 2 2 2 2 2 2 2 2 2 2 2 2 2 2 2 2 2 2 2 2 2 2 2 2 2 2 2 2 2 2 2 2 2 2 2 2 2 2 2 2 2 2 2 2 2 2 2 2 2 2 2 2 2 2 2 2 2 2 2 2 2 2 2 2 2 2 2 2 2 2 2 2 2 2 2 2 2 2 2 2 2 2 2 2 2 2 2 2 2 2 2 2 2 2 2 2 2
left_child=1 15 24 5 7 8 9 21 28 10 22 12 25 52 40 -1 49 -16 -10 -18 37 35 -5 89 56 26 -7 -27 29 31 -31 -3 94 69 39 36 82 -8 -34 53 -14 80 43 -39 -44 -20 51 -48 67 -12 -36 -43 75 55 -55 -35 57 61 -59 60 96 62 -2 -64 65 81 -67 -15 -47 77 76 -41 74 -74 -52 86 -37 -26 79 -11 -22 -61 -4 -63 90 -86 92 -69 -79 -9 -77 97 -6 -72 -30 -71 -58 -23 -89
right_child=2 3 4 6 13 11 20 23 18 78 16 -13 14 48 17 -17 19 -19 45 -21 41 91 -24 -25 33 27 -28 -29 32 30 -32 -33 38 34 50 70 -38 42 -40 71 -42 46 44 -45 -46 68 47 -49 -50 -51 72 -53 -54 54 -56 -57 59 58 -60 64 -62 83 63 -65 -66 66 -68 87 -70 95 93 -73 73 -75 -76 84 -78 88 -80 -81 -82 -83 -84 -85 85 -87 -88 98 -90 -91 -92 -93 -94 -95 -96 -97 -98 -99 -100
leaf_value=0.069085425819943452 0.056745865962596079 -0.0230139682082144 0.0025145718037889375 0.021407709787780616 -0.029533424184598089 0.027722685140893367 -0.0068074844444216513 0.057476244822229863 0.046064323540624855 0.056649687855600178 0.030657004950794733 0.056602787077634643 0.0029752251676776263 -0.0081165680781297867 0.0045525980487595213 0.023322521676821667 0.038425344854198455 0.050248262873683558 0.015187822552334841 0.023693034054256441 0.026996005843867483 -0.045761676505376582 0.064510722028063697 -0.010451333076939356 -0.022966393702798685 0.013205951235108329 0.014326105673659439 0.04486026376997225 -0.038047351412032915 0.051520306392324883 0.0095909607987087944 0.0064604179112006128 -0.0039352229292276908 0.0070483657639863308 -0.027156735522807948 -0.026856121873254098 0.045210785232076944 0.0480445546759935 0.020638543618209351 0.003986708497523919 -0.026543747235876242 0.023183150052781154 0.0091934557968301467 0.018455223127350942 0.036920444770841949 -0.01512192294120987 0.011839273092277378 0.029339282716430992 -0.051691392389784596 0.019270577591872104 0.0010751241500243165 0.055459629881625394 -0.0049951833009828275 0.00080131696466114236 0.029158668494340186 0.050552823262256075 -0.042181744172486567 0.053798854021715296 0.0027352865312206391 0.0041177788100238517 0.012393594362570147 0.007650563305215758 -0.0023805789430335657 0.030040606132869588 -0.024766478908331307 0.030768399908536515 0.0071708970890520035 -0.014273788873274946 -0.033718170081460087 -0.020644658734039811 -0.041126211911426735 -0.034817284220877209 0.0093681967827015222 -0.012826352863876659 -0.017482698553261972 -0.031980745106614507 0.00036728112549443788 0.02096823630106447 0.066433774736374171 0.025557975599426869 0.0014866899392632982 -0.027743243513452937 -0.020318167039559465 -0.023430169803994618 0.013839462019884003 -0.030144763694319079 -0.0053360889951371759 -0.048400261462290851 -0.0052860512149416556 0.030497634413099661 -0.042213106314144502 -0.017386311014739916 -0.046146109660990281 -0.014518316131539689 -0.016320578763790432 -0.043782488553957145 -0.021784695361555459 -0.018484681341616179 -0.022121172580662433
leaf_weight=4946.4281401969492 13.808490954339502 22.883270278573036 27.985448509454727 25.896437287330627 21.405253510922194 272.51531082391739 21.546677157282829 16.760504819452763 7.0675477981567374 43.072707638144493 219.31538344919682 40.037835285067558 22.071366041898727 9.3522294424474222 170.10322022810578 27.19025456532836 1053.1128144860268 20.581055119633675 7.9859245643019667 235.12591908872128 26.091171026229858 73.534937236458063 119.97241657972336 15.995191685855387 19.583553247153759 1708.6246268413961 269.98357282578945 22.312510602176189 13.554353140294554 21.517412044107914 38.795139115303755 1020.4676887616515 186.05864804983139 13.833653137087824 23.79939940944314 31.939831122756004 7.4267799444496623 22.520435824990273 29.978360541164875 20.009001247584823 79.273285701870918 25.679500356316566 31.490779653191566 833.69963482767344 107.77228337526321 70.020048528909683 56.047336131334305 1131.4430009573698 8293.9362344369292 262.388935521245 59.309037372469902 42.963433250784874 11.385955557227133 97.291707050055265 36.414706125855446 16.334694363176823 13.43675020337105 26.860874682664871 18.214777380228043 16.927490573376417 21.629237145185471 13.616496831178663 61.947112511843443 25.204345025122166 13.104381173849104 53.267372410744429 103.20920376852155 8.2989650368690473 95.811069566756487 11.562101125717165 37.814720548689365 11.474753901362417 129.69509200751781 54.952189534902573 80.806564558297396 142.18294510245323 24.955211710184813 11.519500948488714 103.67354927957058 24.287059262394905 36.140286803245544 16.255733251571655 40.094550386071205 20.998991116881371 6.2636357061564905 6.3692286536097527 5.6657407917082301 1626.7328020296991 12.64798056706786 27.33054756373167 112.64776905998588 7.8421167246997348 419.11845767870545 5.9379038847982875 11.652654632925985 12.516305074095724 16.293243914842606 5.4323415532708159 6.3392971120774737
leaf_count=24636 106 170 432 109 429 1444 99 98 34 183 921 186 183 192 1384 153 4249 108 104 945 111 1421 535 139 169 9716 1478 127 118 152 272 7237 1541 103 195 452 86 98 254 175 879 105 148 3829 507 862 231 4713 204264 1108 453 176 198 749 274 119 107 195 137 127 158 96 458 196 110 419 788 130 1774 97 677 101 1049 485 677 2881 333 101 467 104 151 131 572 165 118 115 120 38029 110 153 2385 132 9223 106 100 112 136 107 144
internal_value=-0.000858507 0.0382983 -0.0448546 0.0205265 -0.0493742 0.00974632 0.0305885 -0.015341 0.00190122 0.036708 0.034662 0.0143329 0.0136366 -0.0504014 -0.000521654 0.0688444 0.0327502 0.00989038 -0.0209115 0.0357749 0.0250959 -0.0254662 0.0572222 0.0283498 0.00261254 0.0154588 0.0211319 0.0136582 0.00499675 0.00689809 0.0255989 0.00577229 -0.00364934 -0.00144571 0.00053675 -0.0167775 -0.00451123 0.0203908 -0.000360479 0.00944019 -0.0200681 0.0286907 0.0209989 0.0193278 0.0308865 -0.0240627 0.0294578 0.0285377 -0.0510801 0.0245545 -0.00444386 0.0442815 -0.0409921 0.0134505 0.00883616 0.0321984 0.00833097 0.0148672 0.0341317 0.00358543 -0.0138296 0.00808578 0.0148338 0.00723252 0.0081147 0.0106154 0.0154831 -0.0479586 -0.0261319 -0.0171548 -0.0256805 -0.0107931 -0.00263155 0.00265911 -0.00962863 -0.0415408 -0.0150415 -0.00632039 0.0590678 0.0463855 0.0127223 -0.0117267 -0.0109368 -0.0111173 -0.0355193 -0.00847468 -0.0449968 -0.0481719 0.00733259 0.0425261 -0.0367635 -0.0423997 -0.0454645 -0.038337 -0.0298587 -0.0349252 -0.0329068 -0.0443891 -0.0483248
internal_weight=25566.4 13527.2 12039.3 8553.53 10992.7 4131.29 4422.24 323.05 1525.79 2086.85 1915.81 2605.5 2565.46 10669.7 292.029 4973.62 1769.94 190.684 180.885 1288.24 2335.39 262.964 145.869 60.0862 1046.52 2273.44 542.499 1730.94 1344.91 1103.66 60.3126 1043.35 241.244 611.75 543.921 176.154 75.5068 1017.03 216.037 195.359 101.345 1318.36 995.483 856.22 139.263 173.817 1256.13 1187.49 9944.66 481.704 348.562 68.6429 725.039 163.875 133.706 30.1683 434.775 180.651 45.0757 254.123 51.3592 135.575 100.96 87.1515 202.764 189.66 156.477 1650.72 165.831 67.8294 100.648 31.4838 324.763 184.647 140.116 713.653 56.895 43.751 171.033 67.3598 62.2315 33.1832 68.08 34.6155 267.464 12.6329 446.189 1641.37 24.1675 44.0911 254.831 86.8094 440.524 43.7526 25.207 24.0784 29.73 78.9673 1633.07
internal_count=342935 71701 271234 46912 262936 28123 18789 4708 12618 8621 7867 15505 15319 258228 2554 24789 7223 1492 2774 5194 10168 4318 644 390 8298 12765 2922 9843 9844 7831 424 7407 2013 4969 4380 2658 1090 4681 1795 1521 1062 5487 4582 3927 655 2740 5225 4944 242759 2029 2859 281 15469 1245 1023 222 3329 1353 332 1976 401 1021 760 654 1575 1465 1207 38495 2636 589 1568 276 2664 1534 1130 15271 785 380 754 287 262 258 1004 261 5499 233 9772 38303 211 251 5266 1660 9652 783 218 209 243 1528 38173
is_linear=0
shrinkage=0.05


Tree=23
num_leaves=95
num_cat=0
split_feature=24 103 44 0 19 36 21 0 44 23 44 21 103 40 0 52 42 0 44 46 100 51 21 36 108 111 61 114 63 2 44 36 96 108 103 65 36 51 15 101 71 103 97 94 21 102 113 2 74 46 114 19 67 24 76 113 111 2 115 99 113 46 17 86 77 115 11 94 99 34 46 77 103 9 0 114 44 46 114 17 98 71 63 52 67 74 63 52 74 65 61 2 86 67
split_gain=16402.7 3191.2 503.276 358.066 173.622 91.5767 83.8422 78.6828 73.2105 61.273 39.2371 32.8207 26.2671 23.0045 22.3778 20.3685 16.5137 15.0248 13.1508 12.6648 12.5494 12.4185 11.6841 10.8435 10.6023 10.4768 17.615 15.0088 9.28291 8.83366 8.68039 17.8926 8.36769 8.43444 8.31876 7.91275 7.82082 9.65839 10.6455 9.38745 7.79164 7.69354 12.1323 9.27633 8.54948 11.7908 9.80194 7.56425 7.42893 8.76436 7.36171 7.01969 6.87275 9.85323 6.80264 6.26689 6.23479 6.20805 6.10998 5.91518 5.91118 5.84779 5.76201 5.37012 4.8329 4.81093 4.71888 4.35882 4.4469 4.44565 7.53079 4.38367 4.00085 3.84371 3.72478 3.6431 3.33176 3.32506 2.78632 2.58108 2.52486 2.30817 2.06058 3.42062 1.8209 1.26824 1.06981 0.89466 0.63679 0.576939 0.506398 0.995123 0.413823 0.306371
threshold=6.5000000000000009 0.038043830543756492 0.067117117345333113 2.3502402305603032 19.500000000000004 21.500000000000004 21.500000000000004 2.9700856208801274 0.083835341036319747 1.5000000000000002 0.083835341036319747 16.500000000000004 1.1294630169868471 3.5000000000000004 2.2499048709869389 0.87555310130119335 0.19923664629459384 3.3140207529067998 0.10551619529724122 0.084219858050346388 1.3321461081504824 0.42857129871845251 11.500000000000002 26.500000000000004 8.1623220443725604 -8.2780370712280256 10.472730159759523 4.0682747364044198 9.8603010177612322 1.4125741124153139 0.095491390675306334 38.500000000000007 0.1695402339100838 9.0025849342346209 0.77737739682197582 10.589352607727053 5.5000000000000009 0.59999975562095653 4.5000000000000009 3.0903604030609135 6.7331304550170907 2.0279210805892949 0.32575757801532751 8.0947628021240252 7.5000000000000009 11.40021324157715 -8.887814521789549 1.007132411003113 3.5000000000000004 0.22259759902954104 3.2319686412811284 13.500000000000002 10.934180259704592 7.5000000000000009 48.500000000000007 -8.7692604064941388 -8.4223585128784162 2.0108062028884892 0.00057234769337810587 2.5498356819152836 -8.8289747238159162 0.10042016953229906 6.5000000000000009 0.059714796021580703 64.500000000000014 0.00060648741782642912 2.5000000000000004 7.9521965980529794 10.338254928588869 11.500000000000002 0.42670913040637976 87.500000000000014 1.8660447001457217 83.500000000000014 4.1666352748870858 3.2947623729705815 0.27253384888172155 0.23922333866357806 3.2772797346115117 14.500000000000002 9.5000000000000018 9.4587841033935565 8.9655685424804705 0.7813813090324403 10.6711802482605 2.5000000000000004 12.542028903961183 0.72419017553329479 31.500000000000004 11.748581409454347 4.9001879692077646 1.1216048598289492 0.33205129206180578 10.209087848663332
decision_type=2 2 2 2 2 2 2 2 2 2 2 2 2 2 2 2 2 2 2 2 2 2 2 2 2 2 2 2 2 2 2 2 2 2 2 2 2 2 2 2 2 2 2 2 2 2 2 2 2 2 2 2 2 2 2 2 2 2 2 2 2 2 2 2 2 2 2 2 2 2 2 2 2 2 2 2 2 2 2 2 2 2 2 2 2 2 2 2 2 2 2 2 2 2
left_child=1 8 5 6 22 14 16 15 77 18 19 12 20 -10 52 36 41 51 23 -8 54 -7 58 47 65 26 28 62 -18 61 31 90 33 -21 -22 64 37 39 -39 -5 60 44 56 -44 46 -46 -3 92 -37 -50 -42 -14 55 75 -9 -2 -43 -23 -4 -34 -38 -12 -27 -49 -26 78 86 71 69 -69 -71 -24 -73 79 -19 -54 -15 -1 -16 -20 89 -63 83 -75 -84 -13 88 -81 -32 -55 -11 -92 -6 -68
right_child=2 3 4 7 9 21 10 11 13 30 29 85 17 76 24 -17 25 74 73 32 34 57 67 -25 35 27 -28 -29 -30 -31 66 -33 59 -35 -36 48 40 38 -40 -41 50 42 43 -45 45 -47 -48 63 49 -51 -52 -53 53 80 -56 -57 -58 -59 -60 -61 -62 81 -64 -65 -66 -67 93 68 -70 70 -72 72 -74 82 -76 -77 -78 -79 -80 87 -82 -83 84 -85 -86 -87 -88 -89 -90 -91 91 -93 -94 -95
leaf_value=0.067909647818088378 0.032788391973006023 -0.013335999430077648 0.05219652831107674 0.035997002925059536 -0.043015572677614335 0.070350144176459697 0.051181323505712861 0.043872690620751414 0.037288620998705627 -0.015066723711107824 0.010019067464090682 0.061550984083062955 0.02427183094154152 -0.044122948041945109 -0.039923078046113031 0.054375589825788197 0.0041540088761485728 0.031815436027122557 0 -0.0097261628470378617 0.065527698088240535 0.016804835952338053 -0.030188125523253513 0.018643077754257491 0.015660185889289996 0.040224063838843666 0.052097034234293273 -0.02337514671010426 -0.0090620262940227393 0.0093995358360100326 -0.048117906128063825 0.024483660996980773 -0.034599186672292399 0.033712775898596239 0.042543795265232054 -0.021620315280342074 -0.016103907454025408 0.015767193109435536 0.032898324070609435 0.020381079954090272 0.0013055925731439498 0.016048424478664076 0.018185664074037638 -0.003855568164091704 0.0053827254137520635 0.031621707390985361 0.020494227994662068 0.01229083476637758 0.039120132305714268 -0.002514113303731315 0.023713849889951205 -0.0022164671533644121 -0.014134162329273045 -0.042185538486301424 0.014748552150961833 -0.021989206598595264 0.04683719117118091 0.047357698989264091 0.0055245786739051717 0.00025261665595061999 0.00749286282407497 -0.043157890356811321 0.0070994769468115948 -0.022878775838535276 0.056120608352121931 0.0064193289932662047 -0.026743428381642953 -0.014975267925779665 -0.019479115644215176 -0.01461872841907008 0.027595525964667796 0.018033939179261053 -0.016702729932434709 -0.034532197174573058 0.012395847717367649 0.024276985930095064 -0.0051681928010852175 0.040037779231270873 -0.0068147279278715474 -0.036916139931035964 -0.0095125714192868544 -0.017427660423730024 -0.02348959867891004 0.0069419623086611777 -0.045237124555518982 0.042669966926305911 -0.01382859592018177 -0.024820169791445315 -0.018462593222808528 -0.020640080986682824 -0.045289505827019128 -0.015987264389301661 -0.029920123341381624 -0.051613595637245893
leaf_weight=4870.9542595148087 8.9120851494371909 22.192936711013317 14.362667843699457 147.2246069163084 63.457464098930359 39.184228241443634 10.566975913941858 33.42289075255394 27.744752809405327 4.8860506005585185 4.9377474896609774 82.966958269476891 1205.4107560366392 12.683670558035375 14.20445539802313 37.862392924726009 1768.8078024238348 1400.3876722157001 5.5322656296193591 20.504191912710667 64.381716355681419 34.581677287817001 23.243254885077477 11.63804382458329 18.423044845461845 49.231432944536209 17.107543542981148 13.952656194567679 141.82699082046747 8.9798459224402887 1486.7957978583872 10.399179898202418 23.518939331173897 21.168383255600929 175.67677879333496 16.868333034217358 30.994374386966228 1342.2520509660244 98.77607649564743 325.77192629873753 51.014204204082489 30.058970086276531 189.0340368039906 62.148171659559011 773.0068039111793 44.157527774572372 231.25867525488138 10.698174823075531 20.558559589087963 28.251579537987709 139.99243861436844 24.591003969311714 13.737435858696701 56.04202813655138 56.859754487872124 8.8879051022231561 47.099385745823383 39.238063558936119 14.234515912830828 22.577144648879766 140.8449879810214 138.14234457910061 19.776247099041939 110.47271197661757 14.587501071393488 18.537416577339172 7.8719994723796836 12.890143804252146 14.854768261313437 13.081334777176378 37.377793401479721 13.058467574417593 17.625812578946352 39.61910118162632 29.45261062681675 8.8343168869614583 10.735828276723621 19.915581583976746 13.349358692765234 111.01394328847528 10.078248877078293 13.730518124997614 17.077060434967279 4.6977990344166747 391.29378162696958 34.769745588302612 4.5734384171664706 42.347610000520945 5.3648419193923464 10.189417678862808 67.690745119005442 6.3988215439021578 35.483153905719519 7928.9998720474541
leaf_count=25007 106 131 107 680 1293 175 58 137 145 111 70 377 5016 128 127 163 13108 5615 99 164 281 194 196 112 136 323 129 113 1104 127 36304 126 287 165 727 126 163 6617 527 1513 290 191 1249 450 4800 262 1294 154 134 238 718 103 157 848 234 114 283 169 107 255 676 2969 147 1888 101 125 198 96 119 106 298 102 147 881 118 109 99 86 109 2250 124 289 382 102 8803 149 89 804 97 157 1587 141 762 204674
internal_value=-0.000879895 0.0348506 -0.0468915 0.0172728 -0.0489177 0.0100107 0.00521411 0.0254368 0.0671879 -0.0497172 -0.0218384 0.0306443 0.0295884 0.00724275 -0.00625206 0.0184254 0.00732132 0.0278925 -0.0366073 0.00308756 0.0430258 0.0473149 0.00256837 -0.0260136 0.00681095 0.00440557 0.00364104 0.0216725 0.00316141 -0.0365777 -0.0508712 -0.0338353 -0.00335342 0.0125125 0.0491179 0.0160282 0.0177877 0.0190757 0.0169814 0.0253612 0.0109159 0.0114957 0.018228 0.0127021 0.00939914 0.00686817 0.0174317 -0.0285301 0.00552269 0.0154668 0.0178378 0.0237321 -0.0224262 -0.0275283 0.0261801 0.00533543 0.0355046 0.0337973 0.0307305 -0.0178492 0.00307654 -0.0393379 0.031226 -0.0195798 0.0354917 -0.0125977 -0.0510261 -0.00372846 0.00370897 0.00962534 0.0163531 -0.0145029 -0.00145744 -0.0405318 0.0314358 0.00106007 -0.0280528 0.0678105 -0.0254068 -0.0327142 -0.0359705 -0.0410901 -0.0431366 -0.0298341 -0.0444414 0.0566659 -0.0479527 -0.0339134 -0.0480366 -0.039549 -0.041952 -0.0432586 -0.0389357 -0.0515952
internal_weight=24940 14038.5 10901.5 9096.44 10527 374.466 3673.79 5422.65 4942.03 10366.3 264.126 3107.92 2990.18 51.1643 261.462 2314.73 3409.66 2659.84 843.331 98.3356 330.341 113.004 160.729 231.75 144.78 2010.7 1927.74 82.9603 1910.63 165.79 9522.98 89.3748 87.7687 41.6726 240.058 98.689 2276.87 1914.02 1441.03 472.997 362.846 1398.96 328.341 251.182 1070.62 817.164 253.452 220.112 65.6785 48.8101 191.007 1230 116.681 98.8814 90.2826 17.8 77.1584 73.8197 28.5972 46.0961 171.839 156.811 69.0077 121.171 33.0105 46.0912 9433.61 132.132 78.204 63.3493 50.4591 53.9275 30.6843 611.582 1429.84 22.5718 23.4195 4890.87 27.5538 158.894 76.3097 151.873 452.688 44.3169 408.371 117.737 1496.73 153.362 1492.16 66.2314 78.9756 74.0896 98.9406 7936.87
internal_count=342921 77537 265384 52072 262135 3249 27968 24104 25465 260857 4384 12757 12231 372 2711 11347 23584 10852 17530 929 1379 538 1278 4209 1096 14924 14341 583 14212 3455 243327 1965 871 329 1008 735 11184 9337 7144 2193 1847 8660 2173 1699 6487 5062 1425 4097 498 372 1008 5119 1615 1395 371 220 474 363 214 542 839 3328 470 2042 237 361 241362 1064 619 500 404 445 249 13321 5733 266 227 25093 236 3153 1129 3258 10168 983 9185 526 36490 3054 36401 1005 1839 1728 2055 204872
is_linear=0
shrinkage=0.05


Tree=24
num_leaves=92
num_cat=0
split_feature=24 103 44 0 19 32 21 48 0 44 93 103 46 2 0 0 30 86 21 49 17 49 103 94 111 101 108 2 100 103 53 44 36 94 101 94 65 114 90 3 108 65 32 96 36 82 112 19 9 67 23 100 48 113 49 49 114 0 49 114 17 86 109 44 48 93 97 97 0 30 101 24 2 48 96 114 53 49 96 40 76 93 103 48 108 44 84 67 67 67 23
split_gain=15283.7 3053.87 478.352 316.879 181.19 92.948 78.3579 69.54 69.0882 61.7657 28.4842 23.4158 20.0439 19.5184 19.4899 16.3076 15.6599 14.0869 14.0463 13.9371 12.6532 11.24 10.0378 9.85156 9.37415 9.19446 9.06382 8.88614 8.82237 17.5591 8.65019 8.33843 11.6203 8.28822 19.0187 9.86467 9.20948 9.45496 7.42683 7.73619 7.38338 7.76179 8.22204 7.2064 8.72298 16.322 7.09197 6.78824 6.6492 6.61219 6.50433 6.48462 6.38554 6.35521 6.323 5.97021 5.90013 5.84442 5.78236 5.64259 5.45409 5.31982 8.2774 5.09392 4.976 4.49819 4.29518 6.37364 4.29497 4.01603 3.12583 3.06259 2.98791 2.98358 2.95842 3.61431 5.58032 2.83349 2.75527 2.68831 2.53515 2.35717 2.28 2.05761 1.96631 1.91828 0.865651 0.847868 0.810368 0.176056 0.137332
threshold=6.5000000000000009 0.038043830543756492 0.067117117345333113 2.3502402305603032 19.500000000000004 11.500000000000002 50.500000000000007 0.034582419320940978 3.113268375396729 0.091372914612293257 1.5000000000000002 0.83212372660636913 0.066352203488349928 1.5641107559204104 2.3502402305603032 1.2424533367156985 2.5000000000000004 0.16594202816486361 15.500000000000002 0.22677870839834216 18.500000000000004 0.19999998062849048 1.5335045456886294 9.1869263648986834 -8.4162640571594221 1.1984564661979678 9.0025849342346209 1.5324124097824099 0.55532076954841625 1.056711792945862 1.2801868915557864 0.1155870445072651 25.500000000000004 8.6632328033447283 2.2879788875579838 9.0668616294860858 11.139419555664064 3.3743889331817631 7.5000000000000009 2.0123323202133183 6.397862672805787 10.684586048126222 6.5000000000000009 0.34654632210731512 33.500000000000007 26.500000000000004 -0.29736721515655512 34.500000000000007 78.500000000000014 10.805408954620363 2.5000000000000004 0.49520410597324377 0.090787876397371306 -7.1672880649566642 0.23410988599061969 0.24999999254941943 -4.5106921195983878 2.4414010047912602 0.14285712689161303 3.4360412359237675 12.500000000000002 0.33205129206180578 0.17019455879926684 0.24893609434366229 0.076817698776721968 3.5000000000000004 0.14835165441036227 0.10555555671453477 1.4978661537170412 6.5000000000000009 2.9126223325729375 2.5000000000000004 1.110206723213196 0.03846153803169728 0.2736185491085053 3.3212677240371709 0.91637530922889721 0.57142850756645214 0.14550264924764636 3.5000000000000004 23.500000000000004 2.5000000000000004 4.4024357795715341 0.03846153803169728 9.0716896057128924 0.095491390675306334 0.33084577322006231 10.142803668975832 11.274558544158937 11.933751106262209 4.5000000000000009
decision_type=2 2 2 2 2 2 2 2 2 2 2 2 2 2 2 2 2 2 2 2 2 2 2 2 2 2 2 2 2 2 2 2 2 2 2 2 2 2 2 2 2 2 2 2 2 2 2 2 2 2 2 2 2 2 2 2 2 2 2 2 2 2 2 2 2 2 2 2 2 2 2 2 2 2 2 2 2 2 2 2 2 2 2 2 2 2 2 2 2 2 2
left_child=1 9 6 5 17 15 14 13 12 71 26 25 -5 43 51 40 -11 22 23 58 55 28 -4 59 30 -10 -7 60 -14 -30 -23 32 57 36 52 -36 37 -17 39 70 41 42 -3 44 69 -46 -26 -33 -24 -25 81 -2 -35 56 -55 -16 -42 -15 -8 -13 -12 66 -63 -18 -38 68 67 -22 -45 -6 -19 -1 -28 -62 75 80 -77 -40 -60 -20 -53 83 -72 -9 -68 -67 -49 -83 -76 -85 -52
right_child=2 3 4 8 7 10 19 50 11 16 27 18 21 31 20 33 63 38 79 -21 61 24 48 49 46 -27 72 -29 29 -31 -32 47 -34 34 35 -37 64 -39 77 -41 53 -43 -44 65 45 -47 -48 86 -50 -51 90 74 -54 54 -56 -57 -58 -59 78 -61 73 62 -64 -65 -66 85 84 -69 -70 -71 82 -73 -74 -75 88 76 -78 -79 -80 -81 -82 87 -84 89 -86 -87 -88 -89 -90 -91 -92
leaf_value=0.066766929269847286 0.021890629814452282 -0.00083013083056072956 -0.0053698530444742168 0.060434116242859527 -0.018299139292140134 -0.012970399943430817 0.065802444203732297 -0.0010878067792422406 0.023911198088489349 0.041463244486402061 0.00022626065562726422 0.026817156080891968 -0.008231948750524588 -0.024414917048566343 0.051099672712454108 0.0082326759250733982 -0.032968266740353726 -0.0094130585707286989 0.060240506502266249 0.0043256555009646589 -0.020062947543804131 0.0027794725688923922 0.062041645903674371 0.021187619925246006 0.019786459208103794 0.061446835687179617 0.0086193860144037748 0.021724053919552729 0.048833276802712725 0.021594542498478628 0.018342183440540061 0.0052422845168453277 0.032348629050681595 0.0089692917561533646 0.039264875143365602 0.017194586939445439 0.0054525423188747854 0.021758657743403454 0.028976440326465819 0.0074695206849115419 -0.0055995395970454978 0.024721425398791071 -0.024914840209001324 -0.038342723088114962 0.059119508254019605 -0.033876245238298429 0.010878392562898831 -0.042676647417544608 0.018707018558426117 -0.004753656712410138 -0.049852286738203723 -0.0099148051526559908 -0.018934897502911371 0.020001438835779112 -0.017111011964172775 0.011091780028057363 0.0067547048475195028 0.017209719597014513 0.048770826776733389 0.03216884030479112 -0.029108470944419457 0.038914741678113068 -0.012982334555454731 0.0071475180102873381 -0.02504036862520085 -0.025996126937457426 -0.041845561308613693 0.019592111806190089 0.017651284677123749 -0.036821176269416715 -0.050429963220671663 0.047144137187563495 0.042560749301689745 -0.043956491732999585 -0.019215558455070766 0.013916612843432576 -0.033452729202076058 -0.0017898343525880505 0.023821540197243515 0.03321375928156297 -0.03107613782167485 -0.015738068243672569 -0.018900781880723042 -0.037984817210993921 -0.0098459776428338423 -0.044708393159944841 -0.016452994274369536 -0.047107103364695042 -0.047954280030969403 -0.013844286696997755 -0.051750577823169636
leaf_weight=4673.6657984405756 7.1010968275368205 87.296789906919003 20.488862100988626 27.892207875847816 40.951361142098904 25.514032684266567 39.039100080728531 5.9324550442397586 24.79123617708683 20.986747689545155 10.084382601082323 1180.8451179563999 21.453831300139427 38.715985778719187 17.146191507577896 1719.9391458109021 14.639395672827961 19.687937915325165 44.51167556643486 21.203916106373072 19.818891070783138 228.55283135920763 14.979462206363676 91.735329046845436 1124.1175397112966 82.964192613959312 14.383173272013666 6.0930795595049849 63.425051961094141 978.7532507814467 147.74488878250122 9.8958625681698305 15.128759216517208 42.906274527311325 75.384762488305569 173.26369604468346 22.185567736625671 140.19306961074471 13.653388008475305 23.094840385019779 106.92052529007196 15.598035261034964 59.333601158112288 4.8293402753770334 6.2080920338630703 10.637666661292313 293.97760118916631 35.836473803967237 25.666674394160509 31.913476899266243 1949.5355522073805 24.789586685597897 36.344599969685078 12.677162978798149 57.765627585351467 22.484436571598053 853.76402763277292 9.2242405004799348 30.839949145913124 1055.8066827207804 95.251919582486153 14.21945581585169 13.5403521284461 14.0320010446012 29.092913530766964 24.366618819534779 11.753832608461382 17.763569928705692 5.8682211376726627 254.06743464246392 15.136721029877664 39.483148083090782 13.934465058147905 86.659113708883524 8.2320394515991229 16.961498338729147 7.8418565019965163 13.337924323976038 28.669439233839512 23.130323305726051 47.928048584610224 5.0101036578416815 15.289154313504694 24.682259067893032 10.983797073364256 422.91624901071191 7.7870089933276168 970.93788678199053 14.657981116324661 4.6401849091053 6045.9796680398285
leaf_count=24788 84 671 154 122 764 195 178 102 102 101 99 4763 97 588 106 11047 132 164 209 144 112 1209 103 372 5227 369 119 62 286 4506 772 163 141 269 493 1124 140 897 115 189 846 129 493 114 114 200 1500 677 193 130 52157 323 254 98 483 153 6661 124 129 4248 1647 106 105 125 206 526 122 118 118 5482 120 197 82 1966 118 226 124 107 136 105 630 117 139 526 106 9966 151 24753 248 100 163750
internal_value=-0.000787877 0.0335979 -0.046513 0.0166233 -0.0485809 0.00530265 0.00888062 -0.049438 0.0243114 0.0660348 -0.0239147 0.0303463 0.0189925 -0.0359019 -0.00677142 0.00745931 0.00999452 0.00388755 0.029289 0.0419926 0.00694579 0.018553 0.022552 0.0285994 0.0160885 0.0533494 0.00801391 -0.0326366 0.0226729 0.0233296 0.00896486 -0.0163932 -0.00370753 0.00997575 0.0173515 0.0241211 0.00869261 0.00927417 -0.00756652 -0.0158221 0.00272228 -0.00712573 -0.0107971 -0.0388058 -0.0323987 0.00188164 0.0179603 -0.030652 0.0365543 0.0144356 -0.0507629 -0.0205085 -0.0038178 0.00428947 -0.0100153 0.0298766 0.00536275 -0.0159245 0.0498109 0.0293677 -0.0345685 -0.00358758 0.0138914 -0.0136246 -0.0118782 -0.0430269 -0.0119352 -0.0010313 -0.00841361 -0.0343894 -0.0266549 0.0666197 0.0269574 -0.036538 -0.0233295 -0.0188069 -0.0017332 0.0141283 0.0377963 0.0520643 -0.0243431 -0.0464488 -0.036532 -0.0301353 -0.0283662 -0.0438016 -0.0389197 -0.0469807 -0.0398463 -0.0353487 -0.0512984
internal_weight=24298.5 13869 10429.5 9106.2 10054.5 3684.59 374.975 9893.15 5421.62 4762.81 251.92 2535.7 2885.92 886.433 255.223 3432.67 49.6581 161.335 2427.94 119.752 127.711 2858.02 61.135 2360.3 1794.39 107.755 53.8317 198.088 1063.63 1042.18 376.298 116.588 63.069 2239.31 327.899 248.648 1911.41 1860.13 100.2 73.2087 1193.36 162.228 146.63 769.845 311.865 16.8458 1418.1 53.5193 40.6461 123.649 9006.72 127.512 79.2509 1031.13 70.4428 39.6306 960.685 47.9402 98.5485 2236.65 191.995 88.0799 27.7598 28.6714 51.2785 457.98 60.3201 37.5825 10.6976 295.019 50.1138 4713.15 28.3176 181.911 120.411 97.521 24.8034 26.9913 59.5094 67.642 72.7176 1011.2 30.4259 35.2549 22.7376 447.283 43.6235 975.948 22.89 29.3224 7995.52
internal_count=342526 77341 265185 51998 261917 27981 3268 260633 24017 25343 4170 10298 13719 19128 2681 23811 358 1284 9827 587 928 13597 450 9513 8708 471 396 3774 4889 4792 1981 1844 853 14430 2140 1617 12290 11944 834 612 9381 1293 1164 17284 6560 314 6727 991 296 502 241505 1753 523 8088 581 259 7507 712 443 9011 3712 669 211 257 346 10724 458 230 232 6246 423 24985 201 3613 1669 1303 350 222 265 314 953 25598 259 728 228 10492 828 24870 366 626 215907
is_linear=0
shrinkage=0.05


Tree=25
num_leaves=103
num_cat=0
split_feature=30 103 48 95 21 44 50 32 44 21 48 69 3 0 53 103 84 93 95 15 5 54 109 82 44 34 65 11 125 67 96 3 61 94 105 5 76 9 108 115 77 46 115 0 36 9 109 36 82 109 113 76 113 9 103 34 3 53 9 109 111 65 65 9 34 113 111 0 114 9 111 40 82 65 24 54 95 21 103 103 53 50 44 3 114 77 115 21 53 113 44 65 100 94 103 98 46 115 36 110 46 69
split_gain=14212.8 2939.07 436.1 327.352 237.075 79.4698 78.3092 65.8021 70.8278 46.1988 42.4929 31.4878 29.16 25.3582 22.9498 18.4183 14.3019 13.2006 12.1102 11.5941 11.1083 10.9279 10.0906 9.91995 9.64843 9.5604 9.33491 9.16801 9.1658 11.4911 8.92354 8.35062 8.10794 8.20741 8.37876 8.27254 8.00782 7.66106 7.61759 11.8147 7.57734 10.0789 8.04126 7.46588 7.44962 7.3157 9.40002 7.31113 6.6112 6.57156 6.44235 8.79126 6.2477 6.13712 10.1074 6.12294 6.0404 5.9403 5.89351 5.8865 5.82766 5.62814 6.34701 5.90433 5.53631 5.47691 10.557 6.11308 5.0737 4.95386 4.72219 4.5161 4.48548 4.18911 4.00739 6.88785 3.82553 3.48837 3.75821 3.46847 3.31436 2.11109 3.14547 4.51904 1.84793 2.27585 1.97289 1.8449 1.79158 1.68094 1.65862 1.62014 1.60714 1.3417 1.21242 1.05145 1.29689 0.966872 0.9043 0.894644 0.799448 0.628581
threshold=5.5000000000000009 0.038043830543756492 0.020067113451659683 3.2357327938079838 19.500000000000004 0.067117117345333113 0.77181464433670055 11.500000000000002 0.074271079152822508 51.500000000000007 0.034582419320940978 3.9664155244827275 1.6383027434349062 3.2384861707687382 0.2522727251052857 0.97432249784469616 0.09175084158778192 1.5000000000000002 9.4006323814392108 2.5000000000000004 4.5000000000000009 0.99999997019767772 1.8943292498588564 2.5000000000000004 0.11791443824768068 25.500000000000004 12.073431968688967 2.5000000000000004 1.0000000180025095e-35 8.7904248237609881 0.33473390340805059 1.7963677644729616 8.7658276557922381 8.6013789176940936 7.3223414421081552 4.5000000000000009 23.500000000000004 80.500000000000014 8.7583284378051776 0.00059544638497754942 88.500000000000014 0.26619932055473333 0.0003974525752710179 2.9174053668975835 2.5000000000000004 82.500000000000014 0.87145462632179271 6.5000000000000009 1.0000000180025095e-35 0.0098646553233265894 3.0301965475082402 22.500000000000004 3.1646673679351811 43.500000000000007 2.0279210805892949 47.500000000000007 0.56444808840751659 0.749149650335312 75.500000000000014 0.021638456732034687 -8.4764537811279279 11.37768602371216 10.839163780212404 78.500000000000014 9.5000000000000018 -8.7890563011169416 5.5207116603851327 2.1383330821990971 3.3086124658584599 62.500000000000007 -8.4764537811279279 7.5000000000000009 8.5000000000000018 10.150676250457765 4.5000000000000009 1.1570723652839663 9.7261853218078631 37.500000000000007 1.4002090692520144 1.5047653913497927 0.80070921778678905 0.57142844796180736 0.083835341036319747 1.3453043103218081 3.4021375179290776 34.500000000000007 0.00063796155154705058 21.500000000000004 0.33712121844291693 -8.7723388671874982 0.055867666378617294 10.589352607727053 11.472327232360842 5.9286179542541513 1.8023592829704287 12.500000000000002 0.28892037272453314 0.69230893254280101 33.500000000000007 1.5000000000000002 0.19367341697216037 3.69975757598877
decision_type=2 2 2 2 2 2 2 2 2 2 2 2 2 2 2 2 2 2 2 2 2 2 2 2 2 2 2 2 2 2 2 2 2 2 2 2 2 2 2 2 2 2 2 2 2 2 2 2 2 2 2 2 2 2 2 2 2 2 2 2 2 2 2 2 2 2 2 2 2 2 2 2 2 2 2 2 2 2 2 2 2 2 2 2 2 2 2 2 2 2 2 2 2 2 2 2 2 2 2 2 2 2
left_child=1 6 5 12 32 9 19 11 14 25 16 22 23 48 -9 20 30 40 99 -1 93 -7 26 44 56 36 31 87 47 -30 55 -5 33 34 38 70 -2 68 39 -4 41 -13 -42 -25 52 46 59 -19 50 -39 51 -14 -3 54 -17 71 -23 -52 -58 -10 -40 62 63 -27 -8 67 -67 -50 -16 -55 -35 -6 -63 -72 75 -47 -34 78 -26 -80 -60 95 -83 -84 86 -86 -32 -12 94 -64 -89 -38 -76 -15 -45 100 -97 -90 -79 -11 -18 -92
right_child=2 3 4 7 10 21 64 8 45 18 27 17 13 15 37 53 81 28 -20 -21 -22 24 -24 43 77 61 -28 -29 29 -31 84 -33 76 35 -36 -37 91 49 60 -41 42 -43 -44 88 -46 74 -48 -49 65 -51 57 -53 -54 69 -56 -57 58 -59 80 -61 -62 72 89 -65 -66 66 -68 -69 -70 -71 73 -73 -74 -75 92 -77 -78 98 79 -81 -82 82 83 -85 85 -87 -88 90 97 -91 101 -93 -94 -95 -96 96 -98 -99 -100 -101 -102 -103
leaf_value=0.065645806534725445 0.041367454953278253 0.022763836831486903 -0.0062974067463229802 0.024798923144811431 0.0079511525289628748 0.016322401570364783 0.010106549959571753 0.060394901388962578 -0.003727422302386982 0.048636363200969014 -0.010043140330132941 0.010782921442247628 -0.0045689253660907781 0.060827569697257534 0.0061744268752925036 0.036696402353276168 -0.021877762993370093 0.0010904902049332422 0.020026697546030321 0.034254443937286549 0.017324931013165651 0.020548381372018119 -0.022688347263957034 0.027433943500509695 -0.041403004610959977 0.014378660511685305 0.044005666954433968 -0.05129202980799677 0.057524413036829661 0.0074879351794411315 -0.044225979807844262 0.011768060462142562 -0.038157276349875147 -0.015861875561942837 0.032076595936679879 0.043636858119421987 0.012459602796835986 0.0083076902816878444 0 0.043854309972841718 -0.0091631544606199378 -0.0081927981454297649 0.016738450924145113 0.063526000437905988 0.011978922306859758 0.021466813780318277 0.031218309350198498 -0.015184035543840109 -0.011383117936078373 -0.019822246311104293 0.047255401305767233 0.025538638504848599 0.056922100011855326 0.024737430287988804 0.016578818661499389 0.027742553587207144 0.02316330202633678 0.026254766413787052 -0.0099290557275978214 -0.045524323729740607 -0.03723893712420228 0.030696682598805071 -0.01446054189151935 -0.020999381113567587 -0.028398310225493342 0.032962796003636378 0.018953825690167347 0.018612007679125853 0.035034704116120585 0.03484601947601159 0.037200428553032128 -0.023989993525181236 -0.0069031828923807118 -0.00084451799574738757 -0.04477352630923661 -0.039947319250987351 -0.0016478226419290431 -0.045640380789470879 0.014511161053987054 -0.020784056313202296 -0.028892252882915442 0.00010042409854793868 -0.042555452362809679 0.0064424587267546936 -0.032410279979276015 0.0097107147161857085 -0.018327283291767454 -0.011683894873896705 0.054477507538452069 -0.043096622123617208 -0.036385268614456914 -0.0099866181046214374 -0.017418209453720423 0.03884738271318583 0.040656436886732254 -0.0033691810848302615 -0.036419356469405771 0.035506779034902049 -0.01617936006685386 0.071982338014362587 -0.045354767078695686 -0.047038051083799562
leaf_weight=4552.5007982701063 21.419208634644747 33.837224066257477 47.956303805112839 130.88870763778687 10.822506349533795 17.760803315788507 16.569768168032169 17.725639030337334 16.791696302592754 41.350623942911625 5.1022553928196421 186.84958529472351 28.077384650707245 72.783161103725433 72.891774978488684 376.05079886317253 9.5222223773598653 1139.3356290832162 34.345037966966629 36.059516880661249 25.740611493587494 11.050003424286841 18.753353014588356 43.962182939052582 21.644964169710875 23.493089243769646 22.623551562428474 7169.1756606660783 13.662123799324034 52.426088910549879 83.727677594870329 2515.1950538754463 13.444751240313055 13.344256266951559 15.872887089848517 24.991252064704895 15.030689455568792 33.776602454483509 17.752502396702766 13.855664715170859 31.370505481958389 109.46783097088337 342.34231082350016 71.047825202345848 46.593623161315918 6.6665945500135413 7.4042359031736842 71.943819057196379 28.936194092035294 48.492131538689137 64.597846299409866 140.72049376368523 27.672650620341301 1078.7382836937904 81.646634146571159 5.1574261188507071 7.3973892778158179 96.08167439699173 52.154167581349611 17.332025323063135 23.543116018176079 13.501891799271108 12.254249501973392 20.725620917975903 17.662821728736162 153.58086616545916 1409.4358639717102 36.577856421470642 18.572725281119347 154.4066237360239 13.292209036648275 138.13827147334814 15.208112232387064 13.061369717121122 118.46988062560558 8.8480255007743818 15.237753070890902 46.906349111348391 6.8136338368058196 42.690581787377596 47.619329310953617 7.0597178079187861 27.940518230199814 4.7622874230146399 5.4778732992708665 4.4386997930705547 12.877964947372673 5.3259757421910754 24.977447390556335 15.96759135276079 51.319429889321327 13.951590497046707 9.6151422671973688 23.82335864007473 22.117161780595779 6.1774856522679311 7.063994362950325 44.435551568865776 6.2253680154681197 22.546409443020821 378.69828976690769 1373.5124834626913
leaf_count=24959 155 139 388 759 155 114 109 84 257 194 81 1218 132 326 411 1511 209 8953 159 179 106 82 111 194 405 166 124 203596 101 422 2008 13869 115 102 128 194 102 334 142 111 218 715 2216 327 194 108 107 791 185 460 272 624 112 4331 327 80 85 412 787 231 185 113 123 214 188 790 5987 179 107 621 103 2806 144 103 2785 167 129 999 125 757 794 106 659 110 135 105 310 75 107 140 1295 113 229 101 100 112 156 190 99 106 9177 36526
internal_value=-0.000676418 0.0323918 -0.0459154 0.0158889 -0.0483286 -0.000850636 0.0648501 0.00731861 -0.0127348 0.0192156 -0.0495205 0.00895372 0.0263918 0.0251442 0.00852933 0.0294389 -0.0374384 0.00410021 0.0456465 0.0654126 0.0483996 -0.0201477 0.0124627 0.0411225 -0.0229437 0.00173725 0.0127261 -0.0504982 0.00110636 0.0190268 -0.0277276 0.0124301 0.0038395 0.00777081 0 0.0218845 0.0192628 0.00270884 -0.00541894 0.00555923 0.00977769 0.00373323 0.0145096 0.0477289 0.0279288 -0.0346715 -0.0150488 9.80364e-05 0.0211427 -0.00821177 0.0277736 0.0204758 0.0392792 0.0280193 0.0331954 -0.0195816 -0.0123448 0.0351183 -0.0160651 -0.0262605 -0.0217038 -0.00705185 -0.0144582 -0.00212948 -0.00983888 0.0197707 0.020367 0.00525631 0.0126131 0.0260521 0.00685768 -0.0215468 0.0110946 0.0189555 -0.0400631 -0.0134041 -0.0201385 -0.0326788 -0.0241722 -0.0154462 -0.0193723 -0.0430389 -0.0288797 -0.0351582 -0.0389852 -0.0138821 -0.0412085 -0.0464767 0.0528548 -0.0323563 -0.046589 0.00136659 -0.0430226 0.056186 0.0589327 -0.0443037 -0.0235907 0.0434821 -0.0429105 0.0584891 -0.044891 -0.0467
internal_weight=23748.8 13720.1 10028.7 9097.29 9518.65 510.057 4622.79 5011.45 376.586 249.794 9306.3 4634.86 4085.84 3771.2 191.459 1813.19 701.865 1947.4 98.2421 4588.56 122.347 260.263 2687.46 314.644 242.502 151.552 2668.71 8604.44 1277.37 66.0882 260.64 2646.08 212.352 183.67 118.98 64.6891 50.4015 173.733 103.108 61.812 670.03 296.317 373.713 206.54 108.103 185.128 41.528 1211.28 1958.01 82.2687 329.477 168.798 61.5099 1690.84 457.697 154.118 118.221 160.68 107.171 34.1237 41.2956 101.151 72.4406 44.2187 34.2326 1628.53 1563.02 65.5141 91.4645 1233.14 39.6978 148.961 28.71 26.3536 143.6 15.5146 28.6825 124.281 71.1492 49.5042 99.7735 441.225 39.7625 32.7028 106.522 9.91657 96.6056 1435.26 162.578 28.2218 1430.16 28.9823 128.085 96.6065 93.165 401.462 13.2415 69.413 53.1317 63.897 388.221 1424.83
internal_count=342856 77479 265377 52044 259401 5976 25435 34777 5280 1729 257701 29497 17267 15904 1396 7323 16128 14634 459 25138 533 4247 14863 1363 4133 1270 14752 241573 10267 523 5599 14628 1700 1456 954 502 370 1312 826 499 4367 1933 2434 918 445 3884 595 9744 8581 794 1440 756 251 6790 1838 3041 1748 684 1666 488 327 900 643 380 297 7141 6777 364 518 4952 308 2961 257 206 3289 275 244 2385 1287 882 1581 10529 875 769 2558 240 2318 37977 724 263 37896 215 3014 427 427 9654 268 297 1098 300 9386 37821
is_linear=0
shrinkage=0.05


Tree=26
num_leaves=99
num_cat=0
split_feature=30 103 44 0 19 17 0 0 0 21 21 44 103 44 36 0 95 52 11 82 5 11 54 15 0 15 9 115 67 125 54 0 61 67 67 3 9 52 112 9 102 32 101 111 107 109 54 49 21 54 103 90 71 103 94 67 54 65 67 65 86 71 95 109 2 108 82 53 65 5 44 112 53 53 0 103 93 77 2 80 86 67 52 95 95 61 112 113 50 3 113 54 50 93 67 44 111 65
split_gain=13235.8 2915.58 412.159 259.887 238.712 71.5293 62.162 61.6921 61.3146 59.9849 31.6286 26.1876 22.1512 21.8545 17.0855 15.8709 15.6678 13.8749 13.3365 11.8479 10.5598 9.8583 9.91214 9.72534 9.48809 9.02583 8.62674 9.83198 10.3455 8.34948 8.26131 10.0444 8.06986 10.6104 8.01657 11.066 7.9827 7.96547 7.92276 7.73434 7.6209 7.56366 11.0582 8.64801 7.51629 7.412 7.33282 7.32769 7.19458 11.1975 8.76543 7.0587 6.51866 6.5175 6.32921 6.14748 5.73477 5.57697 6.02263 5.44141 7.92597 5.16922 5.49981 5.75621 6.79468 5.14563 4.83349 5.45607 4.81338 4.60336 4.49828 4.17112 4.16013 5.5902 4.10834 5.02587 4.02211 4.32462 3.99054 3.96738 3.44022 3.11177 2.62876 2.41769 2.40168 2.21598 1.9387 3.24261 1.79038 1.48791 1.33877 1.32206 1.29159 0.91748 0.70052 0.581443 0.305877 0.262111
threshold=5.5000000000000009 0.038043830543756492 0.067117117345333113 2.3502402305603032 19.500000000000004 14.500000000000002 1.4978661537170412 2.9700856208801274 2.0126758813858037 51.500000000000007 16.500000000000004 0.067117117345333113 0.83212372660636913 0.11791443824768068 25.500000000000004 2.2499048709869389 9.2637071609497088 0.8896499276161195 1.5000000000000002 1.0000000180025095e-35 3.5000000000000004 2.5000000000000004 1.8188130855560305 33.500000000000007 3.3140207529067998 2.5000000000000004 71.500000000000014 0.00057234769337810587 10.546080112457277 1.0000000180025095e-35 1.152680575847626 1.4978661537170412 6.5858199596405038 11.634726047515871 8.6378183364868182 1.9850233793258669 81.500000000000014 0.72977167367935192 -0.36087355017662043 69.500000000000014 11.2949595451355 4.5000000000000009 12.040147304534914 -14.770138740539549 1.6797347664833071 0.46488460898399359 1.1939963698387148 0.19999998062849048 35.500000000000007 1.2191311120986941 1.6093079447746279 7.5000000000000009 7.0827219486236581 1.814183831214905 5.1432998180389413 11.213498115539553 1.1428570151329043 11.393322944641115 11.318952560424806 11.822185993194582 0.16594202816486361 6.8644769191741952 8.2930827140808123 0.55403459072113048 0.36818796396255499 8.3430371284484881 2.5000000000000004 1.7795138955116274 12.799386978149416 1.0000000180025095e-35 0.089087303727865233 -0.34954640269279474 0.77527806162834179 0.700393706560135 2.2499048709869389 1.9918133616447451 1.5000000000000002 62.500000000000007 0.40166956186294561 1.0000000180025095e-35 0.059714796021580703 11.179306507110597 0.85825893282890331 6.4354128837585458 8.2142987251281756 5.0460989475250253 -14.326989173889158 3.1646673679351811 1.2840267419815066 1.5420657992362978 -8.6750888824462873 1.0693664550781252 0.38961027562618261 2.5000000000000004 10.209087848663332 0.19960159808397296 -8.408233165740965 10.903182029724123
decision_type=2 2 2 2 2 2 2 2 2 2 2 2 2 2 2 2 2 2 2 2 2 2 2 2 2 2 2 2 2 2 2 2 2 2 2 2 2 2 2 2 2 2 2 2 2 2 2 2 2 2 2 2 2 2 2 2 2 2 2 2 2 2 2 2 2 2 2 2 2 2 2 2 2 2 2 2 2 2 2 2 2 2 2 2 2 2 2 2 2 2 2 2 2 2 2 2 2 2
left_child=1 8 9 5 51 18 21 17 54 15 12 32 20 14 59 69 38 19 26 34 -9 22 89 -24 56 -10 27 28 -3 47 31 -28 33 65 44 -36 55 41 -11 -29 -26 43 -43 -20 -5 -31 -32 -21 49 50 -17 61 -53 -54 -1 -13 -14 58 -50 80 -61 79 63 64 -63 -7 67 -64 -18 76 -23 -68 73 84 83 81 -2 96 -39 -4 -8 -76 88 -15 -71 -81 -12 -88 -38 93 -56 -85 -72 -6 -94 -91 -78 -34
right_child=2 3 4 7 6 11 13 10 25 16 86 36 24 74 -16 48 68 -19 37 29 -22 70 23 -25 40 -27 30 39 -30 45 46 -33 97 -35 35 -37 82 78 -40 -41 -42 42 -44 -45 -46 -47 -48 -49 57 -51 -52 52 53 -55 90 -57 -58 -59 -60 60 -62 62 66 -65 -66 -67 71 -69 -70 72 92 -73 -74 -75 75 -77 77 -79 -80 85 -82 -83 -84 91 -86 -87 87 -89 -90 95 -92 -93 94 -95 -96 -97 -98 -99
leaf_value=0.024719185151877082 0.019158580441543352 0.01641304820599063 -0.00059669934838937606 0.027905179319581464 -0.035369068406582889 -0.029836927494885198 -0.0029665332853305278 0.057675411715812946 0.064680647588253218 0.067355817964848741 0.060172961656901919 -0.030482235351941264 0.019679111908029255 -0.00018603227751066325 0.025747523538077178 -0.019831859636887942 -0.0042888929017914591 0.048711806905328288 0.011283392194915252 0.01710461601674371 0.023914134973258755 -0.0017996641460970464 0.033618955897043515 -0.039466937081291946 0.026013575066735319 0.035886862042118481 0.0030825839763872365 0.003726318081187301 0.047883167196917473 0.012980992628436864 -0.012001313898958775 0.010186750006090777 -0.015281026102310375 0.039523146962492844 -0.00070904399819509279 0.033925089015677604 -0.033648739893778194 -0.04047440488022655 0.028715293820895688 0.023602125090049574 0.040880124953221478 0.0041459231586857357 -0.040803912917452674 -0.026434503662591615 0.0015886854682258763 0.040709545867425513 0.0046591366613101069 0.010549491757824351 0.0043963075587716005 0.04133136103332017 0.021349824822060562 0.047218552306612094 0.028631463332388155 -0.017812212074107242 -0.0035622984827896119 0.030182919322779469 0.029636393166250254 0.015889614063106485 -0.034278475595038625 0.038340926536977599 -0.021017333832241736 0.045070958142533896 0.028342699897054915 -0.0068854164889786476 0.0029821087911023792 0.00670505818949187 -0.00019897462157084006 -0.008492074571202558 0.029038107451899244 -0.037885767298133394 -0.021786625799231182 -0.027869708604535068 -0.040910353937679861 0.017724930219178245 -0.0021956523713892646 0.016641500975498408 -0.016087449682008832 0.0056683197993886297 0.0026562433477306069 -0.007796098359832671 -0.030027245247529782 -0.040852049701031734 -0.0054162224804110218 -0.01962636453267555 -0.0051173227610291231 -0.036116432038957404 0.03078047108979072 0.057489401744760277 -0.049450030154023578 -0.0029104183978320495 -0.029298997193794474 -0.042386408905213842 -0.022304430325129052 -0.047131654123160158 -0.051203771251814939 -0.02972458136773037 -0.043017971876050665 -0.035960157358737962
leaf_weight=11.89228969067335 10.107764631509779 214.34821091592312 26.613820403814316 46.005463987588882 47.162466268986464 12.474059022963045 14.012774914503096 76.464495599269867 4409.5995466858149 41.420029208064079 56.184540718793869 6.6341728270053846 1139.1190471798182 4.0073844902217379 17.050428807735443 23.785767387598753 19.293704081326723 30.111037164926529 20.435210034251213 668.46651982888579 39.358186513185501 5.1515530385076991 7.098089735954999 8.1197681836783868 1435.4630687534809 35.088729199022055 881.12223898619413 280.51408393681049 29.572328463196754 50.07959870249033 110.17327937111259 1161.979312710464 9.3458036892116088 18.249330602586269 25.574085161089897 186.64899232983589 71.520310010761023 17.21494380757213 26.061268195509911 58.555534116923809 98.614684745669365 411.61638057231903 12.628732554614542 48.249588936567307 65.757159695029259 52.039380554109812 159.36273302510381 1263.883275590837 16.227408923208714 25.718275651335716 24.874183177947998 12.328773774206637 12.927466705441477 14.236035771667956 10.731465958058832 7.0737429670989513 178.61835709214211 15.585428677499293 22.243044704198837 6.9083045162260559 15.427740670740603 18.485896080732346 15.98218274861574 21.709945254027843 19.92456877976656 29.047673765569925 25.743064474314451 21.889429405331612 21.108457028865814 15.270873680710794 7.9749548099935046 29.348182857036591 32.674787037074566 8.5103318691253644 8.0987500026822108 5.9449866712093344 6.2229509577155095 11.395447101444006 6.6810301877558222 12.825954385101793 149.51147492229939 18.10510566458106 6.6307130306959143 11.955497324466704 10.353125780820845 21.334697023034096 39.668706923723221 25.259439527988434 52.723871842026711 4.3291224613785726 11.383575614541771 428.74931220337749 6.5357241146266452 1421.5824112780392 6823.3816845268011 6.8235210739076138 7.116402171552183 8.5755024626851064
leaf_count=89 112 1359 186 214 1016 120 244 347 25030 198 269 116 4688 88 180 180 112 134 169 3122 163 114 96 143 5776 171 6436 1743 190 246 785 7136 104 144 123 884 1577 222 131 362 397 3498 106 393 309 251 1152 6254 137 184 185 94 98 115 100 123 732 131 187 133 317 148 126 159 136 258 210 165 92 199 200 245 533 126 147 108 102 177 115 95 2968 339 122 301 147 186 179 119 1448 101 107 11125 185 39078 203175 162 121 96
internal_value=-0.000824801 0.0309294 -0.0457349 0.0146874 -0.047712 0.00431563 -0.0490565 0.0215652 0.0639561 0.00844163 0.02624 -0.0230644 0.0251862 -0.0343125 -0.020235 -0.00597616 0.0389425 0.0155033 0.00611135 0.0150444 0.0467405 -0.0502509 -0.0462232 -0.00482143 0.0242832 0.0644678 0.00743183 0.0128811 0.0205385 0.0135993 0.00604635 0.00713236 0.000257411 0.00927741 0.0239835 0.029729 -0.0355389 -0.00126775 0.0535267 0.00727696 0.0270147 0.000118599 0.00264534 -0.0150688 0.0127359 0.0275926 -0.00214268 0.0128338 0.00563462 0.0156381 0.00102912 0.000114465 0.0191685 0.0042837 -0.00253473 5.47624e-05 0.0210686 -0.00800022 -0.0181619 -0.024679 -0.000981446 -0.00346674 0.00140106 0.0130616 0.0244215 -0.00469807 -0.0061218 0.00728615 0.0133006 -0.0206116 -0.0511192 -0.0154644 -0.0282057 -0.0145534 -0.0401996 -0.0207463 -0.00521204 -0.0160782 -0.0285772 -0.0156271 -0.027817 -0.0300314 -0.0393009 -0.041509 -0.0260299 -0.0265389 0.0513538 0.0423853 -0.0409436 -0.0466369 -0.0182531 -0.0418603 -0.0511544 -0.0467972 -0.0511825 -0.0216855 -0.0340246 -0.0277042
internal_weight=23200 13590.7 9609.25 9112.04 9271.28 3634.73 9017.93 5477.32 4478.7 337.969 3088.75 222.275 2967.64 679.772 202.911 230.086 107.883 2388.57 3412.45 2358.45 115.823 8338.16 1495.12 15.2179 2851.82 4444.69 2895.63 582.99 243.921 2034.47 2312.64 2043.1 77.6924 59.7711 323.986 212.223 144.583 516.826 67.4813 339.07 1534.08 492.93 424.245 68.6848 111.763 102.119 269.536 1932.35 128.434 74.3782 48.66 253.35 39.4923 27.1635 34.0073 13.7079 1317.74 54.0559 38.4705 185.86 22.336 213.858 153.083 60.1204 38.4105 41.5217 92.9629 37.8716 40.4022 101.652 6843.04 55.0912 66.8091 34.1343 476.861 32.1488 34.8426 24.7348 23.896 60.7745 163.524 26.2039 130.875 444.712 25.624 34.1607 121.113 64.9281 124.244 1479.9 22.115 440.705 6837.89 1468.74 6829.92 11.1526 13.3394 17.9213
internal_count=342715 77478 265237 51981 262183 27774 260220 24207 25497 3054 12670 4108 12103 15950 3842 2521 533 11537 23666 11403 510 244270 40596 239 11593 25201 19163 3654 1549 9873 15509 13572 722 522 1530 1007 3386 4503 329 2105 6173 4166 3604 562 523 497 1937 9376 1004 549 365 1963 307 213 296 239 5420 455 324 3662 450 1656 1189 443 284 378 746 291 204 1517 203674 455 1005 472 12108 594 512 400 337 467 3212 486 3147 11514 346 281 567 298 3025 40357 207 11426 203560 40094 203360 263 223 200
is_linear=0
shrinkage=0.05


Tree=27
num_leaves=109
num_cat=0
split_feature=30 103 48 44 19 32 96 44 44 49 21 44 21 2 4 23 91 103 54 40 109 44 2 115 3 100 32 115 82 101 49 54 102 65 61 30 42 9 108 69 9 48 103 67 2 103 53 108 65 44 112 71 44 108 113 114 96 15 112 67 2 3 74 9 108 107 80 109 71 113 111 93 2 49 9 69 99 108 44 24 103 21 97 32 63 32 92 109 50 32 71 86 2 2 71 15 72 108 2 109 49 9 107 23 67 71 48 86
split_gain=12366.2 2787.28 398.993 234.404 227.838 73.9899 70.6318 69.3948 48.9711 44.0017 41.9118 35.7754 24.0707 22.2883 15.9598 15.0398 13.7404 13.2843 12.0657 11.7 11.4713 11.3752 11.1682 10.9227 10.7578 10.6776 10.2993 9.94705 9.61482 9.49251 11.7235 9.38011 9.16199 11.1514 8.71737 11.7303 8.94095 8.59543 8.40918 8.40003 8.3549 8.12539 7.96859 7.69582 11.4524 9.06091 7.67667 7.62208 7.54219 7.35054 6.8832 7.79875 6.76445 8.52706 6.74753 6.68946 6.65546 6.65299 6.61225 6.55062 6.49528 6.2719 6.18009 6.28688 5.62598 5.44341 5.19638 5.88816 5.02922 4.64327 6.20151 4.53206 4.48512 4.47713 4.42737 4.40545 4.34801 5.70359 4.16432 4.09133 4.03521 4.03156 3.99717 3.71862 3.59156 3.05232 2.98458 2.9608 2.91263 2.92283 2.8935 2.64104 2.32999 2.16468 1.6997 1.60328 1.46777 1.26634 0.985131 0.842582 0.806678 0.735424 0.651447 0.578744 0.439644 0.224424 0.152426 0.024409
threshold=5.5000000000000009 0.094428826123476042 0.020067113451659683 0.040408162400126464 19.500000000000004 11.500000000000002 0.23166368901729587 0.083835341036319747 0.10551619529724122 0.14213562756776812 50.500000000000007 0.074271079152822508 17.500000000000004 0.34510084986686712 5.5000000000000009 2.5000000000000004 3.5000000000000004 1.0180123448371889 1.7642973065376284 7.5000000000000009 0.70052587985992443 0.089087303727865233 0.91193133592605602 0.00059387506917119037 2.1614035367965703 0.73356905579566967 4.5000000000000009 0.00059387506917119037 7.5000000000000009 3.1313551664352421 0.30236038565635687 1.1827458143234255 10.180060863494875 9.3900532722473162 8.4014134407043475 6.5000000000000009 0.14009346067905429 76.500000000000014 8.4701938629150408 6.6497645378112802 72.500000000000014 0.043177418410778053 7.0768861770629892 10.6711802482605 1.4044657349586489 2.4625765085220341 0.61152571439743053 7.605959653854371 9.459165573120119 0.28423725068569189 -0.30389750003814692 7.1454277038574228 0.30697411298751837 8.8648910522460955 -8.7821536064147931 3.3534597158432011 0.14550264924764636 4.5000000000000009 -14.54404830932617 13.091351985931398 1.0682493448257449 2.4454430341720585 2.5000000000000004 80.500000000000014 7.605959653854371 1.3811478614807131 1.0000000180025095e-35 0.89093658328056347 4.3851127624511728 -8.7048702239990217 -8.4447193145751935 1.5000000000000002 1.8293986320495608 0.11111110076308252 81.500000000000014 6.1460759639739999 2.7533421516418461 9.2537193298339862 0.040408162400126464 1.5000000000000002 1.7905510663986208 8.5000000000000018 0.35504202544689184 14.500000000000002 8.7251219749450701 16.500000000000004 3.5000000000000004 0.0004638208774849773 0.38961027562618261 43.500000000000007 10.359611034393312 0.18655367195606234 0.83111417293548595 0.86695557832717907 8.0110793113708514 2.5000000000000004 1.0000000180025095e-35 9.8390235900878924 0.88697263598442089 0.014704063534736635 0.18181817978620532 83.500000000000014 2.5178595781326298 4.5000000000000009 10.209087848663332 8.0262112617492694 0.086676985025405898 0.33205129206180578
decision_type=2 2 2 2 2 2 2 2 2 2 2 2 2 2 2 2 2 2 2 2 2 2 2 2 2 2 2 2 2 2 2 2 2 2 2 2 2 2 2 2 2 2 2 2 2 2 2 2 2 2 2 2 2 2 2 2 2 2 2 2 2 2 2 2 2 2 2 2 2 2 2 2 2 2 2 2 2 2 2 2 2 2 2 2 2 2 2 2 2 2 2 2 2 2 2 2 2 2 2 2 2 2 2 2 2 2 2 2
left_child=1 7 6 9 34 13 10 95 22 12 20 39 17 16 -9 86 24 25 19 65 29 50 71 32 47 -3 27 -23 94 54 -31 58 33 55 35 36 -4 -37 -36 62 68 69 -26 45 -45 -19 91 -5 -18 -16 51 -15 53 -38 -2 -11 -24 -35 79 85 -28 -60 83 -64 -39 -8 67 87 -33 70 -13 -6 99 80 -43 -66 -67 -78 -56 -25 105 -27 -69 -7 -54 -58 92 -21 89 -17 96 -12 100 -94 -22 -1 -73 -71 106 -68 -10 -100 -41 104 -90 -14 -88 -30
right_child=2 3 4 5 8 11 18 14 15 23 46 41 73 21 49 88 48 43 -20 66 28 26 56 31 42 81 60 -29 107 30 -32 40 -34 57 38 37 52 64 -40 102 -42 74 -44 44 -46 -47 -48 -49 -50 -51 -52 -53 84 -55 78 -57 59 -59 61 -61 -62 -63 63 -65 75 76 72 82 -70 97 -72 90 -74 -75 -76 -77 77 -79 -80 -81 -82 -83 -84 -85 -86 -87 98 -89 103 -91 -92 -93 93 -95 -96 -97 -98 -99 101 -101 -102 -103 -104 -105 -106 -107 -108 -109
leaf_value=0.063741810123556661 0.023604485503762786 0.014222657832953926 -0.031233371651496224 -0.014181576042816394 -0.0060880682995815708 0.03921244892866687 -0.028683935618466223 0.046661633372876481 -0.011654898456702352 0.02313714558509011 0.031895399241105238 0.029636148182398011 0.06343295571784352 0.064590472721297851 -0.028494166294345688 0.0086973705912691147 0.054735107297580403 0.026444079746799333 0.01443134235812289 -0.048527970100212398 0.014699387736132838 0.019998974337823425 0.013752404268170079 -0.012627747119338931 0.0064747769133597201 0.055642859034826325 0.0075555396067528528 0.0074374756024265512 -0.048401009370903136 0.0065210754468107771 0.064044722353678918 0.043525924758235572 -0.012022376315984871 0.0067651841035606831 -0.039540408360023496 0.058938910811354064 0.031513082533890478 0.034706369993494801 0.0050046861445429709 -0.037636776967808511 0.0065137585694816872 -0.0061783292364026039 -0.0068839087518579841 -0.00957548308101599 0.021103092740492546 -0.0025386466966976634 0.015986889611303665 0.00017889241143377534 0.0069733616172534809 0.01553153080355291 0.0045999827762383174 0.018332855325207616 -0.025364769379195018 -0.0056185516487959105 0.0046129903695494127 0.0014210753466195312 -0.0042508580304812553 -0.020300217950245881 0.017030109275750625 0.020837820761222745 0.021059340904075088 0.024183081138081066 0.016424482927902516 -0.012488351710198541 -0.019705173193608566 0.027412443449228427 -0.030221138454901344 -0.013723029524570522 0.025920238557829003 -0.042112804808216914 -0.017738915895588913 -0.044671315632259317 0.0046193720551276586 0.030553136273284362 -0.047314572590291565 0.018787806187824788 -0.027903165989400704 0.016888013004920339 -0.022915198932892518 0.010905279167343136 0.033096392388528552 0.031867047012929632 0.029451061847178491 0.0050088420016837672 0.0033833684419640611 -0.028827532492366539 -0.047380107477276397 -0.020017994658637711 -0.022770070382263377 -0.039356877577545683 0 0.059529801891268552 -0.00032208899059376229 -0.031230552748496579 -0.010177814321528133 0.045346632317874148 -0.032603917898877337 -0.015471095294825273 -0.031553754069145151 -0.045203629835760123 -0.0427407642853894 -0.043240514940944608 -0.012625083572221182 -0.051409602973221884 -0.049261032237854878 0.0429350900037428 -0.018167141291378804 -0.025813060100134413
leaf_weight=4233.2538852542639 19.309117458760738 32.097755894064903 19.37718940526247 132.19088607653975 12.605928786098955 18.838283054530621 13.176786765456198 14.882850188761948 4.3964039199054232 194.20956121385098 20.550639752298594 6.4459649920463553 59.075143352150917 20.404229305684566 23.668555900454521 4.5452006384730321 18.182597123086452 1532.7724516540766 21.655230309814215 12.246322162449358 12.896115336567165 436.38626784086227 13.941285189241169 23.462190270423889 1014.2133978828788 73.711359739303589 1814.7878428436816 255.11475601047277 12.932475559413435 22.690038062632084 13.968416519463061 74.176909536123276 40.08814138174057 107.87494967877865 20.109606452286243 13.475044116377829 33.452419981360435 17.385487522929907 19.516654942184687 9.0340373031795043 38.000094503164291 8.2991794645786268 123.47529572248459 37.196608334779739 141.3820678293705 26.554265469312668 21.778633546084166 294.74562434107065 16.034233868122101 13.679408628493546 16.936505686491728 19.754355225712061 19.612679705023766 26.323441408574581 24.491346642374992 44.776777908205986 16.727549567818642 27.108882810920477 1432.8399115353823 7.1425930745899668 93.755941294133663 416.96169643104076 31.100157871842384 42.895796548575163 13.673657000064852 14.360520776361225 37.618448562920094 11.043869681656362 128.19826389849186 24.078377678990364 50.565541472285986 106.39248038455844 5.2824664413928977 42.308738850057125 76.004132036119699 13.035494122654198 12.693733960390093 12.606496088206766 27.340860437601805 67.913047701120377 29.668285042047501 37.342572048306465 7.7646709084510794 15.081105124205349 20.66647969186306 81.923499576747417 719.2699704952538 53.610688075423241 6.6717500649392596 5.3506097421050072 4.8300703689455977 47.692354239523411 6.9699543155729762 62.44716177508235 11.364445336163042 32.30795531347394 81.17537996917963 10.085738651454447 44.314067933708429 56.372799273580313 132.38476413115859 237.25998783484101 8.5956940874457342 5254.8252763710916 1683.3728324584663 20.868591539561749 4.0130300745367995 9.8317025862634164
leaf_count=24924 178 133 145 1095 158 125 133 86 119 917 98 105 286 116 186 114 125 6220 180 204 106 2337 178 97 7317 340 11117 1362 137 181 115 304 196 515 177 103 258 135 168 108 181 118 926 158 570 108 137 2412 117 114 106 120 163 204 155 213 328 153 6067 121 535 1750 198 390 108 139 831 158 540 476 926 2599 68 192 2043 107 120 117 312 293 141 165 136 112 166 1827 20697 836 192 134 116 215 187 1599 102 165 1984 193 1188 1246 3644 6487 94 164211 51695 101 96 104
internal_value=-0.000675204 0.0297924 -0.0453422 0.0142119 -0.0478438 0.00615608 -0.00202913 0.0629193 -0.0491356 0.0221365 0.017139 -0.0177324 0.0276628 0.00785371 0.00526798 -0.0498986 0.0031761 0.0260638 -0.0202221 -0.0235043 0.00120415 0.0106612 -0.0297757 0.0177907 0.00246676 0.0409302 0.0101574 0.0154052 -0.018967 0.0102343 0.030358 0.0192123 0.0102347 0.0126857 0.0027297 0.00753323 -0.0013847 0.0257687 -0.0179756 0.00257901 0.0286636 -0.0322193 0.005009 0.0247992 0.0146309 0.0259422 0.0439664 -0.00427823 0.0338664 -0.0121344 0.032584 0.0435554 0.00467343 0.015261 -0.000410341 0.0191442 -0.0171562 0.00109299 0.0180156 -0.0214578 0.00824016 0.0186661 0.00796576 -0.000119074 0.0138073 -0.00246665 -0.0294248 -0.0194924 0.0326951 -0.0210899 -0.0115891 -0.0369196 -0.0373801 0.0469487 -0.0435603 -0.000563983 0.00672865 -0.0055156 -0.00995639 0.00464874 0.0526893 0.0482682 0.00446682 0.0251435 -0.0107834 -0.0248862 -0.0444358 -0.0264306 -0.0508387 -0.0181682 -0.0388254 0.0522164 -0.0376551 -0.0283406 0.00274381 0.0636208 -0.0398018 -0.0355097 -0.0457591 -0.0398808 -0.0419512 -0.0416135 -0.0279108 -0.0508798 -0.0491827 0.0590943 -0.0472698 -0.0412564
internal_weight=22713.9 13503.4 9210.47 9185.59 8707.19 4557.01 503.278 4317.79 8490.56 4628.59 244.846 301.024 2032.98 4255.98 52.2308 8165.82 1598.84 1881.06 258.432 236.777 154.825 2657.14 324.739 2595.61 1564.63 143.152 2600.04 691.501 47.0247 107.8 36.6585 2181.55 414.058 373.97 216.628 177.002 119.432 57.5697 39.6263 125.545 240.375 175.479 1137.69 1737.91 178.579 1559.33 90.0216 426.937 34.2168 37.348 57.0951 40.1586 100.055 59.7759 71.1413 238.986 119.735 134.984 1941.18 105.794 1908.54 1849.8 107.915 73.996 44.0946 52.8375 183.939 84.6656 202.375 91.1756 57.0115 205.004 99.2737 151.921 84.3033 26.7092 39.6608 25.3002 51.8322 91.3752 109.612 111.054 18.8085 33.9194 40.2792 98.651 1211.06 65.857 6954.77 9.89581 192.398 68.243 206.198 69.4171 24.2606 4265.56 187.568 34.1641 1004.86 93.9912 136.781 281.574 17.6297 6944.87 1690.04 79.9437 723.283 22.7642
internal_count=343104 77688 265416 52213 259408 32573 6008 25475 257674 19640 1840 4888 8414 27685 386 250363 11992 7694 4168 3988 1390 15693 7311 11226 11750 638 15351 3699 449 941 296 9232 1994 1798 1734 1389 936 453 345 1027 1025 3861 8243 7056 728 6328 450 3507 242 300 342 236 791 462 645 1130 2454 668 8207 2276 11652 7817 825 588 350 509 3479 1334 844 1700 1031 4857 2145 720 2161 215 376 237 467 390 528 505 294 237 329 2155 34017 1040 216346 248 4699 313 5549 1786 208 25089 4583 669 28468 2077 3763 7675 202 216098 51887 387 20793 241
is_linear=0
shrinkage=0.05


Tree=28
num_leaves=93
num_cat=0
split_feature=15 107 48 0 19 32 52 13 48 46 97 107 0 13 52 52 25 67 46 19 84 19 38 108 25 3 46 52 100 109 112 9 113 100 107 34 93 42 98 113 11 115 52 86 40 86 112 115 9 99 72 76 63 13 95 115 63 94 107 61 40 107 0 108 86 53 52 72 111 53 3 5 115 100 86 95 3 115 107 107 98 53 95 61 77 61 3 52 69 53 112 107
split_gain=11413.7 2764.75 383.615 270.464 149.641 70.3736 63.597 47.6598 43.0502 38.2619 32.701 31.8832 25.7383 22.8086 17.9352 15.1585 15.0042 13.7304 13.5888 13.0352 12.5468 12.4706 12.2477 12.081 11.82 16.6808 10.6005 10.2515 10.0705 9.71797 8.98761 8.7878 8.51529 7.81966 15.6565 8.33951 7.79655 7.63937 12.29 7.36731 7.28611 7.27806 8.20212 7.1125 6.88861 11.9959 6.89676 6.73633 6.87142 6.57867 6.40936 8.62136 6.48062 6.3643 6.34055 6.21652 6.04023 5.82624 5.7341 5.43653 5.32008 5.54451 5.08847 10.9275 5.04021 4.5774 4.554 4.38175 4.6542 4.32456 4.18098 3.90572 3.86424 3.72069 3.44585 3.12416 3.00195 2.9818 2.74217 3.76925 2.16448 2.8974 2.27089 1.6546 1.55901 1.05477 0.861123 0.700109 0.614277 0.392564 0.325889 0.214096
threshold=6.5000000000000009 0.033852115273475654 0.020067113451659683 2.6735538244247441 19.500000000000004 11.500000000000002 0.81284341216087352 1.5000000000000002 0.037089947611093528 0.066352203488349928 0.21825397014617923 1.1824088096618655 2.5249279737472539 1.5000000000000002 0.87411972880363475 0.72919872403144848 17.500000000000004 12.426883220672609 0.12556306272745135 15.500000000000002 0.11647287011146547 17.500000000000004 6.5000000000000009 8.1387472152709979 50.500000000000007 1.1935127377510073 0.26194280385971075 0.83395987749099743 0.35006964206695562 0.0019956873729825024 -0.28769612312316889 68.500000000000014 3.2170639038085942 1.3539003133773806 1.2609100937843325 7.5000000000000009 2.5000000000000004 0.11583184450864793 4.5000000000000009 -8.7048702239990217 2.5000000000000004 0.00038183479045983409 0.52797341346740734 0.15339367091655734 2.5000000000000004 0.33205129206180578 -0.30726179480552668 0.69222304224967968 51.500000000000007 2.4305382966995244 1.0000000180025095e-35 76.500000000000014 9.2368426322937029 1.5000000000000002 6.6913886070251474 0.00038759250310249632 12.282502651214601 7.6235516071319589 1.7340316176414492 6.0618531703948983 8.5000000000000018 1.5776493549346926 2.3502402305603032 9.8052954673767108 0.24908759444952014 0.63702240586280834 0.76752376556396495 0.89587974548339855 -15.095812320709227 2.226495742797852 1.2978605031967165 8.5000000000000018 0.00074921306804753851 1.0707270503044131 0.44337606430053716 7.8343882560729989 1.6874871253967287 0.00058501987950876366 1.4707624912261965 1.8706337213516238 12.500000000000002 0.85435608029365551 9.2177286148071307 8.6890697479248065 44.500000000000007 10.142611503601076 1.5420657992362978 0.7813813090324403 9.5631613731384295 0.59290647506713878 -14.318007469177244 1.110976040363312
decision_type=2 2 2 2 2 2 2 2 2 2 2 2 2 2 2 2 2 2 2 2 2 2 2 2 2 2 2 2 2 2 2 2 2 2 2 2 2 2 2 2 2 2 2 2 2 2 2 2 2 2 2 2 2 2 2 2 2 2 2 2 2 2 2 2 2 2 2 2 2 2 2 2 2 2 2 2 2 2 2 2 2 2 2 2 2 2 2 2 2 2 2 2
left_child=1 12 6 5 30 13 10 14 20 11 23 73 71 16 62 54 27 67 -18 47 37 41 -9 60 25 43 31 28 -3 64 50 33 58 35 -35 -11 39 56 75 -24 53 42 -15 -25 46 -46 -33 49 -49 -13 51 52 -4 -10 -12 -43 74 -53 -31 -32 -2 -62 65 -64 -28 -7 -19 68 -17 72 -27 -1 -56 -5 -6 -39 -38 89 -8 -80 82 -82 83 -22 -75 86 -55 -84 -87 -23 -21 -86
right_child=2 3 4 9 8 7 78 22 40 26 15 19 -14 21 -16 17 18 66 -20 90 80 77 36 24 -26 70 29 -29 -30 32 59 44 -34 34 -36 -37 76 38 -40 -41 -42 55 -44 -45 45 -47 -48 48 -50 -51 -52 57 -54 85 69 -57 -58 -59 -60 -61 61 -63 63 -65 -66 -67 -68 -69 -70 -71 -72 -73 -74 84 -76 -77 -78 -79 79 -81 81 -83 87 -85 91 88 -88 -89 -90 -91 -92 -93
leaf_value=0.030991848421756563 0.013316575348754892 -0.013028893452491641 0.06840274881863162 0.030902459904137793 -0.033451400525614426 -0.018449348874967984 0.060215595573197535 0.021844697305527468 0.01065960056146943 0.024218760055290389 0.0071815367284349951 0.056532674908676674 0.062778875224117431 -0.0034242379289896475 0.040526130147742923 0.0170878640234985 0.071295416193726022 0.00089958549226526159 0.014752564989524234 0.057230980294372027 -0.038279803928172512 -0.047340726109051268 -0.0038803769737275964 -0.033991888319467957 0.058604213676424578 0.051839804139114411 0.010335636035332718 -0.019068393449129584 0.0098379598714754563 0.011382198221267204 0.011951387797792708 0.013698066133928773 -0.0087311949536030293 0.039796706642746454 0.021726482080629578 -0.0025581143127465307 -0.042615394065079422 0.00059550759871111877 0.033620485195901044 -0.040345916399825862 -0.050967738175347922 -0.017814982065382234 0.023893949837179105 0.0065975133276064829 0.010171956928511526 0.03366633850285921 -0.0083251386892280975 0.025827583803009271 0.016773541991957474 0.028867072610708928 -0.0070235300341672637 -0.016304026222762003 0.016237226860945673 -0.047004210676618315 -0.035797532844797246 0.0025852092687744391 0.021467601514538567 0.023555227721931783 0.021551302236763478 -0.026981453782287987 0 -0.043669044935053775 -0.00584673982413925 0.039495883264206944 -0.016068945356720332 0.0065728739156638892 0.03853425598534313 0.019693699774645721 -0.023666393955869544 0.0019940501479983881 0.013379166463158948 -0.0041730578173711109 -0.0062485059418668143 0.037318336215572061 0 -0.036663316403189559 -0.0028452013465902291 -0.0044840354509663267 0.014377497403098301 0.047099252618216042 0.0084492744366262452 -0.034172347128628183 -0.047800891912439435 -0.0028753809178671498 0.058431000498973519 -0.011884592141023186 -0.023680031336787782 -0.022165407715718861 -0.0372416934591513 -0.020958734002389342 0.036760755594534449 0.041980004127798315
leaf_weight=14.428718619048597 13.088531516492365 47.412875026464462 13.589360632002355 38.796302422881126 205.28352844901383 59.984250023961067 21.869482982903719 8.9509435780346376 4.1099411174654952 51.197164535522461 10.617772027850149 25.471642762422562 4004.1053772270679 39.968221955001354 26.368189126253128 6.4682085365056983 17.065675355494022 15.119027759879826 28.701903603971004 30.910137638449669 185.31586994975805 11.883047901093965 36.943784050643444 15.367775797843931 15.753995198756455 20.078743677586317 30.817941918969154 30.344349950551987 2698.6231493204832 286.00724004209042 12.776507370173929 418.35513919591904 33.757137075066566 134.93063843250275 1338.1548050194979 62.997163340449333 131.7571340277791 7.2828881330788162 11.692342629656194 21.736644119024277 6197.1541371550411 36.612818911671638 80.305699944496155 28.172895092517138 105.85951800644398 117.96371825039387 37.271959573030472 605.15463986992836 354.41150917112827 242.75624403357506 19.783442966639996 13.775043204426764 12.866793259978293 1139.5053908601403 131.22992462664843 1659.61450111866 4.1624387353658667 21.174178689718246 294.35771706700325 22.541802905499935 12.907828859984877 14.225626923143862 43.104280076920986 17.361227743327618 39.073214694857597 24.387296479195356 17.346188772469759 6.4312396161258212 64.704726025462151 8.5637019500136358 13.756178386509417 14.183651704341171 13.757381252944468 34.901154115796089 7.4164860248565665 16.92163329012692 5.7123139426112166 10.149251386523245 18.411558900028467 22.820858392864466 5.1877909712493411 8.7997610531747323 212.71310755982995 4.241406485438346 90.191650524735451 5.7119187936186782 10.338260296732185 8.0134613830596191 42.359808284789324 8.0687276273965818 20.652857542037964 28.557919323444366
leaf_count=91 77 257 106 175 4954 584 110 117 50 211 132 103 24500 293 134 107 87 167 189 159 4875 214 609 120 74 161 135 172 15248 1243 95 1793 143 575 5519 264 3508 152 197 390 203044 275 589 240 453 525 166 2451 1429 982 164 112 105 34575 2508 12322 103 169 1286 199 114 130 249 101 174 244 115 79 1028 69 99 118 233 175 164 418 50 154 91 115 112 220 6017 100 463 173 257 206 1278 98 103 126
internal_value=-0.000964304 0.0277774 -0.0457512 0.0130044 -0.0482727 0.00508698 -0.0018275 -0.0156651 -0.0490844 0.0220292 -0.00912247 0.0286407 0.0624398 0.00676625 0.00375988 -0.018978 0.00959341 -0.00442144 0.0376411 0.0257119 -0.0367657 0.00243583 -0.0318378 0.0110569 0.0208847 0.0121096 0.0187152 0.00910738 0.00943261 0.0131621 0.00782103 0.0203767 0.0151729 0.0224428 0.0234272 0.00951878 -0.0344853 -0.0275032 -0.00552546 -0.0182232 -0.0502026 0.0029802 0.0148034 -0.00816152 0.0154966 0.0227405 0.0118532 0.0246028 0.0225253 0.0318311 0.016943 0.0248068 0.0456225 -0.0461907 -0.0285488 0.00212363 -0.0310323 0.00754613 0.0165994 -0.0127127 -0.0113915 -0.0237325 -0.00321203 0.00765186 -0.00431345 -0.0111118 0.022116 -0.0158585 -0.0195488 -0.0311296 0.0377177 0.0138884 -0.0331547 0.0477097 -0.0322496 -0.0256829 -0.0410833 -0.0286809 0.0442554 0.0337396 -0.042144 -0.0184316 -0.042858 -0.0375688 0.0515492 -0.0464072 -0.0468343 -0.0470711 -0.0348813 -0.0393493 0.0504913 0.0551309
internal_weight=22163.7 13500.3 8663.41 9467.6 8192.72 5045.06 470.692 376.306 8076.21 4422.55 407.59 1471.8 4032.72 4668.75 171.205 274.238 2822.15 110.069 45.7676 1279.36 677.031 1846.6 205.101 133.352 93.1296 77.3756 2950.74 2776.38 2746.04 684.013 116.507 2266.73 614.122 1587.28 1473.09 114.194 196.15 252.759 35.8969 58.6804 7399.18 1816.5 120.274 43.5407 679.45 223.823 455.627 1227.79 959.566 268.228 81.1888 61.4054 26.4562 1202.03 164.169 1696.23 216.862 34.9492 580.365 35.3183 40.222 27.1335 144.837 60.4655 69.8912 84.3715 32.4652 77.6042 71.1729 153.551 33.8349 28.6124 144.987 192.447 212.7 24.2045 137.469 30.101 63.1019 41.2324 424.271 13.9876 410.284 189.557 153.651 1197.92 1149.84 220.727 48.0717 19.9518 51.563 118.75
internal_count=342860 79246 263614 54537 257845 35884 5769 5986 256895 18653 5453 6166 24709 29898 1312 4438 15953 1496 276 5227 17518 13945 4674 1015 694 620 12487 15677 15505 2981 950 9506 2672 6569 6094 475 4557 5988 767 999 239377 13479 882 360 2937 978 1959 4965 3880 1085 656 492 211 36333 2942 12597 5221 281 2529 294 321 244 1178 350 309 828 282 1214 1135 2810 260 209 2741 939 5118 570 3558 466 316 206 11530 332 11198 4975 764 36283 34832 6223 1451 312 262 589
is_linear=0
shrinkage=0.05


Tree=29
num_leaves=102
num_cat=0
split_feature=24 103 44 0 19 3 32 44 48 0 13 51 103 44 23 21 54 0 21 93 0 63 0 107 99 107 114 109 109 113 32 23 38 2 65 48 107 99 52 30 108 112 50 112 109 94 100 103 96 114 71 54 44 113 2 71 65 103 65 107 0 3 93 108 107 65 107 108 71 65 63 21 2 2 51 51 94 51 99 19 67 96 108 108 63 2 9 95 54 65 63 114 9 34 63 3 63 19 63 109 3
split_gain=10663.4 2655.75 472.761 217.757 158.119 84.0054 69.0992 60.8132 52.2496 51.417 29.8118 23.2546 19.6786 19.6385 16.6835 13.16 12.842 11.7649 11.4756 11.4485 10.1638 10.027 9.92801 9.07543 12.4309 9.38501 14.4246 8.16579 8.15586 8.06647 8.01045 7.85726 7.79432 7.52818 7.4662 9.55704 7.75996 7.34519 7.24436 13.7832 7.4817 7.16439 7.10094 6.86439 6.8554 6.58653 6.54674 7.76971 6.38474 6.97689 5.69512 5.57265 7.07701 5.98353 5.44113 5.43759 5.31007 11.0159 5.74455 5.18749 5.1279 5.07035 4.86885 4.83347 4.81581 4.75365 4.71284 5.69994 4.65884 4.61986 4.48599 4.27202 4.14034 6.01427 4.08264 3.98297 3.9167 3.66212 6.60099 3.45312 3.28004 2.99888 8.92642 6.46822 4.01563 2.98954 2.83019 2.7942 2.51119 4.11153 1.99368 1.95553 1.87702 1.3327 1.28024 1.05972 0.935485 0.625309 0.560742 0.256509 0.205517
threshold=6.5000000000000009 0.038043830543756492 0.089087303727865233 2.3502402305603032 19.500000000000004 0.95999291539192211 11.500000000000002 0.083835341036319747 0.034582419320940978 3.113268375396729 1.5000000000000002 0.69230756163597118 0.93024978041648876 0.074271079152822508 1.5000000000000002 21.500000000000004 1.1827458143234255 2.9174053668975835 9.5000000000000018 4.5000000000000009 2.4414010047912602 11.768736839294435 2.6020033359527592 1.0747903585433962 0.55100327730178844 1.1824088096618655 3.4081623554229741 0.72449800372123729 1.6612120866775515 -8.9316129684448224 12.500000000000002 2.5000000000000004 6.5000000000000009 1.4125741124153139 9.3194808959960955 0.17857142537832263 5.3341007232666025 6.1414241790771493 0.35857143998146063 7.5000000000000009 6.8497025966644296 -0.28174799680709833 0.42857129871845251 -14.347468852996824 0.0019956873729825024 11.329498291015627 1.3321461081504824 1.4002090692520144 0.41633333265781408 1.0000000180025095e-35 10.660041809082033 0.99999985098838817 0.26598364114761358 -8.9316129684448224 0.95139381289482128 9.5535082817077654 10.903182029724123 1.2081488370895388 11.458529472351076 1.913377642631531 2.2499048709869389 2.2182143926620488 2.5000000000000004 8.4481239318847674 6.3652093410491952 10.855181694030763 1.8050825595855715 9.1050577163696307 8.4362435340881365 9.2496395111084002 9.2713894844055194 14.500000000000002 1.7662037611007693 1.3549478054046633 0.74999976158142101 0.54545441269874584 6.8277537822723398 0.59999975562095653 6.1414241790771493 11.500000000000002 8.9259920120239276 0.18834459781646731 8.8993239402771014 8.4481239318847674 9.6326899528503436 0.80095681548118602 80.500000000000014 7.5858042240142831 1.660188674926758 12.607145786285402 8.9655685424804705 3.3807885646820073 79.500000000000014 29.500000000000004 8.4715723991394061 1.1218723058700564 9.1307182312011737 40.500000000000007 7.8941409587860116 1.1845238208770754 1.5420657992362978
decision_type=2 2 2 2 2 2 2 2 2 2 2 2 2 2 2 2 2 2 2 2 2 2 2 2 2 2 2 2 2 2 2 2 2 2 2 2 2 2 2 2 2 2 2 2 2 2 2 2 2 2 2 2 2 2 2 2 2 2 2 2 2 2 2 2 2 2 2 2 2 2 2 2 2 2 2 2 2 2 2 2 2 2 2 2 2 2 2 2 2 2 2 2 2 2 2 2 2 2 2 2 2
left_child=1 7 5 6 38 11 14 77 19 16 22 55 44 54 45 46 23 43 -9 20 30 37 56 24 61 26 -25 29 -27 -16 -6 62 -15 69 36 -36 -29 -13 48 40 -40 -31 81 -18 -11 51 80 -48 -4 -50 -32 53 -53 -3 70 88 57 -7 87 -45 -60 -5 85 -24 71 -65 67 -56 -59 -34 94 -42 73 -19 -26 -21 -46 -1 -79 -20 -14 82 -12 84 -83 96 92 -58 -2 -90 -88 99 -77 -85 -8 -17 -10 -33 -64 -44 -100
right_child=2 3 4 9 8 10 13 18 31 12 42 21 15 32 27 95 17 72 79 75 -22 -23 63 25 74 28 -28 34 -30 41 50 97 33 -35 35 -37 -38 -39 39 -41 64 -43 91 59 76 -47 47 -49 49 -51 -52 52 -54 -55 66 -57 58 68 60 -61 -62 -63 98 65 -66 -67 -68 -69 -70 -71 -72 -73 -74 -75 -76 86 -78 78 -80 -81 -82 83 -84 93 -86 -87 90 -89 89 -91 -92 -93 -94 -95 -96 -97 -98 -99 100 -101 -102
leaf_value=0.062059899959836066 0.034860839479427037 -0.009978660291005241 0.04486858663690968 -0.0064436912870950661 0.024169477535686584 0.038862904350893623 -0.015182843089500034 0.028606229311741158 -0.0046308158153942191 0.022049169906887395 -0.031495654466360039 -0.043741484640085142 0.022685790691331899 0.013150120179825947 0.029242762935594968 0.031985565436251771 -0.0024235376282940946 0.041576782323024773 -0.036585867851396024 0.0060734392408484383 0.026925249887764846 0.035552535688313507 -0.00099786102015141879 -0.014862530178181352 0.04471133616259499 0.013316231040823809 0.028076300656523757 -0.0027252778387714064 -0.011937316078756704 -0.0094002334876937231 -0.030587627625917654 -0.048754575745412213 0.0065627753658828855 0.0064163634723957488 -0.026326306262722955 0.010561942862822735 0.032796898301508809 0.0090466278617807299 0.016815879328755997 0.041916436539288643 -0.010570179307781535 0.0039738408123150644 -0.045952744574104282 0.015252003275978143 0.055203439892172759 0.035313107613272221 0.028902970758029018 0.021350586127633381 0.027744139775867101 -0.020826156585658395 0.021357243517176522 0.0069837461091586204 0.00065923473201179685 0.013664547814080739 -0.027334206862848865 0.018862285806075667 -0.012260488827433936 -0.0011463369067268422 -0.016984091310244184 0.033613866557836762 0.020736620977747113 0.023170997707936954 -0.011334895672386193 0.038896909778493527 0.0059484204670967669 0.0056012711361385394 0.024835419580830478 0.016182378071464502 -0.035693597601827477 -0.041363605742844034 0.006354783480229647 -0.03667615935870349 0.052369317643130256 0.0093632239343830713 0.022384654953660169 -0.030332891395350149 0.027402818871907677 0.01823330161971139 0.06226512387380502 0 0.0022604629397253882 -0.030200393057221855 0.034096703703512046 -0.018905151032220395 0.012549676474642038 0.012054282783165088 -0.021363841098898648 -0.037528330362792732 0.075026957284913043 0.041633881514295874 -0.042900471531084138 -0.0063937705025745254 0 -0.044757957390225339 -0.044079339957573793 0.054859210615596989 -0.036114113008300558 -0.051207756483833425 -0.045723680281742424 -0.015173745649951062 -0.024854446079433361
leaf_weight=3923.0198898352683 27.194808658212423 27.346209935843945 14.339049048721789 33.618240751326084 5.8783987425267687 14.763010218739508 11.569462116807701 24.570750072598457 4.5503549277782467 36.067024052143097 9.3592275977134722 12.236130967736246 28.116772368550301 7.2763834558427325 15.176163930445908 19.670415505766869 36.339802801609039 36.857258796691895 11.475142143666746 3.8148288093507281 7.3764168731868258 11.237646821886299 28.581737834960222 69.215615957975388 55.523556437343359 2355.3331809937954 25.489007547497749 22.408750429749489 30.900096856057644 393.81088051199913 237.01671649515629 1361.1008067950606 4.4625854082405558 8.6989673897623998 25.402270790189505 48.827007733285427 42.979276780039072 11.360491594299672 18.521140482276678 12.581973876804112 37.201248466968536 131.9456266053021 53.236847255378962 139.43458088859916 77.788060501217842 18.509168691933155 453.55444493889809 1777.5211789160967 13.660071343183519 12.841492891311644 4.1722894720733157 1824.0520698651671 588.95270069688559 360.0793230086565 13.768821366131307 18.249794527888298 24.18267098814249 69.155575290322304 18.151481330394745 57.557668916881084 15.130267441272734 22.847970634698868 3.1430490761995307 24.78478068113327 16.847818162292242 20.419935651123524 20.345908842980862 13.202194847166536 10.023885563015936 128.28502236865461 10.927906624972819 30.334344051778316 36.041830733418465 26.542716205120087 44.84708745777607 11.648085229098799 22.825843334197998 19.22951303422451 18.667617976665497 12.606759177520869 63.565374091267586 6.7302827164530781 8.4295465759932977 12.939780633896588 14.87935760617256 4.9840950518846503 17.716843251138926 26.156264457851648 26.711888946592808 29.783879157155752 352.14706444181502 4.7912740521132937 7.5064132548868647 21.818179879337549 10.147664621472357 33.39206451177597 10.234450671821831 4949.3743535261601 750.33703331649303 3.6008648648858061 9.0401974506676179
leaf_count=24885 187 179 99 157 120 156 124 136 110 153 165 158 114 77 117 102 157 153 77 83 105 90 165 326 244 10893 109 175 148 3300 5845 46129 68 129 239 396 342 136 148 102 287 1146 1429 705 374 117 1852 7141 102 103 98 11477 4117 2171 112 93 290 793 275 289 131 103 97 133 144 115 162 99 116 3157 134 254 163 111 208 287 104 101 100 144 258 132 152 279 329 112 492 361 135 140 9784 121 186 463 114 173 262 169896 23710 98 229
internal_value=-0.000766355 0.0272422 -0.0447411 0.0124515 -0.0477923 0.00123231 0.00312325 0.0612012 -0.0487977 0.0187897 -0.0106601 0.0347159 0.0240643 -0.023408 0.00486916 0.0229653 0.0143152 0.0236224 0.00524556 -0.0349706 -0.0262838 -0.000320332 -0.000382915 0.0131245 0.0248517 0.0123645 -0.00294436 -0.00214226 0.0129777 -0.00493714 -0.0280656 -0.0500505 -0.034072 -0.0366837 0.00855273 -0.00220108 0.0206857 -0.0189067 0.00191374 -0.00444975 -0.0107354 -0.00602311 -0.029399 0.0172165 0.042639 0.00656564 0.0223661 0.0229088 0.0196644 0.0039971 -0.0295214 0.00635327 0.0054456 0.0119379 -0.00318883 0.046616 -0.00682429 0.0012542 -0.0158796 0.0208809 3.14245e-05 0.00565632 -0.0447761 0.0148122 -0.0170871 0.0247336 0.00743815 -0.00595148 -0.00622617 -0.0396226 -0.0185349 -0.0229829 0.0380752 0.0287726 0.0353101 -0.0404505 0.0494895 0.0618837 0.0417215 -0.0184782 0.0088961 -0.0181494 0 -0.0236689 -0.00142807 -0.0175673 -0.0409539 -0.0262886 0.0521119 0.0591271 -0.0419862 -0.042024 -0.0189343 -0.0365895 -0.0310914 0.0476756 -0.0283576 -0.0506919 -0.0454325 -0.0446145 -0.0455379
internal_weight=21641.1 13220.8 8420.28 9211.22 7896.37 523.91 3728.17 4009.57 7740.04 5483.05 387.135 136.775 2512.5 228.685 3499.49 2375.82 2970.55 332.774 48.6527 647.277 254.444 34.8343 251.35 2637.77 156.837 2480.94 94.7046 680.55 2386.23 540.933 247.067 7092.76 148.723 141.447 139.617 74.2293 65.388 23.5966 156.327 115.487 102.905 525.757 135.785 233.332 136.681 2818.94 2322.76 2231.08 40.8406 26.5016 241.189 2800.43 2413 387.426 79.962 101.94 177.563 93.9425 83.6207 196.992 33.2817 56.4662 782.289 73.7865 84.3834 45.2047 47.3169 26.971 79.1795 132.748 32.645 67.5356 99.4418 63.4 100.371 392.833 100.614 3960.92 37.8971 24.0819 91.6821 74.1564 17.7888 56.3676 21.6096 19.7689 389.018 50.3389 83.6906 56.4958 369.864 61.629 19.1545 34.758 21.7171 53.0625 14.7848 6310.48 762.52 56.8377 759.377
internal_count=342858 77432 265426 51989 258784 6642 27952 25443 257545 24037 5703 939 10271 4176 23776 9640 13766 1578 357 17000 6168 384 2535 12188 712 11476 435 5715 11041 4563 6063 240545 3431 3354 1152 635 517 294 1239 935 833 4446 3168 1151 631 18061 9365 8993 304 205 5943 17944 15594 2350 745 555 2122 1065 1057 994 406 260 24520 413 685 248 373 211 909 3225 372 541 427 264 452 10832 478 25086 201 221 372 1520 317 1203 461 484 10749 651 462 275 10276 1648 473 742 238 275 372 216025 24036 1527 23939
is_linear=0
shrinkage=0.05


Tree=30
num_leaves=85
num_cat=0
split_feature=30 103 93 0 19 21 0 2 13 21 9 54 21 11 97 52 54 24 103 109 103 53 49 93 13 71 2 108 0 103 82 107 112 84 109 21 40 115 114 103 69 105 65 2 0 17 103 23 115 76 105 65 54 115 4 109 107 101 3 19 69 52 13 108 109 0 61 32 52 54 98 94 3 94 52 76 113 97 50 67 0 69 3 49
split_gain=10038.2 2537.95 353.219 190.456 109.964 89.4527 65.5868 61.3834 55.4305 75.7733 38.1953 29.9083 26.4137 23.7943 23.6991 23.4161 19.7543 17.6583 17.221 16.3866 15.144 14.8036 13.8697 11.6279 11.1724 10.2985 9.67211 8.75845 8.5112 8.26344 7.52918 7.14416 7.01283 8.14988 6.75474 6.70372 6.69591 6.62152 11.7062 6.89893 6.61726 7.03489 7.45483 6.59757 6.4025 5.95121 5.60549 11.4733 8.1278 7.29312 7.22892 5.57269 5.46324 5.34558 5.32441 5.11726 5.07288 5.89236 4.9521 4.83203 4.71307 4.54184 4.50233 4.44201 4.42402 4.09621 3.64539 3.62237 3.03184 3.03154 2.93799 2.90653 2.86103 2.64558 2.27618 2.98238 1.48386 1.48386 1.29967 1.13469 1.0884 1.08471 0.419824 0.344928
threshold=5.5000000000000009 0.038043830543756492 3.5000000000000004 2.9700856208801274 19.500000000000004 49.500000000000007 2.1383330821990971 1.5324124097824099 1.5000000000000002 19.500000000000004 79.500000000000014 0.99999997019767772 16.500000000000004 2.5000000000000004 0.37797619402408605 0.8896499276161195 1.81106573343277 32.500000000000007 0.77737739682197582 0.021638456732034687 2.1385315656661992 0.80070921778678905 0.24999995529651645 1.5000000000000002 1.5000000000000002 10.883863449096681 1.3745523095130923 8.1387472152709979 3.113268375396729 2.1141420602798466 7.5000000000000009 2.1168173551559453 -6.6219203472137442 0.28452381491661077 0.96755793690681469 16.500000000000004 4.5000000000000009 0.69238266348838817 3.3196462392807011 1.3532662987709048 7.778236150741578 6.01694679260254 9.9440488815307635 0.9850224256515504 0.89587974548339855 8.5000000000000018 5.6028294563293466 2.5000000000000004 0.00062146873096935462 15.500000000000002 8.8370423316955584 10.806241035461428 1.2521186470985415 0.00057644629850983631 1.5000000000000002 0.047444660216569907 1.9288477897644045 2.0674953460693364 2.100987553596497 6.5000000000000009 5.3097023963928232 0.85825893282890331 2.5000000000000004 8.5116829872131365 0.80643674731254589 1.4978661537170412 10.509119987487795 16.500000000000004 0.76946386694908153 1.2261106967926028 3.5000000000000004 7.9025874137878427 1.2613915801048281 6.6088438034057626 0.90950042009353649 52.500000000000007 -8.7173533439636213 0.35504202544689184 0.38961027562618261 10.209087848663332 2.4414010047912602 9.0597567558288592 1.3904437422752383 0.19999996572732928
decision_type=2 2 2 2 2 2 2 2 2 2 2 2 2 2 2 2 2 2 2 2 2 2 2 2 2 2 2 2 2 2 2 2 2 2 2 2 2 2 2 2 2 2 2 2 2 2 2 2 2 2 2 2 2 2 2 2 2 2 2 2 2 2 2 2 2 2 2 2 2 2 2 2 2 2 2 2 2 2 2 2 2 2 2 2
left_child=1 6 5 8 32 10 36 13 15 46 23 58 18 16 21 20 65 -18 19 -5 25 56 83 27 52 29 61 -2 34 -3 45 -22 -4 40 54 -26 -1 39 -39 -30 41 42 -34 -37 -33 -25 50 48 -48 -49 59 -29 53 -13 -20 -32 57 -9 60 -10 -12 70 -16 -7 72 82 -67 -47 -54 -23 -11 -36 -28 -35 75 -14 -75 -71 -15 -80 -65 -64 -6 -8
right_child=2 3 4 12 7 63 22 14 9 26 11 24 74 78 62 -17 17 -19 28 -21 31 69 -24 30 35 -27 64 51 37 -31 55 44 33 73 71 43 -38 38 -40 -41 -42 -43 -44 -45 -46 67 47 49 -50 -51 -52 -53 68 -55 -56 -57 -58 -59 -60 -61 -62 -63 81 80 -66 66 -68 -69 -70 77 -72 -73 -74 76 -76 -77 -78 -79 79 -81 -82 -83 -84 -85
leaf_value=0.0083454145781492028 -0.0062302115728130551 0.010872517145438403 0.029193883560697687 0.0174317637541288 -0.046112274788040995 0.017316419232129128 0.061359835274609378 0.038731805899509614 0.012807960372895192 -0.040958221711632041 0.052768599299439868 0.0073983479938777687 0.05035837876778726 -0.020604229078997283 0 0.048729342577984419 0.058885911854875822 -0.037373111243857948 0.018358115721887266 0.060711999638165738 -0.020695402480842482 0.0034039034246357461 0.023347450834088613 -0.026233058026877698 -0.0018300681435953531 0.042857590995471331 -0.02901985549957041 0.04674203086149982 0.030300855710762267 0.032525761357962112 -0.0045855773538025354 -0.0030473914557665352 -0.018020314917451652 -0.0017423219415948835 -0.013550433701949714 -0.039735678160121662 -0.035454915705403219 0.0035868728760592565 0.020598173893178869 0.021950764969296748 -0.026058373714605128 0.03598049906564587 0.0265108354021272 -0.023123111340977966 0.0071506565959929816 0.014986963547516989 -0.01183692397853606 -0.0097083938344762997 0.008093666512658429 0.031809054566205641 0.030164144197695614 0.0099339568509552705 -0.038336056233618056 -0.018745801191241595 0.00012255012312829239 -0.049053825345509956 0.047983084593512082 -0.0043332880803493498 -0.0056503033077849422 0.0028960951634509143 0.0087911048166220678 7.7078937972017069e-05 -0.045567951656161447 0.037529643046068928 0.026592570493198849 -0.038953075284295507 0.004699243399248835 -0.012346885078413973 -0.0024218585419024351 -0.037625990170451026 -0.0068734076054841583 0.0085516407361119189 0.0064852056226136299 -0.037461267133369246 0.057466193319628892 0.026268224807480291 -0.013544417608533303 -0.0043159211963007893 -0.017356065785499569 -0.050730099756265794 0.060360125743638984 -0.014948593611217132 -0.037754109609200115 0.040185932359858997
leaf_weight=23.072348609566689 20.869670234620571 3131.8051311932504 14.120878946036099 40.806697323918343 1029.3349974229932 17.516644202172756 3780.4429436177015 10.428791135549544 135.8126365467906 126.74222630262375 10.60126654431224 37.552763506770134 31.60597226023674 7.4685096479952326 6.9712176844477645 37.781670890748501 7.9152386523783234 8.1247016936540586 430.84700000286102 52.588152304291725 26.367511935532093 7.702567562460902 27.532006181776524 14.096148714423178 17.654059208929539 24.816799640655518 13.240224018692976 25.795811221003532 335.06502276659012 44.092561185359955 12.987507708370687 193.57850038632751 22.668583482503891 13.624220535159109 25.766501128673553 200.39566171914339 11.947185207158325 122.86549860239029 634.04548943042755 1273.1397789567709 12.422517247498034 18.752691313624382 13.863037068396805 102.39895270764828 714.45784787833691 46.981124371290207 205.48023546487093 13.92241560667753 66.149830095469952 33.191464826464653 25.306815274059772 19.398340106010437 24.970807742327452 37.274836264550686 45.353782892227173 13.41760935820639 12.127790236845611 22.042254764586687 14.956462033092974 1274.6673027351499 15.122436605393885 7.2858320642262688 46.903350429609418 29.046562762930989 6.8861850313842288 352.85348923690617 4.1251209732145062 14.511632746085523 8.6116378270089609 17.477716678753499 8.1070386432111246 30.971550285816193 7.8328569345176211 20.526610698550936 41.312902703881264 37.242603585124016 15.172842394560577 5.435389455407857 5.4268993549048892 5635.4210256580263 24.01854407787323 6.1643012557178727 76.639661651104689 15.79835759103298
leaf_count=150 116 15928 113 177 33496 105 24892 98 922 3458 77 485 150 198 108 180 63 140 1795 257 143 148 134 96 138 125 196 137 1389 229 165 1362 178 122 107 5759 148 494 2560 5116 106 147 105 2190 4245 411 1649 117 525 274 182 109 352 466 190 183 124 225 108 9292 135 142 1270 167 94 10386 126 199 104 310 186 130 110 182 227 176 130 120 177 203019 117 176 2470 92
internal_value=-0.000747781 0.0263775 -0.044464 0.0120953 -0.0476951 -0.0106863 0.0604049 -0.0485144 0.00695892 -5.58893e-05 -0.0166326 -0.0239375 0.0221817 -0.0491489 -0.0148383 0.0101955 -0.0432803 0.0105314 0.021269 0.0424815 0.0098235 0.00379652 0.0610289 0.00374889 -0.0278307 0.0114601 -0.0317735 0.0198937 0.0205603 0.0111915 -0.00674863 0.0041974 -0.00221348 -0.00640894 0.0147089 -0.0325517 -0.00716609 0.0218644 0.0178626 0.0237233 0.00473458 0.0123355 -0.000479562 -0.0342922 0.00496416 0.00129404 0.00303782 -0.0029312 -0.00692884 0.0194137 0.00437157 0.031984 -0.0135312 -0.00560661 0.0166481 -0.0289624 0.0219943 0.0103031 0.016399 0.00387017 0.0291913 -0.0370239 -0.0378692 0.0421189 -0.00421679 -0.0438873 -0.0384032 0.00823731 -0.0299088 -0.0221905 -0.0390806 -0.00140437 -0.0158256 -0.0215907 0.0462573 0.0383073 -0.0285211 -0.0308846 -0.0506718 -0.0507044 0.0494218 -0.0427032 -0.045594 0.0612903
internal_weight=21159.8 13057.9 8101.89 9199.14 7393.71 708.178 3858.79 7262.56 6097.53 1924.63 637.597 469.539 3101.61 7127.31 135.253 4172.9 1478.99 16.0399 2991.45 93.3948 4135.12 75.2145 3823.77 168.058 428.859 3200.71 170.094 66.0638 2898.05 3175.9 101.994 934.404 131.151 117.031 532.939 320.449 35.0195 2365.12 756.911 1608.2 67.7068 55.2843 36.5316 302.795 908.036 75.5889 1754.53 318.744 271.63 47.1139 1435.79 45.1942 108.41 74.8276 476.201 26.4051 44.5988 32.471 40.6802 1410.48 25.7237 142.135 60.0389 70.5818 27.9593 1462.95 356.979 61.4928 33.5824 30.6157 134.849 56.7381 21.0731 49.3237 110.161 68.8486 35.6995 22.9131 5648.32 5640.85 53.0651 53.0677 1105.97 3796.24
internal_count=342899 77543 265356 52127 253737 11619 25416 252654 39359 17147 11230 9814 12768 250075 2579 22212 46681 203 12215 434 22032 1025 25118 1416 9494 16282 4186 362 11781 16157 1054 5750 1083 970 2222 8087 298 9559 3054 6505 536 430 283 7949 5607 706 12961 2565 2174 391 10396 246 1407 951 1985 348 447 323 320 10214 212 3786 1554 389 400 46478 10512 610 456 578 3644 237 306 434 553 326 312 430 203394 203196 284 1446 35966 24984
is_linear=0
shrinkage=0.05


Tree=31
num_leaves=101
num_cat=0
split_feature=15 103 44 0 19 0 25 32 44 48 25 0 13 53 96 15 103 96 15 67 115 97 100 103 74 53 63 91 112 40 11 3 48 61 82 0 19 95 109 3 112 115 2 113 84 108 25 108 9 67 76 100 101 0 98 109 93 97 2 9 63 103 49 2 15 112 90 103 46 108 49 49 2 109 9 2 95 113 3 82 112 95 95 111 93 107 112 76 52 63 9 67 61 3 3 112 67 50 95 53
split_gain=9259.1 2552.25 363.408 168.046 137.848 62.9774 61.7295 51.8283 51.7774 43.7845 29.3801 26.0606 25.3326 25.2418 20.7028 18.2698 16.6358 13.5195 11.357 11.0955 10.9376 13.3616 10.5951 10.1001 9.98258 8.99059 8.86412 8.49834 11.2658 8.49438 8.38494 8.35898 8.3365 8.2715 8.21775 8.17104 8.05466 16.6386 8.47784 8.41662 7.92219 7.84619 7.81336 7.79389 7.26098 6.66115 6.65044 6.21677 6.19381 6.0777 6.05427 5.9493 11.0678 5.75179 5.49605 6.99175 5.46546 5.42341 8.61921 5.14811 7.32551 6.42095 5.10472 4.63724 4.59672 4.12175 4.04908 4.52039 4.2121 3.87459 3.58202 6.98349 3.57158 3.64711 3.57127 3.54813 3.44313 3.35805 3.14653 2.82877 2.70362 2.65029 2.61385 2.61256 2.45413 2.42475 2.41886 2.20611 1.88628 3.50967 1.99342 1.49346 1.53485 1.35914 1.09582 1.07444 0.995553 0.734973 1.7641 0.391
threshold=6.5000000000000009 0.038043830543756492 0.095491390675306334 2.9174053668975835 19.500000000000004 2.2499048709869389 51.500000000000007 11.500000000000002 0.074271079152822508 0.034582419320940978 19.500000000000004 1.7005987167358401 1.5000000000000002 0.2522727251052857 0.23166368901729587 2.5000000000000004 1.1974126696586611 0.35025772452354437 2.5000000000000004 11.035807132720949 0.00037102447822690015 0.49193547666072851 1.4005670547485354 0.74020570516586315 7.5000000000000009 0.68795290589332592 8.922122001647951 3.5000000000000004 -0.37540033459663386 7.5000000000000009 2.5000000000000004 1.874359726905823 0.03846153803169728 8.4014134407043475 2.5000000000000004 1.4978661537170412 15.500000000000002 8.1713719367980975 1.6612120866775515 2.2840802669525151 -0.36087355017662043 0.00060648741782642912 1.3440098762512209 -8.7959432601928693 0.15319426357746127 6.1406171321868905 13.500000000000002 6.0316703319549569 79.500000000000014 7.8401498794555673 43.500000000000007 1.3539003133773806 2.2077246904373173 3.2384861707687382 5.5000000000000009 0.51710525155067455 2.5000000000000004 0.28991597890853887 1.2199621200561526 67.500000000000014 7.7971372604370126 1.6691036224365237 0.2070197016000748 0.21664381772279742 3.5000000000000004 -14.326989173889158 7.5000000000000009 1.6793666481971743 0.35101290047168737 10.650789737701418 0.24246552586555484 0.22677870839834216 1.2199621200561526 0.03741015866398812 79.500000000000014 2.2764940261840825 7.2068667411804208 -7.1672880649566642 1.5420657992362978 4.5000000000000009 -0.35312002897262568 8.6053733825683612 8.254096984863283 -8.3802571296691877 3.5000000000000004 1.913377642631531 -6.6538312435150138 21.500000000000004 0.77431482076644909 9.4234876632690447 80.500000000000014 10.07944965362549 10.142611503601076 1.5420657992362978 1.3702899217605593 -6.698112726211547 10.209087848663332 0.49450543522834783 8.6053733825683612 0.30094340443611151
decision_type=2 2 2 2 2 2 2 2 2 2 2 2 2 2 2 2 2 2 2 2 2 2 2 2 2 2 2 2 2 2 2 2 2 2 2 2 2 2 2 2 2 2 2 2 2 2 2 2 2 2 2 2 2 2 2 2 2 2 2 2 2 2 2 2 2 2 2 2 2 2 2 2 2 2 2 2 2 2 2 2 2 2 2 2 2 2 2 2 2 2 2 2 2 2 2 2 2 2 2 2
left_child=1 5 6 7 33 64 12 11 13 17 15 20 19 -9 40 16 22 44 -7 24 21 -3 50 -24 41 42 -27 49 -29 -21 91 32 56 34 46 94 38 43 39 -13 81 74 -15 -38 70 -17 -4 -40 -36 -22 -5 53 -53 -18 85 -56 -10 -16 77 61 -61 -47 -42 -23 -1 -12 67 82 69 -68 71 -6 86 -74 -2 -67 -72 -59 -34 87 -35 -8 -37 -66 -19 -31 -46 -50 90 -90 -86 -11 93 -93 97 -94 -32 98 -14 -77
right_child=2 3 4 10 9 18 14 8 31 30 65 36 35 25 57 45 51 84 -20 29 27 63 23 -25 -26 26 -28 28 -30 54 96 -33 78 80 48 66 37 -39 47 -41 62 -43 -44 -45 72 59 -48 -49 79 -51 -52 52 -54 -55 55 -57 -58 58 -60 60 -62 -63 -64 -65 83 75 68 -69 -70 -71 76 -73 73 -75 -76 99 -78 -79 -80 -81 -82 -83 -84 -85 88 -87 -88 -89 89 -91 -92 92 95 -95 -96 -97 -98 -99 -100 -101
leaf_value=0.015150531348998587 0.0051940480718591676 0.065778345651912082 0.043638086339239213 0.030889986508115776 -0.019459098276482775 0.060664986105412003 0.059391199749462331 0.056618161255820698 -0.0062574205792247858 -0.0072499215786968954 0.055538754267586636 0.0074703194682120104 -0.017890660149708994 -0.021966065695932777 -0.036935046582161291 -0.018066177705398739 -0.011206293916512714 -0.0042367852971012809 0.027787862989106828 0.022664666901825097 -0.011266174150024753 0.026707841334398685 0.055481659698280283 0.029727113371114958 0.04653477322925869 -0.0057222543590943198 0.039867515494575838 -0.0073688430899325908 0.032248094520174429 -0.017674599756033166 -0.018855606806196676 0.029077713120135702 -0.047847329364172936 -0.0029616016596075833 0.018914314335386262 0 0.0091490588655617315 -0.011491174985711517 -0.032769137105394072 0.012599689240728067 0.033436676885498777 0.030991342087387797 0.0012128474032972311 0.045311321702638171 0 -0.0075139602163923035 0.0015386902726644862 0.0025061876446444984 0.011880293701445634 0.0018772339902267576 0.0056288909410133533 0.047829297328212055 0.018360317309229018 0.016078003805120287 0.0032539971761005727 -0.025630385623604951 -0.031214854494659439 -0.040433938598030107 0.024869102108677928 -0.00031740008044504994 0.033116957545249376 0.013700038948900366 -0.0018406458555337763 -0.011643824119537252 0 0.015031929102308961 -0.031004420391913968 -0.022419098411425569 0.010506301837637904 0.0034477251757057273 0.012956874335708614 0.041451765594022687 -5.4285235356472802e-05 -0.031057233927287584 -0.029084133741118453 0.050602740141542014 -0.021026863886662705 0.0059632473684629725 -0.021588494341761119 -0.030571114124637144 -0.038162394513183436 0.030565201644127089 0.046142315234291215 -0.033086424666434106 -0.022980641679427954 -0.045301041381748508 -0.040646992082821853 -0.014870105458865766 0.0052181067353148924 -0.035323472537103849 -0.043386230481677238 -0.046088733258700859 -0.00033728307486766265 -0.018878420179434474 -0.0060468514307897145 -0.034339222633609001 -0.05073868900370293 -0.04609170712935718 -0.043797110357096963 0.030919184890385781
leaf_weight=19.971384018659592 12.806604091078045 13.406952392309902 23.525989666581154 37.307200029492378 8.6735876575112325 3638.7928253561258 33.587898088619113 19.76069051772356 40.473450791090727 3.8258189503103486 53.19227933883667 2114.8000397086143 20.064825240522623 49.623472198843956 8.4119749404489976 25.66196870803833 32.376844868063927 5.5367515720427027 31.236571669578552 16.156372033059597 90.786916315555573 13.354572966694834 48.425673604011536 252.28093712031841 16.712247505784035 17.75889228284359 22.871284283697605 26.652705524116755 48.625047728419304 26.341397654265165 5.7493504825979462 4.4800573363900176 73.146429235115647 11.102183777838947 22.983256600797176 5.7139122355729359 22.776868872344494 24.465923842042685 18.552290380001068 1316.020354539156 22.808079574257135 13.689572289586065 122.94393866881728 53.03910181298852 3.8403977714478961 72.491513639688492 15.99697547405958 31.395931527018547 12.28811813890934 1815.1564171016216 66.549172267317772 31.848134323954582 2458.0727475881577 43.020552217960358 58.145536251366138 30.604905098676682 52.454009728506207 8.8230496663600153 20.550631588324904 26.588740885257721 38.757609114050865 67.01686142385006 16.593279033899307 15.08735881000757 10.966568646952512 21.550996705889702 57.459441987797618 7.9540248438715926 7.5005761049687854 8.5506203826516849 7.1717623434960833 7.1991522945463648 17.336508177220821 21.361323818564415 14.692823193967341 20.876869544386864 55.403733763843775 5.17451820150018 19.766557283699512 13.090309299528597 11.371780682355164 20.431097202003002 4.7355633471161127 10.526704866439102 20.336927160620689 14.805141635239123 68.698586689308286 15.657145701348782 6.6795970853418138 15.589548224583266 306.72951299138367 977.55793028324842 3.1326134372502557 8.6912898719310743 3.6875605359673491 38.391176633536816 5371.1611729022115 49.088693082332611 15.404476940631865 21.391023620963097
leaf_count=117 86 98 160 155 191 24897 177 98 639 112 280 11080 534 545 81 108 133 139 166 153 639 103 245 1074 175 138 183 192 346 360 191 35 2376 94 176 111 127 181 100 6633 109 107 667 287 111 302 119 176 98 13686 278 130 9960 174 569 322 1332 211 190 113 165 280 146 114 114 93 1214 161 165 176 163 163 415 523 171 114 1359 106 265 118 108 109 93 128 519 248 2028 131 184 424 9400 33792 106 236 107 1303 203140 1511 433 102
internal_value=-0.00090102 0.0246375 -0.0447745 0.0107004 -0.0477389 0.0597073 -0.0044167 0.00572132 -0.011113 -0.0486782 0.0197372 0.00699723 -0.014688 0.00466228 0.0242848 0.0188144 0.0198681 -0.0347968 0.0603994 -0.00251988 0.00245173 0.0273167 0.0293697 0.0341625 0.0156832 -0.000468714 0.0202092 0.0019012 0.0182212 -0.00989015 -0.0498477 -0.03036 -0.0320676 0.00396961 0.010041 -0.0282736 0.00956026 0.0235304 0.00914494 0.00944544 0.0373336 0.00173581 -0.00552688 0.034965 -0.0235662 0.00515608 0.0275214 -0.0109752 -0.000981087 0.00123756 0.0151087 0.0183495 0.0187698 0.0042416 -0.0142279 -0.0068562 -0.0207229 -0.00416822 0.00473754 0.00822374 0.0196614 0.00264321 0.018813 0.00646562 -0.00128637 0.0443346 -0.017202 0.00310889 -0.0223807 -0.0264161 -0.0114014 0.00878539 -0.0317908 -0.0179371 -0.0133329 0.033782 -0.0167638 -0.0237198 -0.0427986 -0.0126333 -0.0224636 0.0497891 0.0237524 -0.0169863 -0.0406472 -0.0290932 -0.0385332 -0.00276179 -0.0411752 -0.0231805 -0.0422586 -0.0452676 -0.0453887 -0.0458881 -0.0392138 -0.0321077 -0.0507117 -0.0404134 -0.030733 0.0422708
internal_weight=20655.9 13056.3 7599.58 9344.81 7079.08 3711.49 520.495 6027.4 423.279 6953.07 3317.41 5604.12 384.114 232.958 136.381 3200.4 2969.88 544.557 3670.03 203.955 2023.07 41.8489 404.563 300.707 57.9012 213.198 40.6302 1981.22 75.2778 146.053 6408.51 190.321 185.84 126.016 103.542 180.16 3581.05 100.282 3480.77 3430.82 93.4204 41.189 172.567 75.816 189.685 230.517 39.523 49.9482 64.0188 1905.94 103.856 2565.32 2489.92 75.3974 129.897 88.7504 92.9275 42.9602 34.5482 204.855 65.3463 139.508 39.4014 28.4419 41.4647 117.011 91.9141 18.4035 73.5106 66.0101 78.4482 15.8727 111.237 38.6978 27.4994 63.8189 62.5755 13.9976 92.913 41.0356 22.474 54.019 10.4495 21.4933 354.872 41.1465 72.539 27.9453 349.336 22.2691 327.066 1031.6 1027.77 986.249 88.2456 41.5238 5376.91 84.558 35.4693 42.2679
internal_count=342496 79168 263328 53746 255503 25422 7825 40040 6278 254499 13706 33762 6696 1631 1129 13117 12149 15619 25063 2191 15178 315 1752 1319 539 1533 321 14863 538 1652 238880 4647 4612 1004 802 4505 18584 595 17989 17713 541 364 1212 414 4953 968 279 276 523 14325 433 10397 10090 307 1499 891 1971 588 507 860 278 582 255 217 359 589 1920 365 1555 1390 1876 354 3077 938 257 309 1522 317 2641 347 202 286 204 242 10666 608 2139 229 10527 608 9919 35549 35437 34028 2585 1409 203331 2478 967 216
is_linear=0
shrinkage=0.05


Tree=32
num_leaves=94
num_cat=0
split_feature=15 103 44 0 21 44 21 32 97 23 44 0 21 40 103 21 53 17 108 94 0 23 69 100 103 108 23 9 52 100 86 100 44 63 3 77 53 111 103 3 107 63 15 94 46 63 40 115 92 52 90 21 3 95 77 3 107 63 103 102 77 65 86 98 46 105 86 0 99 9 32 113 53 52 9 9 50 17 9 63 3 72 21 21 111 52 93 32 3 13 90 46 94
split_gain=8732.99 2448.44 329.756 178.51 138.978 62.5006 59.1762 50.5534 33.5128 32.6511 31.2169 28.2718 26.5249 22.2998 16.6353 13.5283 13.0081 12.5142 14.2182 12.3984 11.6842 11.5489 10.5298 9.68937 10.85 11.8759 9.3514 8.35826 9.38841 7.84899 7.56943 7.41743 7.31495 7.02416 6.64569 6.62082 13.4512 6.45779 6.39653 6.89369 6.37926 6.24506 6.19381 5.98639 5.93737 5.78181 5.7536 5.49364 5.24229 5.1326 5.12412 6.68143 5.73557 6.7439 5.05229 5.05213 5.02881 5.01226 4.97668 5.61332 5.19817 4.74299 6.02215 5.81422 4.71482 4.30345 4.21796 4.19377 5.58923 4.12173 3.45622 3.32478 3.24846 3.08716 3.0547 3.33907 2.83641 2.69226 2.5671 1.80124 1.74192 1.55911 1.23059 1.15976 0.974002 0.840233 1.10025 0.843489 0.769132 0.766884 1.20768 0.488687 0.420654
threshold=6.5000000000000009 0.038043830543756492 0.10551619529724122 2.5249279737472539 19.500000000000004 0.083835341036319747 92.500000000000014 11.500000000000002 0.20526316016912463 2.5000000000000004 0.067117117345333113 3.0201274156570439 15.500000000000002 29.500000000000004 1.0180123448371889 50.500000000000007 0.30094340443611151 18.500000000000004 8.1846604347229022 5.5777657032012948 1.4978661537170412 1.5000000000000002 4.1872656345367441 0.55532076954841625 0.97432249784469616 8.3854913711547869 1.5000000000000002 76.500000000000014 0.72977167367935192 12.578179836273195 0.14009346067905429 0.61473500728607189 0.42163743078708654 5.5781435966491708 1.4581841826438906 41.500000000000007 0.2014492750167847 5.5976116657257089 5.9120519161224374 1.825700104236603 1.0088537931442263 11.150429248809816 2.5000000000000004 11.853828430175783 0.20599461346864703 9.7280578613281268 5.5000000000000009 0.00068420058232732128 4.5000000000000009 0.79932886362075817 7.5000000000000009 11.500000000000002 1.874359726905823 8.1713719367980975 16.500000000000004 1.5420657992362978 1.4112119674682619 9.202665328979494 0.83212372660636913 1.7741042375564577 40.500000000000007 10.822723388671877 0.19785943627357486 3.5000000000000004 0.29933090507984167 1.3438665866851809 0.24908759444952014 2.2499048709869389 2.8783553838729863 65.500000000000014 5.5000000000000009 -8.6008181571960431 0.54606062173843395 0.76752376556396495 80.500000000000014 79.500000000000014 0.55900612473487865 2.5000000000000004 87.500000000000014 8.6662201881408709 2.0123323202133183 0.89587974548339855 32.500000000000007 22.500000000000004 5.6451079845428476 0.75416782498359691 2.5000000000000004 14.500000000000002 1.3904437422752383 10.500000000000002 22.500000000000004 0.21960458159446719 10.494249343872072
decision_type=2 2 2 2 2 2 2 2 2 2 2 2 2 2 2 2 2 2 2 2 2 2 2 2 2 2 2 2 2 2 2 2 2 2 2 2 2 2 2 2 2 2 2 2 2 2 2 2 2 2 2 2 2 2 2 2 2 2 2 2 2 2 2 2 2 2 2 2 2 2 2 2 2 2 2 2 2 2 2 2 2 2 2 2 2 2 2 2 2 2 2 2 2
left_child=1 5 6 7 50 42 8 21 15 20 16 23 14 81 33 17 -9 18 -2 -7 85 29 58 -5 25 -25 46 32 31 38 54 -29 69 77 49 36 -16 -37 39 -3 -35 44 -1 -15 -26 -32 56 -40 67 71 51 -4 53 -53 -19 92 -12 -52 -10 72 -61 63 -63 -18 -48 -21 -34 73 -69 -23 -31 -24 -60 -22 75 -50 -51 -13 -30 -76 -54 -8 84 -11 -14 86 -6 -87 -88 90 -85 -89 -28
right_child=2 3 4 11 9 19 13 10 22 83 26 12 82 43 35 -17 61 30 -20 65 48 27 34 24 41 -27 55 28 78 70 45 -33 66 40 -36 37 -38 -39 47 -41 -42 -43 -44 -45 -46 -47 64 -49 74 76 57 52 80 -55 -56 -57 -58 -59 59 60 -62 62 -64 -65 -66 -67 -68 68 -70 -71 -72 -73 -74 -75 79 -77 -78 -79 -80 -81 -82 -83 -84 89 -86 87 88 91 -90 -91 -92 -93 -94
leaf_value=0.059993321276173829 -0.01824054567022609 0.01677863092909597 0.022448336626499386 -0.011361723947166343 -0.016202912637250287 0.031339571426427154 0.037529235499886696 0.050314112577697891 0.022736851056466903 -0.0076882807479244381 0.029609027637716463 0.051974690470901579 0.038542110942063973 -0.025205886295609516 -0.0088504879360525642 0.038491537673903634 -0.0248503674796355 0 0.042504566363847814 -0.039119263782925746 -0.031869827604279082 -0.0039594183768399465 -0.030335346838468155 0.010863608067674434 0.014792215738552123 0.052045209884780778 -0.048626005687222834 -0.019035303726035964 -0.011577509126181317 0.0098634415334934271 0.012047351067661097 0.00525698159174629 0.017957113779536616 0.0053030454314205618 0.020005842502168632 0.011736477719420229 0.015990605668522083 0.020747996758852555 0.00041144734117762338 0.0057034322688685468 0.038217904798001301 0.037124303700079075 0.032084668485252557 0.017125554657553561 0.0091035382056372533 -0.013376878739043925 -0.02942992626182513 -0.024659634296541798 -0.029263648696915018 0.022552106350451004 0.041321688499855409 -0.020281647291216578 -0.029864478038722705 0.02469693045534466 -0.039558941422902741 -0.0081080723701216495 -0.012344022056047968 0.0033533090262114901 0.00056778841673678522 0.0063315367516242095 -0.020084753264762525 0.030423342424085988 -0.0041042449827754816 0.0064316598973223546 0.014127492349638683 -0.0005285536424103857 -0.010736973429285085 -0.029893477686935944 0.0097447393939234898 -0.022896925432363727 0.040511117324311958 -0.047213335090663971 -0.031927592656563301 -0.0050483919231491953 -0.00087455391452931006 0.022454036334770427 -0.022044227590242025 0.033639624369713815 -0.046664184963781677 -0.042791423308784007 -0.0058788683254307368 0.062643884023212845 0.031507845071455112 -0.048904301978255793 0.058276463303164661 -0.0058645818897764927 -0.046171483921623152 -0.038255556129685592 -0.036027374721778978 -0.051130904561808348 -0.014499091073652404 -0.01103495244874747 -0.015522387059520632
leaf_weight=3510.3480145186186 13.686696726828812 147.51069227978587 19.928679242730141 40.21615919470787 6.4919042959809294 21.369703749194741 30.673206243664026 11.917195059359072 7.2279666531831017 2.7418738212436429 8.0512972399592382 43.239656046032906 32.534762009978294 14.996207837015392 58.822638630867004 20.573737382888794 33.051653210073709 11.264958385378121 25.318995406851172 11.502267716452481 153.28359224461019 45.999961480498314 118.9391953125596 36.469416812062263 917.43893394619226 35.58968460559845 62.071028489619493 32.111023228615522 14.834909616038205 18.985831089317799 37.623114634305239 461.12348176725209 28.624420166015625 38.070226639509201 4.7154110278934231 238.45630358159542 563.5741920620203 1732.6517536491156 246.36309129744768 3013.9203495681286 24.082210332155228 24.079262271523476 27.027866028249264 15.292503811419008 971.31972129642963 50.364186342805624 75.950866220518947 22.403487171977758 6.823254391551016 5.2365217320620996 14.461914494633673 12.630719773471357 24.49515525996685 18.620889663696289 27.906673576682806 10.884066578000782 26.579335499554873 21.142229646444321 8.2259922847151739 37.031844718381763 34.187299931421876 18.854899115860462 31.437271058559418 24.455526415258646 5.562047451734542 17.567889204248786 20.53928716480732 15.389465406537054 17.122411411255598 85.805471211671829 21.855030387639999 55.067573990672827 51.753880238160491 13.163894874975083 3.1728215590119353 3.4474348481744528 6.0447683203965425 85.869298607110977 9.285048380494116 136.79863482527435 13.558443024754522 21.379836557433009 26.172347754240036 2015.3356993626803 38.280558928847313 3.6882415059953919 594.95117054879665 65.124805169180036 61.933448540046811 3456.2621894087642 4.9154256526380768 4.2999314889311782 3.6908370181918135
leaf_count=25008 103 989 145 180 161 129 158 67 131 84 122 211 166 187 238 106 313 153 190 101 4631 372 3336 162 4028 156 2135 289 163 112 448 3802 218 159 78 964 2278 7015 1743 18150 100 107 153 146 4436 658 1722 164 206 64 103 102 204 156 344 153 404 162 96 581 550 157 292 205 40 155 171 307 329 710 136 1557 933 377 100 100 157 404 146 4364 111 113 140 78734 204 123 20979 2242 2112 137102 183 133 122
internal_value=-0.000713208 0.0238833 -0.0445097 0.0104521 -0.0476883 0.0590087 -0.0088749 0.00323374 -0.0151909 -0.0486821 -0.0161084 0.0170403 0.0202314 0.0300864 0.0193091 0.00167239 0.0038565 -0.00313033 0.0210567 0.00342722 -0.0405375 0.00469116 -0.0247733 0.0124828 0.0129791 0.0319855 -0.0284915 -0.00116168 0.00206188 0.00587155 -0.0107864 0.00360235 -0.0103732 0.0336268 -0.0324504 0.0182306 0.0136112 0.0196726 0.00560101 0.00623107 0.0188138 0.0122334 0.0597966 -0.00371895 0.0118816 -0.00237409 -0.0189846 -0.00176666 -0.0325488 -0.0339888 0.00444846 -0.00191208 -0.0093853 0.00611664 -0.0286517 -0.0421287 -0.00148924 0.0200921 -0.0139294 -0.016259 -0.00636428 -0.0018079 0.00915353 -0.0115526 -0.0261357 -0.0172952 0.00580914 -0.0266407 -0.00921485 -0.0164817 0.0273542 -0.0360915 -0.0274032 -0.0298722 -0.0399662 -0.0104054 -0.000343927 0.0403831 -0.0274159 -0.0419313 -0.0221183 0.0494971 0.0459137 -0.0502825 0.0503357 -0.0442378 -0.0450819 -0.0356935 -0.0453145 -0.0502999 -0.0488364 -0.0369796 -0.0473044
internal_weight=20263.8 12976.6 7287.29 9388.74 6689.78 3587.82 597.511 4481.87 515.169 6564.95 312.506 4906.87 2881.75 82.3418 2784.77 186.738 119.717 166.165 39.0057 50.4399 1085.69 4169.36 328.43 2025.11 1984.9 72.0591 192.789 698.324 517.354 3471.04 127.159 493.235 180.969 191.261 190.003 2593.5 622.397 1971.11 3430.2 3161.43 62.1524 1912.84 3537.38 30.2887 1888.76 87.9873 116.144 268.767 349.202 185.288 124.838 89.2339 69.3052 31.2516 39.1716 76.6459 34.6306 35.6041 138.427 131.199 71.2191 107.799 50.2922 57.5072 81.5129 29.0702 49.1637 198.959 32.5119 131.805 40.8409 174.007 59.9799 166.447 150.242 10.2707 11.2813 129.109 24.12 139.971 38.0536 52.053 96.9877 5479.26 70.8153 736.49 663.377 73.113 656.885 5476.51 2020.25 69.4247 65.7619
internal_count=342730 79391 263339 53845 253250 25546 10089 32897 9485 252267 5732 20948 11879 604 11369 2002 1034 1896 293 385 36164 27165 7483 9069 8889 318 4698 5871 4400 21294 1603 4091 1471 874 5192 10495 2516 7979 21046 19139 259 8571 25161 333 8464 1106 2288 1907 10414 5114 983 718 573 258 497 2410 526 265 2291 2160 1131 967 449 518 1762 256 389 5644 636 1082 248 4893 1029 5008 4770 306 221 615 309 4464 315 271 510 216103 370 25750 23252 2498 23091 216019 78917 2375 2257
is_linear=0
shrinkage=0.05


Tree=33
num_leaves=107
num_cat=0
split_feature=15 103 48 1 19 44 11 53 38 93 52 52 98 1 38 19 44 113 3 1 48 103 102 21 2 3 46 21 98 4 108 114 52 11 2 96 46 114 76 92 19 61 115 103 2 86 100 100 53 38 84 113 114 52 38 46 2 19 54 105 19 52 115 42 49 114 114 80 102 108 53 77 103 113 76 2 114 76 63 98 103 113 115 52 2 53 46 94 76 94 103 112 111 21 94 115 30 108 111 36 44 111 19 51 48 96
split_gain=8134.31 2371.34 342.735 159.955 104.705 65.4966 55.7626 49.9858 49.7695 36.4908 29.8937 23.6773 19.6941 19.2222 17.7243 16.0151 14.6541 13.4219 12.6719 11.9982 11.1962 10.0866 9.83804 9.58895 9.7201 9.25025 8.96911 8.88436 8.41792 8.13911 7.51609 8.46428 13.6609 7.42752 8.69292 8.03222 7.35143 6.90637 6.91177 6.8813 6.86673 7.36254 7.29334 8.71659 6.84746 15.7037 6.83021 7.21638 6.72106 6.03685 5.86602 5.84065 5.838 5.60852 5.06542 5.05128 4.96734 5.74101 6.52297 5.67443 4.95909 4.79126 4.64701 4.63603 5.36697 4.57094 4.50522 4.07469 7.41074 5.78741 6.12866 4.02179 3.96725 3.77831 3.74743 3.64915 3.63423 3.61958 3.3104 3.25542 3.06687 3.04407 4.30394 2.47721 2.47601 2.46194 2.34426 3.86125 2.3307 2.30832 2.25708 3.70876 2.20512 2.16711 2.12641 2.11771 1.75025 1.69052 1.27495 1.20364 1.17262 1.12354 1.06663 0.941544 0.641206 0.371511
threshold=6.5000000000000009 0.038043830543756492 0.020067113451659683 10.500000000000002 19.500000000000004 0.083835341036319747 1.5000000000000002 0.57247900962829601 7.5000000000000009 2.5000000000000004 0.87555310130119335 0.8896499276161195 4.5000000000000009 25.500000000000004 19.500000000000004 12.500000000000002 0.10551619529724122 -8.7134537696838361 1.7547054886817934 1.0000000180025095e-35 0.035714285448193557 1.3532662987709048 11.661643505096437 11.500000000000002 0.24800790101289752 1.2572216391563418 0.12556306272745135 35.500000000000007 11.500000000000002 1.5000000000000002 7.7262632846832284 3.3687107563018803 0.56106334924697887 3.5000000000000004 1.5324124097824099 0.35025772452354437 0.21960458159446719 3.4516190290451054 31.500000000000004 3.5000000000000004 6.5000000000000009 10.402736663818361 0.00037913148116786038 1.4573506712913515 1.746773958206177 0.33205129206180578 0.61473500728607189 1.3090082406997683 1.2445626854896548 7.5000000000000009 0.33084577322006231 3.1985551118850712 3.3243315219879155 0.85825893282890331 1.5000000000000002 0.18146027624607089 2.2410700321197514 26.500000000000004 1.1428570151329043 1.8357381820678713 113.50000000000001 0.85825893282890331 0.00065491819987073552 0.12254524603486062 0.25588317215442663 3.2210414409637456 3.254632949829102 1.0000000180025095e-35 1.8617515563964846 9.9683041572570819 0.76370793581008922 25.500000000000004 1.4760743975639345 -8.7855534553527814 45.500000000000007 0.79474860429763805 3.2629156112670903 68.500000000000014 11.379148960113527 -1.0000000180025095e-35 1.5047653913497927 -8.8066506385803205 0.00058400252601131808 0.76752376556396495 1.5995731353759768 2.226495742797852 0.19367341697216037 8.7803473472595233 18.500000000000004 5.3798050880432138 1.174732565879822 -14.326989173889158 -14.892180442810057 23.500000000000004 11.606051445007326 0.0005655646964441986 5.5000000000000009 9.7892565727233904 -8.3764996528625471 54.500000000000007 0.095491390675306334 -8.3263020515441877 31.500000000000004 0.77777770161628734 0.028571427799761299 0.24722222238779071
decision_type=2 2 2 2 2 2 2 2 2 2 2 2 2 2 2 2 2 2 2 2 2 2 2 2 2 2 2 2 2 2 2 2 2 2 2 2 2 2 2 2 2 2 2 2 2 2 2 2 2 2 2 2 2 2 2 2 2 2 2 2 2 2 2 2 2 2 2 2 2 2 2 2 2 2 2 2 2 2 2 2 2 2 2 2 2 2 2 2 2 2 2 2 2 2 2 2 2 2 2 2 2 2 2 2 2 2
left_child=1 5 7 8 23 36 16 14 19 11 13 20 67 56 27 37 50 -7 53 30 22 52 -10 -4 92 28 54 -2 44 74 31 39 -33 34 99 -36 -1 38 -12 -3 42 48 -21 -44 65 -46 -32 -48 -42 -27 63 77 -15 78 -23 -28 57 58 -5 -59 97 -54 76 64 -6 -14 -65 68 84 70 -70 -30 -40 -51 -26 93 -29 -39 -11 -19 -53 82 -52 85 88 103 87 -77 -9 -22 -17 -92 -25 -18 -88 -31 -95 -16 -94 105 -35 -83 -93 -69 -102 -8
right_child=2 3 4 10 6 17 33 12 9 18 15 -13 25 21 60 90 75 79 -20 40 89 26 -24 24 29 49 55 62 71 95 46 32 -34 100 35 -37 -38 51 72 -41 41 -43 43 -45 45 -47 47 -49 -50 73 81 80 61 -55 -56 -57 -58 59 -60 -61 -62 -63 -64 66 -66 -67 -68 83 69 -71 -72 -73 -74 -75 -76 86 -78 -79 -80 -81 -82 101 -84 -85 -86 -87 94 -89 -90 -91 91 102 98 96 -96 -97 -98 -99 -100 -101 104 -103 -104 -105 -106 -107
leaf_value=0.059378643090531383 0.03218800090093684 -0.015063013337824744 0.030652307032312798 0.011893722462672861 -0.035563668977758915 0.030690914162605588 -0.035659946562946958 0.0064478219917777696 -0.0041762502558615284 -0.04271857020307121 -0.0081325012050993944 0.056235819355483253 -0.0062918994500603675 0.0070728285964929728 0.061200354287837003 0.060052671819078932 0 -0.0046404109362879137 0.030919742622311952 -0.019314326766373204 -0.0024060109704707286 0.0087039684504157909 0.041076761593453387 -0.0063522231418456677 0.041079220908491226 0.041293971543712754 0.041921886286499468 -0.040431156232559898 -0.0025000938942062487 -0.027710276842691364 -0.026763970187631936 -0.013717868404661169 0.049695006232179588 -0.0078969587951468502 0.040748157633900502 -0.034732739979062698 0.025304967496464565 0.032089525443179355 0.030858256761802618 0.014555653730104172 0.0064165447236001413 0.032412180649614077 0.02249517222980893 0.008077735212042348 -0.016129839382638969 0.041354054875542418 0.023491913613494831 0.001550855424426058 0.0013369782591953919 0.02178453005762997 0.025969970794441351 0.051892240262567502 0.033889538780983004 0.014072942824658683 0.01799363172275403 0.017499136011080801 0.032253768729807369 -0.017077404819791635 0.018681508855748555 0.010695436171130777 0.019575340794078147 0.014073300550438275 0.017043656313405615 -0.021442971953922259 -0.010437151642426139 -0.036117357011272923 0.023342943742758981 -0.023311807117043181 -0.019997120883185896 -0.029934629237656319 0.028536202202172647 0.030116524219987534 0.014295976181637081 -0.017459455335968616 0.0064357272255984744 -0.03510685578988236 -0.00175844914567905 0.0092260000663821444 0.0037763506305151864 -0.039088283927740511 0.029785860658197317 -0.045738460507903624 -0.027088932928694267 0 -0.046461649275389198 0 -0.035485855805757353 0.024748495522168117 -0.030530626666624636 -0.032292243571561616 0.050125761735726283 0.03431180476804483 -0.043022798665771377 -0.0034982341462321356 -0.0039788032566578759 0 -0.04462017307055724 0.034570859637001128 -0.016109023661498828 -0.010927808081439117 -0.015429580992170436 -0.021709905469548013 0.015053515888450884 -0.044382571641746214 -0.050825180716623744 -0.046883427346575135
leaf_weight=3370.1304603517056 15.138056438416241 190.67010807432234 19.085366643965244 2687.1449393853545 32.760999193415046 19.996889786794782 40.288981933146715 6.1328315362334278 144.58309418335557 116.70910714007914 24.068901836872101 14.365448541939257 22.087292067706585 31.024435415863991 26.328232478350401 26.658612132072449 2.9378166496753684 16.090114129707221 5.5236476659774771 17.996707364916801 8.7944757640361768 203.5434208214283 11.581378798931835 12.918680779635904 13.58698173612356 16.761000715196133 55.71575328707695 12.549146953970196 17.449368342757225 12.645733848214151 17.878265533596277 17.422085881233219 13.939463678747414 2.7486184537410727 4.7130941469222289 6.6166561096906662 20.009909436106682 31.568945288658142 56.160653695464134 20.306151265278459 1731.9953598026186 22.49646782875061 141.39828573912382 423.7493996322155 44.27745259180665 14.533578671514986 39.73827413469553 432.12858845852315 1053.5684785917401 10.546584263443949 3.8317374493926755 35.155736446380615 216.85369625687599 3.7851576823741189 628.41975878179073 42.119698956608772 31.95054903626442 31.128055080771446 420.64010183513165 40.481684245169163 22.503905113786459 41.154675230383873 8.4226442091166955 7.576575385406616 65.971726996824145 35.857807788997889 13.000427467748521 15.236776661127804 8.4589829072356242 10.360273052006958 17.156936213374138 17.402197074145079 125.71855269372463 10.914463270455597 19.321700789034367 3.7570446673780671 11.954717852175234 43.680173292756081 3.3087221290916196 12.292328352108596 53.279442921280861 35.350536866113544 11.907467007637022 4.7304892726242533 17.061439551413059 4.0571263842284671 248.92668044194579 3.9580609314143658 8.2557308077812177 40.866482878103852 41.109050109982491 22.247804209589958 15.495646037161348 3.4187059849500647 6.6181633230298749 13.369653508067129 243.8999533392489 21.672043718397617 11.731264632195236 4.1598957125097504 3.68543767184019 12.856188155710695 19.89239813387394 45.005415875464678 4201.8436181712896 1461.7870147544891
leaf_count=24989 169 1529 138 11552 753 142 1302 106 1409 3469 100 76 361 133 149 146 84 145 46 104 68 822 108 111 100 127 224 151 116 100 169 144 114 75 77 220 103 131 242 181 10688 163 763 2453 405 127 346 3391 6824 104 99 150 950 83 2535 169 148 152 1809 189 107 183 70 149 1605 619 241 364 133 166 258 108 506 112 147 115 159 181 100 93 215 955 311 102 300 32 8349 122 135 613 219 107 141 105 212 104 8701 127 112 128 128 341 102 1189 175000 57534
internal_value=-0.000794782 0.022856 -0.0441992 0.0098333 -0.0470869 0.0583677 -0.0479448 -0.00170264 0.00298908 -0.0150802 0.0160636 -0.00258653 -0.0118279 0.0147656 0.0258772 0.027951 -0.0343831 0.000381228 -0.036002 0.00452811 -0.00711739 0.020135 -0.000397927 -0.000355889 -0.00679701 -0.00131376 0.0175144 0.00207772 -0.00693048 0.00599696 -0.00126358 -0.00844645 0.0151452 -0.0495839 -0.0462157 -0.00146079 0.0591918 0.0227463 0.0163418 -0.0120826 0.00578136 0.00474502 0.0107296 0.0117526 -0.0133862 -0.00108321 0.00228526 0.00348833 0.00450067 0.0201336 -0.0218163 0.0305223 0.0283969 -0.039402 0.0157526 0.0319312 0.0127161 0.0125015 0.0128242 -0.00134305 0.0415817 0.0308668 -0.0122744 -0.0148068 -0.0192817 -0.0253625 0.00606305 -0.0262088 -0.0165803 -0.000581323 0.0119209 0.0140817 0.0196752 0.00155391 0.0221968 -0.0387717 -0.0231382 0.0193878 -0.0413237 -0.0211075 0.0394039 -0.0341028 -0.0124558 -0.0349192 -0.0337186 -0.0374317 -0.0339114 -0.00428422 -0.0150192 -0.0274209 0.0448233 0.0388519 -0.0253552 -0.0436123 -0.0347368 -0.0142249 -0.0441164 0.0507911 -0.0332212 -0.0465439 -0.0507792 -0.04038 0.0262799 -0.039911 -0.0508021 -0.0466249
internal_weight=19806.7 12821 6985.62 9382.52 6540.77 3438.52 6422.62 444.854 4472.81 349.518 4909.72 220.191 326.286 4430.18 118.569 479.54 696.772 48.3793 129.327 4123.29 205.825 1218.83 156.164 118.155 99.0697 189.83 929.799 48.0646 151.608 58.9241 732.083 242.338 31.3615 5725.84 1517.57 11.3298 3390.14 369.632 205.948 210.976 3391.2 2808.06 583.144 565.148 116.756 58.811 489.745 471.867 2785.56 38.222 183.256 163.684 289.033 123.803 831.963 97.8355 3211.35 3179.39 3107.79 71.6097 70.5042 258.008 32.9265 119.31 98.7327 57.9451 20.577 136.456 67.4262 35.9762 25.6159 34.8516 181.879 21.461 32.9087 513.516 24.5039 75.2491 120.018 28.3824 88.4352 63.9459 15.7392 69.0298 31.45 64.2993 263.26 7.71511 14.3886 49.661 109.908 83.2493 40.1456 250.256 255.545 26.0154 247.319 48.0003 27.2269 1506.24 4208.28 48.2067 42.1402 60.2422 4205.53 1502.08
internal_count=342633 79278 263355 53806 257559 25472 256606 5796 32841 5972 20965 2274 4864 18866 932 2099 22142 380 3698 26869 2198 5016 1517 953 815 2079 3750 549 1736 451 5874 1968 258 234464 59261 297 25092 1525 848 1710 20995 17675 3320 3216 1512 532 3906 3737 17512 343 4454 677 1266 3652 3357 393 13850 13702 13361 341 383 1133 380 2748 2358 980 390 2785 1098 557 391 224 748 216 247 17688 310 312 3569 238 365 1706 410 1687 541 1585 8798 237 241 681 574 428 364 8890 8561 204 8806 276 253 58964 175203 1296 209 1553 175128 58836
is_linear=0
shrinkage=0.05


Tree=34
num_leaves=107
num_cat=0
split_feature=15 103 96 0 21 0 38 15 19 2 61 93 2 0 103 11 96 82 2 67 95 103 77 74 52 2 112 93 2 52 103 32 114 114 67 109 82 36 54 36 54 90 46 114 94 92 72 100 67 46 69 112 114 21 54 114 63 90 111 54 108 95 32 65 2 115 65 103 67 52 115 114 61 51 67 65 107 103 94 2 52 109 115 115 50 100 3 21 54 74 69 46 17 108 71 46 112 2 74 21 112 52 114 50 3 109
split_gain=7580.98 2286.07 329.763 130.466 103.211 63.58 62.0787 57.6925 56.1436 33.5219 30.1746 27.3158 26.6325 17.253 16.2946 14.1081 12.4338 11.6501 10.9226 9.72215 10.1459 9.66516 12.4015 9.50166 8.50844 8.50078 7.5935 7.36964 7.20557 7.12185 7.02437 9.18794 7.00925 6.97153 10.7798 6.95597 6.92973 6.86142 7.30809 6.835 6.70249 6.67527 6.30196 6.33621 6.15852 6.06008 10.301 6.85953 6.02115 5.68992 9.51348 10.0747 7.87676 7.76266 9.45683 9.16673 7.33311 6.97162 6.60492 6.54042 6.21538 5.67512 5.37237 5.32174 5.29739 5.56633 5.15731 5.06876 5.06225 4.91456 7.36326 4.8633 6.94763 6.27891 5.2298 4.23736 4.23307 4.19614 4.50961 4.17359 4.99748 3.65099 3.37442 5.96442 5.92427 4.08011 3.17859 2.90113 3.26986 2.70049 2.12024 1.67766 3.34603 1.6116 1.56466 1.35672 3.31194 1.20355 4.16358 1.80362 1.16493 1.03287 1.85682 0.907715 0.612453 0.455703
threshold=6.5000000000000009 0.038043830543756492 0.2524509876966477 2.3502402305603032 21.500000000000004 1.4978661537170412 24.500000000000004 2.5000000000000004 21.500000000000004 1.9030201435089114 3.7976217269897465 1.5000000000000002 1.929321348667145 3.2384861707687382 1.1633732914924624 2.5000000000000004 0.38430769741535192 1.0000000180025095e-35 1.6183966398239138 11.016894340515138 5.0898776054382333 1.7786564826965334 47.500000000000007 7.5000000000000009 0.92695629596710216 1.4044657349586489 -14.237896442413328 2.5000000000000004 0.66407513618469249 0.87411972880363475 1.4195730686187746 5.5000000000000009 3.3307086229324345 3.2964839935302739 9.3597784042358416 0.15958797931671145 7.5000000000000009 22.500000000000004 1.3760246038436892 8.5000000000000018 0.99999985098838817 7.5000000000000009 0.21452540904283526 3.3390084505081181 9.1869263648986834 1.5000000000000002 1.2424533367156985 2.726926445960999 10.444165229797365 0.27694551646709448 5.6247692108154306 -6.6538312435150138 -4.6148450374603263 15.500000000000002 1.1731633543968203 3.3714383840560918 9.1676273345947283 5.5000000000000009 -8.303494453430174 1.1384099125862124 8.491007328033449 8.0385990142822283 3.5000000000000004 10.77287817001343 0.91193133592605602 0.00060056499205529701 12.197136402130129 1.2081488370895388 10.6711802482605 0.71798598766326915 0.00057458836818113934 3.2983442544937138 5.729027748107911 1.7999991774559023 9.952057361602785 8.6572284698486346 0.19233874231576922 4.4024357795715341 8.4740614891052264 0.59813809394836437 0.80073529481887828 0.5937674641609193 0.00063411527662538003 0.00065017532324418436 0.5357140600681306 11.743612289428713 1.1867417693138125 24.500000000000004 1.1428570151329043 10.500000000000002 3.3243156671524052 0.21799691766500476 55.500000000000007 8.3651089668273944 10.244584083557131 0.24292390048503879 -0.23118934035301206 0.89838168025016796 3.5000000000000004 29.500000000000004 3.5276918411254887 0.83266666531562816 3.4898127317428593 0.42857129871845251 1.6383027434349062 2.0416998863220219
decision_type=2 2 2 2 2 2 2 2 2 2 2 2 2 2 2 2 2 2 2 2 2 2 2 2 2 2 2 2 2 2 2 2 2 2 2 2 2 2 2 2 2 2 2 2 2 2 2 2 2 2 2 2 2 2 2 2 2 2 2 2 2 2 2 2 2 2 2 2 2 2 2 2 2 2 2 2 2 2 2 2 2 2 2 2 2 2 2 2 2 2 2 2 2 2 2 2 2 2 2 2 2 2 2 2 2 2
left_child=1 7 6 8 71 15 10 28 49 13 19 29 76 17 101 87 18 30 42 20 -2 33 62 68 26 66 81 48 -1 79 31 -5 -32 34 -15 -24 39 38 41 -19 -28 -21 43 -7 -35 -8 47 -47 -12 53 52 61 75 55 56 59 -55 -54 -53 -3 -57 -52 -23 -27 93 -66 67 -13 -22 89 -71 72 -4 74 -74 -51 90 78 -73 -10 -81 -16 95 84 -84 -85 -44 88 -6 -20 -9 92 -89 -50 97 96 -18 99 -99 -29 -93 -11 104 -17 -103 -97
right_child=2 3 4 9 5 16 45 12 11 14 27 25 -14 21 24 103 82 36 69 37 23 22 35 -25 -26 63 40 94 -30 -31 32 -33 -34 44 -36 -37 -38 -39 -40 -41 -42 -43 86 -45 -46 46 -48 -49 64 50 51 58 57 54 -56 60 -58 -59 -60 -61 -62 -63 -64 -65 65 -67 -68 -69 -70 70 -72 77 73 -75 -76 -77 -78 -79 -80 80 -82 -83 83 85 -86 -87 -88 91 -90 -91 -92 100 -94 -95 -96 105 -98 98 -100 -101 -102 102 -104 -105 -106 -107
leaf_value=0.019128007734566306 0.055309867361505172 0.0056697726996879239 -0.012319233250089025 0.032971777737612118 -0.037355684884725092 -0.020600452494807707 0.056016110947060577 -0.016308458128611477 -0.025378334681850696 0.026792619877824605 0.020886726351752802 -0.013474242461747984 0.055204525342753122 -0.0049683505973368717 0.028552179328632965 -0.028101806636130225 -0.033961149314302531 0.0095310902648915452 -0.035340444091491667 0.0085456668266312447 0.010760930543824692 -0.010260518429743497 0.0048990880984906404 0.041297100246276787 0.046297597020371971 -0.025004378153527559 -0.0033485738400047997 -0.0033767244814120988 0.058865683514235247 0.036269524631197182 0.0076005819702082049 -0.00016053625631647344 0.021690777168492107 0.023921299779799895 0.025332125172080701 0.021058011955039785 -0.013541543424842673 0.02823722261006803 -0.044646390285119658 0.023626400325229412 0.017202379108681966 -0.013910397389041491 -0.039201504250984544 0.036789593565723935 0.0017387163292988687 -0.0029580089942128043 0.059983396994325401 0.034625540623005976 -0.040450936421971444 0.003604722108439404 -0.041648742490309983 0.00097248214734607739 0.0031718109011789051 0.043102253532762577 -0.012364550822588097 0.025657439897036428 0 0.016832733663501555 -0.017044145637177776 -0.0042521631985083823 0.0049915064772117984 -0.0080538745178730317 0.0093604035140273014 0.021909762199442188 0.015632307900342726 -0.03676632369372014 0.014510107740773149 -0.038416742960794177 -0.029908356701758385 0.037652492981412627 -0.010216110525778161 -0.036689731249609399 -0.019239156527016549 0.046581011146198711 0.021034472525688672 0.036731462779991585 -0.034266110657198298 0.010828965367645688 -0.00091269059413010771 0.023497247495919405 -0.0090326446514844057 0.018745640352905175 0.048996091078393922 -0.039976147734755552 -0.025069881526704786 0 -0.022144978146510258 -0.036569949532299251 0.013720412762940636 0.001840934736670407 0.011983770693939516 -0.044604636803928358 0.011271046908878795 -0.020280422407366171 0 -0.042506277992409233 0.0032589858341147688 0.015822900306792946 -0.034703978681952061 -0.045885641504879254 -0.010181359019135427 0.060447191229463286 0.031683153442390817 -0.050386616021146115 0.039284471260762711 -0.010139302645598621
leaf_weight=13.997221209108828 12.898710913956164 1097.5265452340245 25.618487548083067 120.4779044687748 4.6133783534169179 10.617411790415646 24.39142008125782 11.010531235486271 12.621693380177019 20.3821851760149 8.2217401303350908 27.837390214204788 18.344542354345322 60.98775577545166 195.76682449877262 12.790598157793282 42.205836577340961 2834.5847465284169 9.1580593381077069 53.459392517805099 13.37521878629923 70.47277869284153 92.626629576086998 11.367552602663634 31.698922634124756 9.6910416185855883 55.98927167057991 3.4044365603476754 3234.4442795366049 14.277459077537058 198.89358718693256 24.516244575381279 165.77260288596153 678.96118104457855 53.636648446321487 264.59114299714565 30.066045455634594 12.358877513557671 11.353745646774767 89.063055630773306 125.53140384703875 80.90586088038981 57.246005231514573 6.4468748942017546 34.077105328440666 28.210783462971449 14.559381509199737 18.99676924943924 20.904443312436342 15.764409504830835 21.087982505559921 806.03569759428501 994.09203414618969 39.06383066624403 13.750310622155665 88.276949852705002 13.288350291550158 102.34001751802862 52.778913822025061 193.35582535713911 64.964377894997597 32.616084732115269 66.072141319513321 11.639580797404049 15.877839121967556 5.6530388314276925 4.4731835164129725 140.45637486129999 14.133095735684035 14.357307411730291 14.790810154750941 19.269432911649346 11.188643407076599 13.252308715134857 20.297066807746887 28.654838781803846 15.720450317487119 12.592623211443422 16.45288198068738 19.961769588291645 24.441572219133377 237.93134273588657 4.1104978658258906 26.907300561666489 3.7113151177763939 8.8310087583959085 78.40253933519125 90.584279082715511 4.8796677961945534 7.8641317877918473 12.442602271214126 876.86033676192164 2.8332362081855527 37.242938777431846 3.0605341196060172 168.17481649294496 6.0783031377941361 3.911395005881789 17.926465533673763 55.702553117647767 4.2430660203099242 29.261760100722313 31.358822464942932 4638.962519608438 25.912217393517494 3.0148873366415492
leaf_count=71 74 6853 195 521 154 271 135 60 125 94 86 803 113 249 836 434 1307 12665 177 469 118 283 372 143 168 130 228 117 24962 74 888 112 716 2820 219 1063 192 76 129 485 539 1177 1837 161 138 187 89 142 480 106 164 6106 6345 309 112 553 127 708 391 1226 410 253 265 150 302 107 128 3890 159 184 190 178 94 97 188 191 139 112 140 143 182 997 118 876 144 279 2290 3307 160 158 140 33678 34 822 98 5909 193 109 526 1966 157 159 151 202399 126 102
internal_value=-0.000632744 0.02209 -0.0437126 0.00946964 -0.046759 -0.0476576 -0.00319992 0.0578272 0.0023683 0.0143752 -0.0118916 -0.0197461 0.0077686 0.0128192 0.0241935 -0.0491277 -0.0295989 0.0109477 -0.0198041 0.00080966 0.0193393 0.0176988 0.0120512 0.00554548 0.0210828 -0.0294179 0.0196579 -0.0273272 0.0587064 0.00650839 0.0179572 0.0273571 0.0140957 0.021028 0.00926823 0.0169339 0.00972627 -0.00532136 -0.0084942 0.00997579 0.0108334 -0.00490658 -0.0261952 0.0017635 0.022881 0.0347424 0.0250545 0.0125612 -0.016558 0.0040257 0.00230197 -0.00149379 0.00534477 0.00635813 0.0229854 0.00556706 0.0325415 0.00447727 -0.000150903 0.00417266 0.0170944 -0.0222 -0.000695248 0 -0.0208595 0 -0.033065 -0.0345054 -0.0102553 0.00128417 0.0137248 -0.000485409 0.00775809 0.019498 0.00619574 0.0256943 -0.0154159 -0.0125625 -0.0211811 -0.0015107 0.00566345 0.0232783 -0.0368128 -0.022206 0.0144012 -0.0307439 -0.0297661 -0.0433347 -0.0119019 -0.018865 -0.00107973 -0.0436119 -0.0348584 -0.0285344 -0.0379905 -0.0394962 -0.0291178 -0.0392976 -0.0247903 -0.0437464 -0.0444678 0.0423713 0.0454082 -0.0503366 0.0519875 -0.0420872
internal_weight=19357.9 12673.6 6684.27 9367.63 6216.36 6097.68 467.916 3305.96 3829 5538.63 381.758 265.4 57.5181 4784.8 753.833 5635.77 461.917 3463.37 198.883 209.852 51.7746 1321.43 493.763 38.8759 646.918 194.098 615.219 171.905 3248.44 71.3025 509.66 144.994 364.666 827.663 114.624 357.218 2953.71 158.078 145.719 2923.65 181.521 134.365 152.713 17.0643 713.038 86.1584 61.7669 47.2076 87.9 3563.6 2053.37 912.519 1140.85 1510.23 66.1025 1444.12 52.3522 1096.43 858.815 1290.88 153.241 53.7041 136.545 21.3306 79.6783 21.5309 172.767 168.294 27.5083 46.1703 29.1481 118.671 70.3565 44.738 31.4857 44.4192 39.1736 48.3149 35.7223 57.025 44.4033 433.698 263.034 43.5601 7.82181 35.7383 135.649 984.014 9.49305 17.0222 23.4531 974.521 93.4175 58.1474 84.0054 219.474 48.2841 80.9449 21.8379 59.107 881.103 106.915 86.5328 4651.75 55.174 171.19
internal_count=342284 79250 263034 53765 255523 254519 7511 25485 29479 24286 6958 5625 452 20988 3298 240323 14196 15579 5268 2345 494 5409 1983 420 2768 5101 2600 4613 25033 524 2237 633 1604 3426 468 1435 13342 1851 1775 13150 767 1646 4559 432 2958 553 418 329 1797 23854 14264 6914 7350 9590 548 9042 436 7053 6497 8079 963 417 548 280 1711 409 4821 4693 277 709 374 1004 574 379 282 297 339 430 318 450 325 1833 8928 1417 262 1155 4127 37490 314 335 200 37176 3341 1302 2816 7511 1500 2718 635 2083 33835 530 436 202833 285 6011
is_linear=0
shrinkage=0.05


Tree=35
num_leaves=96
num_cat=0
split_feature=24 103 44 0 44 17 54 93 19 23 2 69 19 0 53 34 103 23 71 113 24 17 0 2 54 101 2 2 46 103 108 103 0 113 94 19 103 36 24 100 105 50 71 95 3 21 94 67 32 2 108 21 2 84 111 103 3 77 69 90 86 49 11 111 2 46 113 95 46 46 67 74 105 113 23 36 53 94 53 67 3 19 82 32 19 36 46 3 112 100 113 113 71 2 77
split_gain=7089.77 2296.71 274.746 135.844 68.5562 67.9068 62.808 49.2958 41.6778 28.419 28.171 26.1026 17.6579 15.8305 15.693 15.1803 11.636 9.14382 9.3941 9.74162 8.80355 8.71177 8.48089 8.37933 7.76373 7.55797 6.94134 7.66772 6.83615 6.78584 10.2633 7.61662 7.80126 7.73078 6.48367 6.33035 6.30367 6.2663 6.16982 7.54244 5.94606 7.81084 5.70781 5.60569 7.9189 5.57634 6.33581 7.21569 5.56251 5.44876 5.20008 5.18772 5.63999 5.1532 5.09471 4.94906 4.76221 4.72378 4.48469 6.23083 4.38978 4.20425 4.16355 3.88043 5.12643 3.56871 3.31567 6.37853 2.97716 2.79407 2.64029 2.4853 1.89344 1.84582 1.82887 2.24852 1.72794 1.57257 1.2 1.20885 1.13139 4.11477 2.08128 1.94548 0.966059 0.843767 0.555039 0.517623 0.47578 0.474749 0.464851 1.84219 0.413287 0.0237813 0.0219156
threshold=7.5000000000000009 0.038043830543756492 0.10551619529724122 2.3502402305603032 0.083835341036319747 13.500000000000002 1.6845710277557375 2.5000000000000004 19.500000000000004 2.5000000000000004 2.1374469995498662 3.9664155244827275 50.500000000000007 3.113268375396729 0.70608803629875194 11.500000000000002 1.1529362201690676 1.5000000000000002 10.883863449096681 -8.9251203536987287 3.5000000000000004 2.5000000000000004 1.4978661537170412 1.3848878741264345 1.2336879372596743 12.040147304534914 1.258497476577759 1.0878820419311526 0.066352203488349928 1.056711792945862 9.367063522338869 1.1633732914924624 2.8617925643920903 -8.9853329658508283 9.1647129058837908 42.500000000000007 0.89780792593956005 4.5000000000000009 2.5000000000000004 2.0471550226211552 6.8313570022583017 2.8571416139602666 6.5691537857055673 7.1176109313964853 1.2780329585075381 42.500000000000007 9.2357168197631854 10.860874652862551 10.500000000000002 1.7286864519119265 11.465411663055422 10.500000000000002 2.8050476312637334 0.1573787406086922 5.7282328605651864 1.6491445899009707 1.1062468886375429 32.500000000000007 7.4218962192535409 7.5000000000000009 0.18655367195606234 0.24999997764825824 1.5000000000000002 -8.2869315147399885 0.85249459743499767 0.37482394278049475 -7.1933176517486563 8.7825942039489764 0.33287920057773596 0.18773496150970462 10.546080112457277 5.5000000000000009 4.6054265499114999 -8.8328375816345197 4.5000000000000009 52.500000000000007 0.71378621459007274 11.278903484344484 0.45534290373325353 10.209087848663332 1.3904437422752383 27.500000000000004 8.5000000000000018 14.500000000000002 42.500000000000007 35.500000000000007 0.21799691766500476 1.199330270290375 -14.271176815032957 2.4044646024703984 -8.8977141380310041 -8.9316129684448224 9.4882421493530291 2.2764940261840825 34.500000000000007
decision_type=2 2 2 2 2 2 2 2 2 2 2 2 2 2 2 2 2 2 2 2 2 2 2 2 2 2 2 2 2 2 2 2 2 2 2 2 2 2 2 2 2 2 2 2 2 2 2 2 2 2 2 2 2 2 2 2 2 2 2 2 2 2 2 2 2 2 2 2 2 2 2 2 2 2 2 2 2 2 2 2 2 2 2 2 2 2 2 2 2 2 2 2 2 2 2
left_child=1 4 6 5 38 17 11 23 58 22 13 12 45 29 60 51 21 18 19 37 -6 88 80 26 -25 40 27 -7 94 30 36 32 -31 -33 42 63 -5 -3 -1 -40 48 -42 -18 44 87 46 49 -48 -19 -2 -21 52 55 -16 -36 -12 -30 -23 59 -4 -8 -32 69 68 -65 -22 71 -68 -9 -13 -71 -45 89 -72 75 78 -77 -62 84 -80 85 82 -82 -83 -11 86 -10 -24 -15 -47 91 -64 -92 -58 -17
right_child=2 3 8 10 20 7 14 35 9 74 15 62 -14 16 53 28 34 25 -20 50 65 57 43 24 -26 -27 -28 -29 56 31 61 33 -34 -35 54 -37 -38 -39 39 -41 41 -43 -44 66 -46 72 47 -49 -50 -51 -52 -53 -54 -55 -56 -57 93 -59 -60 -61 77 -63 90 64 -66 -67 67 -69 -70 70 73 -73 -74 -75 -76 76 -78 -79 79 -81 81 83 -84 -85 -86 -87 -88 -89 -90 -91 92 -93 -94 -95 -96
leaf_value=0.058341019721927762 -0.031915533800495138 -0.0030137602190880332 -0.016549305736541935 0.0030519985676812447 0.017797907552991706 -0.0073698248619586924 0.017275783627485938 -0.04155187677140481 -0.034123170045081447 -0.029325924258163924 0.033284170029491127 0 0.032352778898755978 0.031365460528555371 0.01726968751156327 0.040197966083009191 0.014046017668553186 -0.0022755368716598943 0.033377836449898807 0.004225932786612794 -0.038954798465058081 0.0032775663442824346 -0.037295450025511656 0 0.047053282226866958 -0.030145552567191231 -0.036333695558564243 0.026550091929561849 0.0095489379289580758 -0.01182198535989664 0.047350828419098039 0.031678611258515968 0.013894470283283784 0.009381738014659342 0.0092383207732185339 0.022061706232874279 0.021930493539498441 -0.028464790822840987 0.0072033268073199447 0.05620662212071742 0.0018972919123774958 0.029052214787876476 0.024825283461258896 -0.026237214870993952 0.046914079868908234 -0.046255766217912851 0.033761067118802848 -0.0047436241905023206 -0.02426801838454333 0.00153298836806963 0.014126132613182697 -0.0013846789590067545 0.0053072854079539503 -0.031693312376768888 -0.013570981959332738 0.016338481963168883 0.029513947264894941 0.024122648403131778 -0.027486782891618072 0.021702012021183575 0.033449957206830243 0.017065118089285281 -0.036837357677031238 -0.031958371545548564 0.034905879305015319 0 0.037274960496372751 -0.027407625194432253 0.0042689084473379098 0.0071261413909387353 -0.015430733125459548 -0.038705104283378033 -0.0037921079687315076 -0.031755736642691955 -0.050710689870211358 -0.034358590204437718 0.0062679522815948952 0.059343511755660251 -0.013338567179304301 -0.047871952817266535 -0.045576291348178408 0.022540490996720425 -0.0055234926855211629 -0.016789244561854658 0.0058605945105027453 -0.012823591824001833 -0.045307080894363021 -0.0058780860813591254 0.049062898047941207 -0.020772900267293476 -0.046050072495704517 0.0059874021630139818 -0.018672349974968645 0.045236921776983678 0.059768943027128464
leaf_weight=3096.2036705687642 35.22680358029902 123.33011980354786 17.465604681521654 97.048214834183455 28.219521701335907 85.472029095515609 18.308684254065156 168.43123886175454 44.089970389381051 2.4693124368786803 97.037487745285034 10.230884952470658 25.771462734788656 24.433551803231239 8.2346369773149508 20.973837494850159 1659.7044477015734 517.31822677515447 26.208419105038047 2608.8734528794885 12.681036407127978 35.502020016312599 4.4684351440519077 18.546655509620905 15.052488930523394 21.41687491722405 14.448246680200098 19.087918201461434 24.512567855417728 82.378138832747936 34.625656396150589 38.64892416074872 43.823139697313309 2655.8275837413967 81.670648396015167 3.2294424828141919 82.929980888962746 29.116880033165216 16.44663767516613 15.597888231277464 143.92575733363628 31.307067848742008 137.45949368178844 78.425743408501148 4.2301621213555327 12.035971729084855 12.279963277280329 102.27758002281189 29.144432235509157 17.185879435390234 139.69132560491562 26.698050230741501 46.285099908709526 10.387598574161528 33.035873249173164 92.608086541295052 23.960657358169556 143.48564636707306 12.959124885499476 22.552504241466522 21.718646081164479 22.290662989020348 4.3786965254694223 5.5227282401174289 3.3051705416291952 9.9340662881731969 3.750328689813613 12.238762423396109 2.9458565171807995 4.5063531156629315 30.079903880134225 190.31260900571942 6.2921829652041188 95.197421088814735 3575.4165791757405 3.5342799313366404 3.972419198602438 25.59383812174201 4.7325487695634356 1141.8726299647242 30.330102173611522 2.7895981557667247 4.7600258253514758 9.702316699549554 2.3001237437129021 4.46176410652697 520.48230496421456 3.6464658863842487 34.255590006709099 9.2562869917601329 48.197020890191197 3.1483811605721703 5.6842939667403689 20.540426686406136 35.40694385766983
leaf_count=24922 600 822 148 444 147 1457 103 5813 1696 109 420 178 162 113 91 126 6709 4311 167 16503 239 152 127 165 113 182 158 221 118 393 155 194 183 12190 329 84 376 208 98 103 1227 255 554 2581 113 197 128 1439 370 150 873 112 192 152 133 375 110 648 112 166 131 103 158 206 96 82 118 379 31 92 740 6359 114 2508 164048 118 131 149 182 50708 1134 108 184 384 102 99 20894 100 162 105 1737 114 199 109 206
internal_value=-0.000953762 0.0203374 -0.0447898 0.00813629 0.0571629 0.00110445 -0.00942334 -0.020354 -0.0479237 -0.0483378 0.013168 -0.0173192 -0.00530759 0.0121891 0.0296008 0.0261809 0.0154897 0.00307934 0.00433735 0.00405443 -0.000233659 0.0259908 -0.0400074 0.000610147 0.0221613 -0.00186148 -0.00559146 -0.000795376 0.0405547 0.00985896 0.0180328 0.00915972 -0.00275538 0.00972272 0.0141597 -0.0377126 0.0119153 -0.00816977 0.0580984 0.0328009 -0.000947512 0.00701077 0.0148961 -0.0325081 0 -0.0105566 -0.00688885 -0.000146958 -0.00352993 -0.0210249 0.00474016 0.0190887 0.0214418 -0.00987183 0.00249273 0.0252547 0.0286027 0.0201051 -0.00347512 0.0047719 0.0409218 0.0364037 -0.0302725 -0.0390121 -0.00452234 -0.022856 -0.033931 -0.00976844 -0.0406762 -0.0248141 -0.0267756 -0.0352694 -0.0309136 -0.0281438 -0.0499302 -0.0474511 -0.014286 0.0490552 -0.0476398 -0.0477557 -0.0435166 -0.0323268 -0.0408655 -0.00581684 -0.0134195 -0.0443473 -0.0445441 -0.0273374 0.0428265 -0.0377126 -0.0416705 -0.0197986 -0.0439264 0.038227 0.0538917
internal_weight=18987.6 12780.6 6206.96 9601.52 3179.08 4006.37 505.992 336.042 5700.96 5647.99 5595.14 421.749 220.326 5207.12 84.2434 388.023 2149.55 3670.33 2927.22 2901.01 50.8346 237.677 913.689 152.607 33.5991 743.112 119.008 104.56 125.394 3057.57 236.895 2820.68 126.201 2694.48 1911.87 183.434 179.978 152.447 3128.25 32.0445 721.695 175.233 1797.16 297.073 12.3451 194.555 166.97 114.558 546.463 52.4127 2748.56 262.629 235.931 18.6222 114.707 189.646 69.0137 178.988 52.9772 40.0181 65.6212 56.9163 201.423 180.205 8.8279 22.6151 284.727 15.9891 171.377 140.015 129.784 268.738 27.5844 125.277 4734.3 1158.88 7.5067 47.3125 1151.37 1146.61 616.616 47.582 35.0901 12.4919 4.76944 569.034 564.572 8.1149 58.6891 21.2923 61.4084 7.52708 53.8813 44.5011 56.3808
internal_count=342806 83459 259347 57868 25591 33262 9247 8344 250100 249674 24606 8621 2895 22838 626 1768 8800 24918 18573 18406 468 1075 34276 2114 278 6345 1836 1678 669 14038 1078 12960 576 12384 7725 6230 820 1030 25123 201 6163 1482 7263 9777 340 2733 2317 1567 4681 750 17376 1099 987 243 462 795 337 800 426 314 383 258 5726 6146 302 321 9437 497 5844 3518 3340 8940 416 3248 215398 51350 249 280 51101 50890 24499 1810 1318 492 211 22689 22590 227 275 302 2208 272 1936 219 332
is_linear=0
shrinkage=0.05


Tree=36
num_leaves=95
num_cat=0
split_feature=15 103 48 0 19 44 19 11 53 2 52 44 48 15 93 98 52 15 3 11 44 9 96 2 65 67 71 42 67 54 77 96 67 77 115 69 102 4 46 114 113 94 67 61 90 71 71 50 111 99 102 111 53 86 46 72 114 103 107 98 53 108 44 82 2 0 96 2 69 95 42 113 103 109 111 52 54 53 96 65 46 111 38 54 61 44 9 95 107 67 38 65 48 46
split_gain=6578.17 2180.91 335.882 105.421 95.5033 57.078 54.3376 50.8376 36.4113 35.0257 23.2532 18.2177 14.5681 13.3927 11.2646 10.4875 10.4014 10.2297 9.04057 8.82057 11.9838 8.36253 7.3243 7.3115 10.6918 7.18246 8.41729 7.13007 6.99599 9.45513 9.69816 12.8265 8.3874 10.2238 7.58587 7.39235 7.18123 6.9722 6.82347 6.63802 6.1182 10.3057 6.0611 5.99924 6.07877 6.51125 8.47847 5.73043 5.42725 7.78728 6.37586 6.31634 5.81544 5.1926 5.14049 5.56505 5.13526 4.92566 4.87587 4.87538 4.75619 5.21155 4.50108 4.3693 4.31309 3.93253 3.80803 3.68273 3.65678 3.43764 3.2114 6.19202 2.94072 3.8009 2.89364 2.73291 3.72101 3.44754 2.59781 3.28727 2.57104 2.5082 2.20121 1.94821 1.77345 3.28839 1.75492 1.55887 1.7069 1.39155 0.881032 0.811031 0.764284 0.678838
threshold=6.5000000000000009 0.038043830543756492 0.020067113451659683 2.3502402305603032 19.500000000000004 0.083835341036319747 21.500000000000004 1.5000000000000002 0.4743421077728272 1.9030201435089114 0.87411972880363475 0.089087303727865233 0.03846153803169728 2.5000000000000004 2.5000000000000004 11.500000000000002 0.92695629596710216 2.5000000000000004 1.6383027434349062 2.5000000000000004 0.083835341036319747 78.500000000000014 0.44334760308265692 1.16413289308548 11.109284400939943 11.055058956146242 7.4047827720642099 0.12254524603486062 8.9931201934814471 1.2705517411231997 86.500000000000014 0.74754902720451366 9.4787564277648944 79.500000000000014 0.00036999679286964243 8.094187259674074 9.2090449333190936 2.5000000000000004 0.20599461346864703 -4.5540897846221915 3.1258316040039067 9.6983251571655291 10.495482444763185 8.1512122154235858 7.5000000000000009 8.2073397636413592 6.8644769191741952 1.0624223947525027 -15.103906154632567 11.414087772369387 11.104735374450685 -15.186561107635496 1.2445626854896548 0.091966174542903914 0.14201681315898898 1.0000000180025095e-35 3.5989170074462895 1.0031787157058718 1.4112119674682619 16.500000000000004 0.78389188647270214 9.7225866317749041 0.28423725068569189 5.5000000000000009 2.0108062028884892 1.4978661537170412 0.2869249433279038 1.6532226800918581 8.1515126228332537 9.9147558212280291 0.090097405016422286 -8.7173533439636213 0.95897960662841808 0.03741015866398812 -15.224226474761961 0.6825619935989381 1.1263297796249392 0.78389188647270214 0.35025772452354437 12.162959575653078 0.2535721510648728 -8.4286842346191388 10.500000000000002 1.3145502209663393 10.142611503601076 0.29175607860088354 76.500000000000014 6.4354128837585458 0.74839210510253917 10.209087848663332 10.500000000000002 9.5962972640991229 0.026402927935123447 0.2286924943327904
decision_type=2 2 2 2 2 2 2 2 2 2 2 2 2 2 2 2 2 2 2 2 2 2 2 2 2 2 2 2 2 2 2 2 2 2 2 2 2 2 2 2 2 2 2 2 2 2 2 2 2 2 2 2 2 2 2 2 2 2 2 2 2 2 2 2 2 2 2 2 2 2 2 2 2 2 2 2 2 2 2 2 2 2 2 2 2 2 2 2 2 2 2 2 2 2
left_child=1 5 8 6 43 38 28 14 54 13 12 15 22 18 27 25 40 -7 -5 67 -21 63 42 24 -20 26 -10 70 29 30 36 -32 33 47 39 -35 -3 -36 -1 -34 41 64 -8 44 45 46 -4 -30 51 50 -50 -15 -51 66 -2 -56 -25 -27 -59 -17 61 -29 -19 -13 -11 78 -23 84 -45 -24 71 -6 -42 -74 -55 76 -67 -77 79 -16 -76 -48 -28 -72 93 -86 -65 -14 -89 -22 -18 -80 -91 -9
right_child=2 3 4 9 7 17 10 19 11 16 -12 21 87 48 65 59 90 62 23 20 89 53 69 56 -26 57 82 60 32 -31 31 -33 34 35 37 -37 -38 -39 -40 -41 72 -43 -44 68 -46 -47 81 -49 49 52 -52 -53 -54 74 55 -57 -58 58 -60 -61 -62 -63 -64 86 -66 75 -68 -69 -70 -71 83 -73 73 -75 80 77 -78 -79 91 -81 -82 -83 -84 -85 85 -87 -88 88 -90 92 -92 -93 -94 -95
leaf_value=0.057819978649325955 0.049158471829255909 0.017732103103550514 -0.017567560609425419 0.041758110766243937 -0.030624135372554158 0.028209406338674956 0.025675172036483791 -0.036720742729103743 -0.0098322340910161621 0.020682525495888452 0.028973218990515106 0.024143080903759061 -0.013322838446548135 0.0066993021745870339 -0.034540186758070725 0.041299943502528053 0.030825138735106034 -0.031749913499749337 0.0086438383816144562 0.034352326649516145 -0.014132726915313549 0.032770693923021753 -0.048155239472126479 0.014520124949424977 0.035508200002692773 -0.037738855843340337 0.014833507887256462 -0.02585779963653715 1.4977918761337596e-05 -0.026467745912701957 0.0012600220956711327 0.033141773872984316 0.048898057140842083 0.0045806471518653217 0.0046703541450068154 -0.021280209395999238 0.0033578384771082281 -0.002433446548324275 0.023413861450221483 0.0068719454811125144 0.04073215317579984 0.044154150603748915 -0.013972906728368316 -0.039535238702608055 0.025373899261039515 -0.029607066373187742 0.039614598932672163 -0.0153622837378891 0.0066222282723879151 0.010335930696556384 -0.01627074650195531 -0.02533905834175364 0.042810422898954384 0.0030480025187001199 -0.0031708145807013699 0.036690220428450604 0.0023606743492900271 0.013199641463410232 -0.010536207925072781 0.0073002037240577113 0.040642130345765803 0.028236387374952522 0.0072172842048463959 0.0038254989031026804 0.0058469575433701447 -0.013485645066709732 -0.016699774577152337 0.0064202273554030591 -0.0030278725356099106 0.0020728358658102502 -0.038597642222826883 0.021316732536359594 0.03223887207897963 0.020264353983031988 -0.017626904831606529 -0.03203107187244629 -0.040787842387792012 -0.013967295128673472 -0.0068562109536640719 0.00059293137761881154 -0.036495929108032475 0.0068319021880721038 0.049356601765911008 -0.0026840290493642949 -0.033057677204841256 0.01746658342562955 -0.032847469280133948 -0.0058519261801054344 -0.046858572037975325 -0.020375373375814878 0.053555136163642984 -0.044321215255832658 -0.050164421243300117 -0.045280600533095829
leaf_weight=2971.0158477313817 29.784786205738783 285.15337061882019 18.977348141372204 25.000135846436024 11.297543717548253 21.352770127356052 8.9184282310307008 84.925289371982217 18.312507085502148 74.491578228771687 20.285132735967636 13.469185298308732 6.7168727703392497 31.044480334967375 100.78977829031646 19.903165817260742 18.762043461203575 16.80728856660426 1423.6503579318523 3.0915839634835711 4.8708508070558301 5.098317623138426 20.423701750114564 2068.5244390666485 36.990720719099045 11.838538076728581 11.889643758535387 10.849565967917448 87.775566454976797 19.343585669994354 527.83963041752577 32.134340405464172 15.47974127717316 328.54808559268713 1478.9521934650838 28.588248081505299 128.53645543754101 447.44187059439719 18.218967750668526 23.866720046848059 29.352837756276131 25.106110215187073 123.06835085526109 12.132793966680767 25.520895510911942 15.404992900788782 12.845836304128168 185.16389651969075 1022.7819829247892 35.085967667400837 29.711281463503838 27.457942262291908 24.11848708987236 5.8574117533862582 15.079916626214979 17.449077233672142 93.368163302540779 25.909272653982043 98.69982404448092 24.063457984477282 6.1272914856672278 5.4074531495571128 11.076095972210167 4.8247162904590351 151.506805755198 17.882828697562218 7.8502622004598379 2.9832859802991143 15.673373337835072 3.4448423068970433 29.76843330822885 8.8217909727245551 97.617215648293495 309.19969671964645 33.753212947398424 69.145675064995885 94.973341822624207 52.611718872562051 2.6968730948865405 6.470880798995494 70.909219359979033 12.569370746612551 11.213987831026314 5.2552709691226474 30.505245625972748 2.3830192703753701 5.4330880306661129 3.6981282327324143 67.492728916928172 6.0426575019955626 27.123951137065887 211.12202009372413 4259.048639215529 583.12069328315556
leaf_count=24925 170 1807 158 106 215 103 117 3449 161 319 149 125 146 166 3656 115 88 183 6274 64 193 86 581 8501 162 130 89 212 520 126 3332 237 106 2159 9871 198 835 3243 100 167 159 117 1904 113 186 125 98 1312 4880 174 144 143 114 128 148 104 387 283 1046 114 114 92 100 92 663 637 181 72 137 96 677 175 421 1305 788 2302 3381 1784 101 215 1811 102 126 111 1238 99 119 137 2457 190 173 8535 204425 24877
internal_value=-0.000993392 0.0199346 -0.0432636 0.00801951 -0.0464695 0.0567462 0.00164945 -0.0473864 -0.000689635 0.012426 -0.0206231 -0.00671772 -0.0251266 0.0108663 -0.0338212 0.00230415 0.0226185 0.00303873 0.012363 -0.0490996 -0.0500225 -0.0202674 -0.0159421 0.0121402 0.00936675 -0.00309974 0.0147109 -0.0153264 0.00323683 0.006807 0.00751801 0.00319103 0.0018641 -0.00314245 0.0034751 0.00240229 0.0133183 0.00301456 0.0576255 0.0248392 0.0209638 0.0144934 -0.0109605 -0.000882605 0.00564173 -0.00303143 0.00663916 -0.0104076 0.00618276 0.00697099 0.00594425 -0.00842869 0.0244609 -0.0254587 0.0341711 0.0185922 0.0140016 -0.00867949 -0.00542335 0.0237662 0.00777491 -0.00643639 -0.0163524 0.0062577 0.010885 -0.0363353 0.00346637 -0.0433885 -0.0205068 -0.0408179 -0.0248381 -0.00748806 0.0246036 0.0232701 -0.0289379 -0.0306843 -0.0367827 -0.0245718 -0.0402717 -0.0323498 -0.03084 0.0250574 0.0339842 -0.0338142 -0.043628 -0.0285038 -0.0164605 -0.0427262 -0.0450307 -0.050098 0.0457422 -0.0439462 -0.0501317 -0.0442921
internal_weight=18586.9 12432.2 6154.66 9393.77 5723.32 3038.47 3842.87 5610.19 431.34 5550.89 254.048 369.026 233.763 4817.73 633.22 221.83 733.16 49.2362 3647.53 4976.97 4273.05 147.195 155.855 3622.53 1460.64 177.864 41.4161 77.5273 3588.82 993.007 973.664 559.974 2595.82 630.076 1965.74 357.136 413.69 1926.39 2989.23 39.3465 687.274 251.104 131.987 113.125 85.3184 59.7975 44.3926 272.939 1170.2 1111.7 1052.49 58.5024 59.2045 123.468 62.3138 32.529 2161.89 136.448 124.609 43.9666 22.3843 16.257 27.8834 23.727 225.998 555.693 12.9486 703.918 27.8062 23.8685 55.143 20.1193 436.17 406.817 110.52 234.614 112.856 121.757 321.08 107.261 104.662 25.4152 23.1036 35.0237 700.934 32.8883 10.2578 77.9077 71.1909 4269.96 45.886 213.819 4265.09 668.046
internal_count=342756 79207 263549 53796 257733 25411 29500 256814 5816 24296 5587 5394 5438 21051 22207 2064 3245 386 15430 234607 204872 3330 2698 15324 6436 1835 376 1596 23913 6337 6211 3569 17576 4189 13387 2357 2642 13114 25025 273 2984 1099 2021 919 669 483 358 1832 5621 5312 5024 309 288 2994 422 252 8888 1459 1329 229 418 304 283 336 982 20611 267 29735 250 677 1178 390 1885 1726 2727 8104 4018 4086 12507 3871 2599 200 215 788 29663 1337 211 2740 2594 204808 261 8636 204615 28326
is_linear=0
shrinkage=0.05


Tree=37
num_leaves=91
num_cat=0
split_feature=15 103 48 19 0 0 48 53 34 93 44 46 0 103 102 49 11 84 3 2 95 100 9 113 21 82 67 108 2 113 52 61 77 67 97 112 15 63 103 49 103 53 34 2 71 93 54 67 65 67 65 109 53 113 97 97 100 107 53 9 115 114 107 95 65 107 84 107 2 34 65 38 69 0 54 115 71 63 63 34 65 52 71 34 44 92 112 21 71 49
split_gain=6240.39 2050.67 314.156 102.918 94.063 59.33 59.1112 37.6252 35.8157 42.9176 20.0098 16.0336 15.7858 17.5075 15.6816 16.0521 13.7432 13.106 12.1626 11.125 10.3668 11.187 10.3338 10.0817 9.12686 8.5765 8.44611 8.11472 7.51327 10.4764 8.02798 9.88922 6.89387 6.7039 6.57479 8.34594 8.72459 6.49471 6.43873 6.29318 6.24807 6.20761 5.74194 6.56148 5.61908 5.52596 5.56931 5.41376 5.22802 5.22263 6.34569 6.32225 5.13076 7.29242 4.89996 4.87528 4.83407 7.58302 4.78198 4.67304 4.666 4.56987 4.50862 4.09592 4.0176 3.96758 3.88237 3.88167 3.78412 3.48399 3.26166 3.20753 3.45282 2.87536 3.77111 4.76247 4.66836 2.74834 2.56675 2.42105 2.17294 1.87271 1.81521 1.60287 1.53012 1.27805 1.00711 0.944614 0.900015 0.850162
threshold=6.5000000000000009 0.038043830543756492 0.020067113451659683 19.500000000000004 2.6735538244247441 2.2499048709869389 0.037089947611093528 0.4743421077728272 17.500000000000004 2.5000000000000004 0.089087303727865233 0.27259959280490881 3.113268375396729 1.1529362201690676 11.661643505096437 0.071796756237745299 2.5000000000000004 0.11647287011146547 0.81171205639839183 2.2410700321197514 6.4354128837585458 12.189091682434084 77.500000000000014 -8.7502374649047834 16.500000000000004 5.5000000000000009 11.055058956146242 6.0316703319549569 0.21664381772279742 -7.1672880649566642 0.4301948100328446 6.2814719676971444 37.500000000000007 10.546080112457277 0.44913792610168463 -0.26943728327751154 8.5000000000000018 6.4813780784606942 1.0802212953567507 0.17142856866121295 0.93024978041648876 0.87456294894218456 10.500000000000002 0.58037093281745922 7.9956641197204599 1.5000000000000002 1.729944169521332 7.5003802776336679 11.37768602371216 9.4186654090881365 9.1779060363769549 0.012526565231382849 0.57043650746345531 3.0857533216476445 0.3514705896377564 0.16025641560554507 0.55532076954841625 1.0225380063056948 0.64747309684753429 85.500000000000014 0.0007673237705603243 3.342320561408997 0.87327080965042125 6.6913886070251474 10.589352607727053 1.8180407881736758 0.16345082968473437 0.61956045031547557 1.2794787883758547 5.5000000000000009 10.03363084793091 18.500000000000004 9.5847530364990252 1.4978661537170412 1.1123737096786501 0.00037314355722628539 8.5289130210876483 7.8941409587860116 8.6068606376647967 25.500000000000004 11.695466041564943 0.8896499276161195 6.1071884632110605 22.500000000000004 0.089087303727865233 2.5000000000000004 3.5502343177795415 23.500000000000004 9.5868849754333514 0.19999996572732928
decision_type=2 2 2 2 2 2 2 2 2 2 2 2 2 2 2 2 2 2 2 2 2 2 2 2 2 2 2 2 2 2 2 2 2 2 2 2 2 2 2 2 2 2 2 2 2 2 2 2 2 2 2 2 2 2 2 2 2 2 2 2 2 2 2 2 2 2 2 2 2 2 2 2 2 2 2 2 2 2 2 2 2 2 2 2 2 2 2 2 2 2
left_child=1 5 7 27 8 59 17 45 20 14 18 89 19 32 15 -10 63 34 58 47 21 25 54 -17 49 38 44 -4 29 33 31 -30 40 -22 35 68 -37 -23 -3 -32 -14 -31 -29 61 55 -2 -47 65 64 50 -15 -51 69 -54 -12 -20 -49 -58 -9 -1 -50 66 67 79 -28 -6 -44 -11 -5 -34 -24 72 -64 82 76 -76 -75 -65 -72 -8 -80 -26 -19 -84 -18 -81 -79 -86 -36 -7
right_child=2 4 3 6 12 11 16 10 9 62 22 -13 13 24 -16 23 84 73 26 -21 28 37 70 -25 81 -27 48 42 30 41 39 -33 52 -35 88 36 -38 -39 -40 -41 -42 -43 43 -45 -46 46 -48 56 60 51 -52 -53 53 -55 -56 -57 57 -59 -60 -61 -62 -63 71 77 -66 -67 -68 -69 -70 -71 78 -73 -74 74 75 -77 -78 86 80 85 -82 -83 83 -85 87 -87 -88 -89 -90 -91
leaf_value=0.0081976329889706951 0.052463508432890382 0.01666973618659931 0.035410964404355087 -0.026819132851142881 0.031481379431435939 0.057383071318915457 0.0078780133272240791 0.03718461904447453 0.050095883862568628 -0.032653480989313213 0.030294994458360661 0 0.03072051809128571 0.012824724501328783 0.041864672523020306 0.0040095184267054723 -0.0027197112289269083 0 0.020191701290757161 0.039960044530320225 -0.0022699762313074779 0.011154607122615434 -0.00025120850110612811 -0.017836662505030781 0.02127844283369134 0.034154669790865268 0.0020717608858685909 0.017283049722247614 0.019000406737738749 0.00086555349458384298 0.011065582880013443 -0.0018663453488832701 0.048460789593951392 0.010988708308360053 -0.046076634166399288 0.032022346751823479 -0.011996527750189589 0.052607641173446296 0.005749169518081753 0.0021344228652802897 -0.0032682355179291717 -0.035935882056993343 0.0070143285583428236 0.020926415358063832 0.042645610719484375 -0.0021168673772199802 0.03753507808591218 -0.010433803292841026 0.010162054718666677 0.0088896932145535231 -0.0071959870757685347 0.019507292484959245 -0.00010823254698243384 0.033322413956098945 -0.016672347477376875 -0.016970180051005399 0.028490640463754359 0.0087508345733635137 0.0048100483232890309 -0.026152100027184301 -0.023320292360748548 -0.041460812303181167 -0.04122962635573324 0.0043653989717519484 -0.023981491646141918 0.0085108495037990606 -0.019517400358913566 0.028790907392984039 6.9879227589717905e-05 0.030621853177022231 0.005962317090652031 0.0026657004088397641 0.0070065815236893371 -0.02287372212611434 0.0073677567058099275 -0.034899019332304188 0.043683557601595695 -0.043329563000308463 -0.035657348028716028 0 -0.017247460257001031 0.045801777028840314 -0.0076528416914289467 -0.041668290267802985 -0.010918073421184326 -0.039853495560252264 -0.0034999704905696568 -0.050140172537823408 -0.0059602363322352591 0.039699843867959057
leaf_weight=26.257256241515279 25.46137896925211 147.33131694048643 13.046818077564238 104.40710883587599 47.483310356736183 2851.4773734807968 6.1907086111605159 26.739335302263498 11.777785632759331 3.1020586956292382 11.541559483855965 12.039611995220183 21.883128628134727 1234.9441374093294 19.683083446696401 107.33656766079366 2.3271403256803742 3.011297268792986 17.513775035738945 29.640893995761871 531.93240636214614 19.861649058759212 10.922697773203252 100.56514850631356 19.873914867639542 27.597605884075165 17.876889429986477 22.026174902915955 181.16492938250303 16.471975728869438 223.57486556097865 80.817030265927315 53.65609122812748 114.57020815089345 24.208825135603551 14.072182781994341 39.102219322696328 20.203725516796112 1667.3399085812271 1660.9300955254585 30.383850798010826 32.179435275495052 20.560003478080034 12.280611112713812 11.1902416087687 15.243395537137983 17.809042036533356 29.769597619771957 39.923774905502796 185.15571320056915 39.331628009676933 695.89758279919624 27.417403966188431 36.70328862965107 8.1099910121411067 14.856022592633961 49.498953849077225 1646.3958342969418 21.303527060896158 13.77812600135803 12.348475620150564 13.626474909484385 106.00211131386459 2.3980906512588254 64.757998812943697 35.229647099971771 34.72539659589529 4.2931040674448013 14.075340883806346 103.31810468435287 3.9118934795260421 4.0048376061022273 3.0613786801695815 5.0306640602648249 6.4117034152150145 69.699578592553735 2.8826891053467989 808.92158674262464 81.228318806737661 2.9772891961038095 28.668772578239441 26.910877719521523 5.0215627215802661 214.57343180850148 3.1397871617227784 6.125993873924017 2.4136501736938945 4014.038117999211 2.6111349314451209 24.915802009403706
leaf_count=181 153 819 106 3010 198 24945 180 128 62 109 144 58 109 5009 173 1057 77 106 97 153 4119 108 178 1130 109 171 178 162 1046 132 1173 570 269 911 923 356 1219 115 9573 10239 132 277 156 88 102 161 87 130 447 751 159 2818 119 159 115 183 207 6985 136 167 91 126 3442 100 733 148 307 139 381 501 90 119 108 174 212 2415 101 35558 2118 102 671 176 171 8328 143 261 102 202376 95 165
internal_value=-0.000587759 0.0196526 -0.0428729 -0.046105 0.00826273 0.0561755 -0.0471154 -0.00166139 0.0036505 -0.0115166 -0.00759873 0.0570132 0.0136932 0.0163101 0.000738454 -0.00316013 -0.0488223 -0.0306156 0.00165112 0.0101528 0.00481118 0.00769139 -0.0220463 -0.00656212 0.0147998 0.00709918 -0.00435236 0.000345214 0.00289674 -0.00160792 0.00436036 0.0125514 0.028293 8.42323e-05 -0.0202361 -0.0162724 2.87554e-05 0.0334428 0.00665434 0.00320726 0.0112362 -0.0236234 -0.00443534 -0.0106547 0.0143706 0.0350555 0.0196606 0.00962599 -0.0105627 0.0142973 0.0121912 0.0173062 0.0321774 0.0191997 0.0106315 0.00284489 0.00900157 0.00935755 0.023611 -0.00390056 0.00163653 -0.0167507 -0.0356592 -0.0425739 -0.0182899 0.0221422 -0.0095498 0.000732475 -0.0235805 0.0371835 -0.0273391 -0.0381051 -0.0397085 -0.0371705 -0.0277631 -0.031136 0.00340695 -0.0430697 -0.029815 -0.0141066 -0.0312415 0.0365762 -0.0404671 -0.0409929 -0.0500922 -0.0289998 -0.0432301 -0.0501161 -0.0430467 0.0572541
internal_weight=18225.1 12325.8 5899.31 5469.91 9397.3 2928.47 5353.64 429.407 5083.8 359.826 370.893 2888.43 4313.49 2475.48 239.363 219.68 4848.53 505.108 226.51 1838.02 4723.98 1882.33 144.383 207.902 2202.11 1842.27 178.467 116.265 2841.64 695.154 2146.49 261.982 273.362 646.503 198.477 171.657 53.1744 40.0654 1814.67 1884.5 52.267 48.6514 103.219 81.1925 43.56 58.5138 33.0524 1808.38 134.907 2155.33 1274.28 881.053 221.095 64.1207 19.6516 32.3698 1725.66 1695.89 48.0429 40.0354 52.2723 68.9119 120.463 829.027 82.6349 82.713 55.2854 7.39516 118.482 156.974 124.732 113.068 109.063 306.631 84.0246 76.1113 7.91335 813.733 113.809 15.294 109.897 46.7848 222.606 219.595 4019.51 9.10328 811.335 4017.18 26.82 2876.39
internal_count=342387 79240 263147 257335 53724 25516 256390 5812 35592 6339 5411 25168 18132 10311 2422 2249 238899 17491 2095 7821 29253 10786 3316 2187 9022 10563 1831 945 18467 5439 13028 1616 1289 5030 5984 4966 1575 223 10392 11412 241 409 839 677 382 401 248 7668 1449 8737 5168 3569 1048 278 259 280 7322 7192 264 348 538 589 3917 36303 911 346 463 248 3391 770 3057 3669 3550 11507 2902 2627 275 35760 2879 543 2789 285 8605 8499 202596 363 35660 202519 1018 25110
is_linear=0
shrinkage=0.05


Tree=38
num_leaves=99
num_cat=0
split_feature=90 103 44 19 0 44 2 21 23 92 113 21 54 65 67 3 3 103 19 52 67 95 96 113 48 65 54 53 86 49 99 65 82 86 54 90 0 108 0 95 76 69 69 65 108 95 32 86 102 2 71 2 105 19 102 84 96 109 96 0 82 103 77 95 49 94 96 15 49 95 82 86 115 107 103 77 94 3 50 32 53 21 54 76 103 21 77 108 23 34 67 17 46 46 84 96 50 67
split_gain=5839.84 1979.5 309.14 111.522 105.082 53.8949 51.7039 39.4616 32.8487 28.4803 24.5201 15.5812 14.3641 13.7842 13.2415 12.2828 11.7659 10.8783 11.3555 10.7964 11.1666 10.6062 9.67582 9.545 8.74302 8.60605 8.41906 9.10592 9.01944 8.1469 10.1277 8.12648 8.11781 8.10222 8.08215 7.96638 8.68254 7.84667 7.62389 7.59462 7.2742 6.98582 9.02915 7.88497 6.95314 9.48669 7.6061 6.92576 6.76487 6.47744 10.6918 8.24366 6.47485 6.4064 6.20638 6.02511 7.66764 5.87626 5.77827 5.64012 5.56822 5.44415 5.2742 5.19086 6.9447 4.5241 5.85372 4.51069 4.5021 4.25131 3.88951 3.81231 3.51877 3.42862 3.16202 3.1103 2.86831 2.79635 2.47873 2.79269 2.32487 2.23977 2.21606 2.11507 2.0401 1.84137 1.6107 2.3568 1.59259 1.77011 2.25822 1.33019 0.713661 2.42519 1.08081 0.603937 0.419835 0.242383
threshold=6.5000000000000009 0.038043830543756492 0.10551619529724122 21.500000000000004 2.3502402305603032 0.074271079152822508 1.7286864519119265 24.500000000000004 2.5000000000000004 2.5000000000000004 3.1008874177932744 50.500000000000007 1.708597004413605 12.229402065277101 11.074831485748293 0.55730837583541881 1.5906476378440859 1.3532662987709048 5.5000000000000009 0.8896499276161195 10.142803668975832 8.5068860054016131 0.23166368901729587 -8.6536464691162092 0.048285657539963729 9.1066455841064471 1.152680575847626 0.38529014587402349 0.49509803950786596 0.19999996572732928 5.7570388317108163 10.412520408630373 1.0000000180025095e-35 0.72077924013137828 1.3270978331565859 3.5000000000000004 3.979637980461121 9.088902950286867 1.4978661537170412 6.4354128837585458 16.500000000000004 7.7652277946472177 7.1276369094848642 10.506482601165773 10.550339698791506 6.8149764537811288 17.500000000000004 0.42740046977996832 2.3060789108276372 1.0286595821380617 8.3511557579040545 1.1442832946777346 1.5821174979209902 9.5000000000000018 11.2949595451355 0.39433813095092779 0.18834459781646731 0.076630230993032469 0.29478609561920172 2.1383330821990971 8.5000000000000018 1.658801317214966 22.500000000000004 7.5858042240142831 0.26323576271533972 11.455805301666262 0.35678926110267645 7.5000000000000009 0.12499998882412912 7.3722753524780282 10.500000000000002 0.33205129206180578 0.00040911308315116918 0.87327080965042125 1.0180123448371889 9.5000000000000018 11.262064456939699 1.1696505546569826 0.38961027562618261 43.500000000000007 0.66786572337150585 56.500000000000007 1.21244353055954 68.500000000000014 1.4760743975639345 28.500000000000004 1.5000000000000002 8.5713205337524432 4.5000000000000009 67.500000000000014 13.439137458801271 13.500000000000002 0.21799691766500476 0.21452540904283526 0.94444444775581371 0.44334760308265692 0.49450543522834783 10.209087848663332
decision_type=2 2 2 2 2 2 2 2 2 2 2 2 2 2 2 2 2 2 2 2 2 2 2 2 2 2 2 2 2 2 2 2 2 2 2 2 2 2 2 2 2 2 2 2 2 2 2 2 2 2 2 2 2 2 2 2 2 2 2 2 2 2 2 2 2 2 2 2 2 2 2 2 2 2 2 2 2 2 2 2 2 2 2 2 2 2 2 2 2 2 2 2 2 2 2 2 2 2
left_child=1 5 6 41 7 29 12 13 38 24 19 14 22 26 -8 72 35 18 74 25 -21 -13 44 53 37 33 27 28 -3 -1 -31 32 -27 61 54 36 82 58 91 -40 -33 42 43 67 63 -46 -47 -39 -35 86 77 -52 -29 -7 -19 56 -28 -20 -9 -57 62 -6 -16 64 -2 81 -67 69 -11 -4 -65 -62 80 75 -18 -70 -23 -51 79 -10 -14 -41 -12 -43 -22 -26 87 -24 89 97 -91 -5 93 -93 -94 -75 -88 -80
right_child=2 4 3 8 10 23 11 9 78 68 16 21 15 -15 60 -17 17 34 57 20 84 76 49 -25 85 31 55 52 -30 30 -32 40 -34 48 -36 -37 -38 47 39 65 -42 83 -44 -45 45 46 -48 -49 -50 50 51 -53 -54 -55 -56 59 -58 -59 -60 -61 71 -63 -64 70 -66 66 -68 -69 73 -71 -72 -73 -74 95 -76 -77 -78 -79 88 -81 -82 -83 -84 -85 -86 -87 96 -89 -90 90 -92 92 94 -95 -96 -97 -98 -99
leaf_value=0.056936081735968772 0.010129385377008106 0.030883722175376632 0 -0.0058662376053851776 0.012823741097346764 0.04324750960991991 0.035920277140888267 -0.01966529881567931 0.014160741309129346 0.012500416533649051 0.050122293647466488 0.052519224213330051 0.00010860676120763556 0.046430502222473573 -0.017792263456517746 0.05801487657420995 0.048904594509883804 0.012092989562432394 0.010159886309591025 0.0031131485139959075 0.053146621218779347 0.0018596081051894201 0.010669236135589583 -0.019337422213682343 -0.0024631997147260419 0.015614330421159657 0.0243212806980274 -0.0030210356147564212 -0.0022362028475856996 0 0.055538728485910419 -0.0024343968940370199 0.0015746126002845117 0.0029806303266001234 0.037712424882875156 0.006927399095119597 0.010290278119562658 0.0042924729100718628 0.025720720010987404 -0.034499235794919203 0.015808638494726003 -0.040282439640113014 0.039358406677392259 0.025696389261115751 -0.031395575292163511 0.061339219276897283 0.0021384991755425005 0.044671458664845932 0.026632687224538279 -0.016235179274437381 0.058483458047849914 -0.0059025337894173724 0.0038772899992563677 -0.0021245652680269927 0.032102246785228002 0.010143199319120064 -0.0099577305835311606 0.023530993080646264 0.014406695148645607 -0.014027558128402298 -0.038191128437256236 0.0075035142453271824 0.019156759267673809 -0.031924015145011989 -0.020239083606686661 0.038787534598781495 -0.030599483750893053 0.0087914893158839592 -0.032957394524545353 -0.029986063472269831 -0.0041498471568499245 -0.0017113892199119313 0.017081388483871644 -0.030820675902048202 0.028824972373940935 0.023823999025186341 0.026852994057383579 -0.04398398835384297 -0.017557239315089256 -0.037089811213900425 -0.039038034369421083 -0.0085813043394643157 0.029593420493071676 -0.0085710160075079637 0.028042123022884408 -0.042771141323046498 -0.030623985540681249 -0.032160405552262752 -0.050467781655675982 0.016181556944816541 -0.034157511899218104 -0.03621044760448662 -0.04339889588608635 0 -0.0099297054339479371 -0.047615564893803211 -0.04449357067532262 -0.047356240393296903
leaf_weight=2717.8684744983912 33.314980320632458 56.573989283293486 19.039721462875605 3.6905168648809186 989.18220443278551 15.611472778022291 19.591111443936825 49.901930222287774 3.3235184382647267 3.1729164198040953 58.051783740520477 34.076573740690947 5.9754989594221168 16.543227368965745 15.004937045276163 9.4945252668112499 36.436997592449188 1394.0848418921232 160.70825907588005 30.622913792729378 24.762419626116753 23.155609466135502 4.3455801177769882 22.117562966421247 4.3476073853671577 117.20469254255295 15.759324751794336 386.46941611357033 30.687544763088226 15.986608400940897 15.311535343527792 65.900593839585781 799.90885865688324 40.403853446245193 32.389388144016266 31.483648270368576 27.681762665510178 53.874534936621785 4.5001317989081135 258.76804665662348 285.65944754332304 9.9312542825937271 15.033321918919681 19.849777368828654 8.3770320806652325 8.04962324537337 13.688694335520266 12.094696478918193 137.65777683258057 21.014019098132849 4.552903056144717 25.836068479344249 2695.6221336461604 13.287412336096166 39.668921992182732 105.52997261658311 278.98713415302336 184.45744541287422 14.870379293337463 29.488464646041393 18.330758165568117 981.98275914788246 21.555884689092636 54.889640415087342 39.150594430044293 4.1670706700533611 5.0334777440875769 22.265214081853628 3.2052137665450564 27.126224173232913 17.986424604430795 12.37210478261113 7.9140196722000828 24.295626489445567 81.355950757861137 3.3771422859281301 23.785089451819658 23.368459019809961 4.0452004168182603 4.4825906548649073 6.9201219733804464 10.889953330159186 32.821456149220467 13.627359600737691 25.848626852035522 14.260428722947834 34.986571181565523 5.6249823458492756 3092.8200944866985 2.4571597315371028 3.5698952041566372 54.020040476694703 504.59962141141295 4.8041131645441046 4.2329113669693461 61.792154734954238 50.873284336179495 1003.5924104340374
leaf_count=24834 552 330 152 133 4346 82 143 592 115 83 293 193 43 113 132 73 180 5690 685 128 128 143 153 188 152 519 92 2655 184 99 107 358 3699 170 132 144 116 659 116 9389 1393 111 145 173 125 132 261 150 577 514 142 591 17892 140 163 813 1980 809 250 167 192 4289 176 1176 648 116 179 197 127 220 375 120 68 866 345 129 120 487 169 153 159 332 193 134 127 543 1128 222 164006 106 149 2278 22720 210 181 2569 1931 51212
internal_value=-0.00061824 0.0187791 -0.042707 -0.046532 0.00782219 0.0556862 -0.00684493 0.00147702 -0.0477136 -0.0178671 0.0122105 0.0161054 -0.0171314 0.00279845 0.0011829 0.0151162 0.0165205 0.0154376 0.0221707 0.00964067 0.0275906 0.0316695 -0.0200371 0.00441593 -0.00403381 0.00919921 0.00257586 0.00346816 0.0192827 0.056631 0.0284445 0.00590543 0.0034023 0.0111334 0.0132842 0.030087 0.0359906 0.000604934 -0.0385528 -0.0312827 0.0123648 -0.000160242 0.00543404 -0.0007926 -0.011545 0.00974692 0.027035 0.0126723 0.0213912 -0.028536 -0.0167388 0.00572745 0.003008 0.0229815 0.0126865 -0.00397044 -0.0079773 0.0174052 -0.0115432 0.00469485 -0.00935208 0.0101861 0.00362619 -0.0160794 -0.00622014 -0.032371 0.000924313 -0.00900561 -0.0389262 -0.0178053 -0.0254255 -0.0245661 -0.00659305 -0.0409642 0.0356569 -0.00357304 0.0151697 -0.0320238 -0.0495994 -0.0154295 -0.0220826 -0.0335427 0.0434169 -0.0239493 0.0416931 -0.0347371 -0.0372382 -0.0136675 -0.0496563 -0.0470996 -0.0131714 -0.0420495 -0.0422511 -0.0332606 -0.0431701 -0.0435989 -0.0395793 -0.0472728
internal_weight=17879.4 12239.3 5640.1 5095.87 9439.13 2800.18 544.235 3860.85 4969 245.193 5578.27 167.872 376.363 3615.66 86.8548 30.3042 2079.14 1929.1 462.959 3499.13 81.234 81.0173 346.059 51.0164 149.35 3417.9 3599.12 3169.35 87.2615 2749.17 31.2981 1268.67 917.114 2149.23 1466.14 150.039 118.555 130.742 854.706 283.359 351.56 126.873 103.314 88.2809 175.457 30.1153 21.7383 65.9692 178.062 170.602 74.7714 30.389 3082.09 28.8989 1433.75 429.765 294.746 345.166 64.7723 135.018 67.2637 1971.16 36.5608 145.342 72.4656 278.859 9.20055 68.4312 95.8431 46.1659 72.8761 30.7029 20.8096 92.6701 117.793 6.58236 46.9407 44.3825 4114.29 7.80611 12.8956 269.658 90.8732 23.5586 50.611 18.608 95.8304 9.97056 4106.48 1013.66 6.02705 571.347 567.657 58.8242 508.833 86.0878 85.8599 1007.64
internal_count=342975 80280 262695 252696 54830 25450 9999 30346 251564 6120 24484 1219 8780 24226 763 343 8750 8004 2019 15734 383 456 8437 410 2346 15351 24113 21061 514 25040 206 5969 4218 9382 5985 746 602 1651 35654 10132 1751 1132 887 742 3269 518 393 809 747 5168 1734 733 20547 222 5853 3052 2072 1494 842 980 620 8635 308 2751 1200 10016 295 569 3774 372 1551 312 270 3691 525 256 263 1001 215910 268 202 9721 486 245 255 695 3434 375 215642 51636 255 25522 25389 2488 22901 3435 3059 51381
is_linear=0
shrinkage=0.05


Tree=39
num_leaves=124
num_cat=0
split_feature=93 103 21 96 48 34 44 2 44 2 54 15 21 107 1 11 2 95 63 54 71 114 93 77 113 103 101 38 4 103 34 113 71 67 65 49 50 95 54 9 96 63 94 113 65 40 2 52 2 69 44 111 111 76 67 9 67 103 71 53 2 63 63 112 49 95 65 54 103 115 74 19 53 2 50 107 95 96 49 44 94 53 115 95 82 90 44 80 105 53 90 48 52 61 112 21 103 44 53 95 112 107 101 65 71 53 71 61 105 94 96 94 95 69 67 40 101 40 2 9 19 2 2
split_gain=5344.12 1994.08 298.139 97.4182 96.6933 70.787 52.5378 28.7127 25.1207 24.3299 15.2478 14.3748 12.7413 12.21 11.7382 10.6385 10.3142 9.85413 11.3834 11.1378 17.5146 11.8427 8.95139 8.90153 8.40812 8.35841 9.08505 7.95838 7.94312 13.2853 8.13935 7.92417 10.3347 7.77997 9.52944 7.67779 7.15364 7.14124 7.53147 7.03994 6.95423 6.85382 6.95638 8.70382 8.15728 6.68672 6.29118 8.00946 6.62271 6.21807 6.19077 7.38745 7.1435 6.03946 8.2253 7.16371 6.02289 5.75936 6.80693 8.62615 5.66326 5.60006 8.08876 5.42169 5.35293 5.13481 6.70496 7.22036 6.21965 4.89544 7.23394 4.80991 4.77792 7.41894 4.49681 4.47007 7.17513 5.20319 4.29603 4.1865 4.13684 3.92547 3.87765 5.97912 3.77921 3.70763 3.61705 3.46053 4.16736 7.33751 3.3165 3.20831 3.09709 3.00341 2.99117 2.52905 2.49751 2.21055 2.05953 2.04996 1.72829 1.72499 1.55171 1.45238 1.27398 1.13986 0.996069 0.82591 2.78757 2.61487 0.832644 0.827667 0.709163 1.3441 0.865731 0.46116 0.274266 0.166863 0.179363 0.105981 0.0572218 0.0436451 1.37254
threshold=3.5000000000000004 0.038043830543756492 23.500000000000004 0.1695402339100838 0.033445188775658614 21.500000000000004 0.040408162400126464 1.9566345214843752 0.10551619529724122 1.4489225745201113 1.4205262660980227 3.5000000000000004 52.500000000000007 1.1227928996086123 25.500000000000004 2.5000000000000004 0.42466211318969732 5.3539414405822763 9.3952150344848651 1.1856158375740053 5.999103546142579 -4.3618483543395987 2.5000000000000004 71.500000000000014 -8.8103542327880842 1.6187107563018801 7.0420849323272714 19.500000000000004 2.5000000000000004 0.74020570516586315 6.5000000000000009 3.1258316040039067 7.1746809482574472 7.9770038127899179 7.3920841217041025 0.26978904008865362 2.8571416139602666 10.040997028350832 1.9534855484962466 66.500000000000014 0.32955697178840643 9.3640551567077654 6.8277537822723398 -8.6891174316406232 9.3194808959960955 10.500000000000002 1.1442832946777346 0.74961772561073314 1.3440098762512209 8.7297210693359393 0.12467616423964502 -8.3745760917663556 -8.3839979171752912 61.500000000000007 9.7133603096008319 82.500000000000014 9.4787564277648944 1.5703029632568362 8.4711389541625994 0.38529014587402349 0.81608760356903087 8.6662201881408709 9.7051758766174334 -14.336875438690184 0.14285712689161303 8.7825942039489764 11.574327468872072 1.1342341899871828 1.5519902706146242 0.00045546445471700286 2.5000000000000004 29.500000000000004 1.4175170063972475 0.45304960012435919 2.5105034112930302 1.9443696141242983 7.7163739204406747 0.2674796879291535 0.24999995529651645 0.43050193786621099 10.352912425994875 0.59290647506713878 0.00036523134622257208 11.049561500549318 3.5000000000000004 3.5000000000000004 0.067117117345333113 1.0000000180025095e-35 1.793155372142792 1.0547452569007876 6.5000000000000009 0.16233107447624209 0.85825893282890331 10.237917900085451 3.4864223003387456 34.500000000000007 1.229908883571625 0.074271079152822508 0.53033089637756359 7.2887296676635751 -0.26312226057052607 1.7558024525642397 1.8058264255523684 10.737875938415529 6.6833648681640634 0.50373134016990673 9.0670313835144061 3.7976217269897465 2.9025779962539677 8.5066537857055682 0.22401433438062671 12.25082588195801 9.6627740859985369 6.4923710823059091 11.179306507110597 10.500000000000002 2.1276361942291264 23.500000000000004 1.8293986320495608 84.500000000000014 85.500000000000014 1.2097382545471194 1.258497476577759
decision_type=2 2 2 2 2 2 2 2 2 2 2 2 2 2 2 2 2 2 2 2 2 2 2 2 2 2 2 2 2 2 2 2 2 2 2 2 2 2 2 2 2 2 2 2 2 2 2 2 2 2 2 2 2 2 2 2 2 2 2 2 2 2 2 2 2 2 2 2 2 2 2 2 2 2 2 2 2 2 2 2 2 2 2 2 2 2 2 2 2 2 2 2 2 2 2 2 2 2 2 2 2 2 2 2 2 2 2 2 2 2 2 2 2 2 2 2 2 2 2 2 2 2 2
left_child=1 6 25 7 8 16 78 14 10 12 87 -8 22 92 28 93 33 19 23 21 -21 -18 40 -19 -20 39 53 31 29 -3 -30 32 -15 34 36 37 -5 81 -39 -2 -7 42 74 44 -44 -31 101 48 -48 79 51 -35 -52 61 -55 -56 -49 58 59 -11 71 -27 -63 -32 -29 66 67 -62 -68 70 -41 103 73 102 84 77 -77 -59 -1 119 -60 -12 83 -67 -28 -33 -24 88 96 -90 116 -36 -9 107 95 100 -4 -37 -84 -13 -95 -16 -71 -10 115 -106 -97 108 -6 -110 -109 -112 114 -114 -89 -73 -74 120 -119 -43 121 -17 -123
right_child=2 3 4 5 15 9 11 13 60 57 35 99 -14 27 46 117 17 18 24 20 -22 -23 86 -25 -26 26 41 64 30 45 63 85 -34 50 91 97 -38 38 -40 69 -42 49 43 -45 -46 -47 47 56 -50 -51 52 -53 -54 54 55 -57 -58 75 80 -61 65 62 -64 -65 -66 82 68 -69 -70 72 -72 104 90 -75 -76 76 -78 -79 -80 -81 -82 -83 98 -85 -86 -87 -88 112 89 -91 -92 -93 -94 94 -96 106 -98 -99 -100 -101 -102 -103 -104 -105 105 -107 -108 110 109 -111 111 -113 113 -115 -116 -117 -118 118 -120 -121 -122 122 -124
leaf_value=0.056478365479460779 0.01871055418795595 0.046441582197398606 -0.00012920821110534855 0.0066905915113079726 -0.042449039846224487 -0.020576499741768683 0.025940002329033152 0.026299749238781783 -0.017507231735256562 0.050413861982953702 0.018080256358844773 -0.0034231998483770774 0.050437435401074759 0.0030309659118835514 0.006511940515748685 -0.048329751448435848 0.022794468276608176 0.0062178341883047678 0.024264952588222536 0.0066087975783471007 0.062447190239814834 0.0057092902709345176 -0.010439547789908455 -0.00097270396447011716 0.0071780970590519608 -0.017024287178801185 -0.0020278614485834592 0.053228937286134481 0.020562959733440068 0.0091988539285480404 -0.025950280833428391 0.023704701521818146 0.027277111380754077 0.0003864507980203354 -0.043473858136461929 0.00069043038514151993 -0.021440716150816684 0.061424038019034788 0.0077042890690286027 -0.026940968152999251 0.011278946294465381 -0.046031355346015157 0.0092891524229621446 -0.010222108073492969 0.064842956548188196 -0.0098555733829234892 0.011726695820524788 0.010686697803841733 0.036615163888069208 0.010187143476582986 -0.00044858201150178059 -0.026630916552420381 0.0062340372111727186 0.057266154795165627 0.035912948656977216 -0.012454117925158796 0.019198455352388337 -0.0038392974861984012 -0.033310713670677956 0.0050655884878887305 0.021225611008809823 0.042156054698193279 -0.0083785085744401671 -0.0018299037878260823 0.015868204947466654 0.019825158527366077 0.066074302651305816 -0.027545118131633097 -0.011470290169769574 -0.00864492558345277 0.019364002817281581 -0.023246624841735324 -0.030000760448194524 0.016940315351636696 0.017975106451308499 0.02641500992321982 -0.016865797168267499 -0.038556582574230502 0.024594206128077445 -0.0019310218198096204 0.01066460371524342 -0.020565410189546041 -0.0072824701334363627 -0.033978298954154981 -0.029619880796945469 0.0026064498332108877 -0.035769908830016357 -0.012548176207766958 0.016421385627409635 -0.037513532736745965 -0.010701016166631624 -0.015312420421537964 0.056615017433522055 0.017029482392535506 0.020422624123079804 -0.0012904063351308337 -0.044908859902351744 -0.037165393702325432 -0.036121733016311955 -0.038221564610560303 -0.023680537476649006 -0.011618649912085168 -0.038479595906492192 0.024135863743094382 -0.011375417825269702 -0.04594726564984284 -0.04275747065590349 -0.0058791820041918285 0.026652717194670602 -0.021006747501856882 -0.044137314119801256 -0.006724119662089089 -0.02967976554322431 0.0064069411638491246 -0.046968017956058358 0 -0.052693899449624305 -0.050735878193472556 -0.011307211020895221 -0.024411709199520931 -0.011638465091330126 0 -0.038492930128317261
leaf_weight=2612.0108659043908 16.018960965797305 22.428420145064592 4.9442710094153872 76.295687198638916 14.097959611564876 95.963205140084028 29.805300936102867 20.159436151385307 2.5567633789032689 14.785632498562334 12.550108728930356 7.431748220697048 4.0671255718916646 154.66196510195732 23.979729667305946 1178.465595940128 121.94506904855371 747.74661372043192 96.960041677579284 32.833255730569363 24.220237983390689 599.20349873043597 18.331442344933748 1006.1746635567397 288.0241838619113 17.351406859233975 38.360082615166903 27.827674210071564 32.178694263100624 2306.3150174580514 27.77962838113308 340.53836189210415 60.822228785604239 64.882008876651525 19.674052529036999 6.0524659305810911 30.287256889045238 13.729078622534873 13.11204621940851 12.412864932790397 19.341537302359939 14.142304591834547 14.977452404797079 13.980130536481736 12.095128724351524 45.308832101523876 45.875060170888901 589.44574153423309 76.197235956788063 13.503253703936933 884.56388448551297 39.203153803944588 724.29238414764404 16.251885712146759 13.85306282900274 13.727682119235395 337.91333903372288 25.48017568141222 10.321863275021316 32.224329985678196 7.6558143831789485 14.545571183785798 14.293952429667113 121.04315348528326 18.1717808842659 8.5075151976197976 3.3208326939493409 45.754432549700141 4.4124126452952623 9.8747050166130084 19.86573276296258 3.3805883955210438 16.140806399285797 15.747611422091721 15.14169782400131 16.866445623338223 18.379820419475436 18.743211837485433 14.951555527746676 11.688711060211061 8.2771435528993589 10.844098549336193 8.3458373043686134 9.0735061448067409 17.688691753894091 23.737715259194374 163.94669977575541 4.5492294300347629 19.466664401814345 7.5173853747546664 14.282953837886451 27.628384485840797 29.043239042162895 3.8783505018800497 2.2256009001284829 2.2468709945678738 9.7477732151746732 6.9818715341389179 124.16475076414645 12.743220888078211 3.4768342245370212 24.996379628777504 11.296008219942449 2.7048058789223433 4.4271012153476468 100.73836925625801 14.832720292732118 2.5406364258378735 2.5688226018100959 7.9993305746465921 672.7080330196768 2.7034547124057999 4.5385018326342097 3.0772664323449135 15.599432704970239 2.7975159045308828 12.82907912135124 2477.8315110187978 1.9254575818777073 10.498748155310748 1.9349126107990731 2.7591373678296787 5.412817744538188
leaf_count=24908 121 104 125 488 614 2091 158 106 109 79 91 78 32 668 102 64781 608 4155 603 162 127 2945 400 5437 1763 141 288 179 133 10033 116 1496 303 471 128 56 197 130 83 106 314 132 122 124 126 700 188 2463 313 122 6512 294 5133 123 110 132 1409 267 118 391 259 121 143 818 89 298 114 1585 151 116 180 137 140 138 122 166 219 216 89 98 106 137 277 334 157 110 6465 144 454 190 158 187 169 176 99 106 242 163 4549 192 159 101 114 118 176 4459 690 103 113 353 32415 125 122 100 477 120 98 137970 87 132 98 151 285
internal_value=-0.000873245 0.0172185 -0.0431247 0.00653243 -0.0464622 0.00193746 0.0553488 0.0120803 -0.0245003 -0.0170595 -0.00596602 0.00421688 -0.0251184 0.0215667 0.0103168 -0.0487508 0.00371829 0.0055754 0.00381044 0.0103969 0.0314765 0.00865352 -0.0264322 0.00208982 0.0115848 -0.00047854 0.00477997 0.0195616 0.00844014 0.00921015 -0.00159737 0.0178526 0.010062 0.000808878 -0.00989531 0.011551 -0.00139747 0.0204536 0.0373312 -0.0108106 -0.0150711 -0.00225745 0.00453925 0.0205949 0.0365599 0.00882143 0.0146558 0.0154738 0.0275988 -0.0174464 0.00178416 -0.00992856 0.00255667 0.0173886 0.0304043 0.0120948 0.013825 -0.00014943 0.0106145 0.0206526 -0.0319113 0.00425985 0.0176037 -0.00661282 0.0396475 -0.0265042 -0.0135142 -0.0199834 0.0260706 -0.0152947 0.000855573 -0.0411608 -0.0218158 -0.00777074 -0.00481578 -0.00919151 0.00380612 -0.0195544 0.0563148 -0.0279783 -0.0139074 0 -0.031544 -0.00790677 -0.0114546 0.0223735 -0.0333829 -0.0219742 -0.0118105 0 -0.0329183 -0.0282065 0.0455369 -0.0427713 -0.0232013 -0.0285117 -0.0318649 -0.020642 -0.0344818 -0.0269884 -0.00183662 -0.00261371 -0.0264976 0.00302651 -0.0433499 -0.0447661 -0.0383852 -0.0434486 -0.0287862 -0.00672057 -0.0439027 -0.0440176 -0.0355014 -0.0153465 -0.0410664 -0.0139052 -0.0424778 -0.0499189 -0.0507161 -0.0391318 -0.0481854 -0.0482218 -0.0265376
internal_weight=17474.8 12236 5238.73 9559.09 4858.16 5230.66 2676.94 4328.42 460.55 446.729 132.71 49.9803 301.65 674.962 3653.46 4397.61 4783.93 2917.11 2138.91 778.202 57.0535 721.149 297.583 1753.92 384.984 380.568 252.1 625.76 2555.05 2374.05 181.001 579.76 215.484 1866.83 153.885 63.2697 106.583 50.2353 26.8411 128.469 115.305 162.076 112.243 41.0527 27.0726 2351.62 1098.41 1049.43 122.072 49.833 1712.94 104.085 1608.86 90.0236 43.8326 27.5807 927.359 145.079 65.609 47.01 327.84 46.1909 28.8395 148.823 45.9995 211.235 61.1435 53.4102 7.73325 112.45 32.2786 116.605 80.1712 36.9183 71.1905 79.4697 35.2463 44.2234 2626.96 36.3298 18.599 23.3942 150.092 17.581 56.0488 364.276 182.278 69.4405 41.6761 26.984 43.2528 47.3024 49.2027 729.279 26.6604 24.4348 14.692 13.0343 132.511 20.175 7.35518 48.9761 21.1707 5.26157 111.344 105.165 17.0796 702.618 24.6661 10.5682 677.952 675.411 27.7644 7.61577 20.1487 6.1781 28.9699 3668.33 2479.76 24.6411 1188.57 1186.64 8.17196
internal_count=341988 85099 256889 59674 253525 40074 25425 19600 15200 10864 2514 428 9302 3120 16480 238325 29210 15800 11958 3842 289 3553 9270 9592 2366 3364 2193 2845 11904 10837 1067 2577 971 13410 1000 660 685 441 213 1171 2405 1423 939 372 248 10733 4576 4373 501 484 12410 765 11645 770 365 242 3872 1562 694 470 12686 405 264 934 268 7567 2109 1844 265 1050 286 5119 764 368 567 868 385 483 24997 362 224 228 5458 632 445 1606 6865 1854 1011 644 396 315 275 34953 1230 1131 367 219 4826 270 335 203 230 227 4892 4635 796 33723 1080 466 32643 32540 843 222 621 257 238 203372 138057 264 65315 65217 436
is_linear=0
shrinkage=0.05


Tree=40
num_leaves=97
num_cat=0
split_feature=24 103 48 96 23 15 34 48 54 34 3 99 38 0 103 97 2 49 19 96 48 93 23 38 0 109 53 21 98 122 86 63 21 109 61 92 99 113 101 113 109 101 74 53 95 46 86 21 67 49 49 102 63 96 74 54 3 67 99 96 77 101 63 32 67 67 63 67 15 23 2 94 103 111 92 67 99 108 111 49 48 97 91 108 3 19 103 103 94 63 111 49 46 94 32 54
split_gain=5083.29 1868.4 254.016 85.3247 63.1648 62.9957 57.8681 32.6804 29.973 27.8349 23.8653 22.2565 14.99 13.5634 13.164 12.4223 12.3617 11.9249 11.2596 10.5598 11.332 10.2806 9.97553 10.5045 8.82202 8.51952 10.3186 8.31755 9.17678 7.82816 12.3006 9.38949 7.8198 9.18983 7.58073 6.61213 6.60848 9.59087 6.84813 6.58368 7.1244 6.5501 10.4471 6.34671 8.39082 6.02096 9.11157 5.61687 5.4938 5.39591 7.19803 6.41738 5.345 6.60296 6.21437 5.10574 4.93623 5.85831 4.91596 4.90495 4.86843 4.75158 4.43064 4.25364 4.24853 7.44596 4.14512 4.11483 3.94257 3.72326 4.39442 3.42183 3.33001 3.22509 3.79852 3.05617 2.82088 2.79138 2.57422 2.55308 2.45235 2.21183 2.08657 1.89845 1.78631 2.97375 1.66225 1.25156 1.09424 0.926339 0.893832 0.68347 0.67799 0.675822 0.460887 0.277973
threshold=7.5000000000000009 0.038043830543756492 0.020067113451659683 0.1695402339100838 2.5000000000000004 2.5000000000000004 21.500000000000004 0.04545454494655133 1.6845710277557375 19.500000000000004 1.6383027434349062 1.0000000180025095e-35 19.500000000000004 1.4978661537170412 0.97432249784469616 0.42582418024539953 0.54787325859069835 0.29986375570297247 118.50000000000001 0.24722222238779071 0.03846153803169728 3.5000000000000004 1.5000000000000002 6.5000000000000009 3.0677825212478642 0.00010293718878529036 0.58513575792312633 15.500000000000002 3.5000000000000004 1.0000000180025095e-35 0.39879518747329717 9.6571130752563494 49.500000000000007 0.22049517929553988 6.3453030586242685 4.5000000000000009 12.186209678649904 -7.4301917552947989 8.5805029869079608 -8.9251203536987287 0.73032090067863475 3.1313551664352421 7.5000000000000009 1.1633634567260744 6.9207653999328622 0.26194280385971075 0.22926223278045657 13.500000000000002 7.6809649467468271 0.071796756237745299 0.22222220152616504 1.0000000180025095e-35 10.117214679718019 0.33473390340805059 1.5000000000000002 1.0779351592063906 1.413210451602936 11.111373901367189 1.5314757823944094 0.23166368901729587 23.500000000000004 1.6124329566955569 9.202665328979494 28.500000000000004 11.229528427124025 11.111373901367189 10.893074035644533 11.649778366088869 7.5000000000000009 4.5000000000000009 1.8065174221992495 9.1398630142211932 1.056711792945862 -8.3900456428527814 3.5000000000000004 9.7133603096008319 11.292307853698732 8.0193119049072283 -8.3378229141235334 0.31345623731613165 0.02334665693342686 0.39565217494964605 12.500000000000002 4.8677268028259286 1.3904437422752383 27.500000000000004 1.4291607141494753 1.6903818845748904 10.494249343872072 10.975197315216066 -8.3480353355407697 0.19999996572732928 0.31777063012123113 9.9561057090759295 20.500000000000004 1.0693664550781252
decision_type=2 2 2 2 2 2 2 2 2 2 2 2 2 2 2 2 2 2 2 2 2 2 2 2 2 2 2 2 2 2 2 2 2 2 2 2 2 2 2 2 2 2 2 2 2 2 2 2 2 2 2 2 2 2 2 2 2 2 2 2 2 2 2 2 2 2 2 2 2 2 2 2 2 2 2 2 2 2 2 2 2 2 2 2 2 2 2 2 2 2 2 2 2 2 2 2
left_child=1 5 8 12 9 16 22 15 21 34 19 78 14 59 17 25 -1 49 87 20 -6 32 29 39 43 61 -27 47 -29 36 31 -31 33 41 -4 64 38 -38 -5 40 -24 66 -43 48 -45 71 -47 -26 -16 51 -51 -3 53 67 -54 -41 72 -58 -32 68 -20 -8 -36 76 65 -15 -2 79 -11 70 82 -35 -17 74 -55 -25 -37 -66 81 -23 -70 -7 -21 -56 93 -86 -85 -10 95 -90 -22 -18 -77 -61 -75 -9
right_child=2 3 4 6 10 11 7 88 18 13 -12 -13 -14 35 24 56 91 -19 60 69 90 52 23 75 27 26 -28 28 -30 30 58 -33 -34 45 62 63 37 -39 -40 55 -42 42 -44 44 -46 46 -48 -49 -50 50 -52 -53 54 73 83 -57 57 -59 -60 84 -62 -63 -64 -65 77 -67 -68 -69 80 -71 -72 -73 -74 94 -76 92 -78 -79 -80 -81 -82 -83 -84 86 85 -87 -88 -89 89 -91 -92 -93 -94 -95 -96 -97
leaf_value=0 0.001019099446156659 0.012629434769685303 0.028800583367615575 0.0067699638894121233 0.06290980548645568 -0.023912887969084494 0.0069443797167418235 -0.016725803273999348 0.050451699072238815 0.0072753740124477219 0.0062193879554133802 0.051780412190223002 0.050580083552488345 -0.016846457101934921 0.023187080079196776 0 0.05621286559101444 -0.00034200149656899174 -0.015699315891988593 -0.046290177869903762 -0.039658077972647643 0.019782718840116165 0.038600074472291808 0.002048482984265959 0.012894696033101222 0.01259211835969655 -0.017563877601183265 0.04746486801992876 0.0037304201234362741 0.00063119974718271006 -0.031717581017488845 0.029426685534217289 0.022006469656546703 -0.0071815767072607138 0.013204028750808981 -0.041589666287834975 0.050251396116601725 0.0097297259280362518 0.0023784691133007687 0.0022898573038785705 0.00073479503530357506 -0.0053502242340856907 0.060066093719791769 0.010576764069115417 0.032204239857004727 0.022860630350676953 -0.030834707238984068 -0.0068536066158906353 0.0052067972160473319 0.013981105279743895 0.043565798032118769 0.04761285303967977 0.015468542983077212 0.02371204682558576 -0.0034416737805883385 -0.0065331003611693627 0.049665506715542804 -0.031472300465394724 -0.0086536618482210403 -0.044498868499452164 0.020798953571130419 -0.039330334185371525 -0.031742660395198734 0.0063230008422473123 -0.037573846685254743 0.026965299290350117 -0.034347570792299213 0.047405188411308148 0.00036639655377044227 -0.050287556429983553 0.0097069824146566591 -0.042505780676485472 -0.03813444730991862 -0.044199706029692698 -0.022255969252416651 -0.037610829773081965 -0.010721677175174981 -0.018165641027696973 -0.03292172985811085 -0.027512278292711342 -0.032850340750038863 0.0051364330719445121 -0.017629728875527668 -0.022399424331392113 -0.03624396729030261 -0.0039715502677158954 -0.046439902685651041 0.026562902082685365 0.0063414905437188702 -0.028413544542021402 0 0.040019314697915268 -0.0093521040692739945 -0.037653034890116927 -0.013623913487213354 -0.047412955603796082
leaf_weight=9.9596517905592901 54.006796631962061 19.737552404403687 19.029268115758896 2464.0473535098135 3.2050850931555024 9.2607354912906867 6.663066633045676 3.9210817515850058 24.628990670666099 7.1672839559614649 18.98936958797276 14.273347243666647 24.027208171784878 36.660127198323607 43.439419761300087 6.0150483120232812 2492.3956945985556 42.769712254405022 16.285839822143316 919.26525065489113 6.0939220394939175 4.2225552499294263 20.635366920381784 6.4296033456921569 2363.5938110798597 97.701601909473538 38.107032937929034 34.366375625133514 19.213270708918571 226.29238254576921 30.771597232669592 31.003928046673536 26.333428218960762 10.925709646195171 7.8020861502736834 80.120080012828112 18.078194987028837 65.823960896581411 1404.0166474152356 391.02158959768713 29.713028492406011 11.698854450136425 10.262362303212283 381.72822494059801 50.736974306404591 15.049881378188731 13.563814625144003 35.025773331522942 1005.6169656179845 92.104526296257973 26.917590290307999 56.979673393070698 5.3120086826384059 5.891626236960291 4.9888221286237231 279.17562656663358 3.10712682083249 2.7799735758453608 95.954067276790738 336.96439417637885 17.144446782767773 18.408519364893436 11.86602460592985 4.8361120652407399 29.454261304810643 11.441163180395959 8.1749848350882512 5.4771272614598265 5.4937517233192912 2808.1501247175038 2.7750029042363158 26.910440415143967 43.276999672874808 9.6205470040440577 9.7945518530905229 24.283113744109873 10.511482747271655 75.521779729053378 15.846883159130813 4.1022196393460035 52.724121730774641 14.749884348362682 9.9718117341399175 17.66918645426631 27.759862584993243 10.940265588462351 33.487335981801152 18.444678088650107 2.2681350316852322 2.3027909975498915 2.0421002656221381 27.592918172478676 4.7102543842047444 164.6165415905416 4.6660849805921307 75.42679575458169
leaf_count=52 667 95 192 14257 52 75 113 181 144 178 171 105 152 1241 179 155 24836 189 120 51126 305 93 155 56 9657 1125 728 223 105 1296 194 191 152 128 76 3476 101 371 8240 3203 228 112 102 1707 271 187 194 143 4483 420 117 345 123 133 109 2377 104 98 552 16297 104 358 167 168 1016 407 105 108 149 164007 64 322 1268 291 286 562 446 2587 158 109 1723 195 423 481 1286 508 892 111 103 100 96 190 54 7880 138 3572
internal_value=-0.00048119 0.0169807 -0.0427991 0.00680646 -0.0459168 0.0547025 0.00264183 -0.018639 -0.00221197 -0.0338002 -0.0487689 0.00111102 0.0121525 -0.0356791 0.0119107 -0.00816833 0.0558438 0.0233499 0.0252115 -0.0490523 0 -0.00977679 0.00390262 -0.00138496 0.011206 -0.00100268 0.00395827 0.0130564 0.0324923 0.00482696 -0.00196265 0.00429011 -0.00229966 -0.00679082 0.00720959 -0.025433 0.00548974 0.0193072 0.00518008 -3.80885e-05 0.0171146 0.00408857 0.0266782 0.00812627 0.0132397 -0.0205003 -0.00252867 0.0125981 0.00599289 0.0285406 0.0212138 0.0391551 -0.0220454 -0.00799126 -0.0314681 -0.00137691 -0.0283046 0.0113867 -0.0146376 -0.0397941 0.0028216 -0.0269582 -0.0137683 -0.035922 -0.0185417 -0.00572365 -0.00417302 0.0189408 -0.0253518 -0.0491983 -0.0458303 -0.0332225 -0.0334382 -0.0210223 -0.00384615 -0.0273965 -0.038351 -0.0241577 -0.0180123 -0.00314736 -0.0296179 -0.00642297 -0.0460223 -0.0363693 -0.0414484 -0.0278581 -0.039201 0.0416847 -0.0448631 -0.0122148 -0.0317421 0.0560634 -0.0340337 -0.0423909 -0.0370903 -0.0463587
internal_weight=17194.3 12172.3 5022.06 9588.19 4663.4 2584.08 5391.93 299.978 358.662 892.909 3770.49 54.1309 4196.26 854.211 4172.23 216.059 2529.95 238.509 76.504 3751.5 11.3411 282.158 5091.96 755.969 3933.72 160.88 135.809 2452.2 53.5796 4335.99 384.022 257.296 176.926 150.593 38.6974 248.545 3951.97 83.9022 3868.06 720.546 50.3484 84.143 21.9612 1481.52 432.465 66.4498 28.6137 2398.62 1049.06 195.739 119.022 76.7172 105.232 43.7747 61.4574 670.197 55.1791 5.8871 126.726 605.666 33.4303 25.0716 19.6681 95.4677 153.077 48.1013 62.1818 13.8019 65.3852 3740.16 932.012 37.8362 49.292 29.9728 15.6862 35.423 90.6316 104.976 39.8575 8.32477 58.2179 24.0106 929.237 56.1453 540.281 38.7001 51.1565 43.0737 83.9188 4.57093 8.13602 2519.99 28.9934 501.581 14.2866 79.3479
internal_count=342691 83439 259252 57828 254041 25611 39742 7905 5211 37797 216244 533 18086 37362 17934 3949 25078 1166 479 216073 453 4732 31837 6635 16768 2324 1853 10128 328 25202 2233 1487 1969 1817 435 9341 22969 472 22497 5963 383 986 214 6640 1978 831 381 9800 4662 977 537 440 2763 1158 1605 5580 1625 202 746 28021 224 471 243 4090 5251 1648 772 310 2050 215620 51613 450 1423 848 419 672 3922 3603 428 202 1872 270 51549 1482 25971 1794 1373 255 3956 203 401 25026 616 24177 429 3753
is_linear=0
shrinkage=0.05


Tree=41
num_leaves=89
num_cat=0
split_feature=93 103 21 48 0 0 32 109 21 38 44 3 11 0 103 11 9 2 13 54 52 17 54 52 94 50 63 101 63 9 71 101 103 102 69 54 82 23 9 114 63 109 102 112 48 100 109 109 0 113 63 94 61 63 82 24 114 32 97 46 36 2 107 46 36 46 44 63 114 30 82 102 21 2 24 61 61 2 69 2 44 115 0 54 69 94 17 69
split_gain=4718.3 1831.75 270.476 91.9987 91.074 56.6479 45.4059 44.352 32.1814 26.0796 25.6842 22.1075 20.8713 18.6586 15.3533 12.3477 11.4611 10.1781 9.58492 8.91211 8.35615 8.3476 8.15343 7.78031 8.45608 14.2644 7.621 11.7159 7.71293 7.49482 8.77313 7.18121 10.4606 7.08398 7.03811 6.95592 11.0171 6.82975 8.31668 6.49537 6.40032 6.11042 7.21689 6.04253 5.95335 5.93708 5.67058 5.32534 5.32438 5.07322 5.04729 5.00291 4.96752 4.73319 6.53693 4.62123 4.40472 6.20959 6.67373 3.9789 3.4796 4.57334 3.40178 4.08861 3.03293 3.74684 2.99937 2.93775 4.03612 2.6351 2.62384 2.57869 2.5234 2.46371 1.72778 1.61313 1.18173 3.26835 1.81382 1.13706 1.11234 1.00513 0.999174 0.82999 2.04482 0.704225 0.527971 0.208109
threshold=3.5000000000000004 0.038043830543756492 23.500000000000004 0.033445188775658614 2.4414010047912602 2.9700856208801274 11.500000000000002 1.0000000180025095e-35 49.500000000000007 22.500000000000004 0.10551619529724122 0.67661738395690929 1.5000000000000002 3.3140207529067998 0.95897960662841808 2.5000000000000004 54.500000000000007 1.100502669811249 1.5000000000000002 1.9356906414031985 0.7813813090324403 13.500000000000002 1.1428570151329043 0.4301948100328446 9.6135730743408221 0.69767436385154735 9.3952150344848651 9.7771153450012225 8.6662201881408709 73.500000000000014 6.5691537857055673 7.3442118167877206 1.9562299847602846 7.2754423618316659 4.9908745288848886 1.1215816736221316 1.5000000000000002 1.5000000000000002 76.500000000000014 3.3807885646820073 10.573215007781984 0.015879334881901744 2.1696249246597294 -14.359207630157469 0.099865220487117781 0.68771570920944225 1.3206895589828493 1.3889415860176089 1.4978661537170412 3.2623090744018559 8.539743900299074 6.7184090614318857 10.142611503601076 9.9620757102966326 2.5000000000000004 6.5000000000000009 3.3181418180465703 10.500000000000002 0.79285714030265819 0.41000491380691534 4.5000000000000009 0.095820643007755293 7.2133972644805917 0.27785737812519079 12.500000000000002 0.30371430516242987 0.28423725068569189 11.018598556518556 3.3743889331817631 3.5000000000000004 13.500000000000002 10.447037696838381 14.500000000000002 1.5324124097824099 6.5000000000000009 9.2315440177917498 10.870642185211183 0.7267451584339143 9.6053838729858416 0.8632599711418153 0.089087303727865233 0.00033216469455510383 3.4498615264892583 1.0444663763046267 7.4218962192535409 12.25082588195801 40.500000000000007 3.69975757598877
decision_type=2 2 2 2 2 2 2 2 2 2 2 2 2 2 2 2 2 2 2 2 2 2 2 2 2 2 2 2 2 2 2 2 2 2 2 2 2 2 2 2 2 2 2 2 2 2 2 2 2 2 2 2 2 2 2 2 2 2 2 2 2 2 2 2 2 2 2 2 2 2 2 2 2 2 2 2 2 2 2 2 2 2 2 2 2 2 2 2
left_child=1 5 16 10 6 7 17 20 12 13 11 19 18 22 45 52 -2 23 39 -4 44 -20 35 24 51 -26 27 56 34 30 -24 32 53 -31 -29 43 -37 55 -39 -8 -10 49 -43 -6 69 -15 75 67 73 -16 -19 -3 83 54 -28 -25 57 58 -18 79 61 -58 64 -64 65 -50 76 68 -13 -1 -66 -30 -55 74 -12 -33 78 -78 -54 -14 -17 -76 -47 84 -5 87 -82 -85
right_child=2 4 3 15 9 -7 8 -9 40 -11 48 47 59 14 41 80 26 50 21 -21 -22 -23 29 37 25 -27 31 28 71 33 -32 46 -34 -35 -36 36 -38 38 -40 -41 -42 42 -44 -45 -46 82 -48 -49 62 -51 -52 -53 66 72 -56 -57 60 -59 -60 -61 -62 -63 63 -65 70 -67 -68 -69 -70 -71 -72 -73 -74 -75 81 -77 77 -79 -80 -81 86 -83 -84 85 -86 -87 -88 -89
leaf_value=-0.053804024121571065 0.042469486681440544 0.012142179607378565 0.046062774369732905 -0.033745218978269396 0.011814769981057566 0.055834864445906275 -0.001099728207854752 0.059841193520048325 0.049730997075909347 0.051637635738168 0 -0.022059524464279254 -0.043360173783653311 0.010495705041508867 0.026076124089347841 -0.0077276982936197065 -0.0089754576524012693 0.047943957972861558 0.017849866428959783 0.0016892508833429348 0.022359137399837262 -0.020834669295968545 0.010555060877721763 0.0025567534535323837 0.064746348866597164 0.0050710946860612303 0.029452277814003947 0.032594575609184467 0.059334090889048376 0.012069605732308303 0.024809029660195742 -0.045497399029466555 0.028874986401029291 -0.0061690483353008243 -0.01143303261692476 0.010929481912238109 -0.008986327053507992 -0.017306230778899211 -0.00068206921076115418 -0.039593092407421343 0.0073899566433435968 0 0.013272861848129272 0.0063840753398044393 -0.0019600095929632011 0.028181192891248846 0 0.022881625639314132 -0.0025207818313273205 0.0067446219651577759 0.0083544866282166813 0.0012046935460438748 -0.00064726725018838767 -0.037548132999333905 -0.018899079032369114 -0.021703898760758681 0.0016957013379647835 0.030807041059982884 0.022362033308940044 0.015065539236218898 0.0027289785847636541 -0.033072345667860083 0.042622415359323311 -0.023442027092671097 -0.035930356301562737 -0.027937884638310019 0.020140307479662445 -0.044152161815262353 0.01728338992607472 -0.015614994256267438 -0.0096112222820722015 0.021035794756136136 -0.0057309952394586933 0 -0.0015195208372842752 -0.016766801764173802 -0.025666329864759155 0.030926847605463149 -0.041062915401961532 -0.016614357617678242 -0.047629141898139014 -0.041266291177624155 0.047326659684632788 -0.030612387743494229 0.0094565999291753612 -0.0075134476359378106 -0.050572590920177851 -0.043484969825095365
leaf_weight=13.009073011577131 12.381346702575682 191.54807042330503 19.857716092839837 6.384022241458295 700.51541575789452 2376.0056395158172 188.49734500423074 31.98131025955081 19.769234612584114 36.818841099739075 3.0937799196690312 61.49673674441874 71.026515262201428 22.001587435603142 152.61128437519073 2.7444658502936354 95.531642951071262 16.64480272680521 13.494187835603951 25.36497232504189 11.708079559728501 218.85086341574788 253.87522717565298 2760.9653019700199 15.805835343897341 25.408854000270367 10.599064072594048 12.919186308979986 10.943952612578871 149.30306973680854 197.03259161487222 25.41507974639535 17.039806989952922 80.32434593513608 22.768012885004282 119.77362585067749 160.84691312909126 94.508538275957108 354.9527364205569 10.194016352295874 17.517266642302275 111.77202697098255 1171.1034160554409 2012.7715377993882 20.109430598095059 22.819006383419037 12.759749336168168 5.2864804565906516 27.810032380744815 47.111336201429367 17.156618811190128 233.85024786740541 4.1851999964565136 19.347494654357437 14.994387241080402 18.201755594462156 12.410792084410785 13.407361317425964 19.018639970570803 2.2987705040723077 16.949024435132742 30.870560804381967 2.9344633128494015 3.3980012387037277 77.85310191847384 31.970321143046021 2.9446983113884917 14.197655137628315 5.874311549589037 10.333373941481112 13.506580047309397 12.596833895891903 10.931361930444835 3.7569037228822699 2.2555664237588635 10.587945371866224 5.8479331154376251 2.3596997689455748 12.169648701325057 8.2207341119647008 985.13914630562067 143.859520111233 45.78980004042387 24.655517816543579 2.9056063313037157 2.781893962994217 2350.0655891690403 608.75884527340531
leaf_count=68 90 1241 139 314 2889 24729 2216 242 138 236 123 1594 3210 100 641 93 750 92 188 171 104 6320 1099 16707 86 178 85 100 92 864 895 253 162 449 191 514 717 780 2997 140 103 468 4863 8838 145 125 116 128 994 200 117 1499 207 159 164 163 112 160 147 41 171 246 110 130 2838 1201 140 366 158 164 417 115 151 118 98 108 289 111 604 351 59408 6724 283 1158 145 133 144155 31842
internal_value=-0.000825692 0.0159441 -0.0425334 -0.0459936 0.00603641 0.0543805 0.000610914 0.0143399 -0.0127791 0.0104262 -0.0241887 -0.00554618 -0.0160758 0.0101205 0.014687 -0.0483868 -0.00209002 0.00259237 -0.0115718 0.0222414 -0.0127508 -0.0184451 0.00815742 0.00233318 0.00836229 0.0296607 -0.00377763 0.00123725 0.0203764 0.013117 0.0168673 -0.013947 -0.00368321 0.00564777 0.00490842 0.00702074 -0.00043756 0.00145526 -0.00424576 -0.00340648 0.031152 0.0134274 0.0121157 0.00779561 -0.022864 0.0346331 -0.0285271 -0.0202594 -0.0320235 0.0216501 0.0293416 0.0061784 -0.0417633 -0.0142824 0.00127766 0.00238264 -0.00484716 0.000364496 -0.00346457 -0.0391233 -0.015821 -0.0231566 -0.0249112 0.00819518 -0.0264308 -0.0166281 -0.0187782 -0.0235385 -0.0181822 -0.0392644 -0.0323651 0.0417275 -0.0271888 -0.0389675 -0.0399648 -0.0383234 -0.0247184 -0.00610099 -0.0322039 -0.0410697 -0.0496999 -0.0407421 0.0418408 -0.0426815 -0.0198696 -0.0429514 -0.049728 -0.0430732
internal_weight=16861.5 12026.5 4834.93 4453.46 9563.38 2463.15 4278.91 87.1413 549.869 5284.47 442.516 132.078 512.582 5247.65 1573.21 4010.94 381.472 3729.04 431.036 45.2227 55.16 232.345 3674.44 3695.24 466.613 41.2147 369.091 247.416 59.228 680.535 450.908 121.675 72.9121 229.627 35.6872 2993.91 280.621 3228.63 449.461 198.691 37.2865 1482.6 1282.88 2713.29 43.4519 90.6104 48.7628 86.8552 310.438 199.723 33.8014 425.398 672.993 55.8723 25.5935 2779.17 188.188 127.958 114.55 81.546 60.2304 43.2814 157.473 6.33246 151.14 59.7804 27.5072 81.5687 67.371 23.3424 91.3597 23.5408 30.2789 152.966 149.209 36.003 24.5625 8.20763 16.3548 79.2472 3337.95 146.115 68.6088 645.486 9.28963 636.196 3335.2 633.414
internal_count=342480 85200 257280 253908 59748 25452 36567 723 12707 23181 15309 2556 12466 22945 6680 238599 3372 23860 8864 310 481 6508 16265 23651 3004 264 3282 2084 498 3307 1994 1198 721 1313 291 12958 1231 20647 3777 2356 241 6172 5331 11727 377 508 477 2246 12753 841 209 2740 34943 559 249 16870 1586 1057 897 3602 529 358 5690 240 5450 2195 1351 2118 1752 232 3255 207 310 7063 6945 361 1211 400 811 3561 203656 6822 408 33592 459 33133 203563 33000
is_linear=0
shrinkage=0.05


Tree=42
num_leaves=96
num_cat=0
split_feature=24 103 44 0 0 21 23 4 21 32 93 21 46 103 21 109 84 0 2 52 95 36 103 65 107 19 69 84 114 54 95 114 48 36 108 108 38 61 19 71 71 96 21 71 0 108 49 40 111 46 61 95 54 53 2 9 113 109 69 109 107 2 115 3 48 52 111 11 53 95 34 107 95 2 38 114 51 95 3 103 114 49 86 48 2 109 2 54 32 53 52 71 103 71 107
split_gain=4435.56 1750.95 256.981 81.7051 58.0661 56.9185 40.793 36.3465 34.7036 26.5183 43.7354 20.8851 16.3095 15.8107 13.3272 12.6788 11.9168 11.0898 10.4601 9.01524 8.31338 8.30228 7.90541 8.05434 7.45262 7.33941 7.24913 7.05647 6.86229 6.79733 6.74815 6.40219 6.32672 10.4264 6.20703 5.85945 6.11334 5.7007 5.64384 5.88894 6.38281 9.51532 6.23258 5.49879 5.42941 5.35379 5.34865 5.136 5.40589 5.04429 4.99048 4.97265 6.07376 4.76547 4.64611 4.64559 4.47457 4.27324 4.06413 5.13735 4.15421 3.61197 3.52985 3.52508 6.13063 3.44866 4.23163 3.19952 3.24289 3.11076 3.09598 3.01146 2.64166 2.54863 2.42195 2.21598 2.12878 1.97247 2.83369 2.23824 1.97032 1.84535 1.63612 1.62719 1.92612 1.62577 1.5812 1.53236 1.44821 1.10986 0.944437 0.856701 0.782593 0.671315 0.123578
threshold=7.5000000000000009 0.038043830543756492 0.10551619529724122 2.9700856208801274 2.9700856208801274 23.500000000000004 2.5000000000000004 3.5000000000000004 50.500000000000007 12.500000000000002 2.5000000000000004 16.500000000000004 0.2286924943327904 0.83212372660636913 51.500000000000007 0.0012389396433718505 0.28452381491661077 1.4978661537170412 0.8094465732574464 0.87555310130119335 6.6913886070251474 7.5000000000000009 1.056711792945862 12.197136402130129 0.56742721796035778 13.500000000000002 7.1276369094848642 0.096006143838167204 -4.7104036808013907 1.3931498527526858 6.6913886070251474 3.3290942907333378 0.03846153803169728 12.500000000000002 8.6090226173400897 7.7545266151428232 15.500000000000002 7.8227512836456308 40.500000000000007 7.7267827987670907 8.4121584892272967 0.2524509876966477 38.500000000000007 8.583989620208742 4.182021141052247 12.202736854553224 0.27030955255031591 4.5000000000000009 -8.3711452484130842 0.43599383533000952 4.7375571727752694 8.7825942039489764 1.21244353055954 0.71480709314346325 0.92968547344207775 76.500000000000014 0.88278895616531383 0.05138595029711724 7.4218962192535409 0.0052079341839998969 4.3412816524505624 1.929321348667145 0.00036157244176138198 1.3904437422752383 0.034582419320940978 0.90950042009353649 5.6451079845428476 4.5000000000000009 0.45534290373325353 5.9649665355682382 21.500000000000004 1.4311240315437319 8.4381794929504412 1.2324072718620303 4.5000000000000009 3.5989170074462895 0.67369118332862865 7.2068667411804208 1.2780329585075381 4.6848578453063974 3.3807885646820073 0.42857138812541967 0.42740046977996832 0.025641025044023994 1.8293986320495608 1.4411551356315615 0.40733428299427038 1.5724789500236513 43.500000000000007 1.0954451560974123 0.70924252271652233 8.493967533111574 1.3813360929489138 9.1338958740234393 0.98098626732826244
decision_type=2 2 2 2 2 2 2 2 2 2 2 2 2 2 2 2 2 2 2 2 2 2 2 2 2 2 2 2 2 2 2 2 2 2 2 2 2 2 2 2 2 2 2 2 2 2 2 2 2 2 2 2 2 2 2 2 2 2 2 2 2 2 2 2 2 2 2 2 2 2 2 2 2 2 2 2 2 2 2 2 2 2 2 2 2 2 2 2 2 2 2 2 2 2 2
left_child=1 4 8 9 7 49 18 -1 17 16 14 13 26 15 35 -5 19 70 63 24 -20 28 32 50 55 29 34 46 -18 44 -9 -26 33 -12 -10 36 -11 -37 39 42 41 -41 57 -42 -15 -30 -14 -32 -49 81 -24 52 -22 -44 74 -3 -28 -19 59 -51 -61 -36 -53 76 -65 66 -13 68 86 -40 -2 75 -63 -71 -23 -29 91 78 79 -72 85 -4 -34 88 -85 -79 -8 -78 -70 -66 -82 -7 -75 -73 -17
right_child=2 3 5 11 -6 6 67 30 12 10 22 65 27 25 -16 94 21 38 20 -21 51 54 23 -25 31 -27 56 71 45 -31 47 -33 82 -35 61 37 -38 -39 69 40 43 -43 53 -45 -46 -47 -48 48 -50 58 -52 62 -54 -55 -56 -57 -58 -59 -60 60 -62 72 -64 64 89 -67 -68 -69 83 73 77 93 -74 92 -76 -77 87 80 -80 -81 90 -83 -84 84 -86 -87 -88 -89 -90 -91 -92 -93 -94 -95 -96
leaf_value=0.058718165386241396 0.01199860643571035 0.0025749462398626586 -0.0036979666228257949 0.0038280644278488279 0.055436707298300858 -0.030287611684075344 -0.025437517329331735 -0.029119263649286693 0.0077573742963210485 -0.020969187063683108 0.080487920615262484 0.015480332267240849 0.035476001852549156 0.011528359531578696 0.052575929186341498 0.049066106417648608 0.025568088454996016 -0.0078042921583168076 0.025050707078908965 0.036593397551073319 -0.0058476771209499886 -0.013567523215489111 -0.020926472454537062 0.027929188503784869 0.0035723621236267312 -0.010959216303560195 -0.014457852443464004 0.021560456697153851 -0.00040232627479934777 0.032658967674230849 0.020809203871931102 0.0074621764282498783 -0.033271776693519793 -0.016460042643850592 0.063141266910252583 0.0067121019262470485 0.016570154519107712 -0.024092037170618572 0.0029458140852794837 0.027818490125194419 -0.038873341274840496 -0.022166703749752579 -0.014733507070784172 -0.0016858261514196484 -0.010681130988751076 0.022425642935149735 -0.017634486926209475 0.012012539768831518 -0.041359735886306724 0.038649602744822625 -0.044279730834807268 0.00066595757669179426 -0.030906794801993057 0.038031908175456458 0.0049896145609561954 -0.028467677247443552 0.025381635433881222 -0.036801054121219701 -0.014462731814107871 -0.018814524395268015 0.020235645741385838 0.044310206466629309 -0.035326205057686508 0.033378394980830187 -0.018065167528520221 0.051402396016029174 0.043385438850799096 -0.050358535552489196 0.0078836727615739215 0 -0.036727780355881604 -0.044209866039479594 0.015168566500371912 -0.018741207416176301 -0.040902350657050626 -0.022778593150715832 -0.044168425091187839 -0.038071046289815572 0.009156955638140056 0.0057291005284857395 -0.019477325763996453 -0.043444105043237147 0.0070153492118209884 -0.046611159773626287 0.00065578778474295152 0 0.021919902947017032 0 -0.032210371953670512 -0.040556986665026676 0.013787466803140892 -0.0057176912992795634 -0.046449529261356308 -0.013003433200031448 0.03439141272623427
leaf_weight=28.202323421835899 3.310134368017315 20.286895118653774 6.3409413229674083 30.11961941421032 2292.0582373738289 14.711020676419141 1.8928850991651405 23.001178635284305 20.112406998872757 49.356151346117258 3.5202394872903842 36.064154841005802 9.4703177474439162 2770.8779719620943 11.233769647777079 36.559934839606285 25.304663121700287 24.532601553946733 5.8615080565214148 21.024666246026754 46.475792359560728 19.738097073510289 39.513661272823811 3.686913799494504 2927.9576781354845 34.909237891435623 15.679863024502994 3.9438906107097882 1366.281031023711 37.270129218697548 20.221705490723252 1676.4967628214508 8.9000551328062993 5.0035057179629803 15.161933705210684 190.04359876736999 12.278616258874534 14.724964389577506 6.3305132687091819 35.645540231838822 10.708750938996671 11.33160108886659 7.2925081085413677 58.034795930609107 26.222778096795082 24.674844160676003 6.8361872285604468 7.9763293061405447 8.0586303342133743 13.931584421545265 87.071890089660883 6.4318686239421359 53.875987906008959 6.7846369724720716 13.167075542733071 25.639292793348432 10.396695844829081 30.33555855229497 13.392267560586331 11.557617194950582 12.665777487680314 17.858110189437866 198.24966643564403 2.8352106362581244 17.779396023601294 29.01605861634016 25.651972994208336 2341.3919108090922 2.9895421732217065 4.7888541780412224 10.858512459322812 13.227905372157695 19.421504661440849 8.2104628682136553 18.732562242075801 4.3044988457113504 334.2908632773906 72.187507009133697 6.9393490999937049 3.1487819869071236 2.7826132439076892 5.8878551423549652 2.225736064836382 1034.6422332068905 1.7003075908869494 2.9136302825063458 2.1579222707077861 1.9278074111789454 2.9887490812689066 16.293287424370646 2.5941384304314852 7.0192560181021681 17.188455283641815 4.9606718812137833 32.819233939051628
leaf_count=224 69 100 188 131 24923 742 112 144 144 529 105 188 110 11386 72 208 178 385 175 99 1864 158 1040 132 16630 146 178 91 9477 155 132 8849 443 138 148 1715 110 298 49 461 166 301 103 978 109 164 150 125 149 118 4055 230 2181 133 138 169 91 477 143 91 115 111 8706 123 874 217 146 150923 104 149 347 325 97 168 408 112 17873 2910 199 105 106 112 112 63619 60 116 126 86 106 823 100 348 340 93 180
internal_value=-0.000508763 0.015517 -0.0421071 0.00601906 0.053909 -0.046058 -0.046788 0.0135017 -0.00690148 0.00287162 -0.00914106 0.0127667 0.0136526 0.0120261 0.00260144 0.0315725 0.00371187 -0.0158695 -0.0356224 0.00494646 -0.0283575 -0.000211302 -0.0307631 -0.0351769 0.00478948 0.0113286 0.0247517 -0.0117033 0.00050928 0.0116123 -0.00877175 0.0049928 -0.000608539 0.0286341 0.032744 0.000174202 -0.0131164 0.0042894 -0.00934683 -0.00561474 0.00122793 0.0152422 -0.0170233 -0.0083276 0.011311 1.91701e-05 0.013039 0.00451586 -0.0154838 0.000644467 -0.0373985 -0.029534 -0.0196564 0.0112688 -0.0196193 -0.0148967 0.0015801 -0.0245661 0.00776709 0.0160738 0.00120438 0.0416593 -0.0341501 -0.0411882 -0.0240895 0.0363008 0.0279914 -0.0490943 -0.0461879 -0.0269901 -0.0292237 -0.0272032 0.0305602 -0.0334257 -0.0281634 -0.000497062 -0.0428156 -0.0308215 -0.014701 -0.0269078 -0.0345495 -0.0262189 -0.0245443 -0.0463613 -0.0465231 -0.0366226 0 -0.0439132 -0.0132638 -0.0303583 -0.00246716 -0.0236632 -0.0394089 -0.0378458 0.0431402
internal_weight=16630.5 12005.9 4624.58 9626.37 2379.52 4157.29 4093.52 87.4602 467.293 6566.86 427.559 3059.51 141.374 2968.78 277.637 99.4988 6139.3 325.919 705.752 4671.41 310.895 1467.9 149.922 130.272 4650.38 2869.28 98.6305 42.7435 1416.26 2834.37 59.2578 4604.45 19.6495 8.52375 72.554 266.403 61.6348 204.769 221.184 184.666 115.721 46.9771 68.9453 68.7435 2797.1 1390.96 16.3065 36.2567 16.035 63.776 126.586 305.033 100.352 14.0771 51.6377 45.9262 26.0766 54.8682 51.5472 38.155 24.2234 52.4415 204.682 394.857 36.9079 90.7322 61.7161 3387.76 1046.37 36.5183 104.735 26.437 37.2796 30.1878 38.4707 8.24839 357.949 101.425 20.9466 14.0073 80.4779 12.2288 11.1258 1042.32 1036.34 75.1011 4.05081 336.219 5.97829 34.0727 5.37675 21.7303 25.3989 18.1886 69.3792
internal_count=342836 83682 259154 57985 25697 249842 249075 774 9312 45119 8749 12866 1650 12315 2724 519 36370 7662 34025 25847 13156 10523 6025 5227 25748 11796 769 881 9819 11650 550 25479 798 243 500 2652 639 2013 3710 3004 1906 762 1098 1144 11495 9641 260 406 274 767 5095 12981 4045 236 704 269 269 862 467 324 206 356 8936 20869 1820 551 334 215050 64127 706 3952 621 208 657 566 203 19049 3883 651 452 3232 300 555 63889 63679 3026 238 17959 210 1697 206 1090 508 418 388
is_linear=0
shrinkage=0.05


Tree=43
num_leaves=94
num_cat=0
split_feature=15 103 44 0 15 19 19 11 93 2 2 2 0 21 94 103 108 97 0 67 95 19 48 105 67 102 34 82 103 52 67 91 34 61 114 61 91 111 84 2 95 108 114 103 94 107 49 63 113 105 74 97 107 96 95 103 52 52 67 48 44 69 95 95 77 111 44 52 50 21 111 111 108 51 69 13 113 71 5 107 69 97 103 2 95 49 44 94 67 32 82 0 17
split_gain=4208.49 1656.51 235.372 67.4111 64.057 60.0506 50.26 36.6156 30.9625 29.7614 20.418 17.1833 15.8512 17.2619 15.7081 13.4437 11.334 10.6515 10.1159 7.99203 7.9267 9.24864 7.23924 7.08206 6.98701 7.37303 6.68821 6.50558 6.94687 6.44494 6.31481 8.05952 6.75016 6.1758 19.8142 6.64581 6.35495 8.51167 6.07587 5.93964 7.22536 5.92547 5.79563 8.70304 5.33897 5.32265 5.62629 5.0374 5.41224 5.27597 4.98827 6.54651 4.90508 5.2948 4.75745 4.61071 4.47257 4.15665 5.7073 4.04852 4.04701 3.93636 4.38107 3.88035 3.76709 3.70813 3.66446 3.58047 3.03695 2.71884 2.70653 2.55607 2.41883 2.21422 2.14989 3.63779 2.03491 1.9559 1.8417 1.768 1.52321 1.50323 1.42991 1.42646 1.29685 1.27138 1.08689 0.904854 0.803199 0.487149 0.337351 0.112319 0.0122753
threshold=7.5000000000000009 0.038043830543756492 0.10551619529724122 2.3502402305603032 2.5000000000000004 21.500000000000004 19.500000000000004 2.5000000000000004 2.5000000000000004 1.0172105431556704 2.1701493263244633 0.54787325859069835 2.9700856208801274 16.500000000000004 9.2357168197631854 1.0180123448371889 7.9718589782714853 0.37797619402408605 1.4978661537170412 11.074831485748293 7.1176109313964853 31.500000000000004 0.03846153803169728 6.778592824935914 10.546080112457277 9.7261753082275408 5.5000000000000009 6.5000000000000009 1.2732212543487551 0.8896499276161195 12.768730163574221 11.500000000000002 20.500000000000004 10.472730159759523 3.5790871381759648 10.046819210052492 3.5000000000000004 -8.4223585128784162 0.28452381491661077 2.1044926643371586 9.5547137260437029 10.151329994201662 3.4360412359237675 1.4478067159652712 4.8869597911834726 1.6268203258514407 0.24246552586555484 3.577528834342957 -8.9079542160034162 1.9996898174285891 2.5000000000000004 0.45993590354919439 0.87327080965042125 0.44334760308265692 8.7825942039489764 1.6793666481971743 0.87555310130119335 0.81861472129821788 11.179306507110597 0.030395417474210266 0.24893609434366229 4.1872656345367441 8.1291470527648944 9.3572077751159686 11.500000000000002 -8.4362916946411115 0.048199767246842391 0.90950042009353649 0.38961027562618261 30.500000000000004 -8.3694081306457502 -8.413446903228758 9.3186149597167987 0.67369118332862865 6.2486038208007821 4.5000000000000009 3.1008874177932744 7.0827219486236581 9.5000000000000018 9.6371078491210955 10.336320877075197 0.14835165441036227 3.2946568727493291 2.1701493263244633 6.4354128837585458 0.19999996572732928 0.4016129076480866 9.6350517272949237 10.209087848663332 23.500000000000004 6.5000000000000009 1.7005987167358401 32.500000000000007
decision_type=2 2 2 2 2 2 2 2 2 2 2 2 2 2 2 2 2 2 2 2 2 2 2 2 2 2 2 2 2 2 2 2 2 2 2 2 2 2 2 2 2 2 2 2 2 2 2 2 2 2 2 2 2 2 2 2 2 2 2 2 2 2 2 2 2 2 2 2 2 2 2 2 2 2 2 2 2 2 2 2 2 2 2 2 2 2 2 2 2 2 2 2 2
left_child=1 4 9 5 11 33 64 18 19 30 60 -1 23 15 45 26 57 39 73 24 21 -20 52 29 -7 -26 76 28 -21 47 32 -32 -2 35 -35 36 38 -38 -3 40 -18 -29 44 -44 -17 46 -11 49 -49 -5 59 -52 -10 -54 -41 -25 -28 58 -16 -22 70 62 -34 -60 -4 -66 72 69 -9 83 -6 -48 -63 74 -8 -76 -14 -68 84 86 -81 -47 -37 -15 -24 -13 -75 -23 -70 -19 -83 92 -90
right_child=2 3 6 12 10 8 7 68 22 14 -12 85 13 67 16 42 17 89 20 27 50 87 78 55 25 -27 56 41 -30 -31 31 -33 61 34 -36 82 37 -39 -40 54 -42 -43 43 -45 -46 81 71 48 -50 -51 51 -53 53 -55 -56 -57 -58 -59 63 -61 -62 66 -64 -65 65 -67 77 -69 88 -71 -72 -73 -74 79 75 -77 -78 -79 -80 80 -82 90 -84 -85 -86 -87 -88 -89 91 -91 -92 -93 -94
leaf_value=-0.012507598181563202 0.029965123172961822 0.0040764001880466165 -0.014557680851347045 0.032833948332089198 -0.005969033072132271 0.010390730823544775 -0.043377329074925398 -0.005125609879727688 0.022135080702265039 0.025635120262334023 0.051639790019573528 0.055200630801801057 0.023138113483891942 0.018711873891803458 0.021547161814402201 0.0040891352735858144 0.0044902924636605005 -0.010560757338192464 0.061426551689727993 0.02373696350728444 0.002283024890473035 -0.035099244633623509 0 0.0052646799041100182 -0.040907783241961482 0.0050271633135923963 0.011606056300836678 0.004158501252775398 -0.018416421974584655 0.031658890139560567 0.037235383540966303 -0.028867954030430076 -0.024433931178334714 0.04573757061925332 -0.022977146550117622 -0.0076156136581127147 -0.00094542714345012709 0.020676277926514299 -0.00021266578371121649 0.046590751584169782 0.03431035241999774 0.036375949162426889 0.02002599020071414 0.010347013144394882 0.010391256182389516 -0.0099585469348954653 0.002308450884818659 0.016593498648124105 0.0057668020058034035 0.0046763812251224461 -0.027328200812753379 -0.048076940025554585 -0.0117005858876043 -0.038337934912318204 0.012300484300802658 -0.021138234936623132 0.034540178141654929 0.020768505149078645 -0.034533450919180378 -0.029724365351645018 0.0029255348247672142 0.0052403994104199903 0.038552716866576214 -0.0017563647741917995 0.03057509677067248 -0.0023806404287676319 -0.014803119765342038 0.047973785022252788 -0.012414480481343923 0.0086766704430889744 -0.040230146628463151 -0.037141556126723194 -0.03074899934232855 -0.042459967460864063 0.0051928318230571313 -0.034081634846542565 0.045688964733368281 -0.040887438373651934 -0.00082409776689310466 0.01382950523255937 -0.029215872378575664 -0.017948543578107028 -0.032435128476022472 0.041006458437592097 -0.043886420887116445 0.036816589046781568 -0.00173616555107599 0 -0.047509995771019733 -0.042714065084350779 -0.047000861325751819 -0.012000447610884082 -0.05039318747654839
leaf_weight=8.7124054431915265 3.3333037439733735 2099.7505425363779 14.099864605814217 36.142779782414436 10.545636044815181 13.971499627456067 9.8002169113606232 4.702802686020731 4.817028844729065 8.7812007647007722 12.979842931032179 2174.3420406803489 24.346796311438084 19.523281872272491 6.9852359797805539 523.50283458828926 87.506652727723122 4.2114240508526546 3.94236873090267 10.956777518615125 20.159752303734422 3.737962456420064 2.1366258747875682 27.771407414227724 31.067931227385998 11.020314017310737 98.562021479010582 52.580298114567995 43.201052993535995 25.028726577758789 7.6259749000892025 7.7696691174060106 5.3344525415450317 27.830187410116196 14.963661983609198 13.646722549572589 75.352382142096758 109.79902752488852 1352.9173736218363 26.896861009299755 25.642828864976764 18.830526228994131 320.18272289633751 908.36113712191582 985.80715711414814 6.7444324661046293 5.8979791700839987 121.79964466765523 2296.8939567320049 32.526194825768471 147.59846254624426 59.897563656792045 44.906359395012259 35.279227670282125 19.378153726458549 36.097597926855087 27.898470722138882 7.4186844564974299 26.166266752406955 16.607845891267061 15.381474171765147 9.6228707432746905 3.1239025183022022 14.641020994633434 16.412384580820799 14.931156385689976 11.756289375945924 29.670325465500355 3.329727152362465 20.996908769011497 16.258987460285429 8.5581406652927381 6.4289309978485099 568.64852531626821 11.251291871070864 9.4597041420638543 37.553118154406548 80.394981940276921 3.2125818561762562 2.6111892443150273 2.4696920588612556 5.2142041381448534 13.379309887066482 23.53010543435812 94.940951898694038 24.902012601494789 2.2879483066499224 2.924022763967514 758.90431149117649 5.2447925079613924 16.310252122581005 2.0048336777836075 2252.2506655184552
leaf_count=46 50 13409 118 153 129 183 504 192 152 144 108 24721 122 96 98 2150 1310 115 113 149 723 122 107 147 480 159 455 789 618 138 135 154 166 195 120 102 503 710 9430 157 376 254 1354 3716 3998 60 105 595 10586 142 6158 2898 1446 1323 99 194 156 42 407 823 171 205 110 199 125 119 477 229 169 115 193 150 136 31811 593 487 204 3301 171 138 128 108 106 138 5102 184 126 103 50227 112 346 121 152057
internal_value=-0.000411547 0.0149204 -0.0425728 0.00590427 0.0534142 0.00100857 -0.0463389 -0.046951 -0.0182409 -0.00651627 1.36929e-05 0.0547429 0.00946579 0.0119288 0.00290159 0.0112346 0.00867351 0.0150978 -0.0376378 -0.00344945 -0.0287705 0.0115131 -0.0325422 0.00656953 -0.0189122 -0.0288917 0.0241709 0.0035169 -0.00929873 0.00699128 -0.0255819 0.00368218 -0.029418 0.00292287 0.02152 0.00269427 0.00288408 0.0118863 0.00239349 0.0182743 0.011696 0.0133648 0.0103282 0.012899 0.00821822 -0.0215569 -0.00294847 0.00672011 0.00632609 0.0200242 -0.0306196 -0.0336676 -0.0209611 -0.0240314 0.0332777 -0.00964742 0.0170893 -0.0106804 -0.0162485 -0.0125117 -0.0168694 -0.0315582 0.000127678 -0.0234891 0.00556965 0.0151797 -0.0340941 0.0329796 -0.049583 0.0249424 -0.0281349 -0.0217156 -0.01 -0.0412673 -0.0249126 -0.0133857 0.0377342 -0.0379569 -0.0418061 -0.0420493 -0.0074644 -0.0355979 -0.0213126 0.0320914 -0.0430277 0.0550222 -0.0423192 -0.0226595 -0.0496465 -0.0327133 -0.0420252 -0.0496781 -0.0496939
internal_weight=16272.9 11933.9 4339.02 9670.76 2263.12 4074.56 3928.03 3882.59 366.921 410.989 55.1659 2207.96 5596.2 3019.93 275.598 2926.21 224.092 168.881 861.397 181.628 254.868 10.6044 185.293 2576.26 56.0597 42.0882 188.36 125.569 54.1578 2512.39 135.39 15.3956 119.995 3707.64 42.7938 3664.85 3637.82 185.151 3452.67 159.424 113.149 71.4108 2737.85 1228.54 1509.31 51.5062 23.2373 2487.36 2418.69 68.669 244.264 207.496 85.0026 80.1856 46.275 63.869 126.46 55.2112 47.7925 36.7676 42.1861 116.661 8.45836 40.8073 45.4434 31.3435 108.203 93.7206 3021.19 64.0503 26.8046 14.4561 16.0518 606.529 30.5112 20.711 61.8999 92.1513 100.29 576.017 5.08088 28.2689 27.026 43.0534 97.0776 2199.24 570.936 6.66199 3016.49 9.45622 21.5245 3013.16 3011.15
internal_count=342165 85748 256417 60196 25552 35508 247855 247493 10933 8562 601 24951 24688 12733 3828 12155 2915 2169 44727 2632 10940 338 8301 11955 822 639 937 1810 767 11614 4734 289 4445 24575 315 24260 24052 1213 22839 1942 1686 1043 11218 5070 6148 913 399 11476 11181 295 10602 9056 2921 2769 256 341 611 746 704 1546 493 4395 276 606 362 244 4119 578 202766 349 322 255 341 33787 1584 1080 326 3778 5380 32203 266 514 208 234 5209 24905 31937 225 202574 227 454 202405 202284
is_linear=0
shrinkage=0.05


Tree=44
num_leaves=105
num_cat=0
split_feature=24 103 50 0 93 96 21 99 19 0 113 38 0 11 49 3 109 95 96 108 105 107 9 105 9 108 86 65 63 36 67 115 65 38 98 84 95 99 69 63 63 0 71 9 114 95 9 94 65 94 99 9 67 108 80 108 91 86 65 82 67 71 113 0 71 94 21 98 51 103 21 105 82 67 67 113 103 71 95 109 114 92 38 94 61 71 49 94 51 46 103 63 65 53 30 46 93 97 65 67 82 67 0 21
split_gain=3863.05 1625.81 260.591 64.9762 62.5163 54.0962 47.0473 39.1821 34.9959 23.2931 22.3411 21.2748 17.467 13.9239 13.6757 11.4964 10.7357 9.52876 9.16023 8.51256 9.87215 8.08353 8.91168 8.61321 8.02599 7.88027 7.85629 7.35179 7.2994 7.0342 6.74901 6.65043 6.21371 9.19051 11.4392 11.4781 8.78151 9.8342 8.00065 7.48707 7.17127 8.168 7.5783 6.39919 15.1256 7.30903 6.15487 6.14198 8.19307 6.86583 6.16158 6.07398 5.89862 5.74315 6.97416 6.71575 5.70191 5.3224 5.26337 5.24763 8.37971 5.07486 5.04428 5.68079 5.03627 4.97904 4.90405 5.46125 10.6324 4.73704 9.44037 10.4178 6.31106 5.64549 5.18572 4.46401 4.19436 3.87529 3.29153 3.23089 3.21582 2.9578 2.81596 2.96124 2.75977 3.11175 3.08506 5.20211 4.32051 3.28437 2.60052 2.55753 2.40346 1.69656 1.64154 3.91917 1.62788 1.36404 1.14017 1.10928 0.736268 2.01209 0.48868 0.141558
threshold=7.5000000000000009 0.038043830543756492 0.5357140600681306 2.9700856208801274 1.5000000000000002 0.23166368901729587 19.500000000000004 1.0000000180025095e-35 19.500000000000004 2.1383330821990971 3.1008874177932744 23.500000000000004 1.4978661537170412 2.5000000000000004 0.22916666418313983 1.5906476378440859 2.0416998863220219 9.4006323814392108 0.44334760308265692 8.1387472152709979 1.4219385981559756 1.6268203258514407 42.500000000000007 1.3662400245666506 78.500000000000014 8.0915279388427752 0.28516484797000891 10.806241035461428 9.202665328979494 4.5000000000000009 12.344473361968996 0.00063411527662538003 9.459165573120119 4.5000000000000009 1.5000000000000002 0.28452381491661077 7.5858042240142831 0.96126228570938121 5.6247692108154306 6.0806994438171396 8.8292675018310565 2.4414010047912602 7.5736279487609872 70.500000000000014 -4.3817620277404776 8.3668131828308123 64.500000000000014 9.2357168197631854 10.335254669189455 8.4021215438842791 9.3218445777893084 69.500000000000014 10.911606788635256 8.2079253196716326 1.0000000180025095e-35 8.2773804664611834 1.5000000000000002 0.37221671640872961 7.5285120010375985 12.500000000000002 11.304174423217775 8.6585373878479022 3.1369526386260991 3.7494349479675297 8.0549798011779803 9.4145755767822283 24.500000000000004 10.500000000000002 0.79411759972572338 1.1974126696586611 8.5000000000000018 2.0567455291748051 1.5000000000000002 11.634726047515871 7.0174701213836679 -8.6891174316406232 1.7905510663986208 7.1454277038574228 7.5858042240142831 1.2506051659584048 3.3373702764511113 4.5000000000000009 5.5000000000000009 5.1432998180389413 10.833380699157717 9.8110823631286639 0.22677870839834216 10.376834392547609 0.63636359572410595 0.22259759902954104 9.5607852935791033 11.853739261627199 9.2496395111084002 0.45534290373325353 6.5000000000000009 0.25718414783477789 2.5000000000000004 0.17914438992738727 9.7255420684814471 12.063418865203859 6.5000000000000009 10.209087848663332 1.7005987167358401 49.500000000000007
decision_type=2 2 2 2 2 2 2 2 2 2 2 2 2 2 2 2 2 2 2 2 2 2 2 2 2 2 2 2 2 2 2 2 2 2 2 2 2 2 2 2 2 2 2 2 2 2 2 2 2 2 2 2 2 2 2 2 2 2 2 2 2 2 2 2 2 2 2 2 2 2 2 2 2 2 2 2 2 2 2 2 2 2 2 2 2 2 2 2 2 2 2 2 2 2 2 2 2 2 2 2 2 2 2 2
left_child=1 3 5 7 10 11 32 56 28 18 14 19 66 84 21 62 24 97 30 20 -2 23 58 25 57 -3 -24 -25 -4 53 77 52 33 34 35 -6 39 -38 -36 -35 43 42 -42 44 -34 -45 -31 49 -49 -21 -50 -48 -11 54 -16 -55 92 76 -23 81 -61 -43 -12 64 -64 -54 -7 94 -69 70 71 -17 -72 74 -71 -58 -14 -8 -51 80 -22 -26 -20 -84 86 -86 87 89 -89 -10 96 -70 -1 99 95 -68 -88 -13 -96 -15 101 -95 -102 -103
right_child=2 4 8 -5 6 12 9 -9 13 31 15 17 16 93 29 69 -18 -19 82 47 79 22 26 27 59 -27 -28 -29 -30 46 -32 -33 40 36 38 -37 37 -39 -40 -41 41 61 -44 45 -46 -47 51 48 50 78 -52 -53 65 55 -56 -57 75 -59 -60 60 -62 -63 63 -65 -66 -67 67 68 91 73 72 -73 -74 -75 -76 -77 -78 -79 -80 -81 -82 -83 83 -85 85 -87 90 88 -90 -91 -92 -93 -94 100 98 -97 -98 -99 -100 -101 102 103 -104 -105
leaf_value=-0.011527077451647969 0.022713610209934856 -0.012712056308399642 0.024882550435508306 0.054852129668955731 0.0043601208430452277 0 -0.03689047586405781 0.056433034061285775 -0.038983371177514589 -0.030428447411323889 0.0053643751676287436 0.047973022086207212 -0.022493406421496137 -0.026367613516947053 0.0028670761264331136 0.017215737049129383 0.045808449611304577 0.0012406075721460427 0.0068428114349561716 0.01975944982843415 -0.042658513961706869 0.0086159308103347428 0.0030874382574608166 0.012796812745712828 -0.019641675726414402 0.012937071480174199 0.011673191049804547 0.031161776054694751 -0.01841729866412788 -0.027795173224923687 0.025917195635542668 0.027261928177340095 0.044814371978341885 0.031650581581178713 0.038964685118322136 -0.0053866906563930401 -0.0086166452609321466 0.036625646559130941 -0.0038060681757197167 0 0.026937010483498378 0.0017537109152999811 0.0014179648144439071 -0.007682202013612225 -0.0081978106085223799 -0.030927417067474573 0.016689090562776142 0.048561089650290462 0.0099784465646979952 -0.0087228982782171696 -0.017427439293485416 -0.0041463282781644822 0.013244922372613144 0.029647065439495496 -0.010828206616512461 0.0059433748409993513 -0.0037625727495017372 0.043527183426849879 0.035787204122990933 0.05018807374626149 -0.012714875137504101 -0.029618024424341773 0.044787694433478444 0.011726659457905499 0.013629774211927251 -0.017289089755162482 -0.031663849122637984 0.03946425681956231 0.00099716827370523761 -0.0043663005211640772 -0.016072708691736281 0.046927460514364722 0.012252654662080399 0.030910296481062319 0.010182385303389586 -0.044513675378103489 0.022226685276644093 -0.015823975311795368 -0.045013564260823431 -0.0016408173628882979 -0.0088144193814004949 -0.034542047370729793 -0.0091273389708164728 -0.045742615468210131 0.02603148830051007 -0.027415172752387692 -0.016026254262110538 0.035148598175011377 -0.030236799562308889 0.0046008075983919681 0.0037997496637690283 -0.044276676257497136 0.015815060678097428 0.0049540977976871856 0 0.027204150403506613 -0.042604922104550802 0.024447507993911856 -0.040545712438760415 0.014206279058119274 -0.049774958942250515 -0.044097167756091758 -0.0051649343684712443 -0.0079080156920724887
leaf_weight=14.448936805129053 9.5867407433688623 60.18366789072752 16.479452680796385 2081.0182766243815 802.5741404145956 9.1802622955292446 33.071134212426841 28.794163309037685 30.302484139800072 16.430935403332114 26.099784441292286 25.933950625360012 11.905398664996033 2.0280492929741736 748.94854773581028 135.98784594237804 5.3569935709238043 26.247754339128733 2.2004888365045181 8.4235408529639226 32.563836611807346 36.979449331760406 1030.687709685415 699.39918904751539 134.38487278483808 56.67566029727459 361.33327285945415 59.658598586916924 19.659036383032799 22.675156503915787 6.3109878264367572 18.172688402235508 16.867393888533115 20.950200811028481 32.208940878510475 481.93890303373337 14.172175891697405 55.306190133094788 15.216490179300306 112.3699766844511 29.211192086338997 19.79703713953495 588.61685858666897 235.04059644788504 48.489016726613045 38.990459479391575 38.298520773649216 9.2141961101442558 72.502116199582815 13.606886953115465 26.772829996421933 283.04287114739418 36.318523781374097 29.579928517341614 104.45362531393766 1107.4275563135743 12.080266744829716 6.2633354868739834 37.951058119535446 4.5426357481628648 40.278417405672371 31.894192919135094 61.022068344056606 32.494693890213966 19.791698880493641 19.034293657168746 8.0221890248358232 5.9099940881133106 3.5512849902734152 62.031322538852692 25.550748467445374 38.575450852513313 69.543803691864014 31.018672779202461 1526.6712917238474 16.592154513113201 7.0271084215492001 82.449117588810623 13.566693445667623 9.6560360603034479 11.012321766465901 53.975167780183256 7.6037688590586177 77.559784920886159 2.6087713073939067 6.4060547016561031 9.4466803763061744 4.861275350674986 2.6560411211103201 4.195674840360879 2.4509133268147698 10.529913078062235 14.51399474032223 1.473900819197296 2.0884411446750155 2.5373621676117173 521.71193165518343 18.674217158928514 191.58467602916062 1.5813510445877907 2702.8577953474596 161.83770254068077 1.4820212358608831 1.677806083112954
leaf_count=89 172 291 128 24735 5164 120 989 244 1600 192 127 169 258 131 3564 643 120 150 70 110 558 152 4902 3147 4189 274 1865 304 174 96 175 194 109 133 195 3556 112 387 108 761 215 102 4266 1673 311 285 166 130 1107 196 447 1480 419 144 611 5364 145 111 156 159 895 162 359 141 105 218 348 87 154 255 113 185 309 129 6273 178 138 2581 239 150 151 2331 324 3827 138 336 370 145 140 234 129 504 121 74 99 115 30628 111 9875 88 190734 11176 91 117
internal_value=-0.000827714 0.0140083 -0.0415421 0.0530871 0.00513009 -0.0152537 -0.00108023 0.0102646 -0.0473609 -0.0197867 0.00776386 0.00238463 -0.0251062 -0.0478724 0.00585581 0.0121503 -0.0160732 0.0257577 -0.0288829 -0.00569942 -0.0208319 0.00855633 0.00626212 0.0123699 -0.0176517 -0.000181681 0.00533342 0.014312 0.00126685 0.00313749 -0.0194705 0.00138415 0.00112623 0.00313116 0.00160604 0.000693402 0.0130135 0.0272692 0.0253413 0.00528944 -0.00191387 0.00107644 0.00270298 -0.00782104 0.00603267 -0.0111763 -0.00343706 0.000976043 0.00696429 -0.0165484 0.00233891 -0.00156612 -0.0054545 0.00428057 0.00116306 0.00660707 -0.013478 0.00846246 0.0229408 -0.020552 -0.00470497 -0.0177044 0.0260249 0.0305645 0.0376659 0.0023901 -0.0351026 -0.0365598 -0.0100124 0.0111014 0.0173083 0.0241822 0.00440704 0.0100469 0.00960446 -0.0287165 -0.00499223 -0.0223359 -0.0285971 -0.0292644 -0.0349054 -0.0242033 -0.041346 -0.0428034 -0.0403952 -0.00949026 -0.040836 -0.0254079 0.00975063 -0.033434 -0.0419574 -0.03322 0.00195049 -0.0493686 -0.0390178 -0.0150649 -0.0421975 0.0394572 -0.0401467 -0.00768225 -0.0494135 -0.0433248 -0.0497571 -0.0438617
internal_weight=15984.9 11716.3 4268.62 2167.45 9548.88 774.899 2842.8 86.4295 3493.72 299.152 6706.08 277.761 497.138 3457.58 4677.29 2028.79 263.734 70.8559 209.195 206.905 62.8189 2342.87 1466.95 875.917 258.377 116.859 1392.02 759.058 36.1385 2334.43 121.831 89.9564 2543.64 1534.74 1331.94 1284.51 202.799 69.4784 47.4254 133.32 1008.91 669.519 617.828 339.387 65.3564 274.031 344.017 144.086 108.489 35.5971 99.2749 321.341 71.7838 1990.41 853.402 1137.01 57.6354 25.1958 74.9305 233.181 44.8211 51.6912 139.408 113.308 80.8138 55.3528 233.404 224.224 19.9912 1889.38 269.658 174.563 95.0946 1619.72 1588.7 28.6724 18.9325 115.52 27.1736 53.2322 43.5762 188.36 87.364 85.1636 584.64 9.01483 575.625 42.0155 7.51732 34.4982 533.61 14.0812 28.9629 2872.94 204.233 10.5596 531.159 44.6082 193.673 3.6094 2869.33 164.989 2704.34 163.516
internal_count=342821 83195 259626 25512 57683 23193 26528 777 236433 8989 31155 3690 19503 236131 22516 8639 8201 430 7966 3260 1031 11091 7075 4016 8081 565 6767 3451 302 11425 3745 1023 17539 10416 9023 8720 1393 499 303 894 7123 4745 4481 2378 420 1958 1742 2229 1684 545 1554 1646 829 9683 4175 5508 533 507 308 7574 1054 264 732 605 464 637 11302 11182 745 7907 1250 828 422 6657 6528 323 396 3570 435 859 709 6520 4221 4151 33720 474 33246 2119 285 1834 31127 658 210 202411 10437 463 30998 280 9974 219 202192 11367 190825 11293
is_linear=0
shrinkage=0.05


Tree=45
num_leaves=101
num_cat=0
split_feature=93 103 21 48 1 112 32 44 21 99 11 2 11 112 19 67 53 2 77 67 9 99 17 67 76 19 63 103 113 113 82 113 44 36 113 103 5 21 107 115 54 96 24 92 74 102 5 61 9 52 76 53 63 61 112 96 91 48 113 103 52 103 36 96 98 94 54 9 48 49 94 94 67 112 2 109 44 107 2 102 103 103 103 48 48 67 44 69 94 54 9 109 67 92 115 112 38 38 67 96
split_gain=3710.85 1549.91 264.666 88.3177 50.959 46.0965 35.2118 25.9092 24.4512 21.0784 17.7844 17.7574 13.9921 10.7727 10.1418 9.68561 9.17274 9.16565 8.4122 8.19674 7.91422 7.78751 7.23817 8.96367 9.11137 7.19172 6.92676 6.7118 6.58629 6.47736 6.40237 6.10108 5.61064 5.57853 5.30649 5.25473 15.073 9.64131 5.49799 10.0088 6.48007 5.23426 10.9314 5.07435 4.73831 6.78024 4.58309 4.52852 4.45193 5.06572 8.74211 8.13366 5.70863 7.55123 9.40793 5.06066 7.41064 4.68383 4.48084 7.33675 4.08188 3.8612 3.74375 3.29907 3.18634 3.08661 4.50094 3.09141 2.71779 2.71698 2.97178 4.67345 2.71209 2.65197 2.64204 4.40807 2.64156 3.79451 2.4959 2.37492 3.16664 2.28429 2.17682 1.84379 2.93202 1.80001 1.40845 1.09145 1.08058 1.05991 0.864774 0.649548 0.60856 0.638688 0.5614 0.462621 0.331231 0.800776 0.281598 0.203213
threshold=3.5000000000000004 0.038043830543756492 23.500000000000004 0.033445188775658614 9.5000000000000018 -6.6538312435150138 11.500000000000002 0.091372914612293257 50.500000000000007 1.0000000180025095e-35 1.5000000000000002 1.929321348667145 2.5000000000000004 -14.318007469177244 50.500000000000007 10.911606788635256 0.95850551128387462 1.0682493448257449 17.500000000000004 12.304676532745363 81.500000000000014 1.7808666825294497 1.5000000000000002 6.6609847545623788 90.500000000000014 33.500000000000007 8.2497081756591815 6.3666658401489267 3.2934145927429204 3.1985551118850712 1.0000000180025095e-35 -8.878532409667967 0.080229885876178755 9.5000000000000018 -8.6750888824462873 0.97432249784469616 7.5000000000000009 5.5000000000000009 1.1343210935592654 0.69226571917533886 1.1999998688697817 0.34654632210731512 9.5000000000000018 5.5000000000000009 1.5000000000000002 1.9423320889472964 6.5000000000000009 10.237917900085451 62.500000000000007 0.4301948100328446 7.5000000000000009 1.8255577683448794 9.3952150344848651 7.0907139778137216 -0.3903221189975738 0.56903558969497692 1.5000000000000002 0.090787876397371306 -7.3764016628265372 2.0689821243286137 0.83266666531562816 1.4573506712913515 2.5000000000000004 0.3991869986057282 10.500000000000002 10.923690319061281 1.2336879372596743 85.500000000000014 0.032353220507502563 0.4545454233884812 4.592034339904786 6.8277537822723398 9.3597784042358416 3.4864223003387456 0.87594741582870495 0.018715837970376018 0.13660287111997607 2.0529874563217168 1.7286864519119265 5.5858433246612558 1.5141340494155886 1.4291607141494753 1.6393817067146303 0.05709995515644551 0.06331223621964456 10.209087848663332 0.089087303727865233 5.9894731044769296 12.25082588195801 1.0444663763046267 76.500000000000014 0.76789093017578136 11.521157741546633 2.5000000000000004 0.026081969030201439 -14.386725425720213 20.500000000000004 21.500000000000004 11.47800922393799 0.36180344223976141
decision_type=2 2 2 2 2 2 2 2 2 2 2 2 2 2 2 2 2 2 2 2 2 2 2 2 2 2 2 2 2 2 2 2 2 2 2 2 2 2 2 2 2 2 2 2 2 2 2 2 2 2 2 2 2 2 2 2 2 2 2 2 2 2 2 2 2 2 2 2 2 2 2 2 2 2 2 2 2 2 2 2 2 2 2 2 2 2 2 2 2 2 2 2 2 2 2 2 2 2 2 2
left_child=1 5 48 7 6 44 17 16 10 34 25 22 47 15 18 28 20 19 -15 32 -4 43 23 -6 61 31 -19 -23 29 -13 -20 -8 -3 -34 63 36 37 -24 39 -37 -40 42 -9 -22 -1 -46 -27 64 87 52 69 55 53 62 -55 57 -57 -52 59 -53 -10 -25 -50 -7 88 67 -67 -44 76 70 -51 -72 -26 83 85 -76 77 -43 -78 80 -54 -18 -70 -49 -85 -12 -14 -2 89 -5 -16 -84 96 -94 -95 -17 98 -98 -88 -83
right_child=2 4 3 12 11 9 8 41 60 -11 74 13 86 14 90 95 81 26 30 -21 21 27 35 24 72 46 -28 -29 -30 -31 -32 -33 33 -35 -36 38 -38 -39 40 -41 -42 68 65 -45 45 -47 -48 73 49 50 51 58 79 54 -56 56 -58 -59 -60 -61 -62 -63 -64 -65 -66 66 -68 -69 82 -71 71 -73 -74 -75 75 -77 78 -79 -80 -81 -82 99 91 84 -86 -87 92 -89 -90 -91 -92 -93 93 94 -96 -97 97 -99 -100 -101
leaf_value=0.054673347727041854 0.025524859451891414 0.027928443729271304 -0.02614435114161372 -0.016930193309576957 -0.0082512227492955708 -0.0096159505970080973 0.015637355130131172 0.061917690048331336 0.0098825789949979741 0.056813364763894474 0 0.015475152460812953 -0.0035788585399943494 -0.017627106164835194 0.049532781835306967 0.030996154896477602 -0.0014714948683781683 0.046824778649838555 0.025266128740025796 0.036513137645484882 -0.021378546739907727 0.036819268990024238 0.044955437293505818 0.021670177092367543 0.035574717016538922 -0.021500475009000427 0.0074903424611204141 -0.01376614774836124 -0.0031216767074785084 0.040429211381877266 0.0090372055984033698 -0.0072606001397795984 0.0027399012624977482 -0.022966087544025012 -0.02644050713667101 -0.016590038381034043 -0.01531846924259748 0.014777902199214252 0.006591213123934906 0.0099572249322836363 0.014190293251075953 -0.033544896418250113 -0.01337615001697965 0.023088418695618274 0 0.050733011263212259 0.0014846840667250211 -0.03773191786880295 -0.027701230466831268 -0.022587367015873425 0.0035810175545826954 0.0051032441988472961 -0.032893810318527464 0.045879415608766259 -0.0096577548151769218 -0.0032663220455713669 0.023106791090943019 -0.043893161170205121 0.00066048744563065257 0.059325716644505512 0.045262026596327311 -0.0034002865431932909 0.0023558720295463217 0.025891134888063296 0.012609767567361013 0.039919479600687931 -0.015390293490695867 -0.039624594255561724 0.019059462977799063 -0.029848003224922617 0.031563824530530478 -0.011117398697151778 0.014712581716714919 0.025074611973459861 0.032419671717529033 -0.034989104933150682 -0.039638900256609606 -0.0051381120188556291 -0.0020571585235285698 -0.041133924473417689 0 -0.045275259310101117 -0.033304511398350965 0.02557475250586811 -0.02189595893134668 -0.041714400365909135 -0.046619329867236388 0.0047640685715797902 -0.001059937524442495 -0.041924288417425792 0.02490915785203798 0 -0.0026359108210495912 -0.050029183861073981 -0.0040936733996544102 0.04880255796111773 0.0066517141100327073 -0.02832247402007488 -0.03290601164570494 -0.013778064853060733
leaf_weight=2002.7107699923217 15.447909496724607 20.582501281052828 13.169724158942698 8.3927136901766044 28.169015064835548 12.181517131626604 31.782097216695547 2.6192284300923339 17.875470660626888 15.279264487326143 2.6977610420435658 92.077470190823078 2.3897909279912701 24.227040782570839 15.549942634999754 23.107411541044712 5.964917769655588 19.283919654786587 72.974551618099213 16.62184664607048 17.757975950837139 33.3728250823915 31.458368524909019 23.054673343896866 76.785769313573837 134.62239081412554 27.382450934499502 6.9192375298589459 27.557534292340279 38.526517942547798 384.81433630734682 222.67204411886632 3655.383050840348 19.663859460502863 20.610809287987653 67.233661942183971 34.305972367525101 166.40017684176564 3699.7382262945175 71.666400596499443 306.53229158371687 34.011798001825809 24.31128641217947 8.0452673546969873 11.801043115556242 14.477153785526751 24.621953841298819 8.8211518451571518 24.734008885920048 16.520933549851179 8.6267542149871606 11.30240439809859 11.912934236228468 12.955075627192857 14.763610191643236 86.071205236017704 36.598822000436485 9.7102178838103992 12.401766000315545 14.803636319003997 17.287655502557755 38.763826370239258 15.807930685579775 10.8446889501065 1.8328173346817482 3.0687879640609053 16.879614730365574 27.71874806471169 3.727897893637417 19.641521666198969 8.2977754510939139 16.826073154807091 25.682432681322098 2.0020286384969941 2.887890161946415 3.8572645373642445 158.43904014024884 19.864383907057345 5.2960432805120936 15.56294424459338 15.981109104119239 10.284458899870513 3.3797947969287634 3.2880308367311946 8.3628472387790662 60.237518739886582 337.06267936341465 13.671902820467947 2.2356263585388652 539.93873605504632 15.301142193377016 1.9202068559825418 1.3291874285787333 2386.3828059891239 1.4190808879211534 35.476312756538391 1.3950000936165445 2.345223412849009 25.80278502497822 3.4168535117059937
leaf_count=24906 103 137 172 472 119 142 631 103 121 110 49 413 90 139 114 139 150 99 317 110 281 461 157 102 323 3096 178 118 126 175 1790 4482 23074 301 182 309 155 782 15843 302 1436 1388 869 70 99 149 695 487 184 139 123 97 103 99 122 705 349 140 105 133 99 160 119 78 83 127 552 1331 191 191 79 218 108 101 136 178 7738 890 175 131 131 292 174 180 468 3163 24359 105 121 32930 95 100 92 177009 104 205 101 172 1874 110
internal_value=-0.000311429 0.0140894 -0.041128 -0.045181 0.00557482 0.0531075 0.0015115 -0.0228128 -0.0106794 0.00904926 -0.0136438 0.00885132 -0.0478521 0.0161061 0.0120584 0.0254894 -0.000488246 0.00319949 0.0101742 0.002914 0.00709761 0.0143023 0.00768594 0.0171962 0.021655 -0.00959804 0.0249041 0.0277108 0.0186373 0.0232875 0.01172 -0.00428663 0.00274542 0.00259032 -0.00878578 0.00725977 0.0146123 0.0199283 0.00684042 -0.00286154 0.00718023 -0.0300728 -0.0177202 -0.00664106 0.0543743 0.0294988 -0.0179037 -0.0403106 -0.00143406 -0.00303463 0.00102227 0.00663072 -0.0117651 -0.0024343 0.0169796 0.000901836 0.00470569 -0.0224726 0.0265383 0.0377656 0.0286895 0.00608346 -0.0160777 0.00725988 -0.0412328 -0.0219591 -0.00421868 -0.0282652 -0.0339515 -0.0150122 -0.00698876 0.00358765 0.0307298 -0.0160644 -0.036815 -0.0042682 -0.0350726 -0.0236747 -0.0385135 -0.0256288 -0.0149802 -0.0298718 -0.00483185 -0.0219798 -0.00634967 -0.0399675 -0.0493976 0.016815 -0.0414639 -0.0416071 0.0393506 -0.0236044 -0.0494317 -0.0499882 -0.0500087 0.0428947 -0.0455892 -0.0151996 -0.0458111 -0.0402129
internal_weight=15779.6 11664.8 4114.81 3733.17 9576.86 2087.91 4277.46 400.168 518.542 58.9163 483.379 5299.4 3333 729.612 512.867 216.745 98.9313 3758.92 482.016 3712.25 79.265 66.0953 4569.79 192.456 164.287 413.698 46.6664 40.2921 158.162 130.604 457.789 254.454 3695.63 3675.05 43.637 4377.34 232.165 197.859 4145.17 138.9 4006.27 301.237 74.5977 25.8032 2028.99 26.2782 159.244 574.874 381.639 352.519 240.801 179.515 111.718 68.2606 27.7187 141.007 122.67 18.337 38.5078 26.106 35.1631 61.8185 40.5419 23.0262 552.4 71.9784 19.9484 52.03 226.639 61.2863 41.6448 25.1238 102.468 22.4741 69.6804 6.74515 217.611 53.8762 163.735 43.457 27.894 19.6662 9.0279 20.472 11.6509 62.9353 2758.13 29.1198 550.567 548.331 30.8511 5.3 2755.74 2389.13 2387.8 58.5837 366.606 3.74022 362.865 13.7013
internal_count=342835 85524 257311 253935 59858 25666 36549 15292 12650 512 12430 23309 238643 3513 2455 1058 1654 23899 2246 23622 1102 930 19796 812 693 8904 277 579 714 588 2107 5113 23512 23375 402 18984 1094 939 17890 611 17279 13638 2982 351 25154 248 3791 34842 3376 3168 2279 1652 889 524 221 1317 1054 263 335 230 220 262 303 220 33606 2879 679 2200 10656 627 436 297 431 1236 3526 314 10191 2278 7913 365 234 552 465 1135 648 3212 203801 208 33523 33402 209 274 203711 177205 177113 344 26506 273 26233 402
is_linear=0
shrinkage=0.05


Tree=46
num_leaves=98
num_cat=0
split_feature=15 103 50 15 0 44 21 48 11 21 2 80 44 96 21 101 21 95 112 0 19 49 103 109 3 42 63 71 49 71 67 0 125 65 105 48 124 76 77 0 105 94 2 19 112 34 77 19 105 99 19 90 95 3 109 94 96 65 19 21 94 67 71 2 76 97 100 96 51 94 111 95 44 67 65 2 67 113 94 3 48 98 97 94 94 17 3 52 105 67 19 67 3 63 44 77 44
split_gain=3457.22 1477.14 220.19 63.4698 57.6777 49.6665 38.9605 36.8222 20.2118 18.1662 17.883 17.7418 14.5432 12.8132 12.2096 12.28 11.7342 11.542 11.056 10.4518 10.5081 10.1651 9.82343 11.5536 9.51148 8.05817 8.01097 19.5551 7.87964 7.69077 7.34341 6.61854 6.53619 14.5609 7.59704 6.23534 6.21326 9.22593 6.1386 10.5271 6.09597 5.75274 8.61423 6.07845 8.26805 7.42969 5.72558 5.44282 6.41406 5.37801 5.31368 5.30591 5.29816 4.85401 6.90452 4.84685 4.72996 4.61805 4.45804 4.18631 4.12969 3.71107 4.25592 3.67367 3.61886 3.33775 3.18277 3.15501 3.00574 4.43643 2.97017 2.70317 2.60364 2.20688 2.08567 2.04171 1.95037 1.8276 1.76834 1.73503 1.38944 2.36782 1.75014 1.38645 1.36757 1.27483 2.13352 1.26266 1.25412 3.68833 3.0967 1.66189 1.19787 1.18402 1.144 0.247233 0.208252
threshold=7.5000000000000009 0.038043830543756492 0.5357140600681306 2.5000000000000004 2.5249279737472539 0.067117117345333113 23.500000000000004 0.03846153803169728 2.5000000000000004 46.500000000000007 2.1701493263244633 1.5000000000000002 0.14124041050672534 0.44334760308265692 90.500000000000014 2.4019777774810795 14.500000000000002 7.516909360885621 -14.318007469177244 3.2384861707687382 13.500000000000002 0.14285712689161303 0.95897960662841808 0.0019956873729825024 1.7251294255256655 0.067231640219688429 10.001553058624269 9.4289722442626971 0.29140087962150579 10.003632068634035 10.976511955261232 1.4978661537170412 1.0000000180025095e-35 8.5810923576354998 2.3694672584533696 0.090787876397371306 1.0000000180025095e-35 11.500000000000002 38.500000000000007 3.4498615264892583 1.4219385981559756 9.4145755767822283 0.87594741582870495 32.500000000000007 -0.34633916616439814 34.500000000000007 77.500000000000014 23.500000000000004 4.9154930114746103 11.292307853698732 9.5000000000000018 3.5000000000000004 6.6913886070251474 1.9506495594978335 0.0011277130106464031 9.2588520050048846 0.29478609561920172 11.139419555664064 11.500000000000002 16.500000000000004 5.9286179542541513 10.328902244567873 5.7395896911621103 1.8515046238899233 33.500000000000007 0.5962963104248048 9.4437251091003436 0.20256410539150241 0.6612171232700349 10.308921813964846 -8.3191962242126447 6.1359543800354013 0.083835341036319747 12.232255935668947 10.589352607727053 1.9030201435089114 10.209087848663332 -8.8928184509277326 10.689860820770265 1.1138237118721011 0.025641025044023994 14.500000000000002 0.28991597890853887 11.228254318237306 8.3304781913757342 33.500000000000007 0.9179828166961671 0.9004950523376466 9.4189319610595721 11.506920814514162 51.500000000000007 10.142803668975832 1.2613915801048281 7.8941409587860116 0.4016129076480866 22.500000000000004 0.083835341036319747
decision_type=2 2 2 2 2 2 2 2 2 2 2 2 2 2 2 2 2 2 2 2 2 2 2 2 2 2 2 2 2 2 2 2 2 2 2 2 2 2 2 2 2 2 2 2 2 2 2 2 2 2 2 2 2 2 2 2 2 2 2 2 2 2 2 2 2 2 2 2 2 2 2 2 2 2 2 2 2 2 2 2 2 2 2 2 2 2 2 2 2 2 2 2 2 2 2 2 2
left_child=1 3 5 12 6 21 26 9 47 13 35 14 95 51 17 -16 19 25 59 20 53 -2 23 -21 63 28 27 32 -7 36 -31 64 34 -34 -3 58 37 -28 39 -24 -20 56 66 44 -44 -45 -32 48 -4 -40 -37 -8 74 54 -6 -33 71 -55 -5 -18 -25 -42 -63 76 -19 -15 67 -43 69 77 -27 -23 -60 -71 -9 80 -10 -49 93 -73 81 82 -13 -80 -79 86 -78 92 91 -90 -91 -70 -61 -54 -93 -1 -87
right_child=2 4 8 10 16 11 7 52 24 -11 -12 75 -14 65 15 -17 18 31 40 22 -22 41 38 60 -26 70 29 -29 -30 30 46 55 33 -35 -36 50 -38 -39 49 -41 61 42 43 45 -46 -47 -48 68 -50 -51 -52 -53 78 57 -56 -57 -58 -59 72 87 -62 62 -64 -65 -66 -67 -68 -69 88 73 -72 79 -74 -75 -76 -77 85 84 83 -81 -82 -83 -84 -85 -86 96 -88 -89 89 90 -92 94 -94 -95 -96 -97 -98
leaf_value=0.030734723633949537 0.043226733718600197 0.0055087602524302864 -0.037441731410004855 -0.058829905106838491 -0.017173745433881029 -0.0081503819821150316 0.026749362590418848 -0.020984813304133466 -0.0066678901615872827 0.064952697635494702 0.050117719812291843 -0.0076661445799452756 0.0061223949331459882 -0.03915811465017683 0.059528765868209099 -0.021316641255546026 0.013648259086059817 -0.023211084838378991 -0.011109774334511147 -0.0032602838811272212 -0.018592809903924475 0 0.01083259048241832 0.043546425851942572 -0.00054144641282901328 -0.024772489387894434 -0.023770091615826494 0.052925900337621713 0.045180214875551683 0.035216611927960252 -0.011538840397958184 -0.02897744565763772 0.029154942110407908 0.0012003794587291412 0.00084725553636739472 0.029398675293211385 -0.031703227064440807 -0.00054618862561100308 0.01097866979035316 -0.0074298060119261699 0.031512309926216064 -0.050187389777451907 0.0029021178720151403 -0.010956787812096754 0.061047050518931903 0.016114508618083011 0.011064137113197092 0.0055534096631072128 0.012657427096771846 0.023835548985820746 -0.019877482772431718 -0.0040623692992153519 -0.0098585910319510302 0.0072630805708007147 0.0039452070899757058 -0.011065292087520238 0.016820083797493432 0.020799257560853587 0.0079656555530427855 0.018216000852542453 0.013390925713216465 0.033116251289916653 0.0090148126781671948 0.012642394903208088 -0.044151737851483068 -0.0019202642517420422 0.0084941276759457097 -0.0036132667169049277 0.0028430839138080428 0.0419766268742372 0.02048752493745825 -0.0078659864804787316 -0.030551383036112829 -0.0099609536252922362 0.01961113581318075 -0.0034988844211610078 0.0036060171593221891 -0.0071009960970974369 0.011812242714917064 -0.039105824456079873 -0.046133935842648598 0.0066028082593266651 -0.03796224073461206 -0.029252637373397863 -0.042463658698889468 -0.0098599347256588098 -0.046402557017552533 0.050925300284009094 0.028701412963135959 -0.039799145611817188 0.018380831826350443 -0.040705654459132726 0.039052844574600613 -0.045041378461306542 0 0.054367810573659726 -0.050218605473052041
leaf_weight=9.5183665007352811 14.341829553246496 1387.528474599123 10.962420555762948 8.7971601933240908 41.203347966074944 11.618612535297872 13.313910849392412 5.3796372767537814 3.7527470979839554 7.6362794619053593 11.576553717255591 7.2308964021503916 16.687229201197624 32.246402613818645 8.5481194816529769 7.4757395032793275 25.427623212337494 49.569139575585723 23.716791234910488 23.216377303004265 40.001746341586113 10.997189644724129 217.05922201275826 53.990457825362682 10.582652270793913 21.321530766785148 56.117914987728 18.276960715651512 13.539643740281461 16.581532761454582 49.796949779614806 62.455371716991067 74.214193902909756 123.49911914765835 2376.5916552152485 9.3101886734366435 26.466034028679132 169.83391627669334 1321.6573318392038 121.57464331388474 28.672774396836758 8.9861766342073697 12.503888815641405 39.6906175352633 11.566440191119908 63.787598770111799 60.101842718198895 2.3319672252982917 11.567334039136766 88.228802978992462 9.4766497779637557 232.90478464029729 4.2091708201915017 2188.2932092994452 403.2410097271204 107.844223334454 8.566043032333253 64.774220928549767 6.8398999795317632 18.713882438838482 17.785026401281357 20.105090782046318 162.60071353241801 1.5996515387669195 52.329224466346204 8.2177306059747917 5.1615085247904053 6.7024057637900105 1.5940385246649373 2.4377294788137069 2.8913972955197087 8.1991240568459052 7.7113929428160191 2.841380319558084 4.2826872067525983 4.6961316522210828 1.5582353761419643 5.0412364182993796 2.7403278080746523 17.062051869928837 78.610636693425477 2.8754306882619849 45.679449889808893 2.34722566511482 14.042378360405563 1.7594008091837157 684.43886503670365 23.433818638324738 1.8464045859873284 10.806327927857636 1.6236313292756666 476.27015448827296 25.617330849170685 87.55689253192395 2.1220230003818861 1917.6817653626204 1905.5770480958745
leaf_count=99 105 8767 193 44 178 258 71 156 179 61 106 243 84 1194 164 130 107 2560 121 108 174 97 887 343 93 748 401 109 269 94 331 2234 443 804 15156 66 187 1152 5503 507 132 160 109 490 116 387 398 135 165 370 152 3772 218 9277 1699 3670 157 273 45 102 90 113 824 62 2702 310 98 131 89 127 101 98 183 88 163 73 118 302 148 265 4637 47 2093 109 775 55 51993 189 110 650 100 30151 130 5034 130 24901 149000
internal_value=-0.000269581 0.0132708 -0.041432 0.0523966 0.00517971 -0.0156556 0.00125467 -0.0136294 -0.0470131 -0.00440356 -0.00101038 -0.0245256 0.053877 -0.00661414 -0.0181402 0.0226445 0.00898167 -0.0202991 0.0181328 0.00831798 0.00634348 0.0046968 0.011237 0.0268839 -0.0488912 0.00171404 0.00262986 0.00329286 0.0211031 -0.00429377 0.00567614 -0.0243159 0.00304142 0.0118842 0.00256974 -0.0165268 -0.00933285 -0.00647682 0.010359 0.00424286 0.0121536 0.00147464 0.00626918 0.0112289 0.0331755 0.00562746 0.000715124 -0.0378682 -0.012119 0.0118148 0.0044175 -0.00220402 -0.0386142 0.0067271 0.00191372 -0.0178882 -0.0138717 0.00767025 -0.033031 0.0326794 0.0366378 0.0148706 0.0119693 -0.0490838 -0.0345462 -0.0321729 -0.0223412 -0.0329237 -0.0389247 -0.0199721 -0.018099 -0.0217676 -0.0127708 0.0165285 -0.001878 -0.0395937 -0.0491329 -0.0298991 -0.0420928 -0.0303491 -0.0407288 -0.031929 -0.0343312 -0.00796255 -0.0348061 -0.0491867 -0.0462668 0.039226 -0.0398646 -0.0200502 -0.0303207 -0.0403689 0.0313591 -0.0437193 -0.0405421 0.0542803 -0.0501944
internal_weight=15503.8 11666.8 3837.01 1997.6 9669.16 684.25 4759.84 400.835 3152.76 294.319 53.7118 476.686 1943.89 286.683 337.593 16.0239 4909.31 321.569 328.288 4581.03 2737.51 207.565 1843.51 94.9919 2609.27 49.3712 4359.01 3980.11 25.1583 378.898 126.48 272.198 3961.83 197.713 3764.12 42.1353 252.418 225.952 1748.52 338.634 235.095 193.223 148.399 127.549 24.0703 103.478 109.899 543.487 22.5298 1409.89 18.7868 246.219 106.516 2697.51 444.444 170.3 44.8244 2253.07 23.3485 93.1927 71.7755 211.379 182.706 2598.69 101.898 40.4641 20.8501 15.6886 520.957 26.6947 24.2129 36.2584 14.5513 5.27911 9.66232 139.093 2597.09 21.4156 96.8536 25.2612 134.396 55.7858 52.9103 5.08755 19.0836 2593.33 685.997 67.765 494.263 14.2764 12.43 479.986 44.3312 91.7661 478.392 1927.2 1907.34
internal_count=342542 85885 256657 25680 60205 22142 39078 11236 234515 5408 596 19929 25084 5347 12836 294 21127 12542 1718 19409 11601 2213 7808 541 201500 1376 27842 25279 527 2563 823 11166 25170 1247 23923 490 1740 1553 7267 1394 1190 2108 1491 1102 225 877 729 33015 358 5873 218 3843 5828 11427 1877 5904 617 9550 272 528 433 1069 937 201407 5262 1504 389 291 32657 1427 849 460 228 215 319 7093 201345 1212 5509 363 7020 2383 2336 257 1077 201166 52111 421 31230 860 750 30370 232 5252 30281 25000 149055
is_linear=0
shrinkage=0.05


Tree=47
num_leaves=99
num_cat=0
split_feature=15 103 50 0 92 4 48 36 19 23 0 25 11 52 2 25 53 103 99 94 84 63 63 53 71 2 108 19 94 99 113 115 0 65 3 112 53 19 103 82 113 99 52 86 52 72 42 61 94 17 48 46 111 54 30 65 115 67 25 94 112 19 98 2 94 28 95 99 92 105 86 2 65 112 95 54 112 36 32 5 0 61 94 112 103 103 52 98 71 114 3 113 103 114 17 36 28 77
split_gain=3200.24 1435.39 216.47 76.4728 61.1345 38.8662 37.2867 35.1757 25.4152 20.9515 17.6627 18.064 16.272 16.2441 16.0694 13.7128 11.7635 11.5237 11.6409 11.1213 9.73553 8.01797 11.5201 8.09693 7.7775 7.74731 7.33628 10.3367 7.39916 7.31775 6.97443 7.83563 6.72992 6.61959 7.33813 6.28518 6.17686 6.17403 6.44532 6.12159 6.02298 8.25576 5.92216 5.80539 5.62888 6.15313 6.93393 5.51883 5.51211 5.45199 5.36661 5.09209 5.04042 4.97768 4.87453 4.81428 6.47874 6.08493 4.74185 4.61901 4.58634 4.5119 4.26377 4.15842 3.99787 3.87857 3.82734 3.80828 5.23919 3.75272 4.17305 3.65182 3.42332 3.2792 4.17478 2.84761 2.5589 2.46918 2.46273 2.30218 2.21664 5.3854 1.9036 1.84746 1.69217 2.01415 1.67716 1.52454 2.58245 1.49378 1.30956 1.27191 1.0059 0.941224 0.77059 2.30962 0.646339 0.137828
threshold=7.5000000000000009 0.038043830543756492 0.5357140600681306 2.9700856208801274 1.5000000000000002 3.5000000000000004 0.020067113451659683 7.5000000000000009 23.500000000000004 1.5000000000000002 2.9700856208801274 15.500000000000002 2.5000000000000004 0.8896499276161195 2.3130595684051518 25.500000000000004 0.40085470676422125 0.79602599143981945 1.1678261756896975 9.1165981292724627 0.11647287011146547 5.845238685607911 5.2739222049713144 1.3989796042442324 9.7754502296447772 1.4125741124153139 9.6569929122924822 7.5000000000000009 10.376834392547609 9.0338940620422381 -8.878532409667967 0.00062721592257730674 2.3502402305603032 11.15606737136841 2.3732419013977055 -0.29577246308326716 0.38529014587402349 13.500000000000002 1.4103024601936343 1.5000000000000002 -8.8252682685852033 0.80870303511619579 0.90950042009353649 0.94444444775581371 0.70240154862403881 1.0000000180025095e-35 0.077677227556705489 6.1425211429595956 4.8869597911834726 9.5000000000000018 0.04545454494655133 0.16590214520692828 -8.3263020515441877 1.0971675515174868 7.5000000000000009 9.459165573120119 0.00066503003472462307 10.444165229797365 9.5000000000000018 9.8250050544738787 -0.31083551049232477 8.5000000000000018 3.5000000000000004 0.61041006445884716 10.105006694793703 1.5000000000000002 6.2962894439697275 9.773466110229494 5.5000000000000009 9.5263853073120135 0.16594202816486361 1.8515046238899233 11.425730705261232 -0.28331533074378962 8.4726667404174822 1.708597004413605 -0.36513817310333246 11.500000000000002 22.500000000000004 1.5000000000000002 1.4978661537170412 9.9886951446533221 8.4384918212890643 3.4864223003387456 1.3905089497566225 1.6903818845748904 0.80658715963363659 12.500000000000002 8.6163964271545428 -4.3378100395202628 1.3904437422752383 -7.2855563163757315 0.69937413930892955 3.279449582099915 33.500000000000007 27.500000000000004 3.5000000000000004 24.500000000000004
decision_type=2 2 2 2 2 2 2 2 2 2 2 2 2 2 2 2 2 2 2 2 2 2 2 2 2 2 2 2 2 2 2 2 2 2 2 2 2 2 2 2 2 2 2 2 2 2 2 2 2 2 2 2 2 2 2 2 2 2 2 2 2 2 2 2 2 2 2 2 2 2 2 2 2 2 2 2 2 2 2 2 2 2 2 2 2 2 2 2 2 2 2 2 2 2 2 2 2 2
left_child=1 3 6 5 10 -1 14 21 67 25 13 17 69 26 19 47 -7 18 -12 54 44 22 39 29 40 30 27 28 -3 -24 31 -9 58 34 -28 -29 -27 38 -19 -6 64 -42 84 55 65 63 -47 -8 -32 -11 -51 -16 -38 59 60 56 -23 -57 -18 82 76 -45 -52 -46 -21 77 -35 68 73 75 -71 86 -72 74 -4 80 -2 -17 -67 -26 83 -82 -22 -10 -13 -86 94 90 -89 -60 -55 -56 -20 -41 95 -14 -96 -5
right_child=2 4 8 97 7 16 15 9 12 49 11 42 71 -15 51 20 32 37 92 24 53 43 23 -25 79 36 33 35 -30 -31 48 -33 -34 66 -36 -37 52 -39 -40 93 41 -43 -44 61 45 46 -48 -49 -50 50 62 -53 -54 87 91 57 -58 -59 89 -61 -62 -63 -64 -65 -66 78 -68 -69 -70 70 72 -73 -74 -75 -76 -77 -78 -79 -80 -81 81 -83 -84 -85 85 -87 -88 88 -90 -91 -92 -93 -94 -95 96 -97 -98 -99
leaf_value=0.056422732380744439 -0.0064323475313731344 0.009071676117129333 0.028621528203978144 0.032661159579181052 0.018071459415452833 0.02978106427127182 0.040291645774935068 0.061892650797602512 -0.041711992707371581 -0.00012739643001966945 0.0036930745176787121 0.0085697328444209759 -0.04662972540169949 0.038285429466033964 0.044305458323714075 -0.018513060124960828 0.0044214900213146785 0.013062204476263448 0.049614112038695028 0 0.0099462355741205492 0.0031450587181033052 0.0511195403948747 -0.00088226591990121686 -0.0042403463292316262 0.031976175135755666 0.0046270689264458461 0.0051933339792587865 0.037814657431672206 0.010095895200443933 0.012547470306689746 -0.0051671257486994061 -0.06188424972498914 -0.003850464988286137 -0.0048435031817088007 -0.0015190594784730673 -0.0083897277604463687 -0.013035164414897639 0.0074794714582678903 -0.024185898657489817 -0.01571988198921017 0.012942614448462328 0.051308841458045498 -0.034776807580284723 0.025601996933178123 0.050393871788898273 -0.0038549341751983011 -0.013169747778589244 -0.021322657297461575 0.026768865509835062 -0.042961559850952409 0.0083393733853549638 0.02833379998794627 -0.038477721359890804 -0.047705905216440157 -0.0065134884993985681 -0.0084102850514644872 0.0014772419752893944 -0.0062224904334832187 0.040218034328937731 0.023509938350298118 -0.00068568886646160326 0.0053356413141764638 -0.024759203382010968 -0.027872193380566648 -0.0357822230756401 -0.031704496025772529 -0.03463632004234387 0.038955361567452204 0.031805600329507681 0.01625934467980833 0.012355011346327091 -0.041010335470523872 -0.031361178896434611 -0.017611448516868401 0.0055979599254386602 -0.044091830617762152 0.021731597096289738 -0.0096651745139469634 -0.041329700854422093 -0.03269279342867229 0.028552418610276561 -0.03713070213085895 0.0044968770319512852 0.040590676249139666 0.016263307733693021 0 0.018710044973503506 -0.02873664534861688 -0.037246347233052861 -0.01074018163381627 -0.0085074355625846445 0.027382080552330219 -0.0061119182895792469 -0.015134778333973262 0.0060202485203675318 -0.050219832101819566 0.054167139067516391
leaf_weight=24.143997319042683 12.721419790759686 1004.9990445822477 7.8663898408412996 11.14179604500532 17.760402388870716 9.6704594511538726 9.1664225012063998 4.3131294585764435 404.7799228951335 10.638412436470388 32.245502144098282 20.132432132959366 654.88969738315791 34.384921982884407 18.790489546954632 6.9267378915101272 15.73789371550083 698.45414307713509 30.935049213469028 27.209150141105056 2.0495908455923182 1199.3554787579924 30.743964850902557 19.384577810764313 7.2178620994091061 14.612126363441346 664.35710323788226 1336.4219023510814 21.826328828930855 18.769241362810135 11.831122804433106 15.786979664117096 9.7323054485023004 29.244561053812504 293.02954886853695 468.11745312530547 56.571075987070799 30.904186904430389 2122.7177950888872 18.782817788422108 30.713804353028536 110.97652858123183 27.265738762915134 19.984104759991169 3.2605792377144089 6.92383994907141 18.03654146566987 7.4047854878008357 133.39730329997838 1.8887125002220262 88.682093795388937 22.434798412024975 9.5932298041880113 188.39596407208592 21.388646125793461 494.72597111575305 133.11868069320917 454.28305732924491 6.8370820619165853 3.0622233068570495 5.7936738878488532 18.934284895658493 4.1004829611629239 31.29739174246788 23.194660730659962 52.599388048052788 21.803665965795517 7.440305399708449 6.0532606514170757 2.9299554768949738 2.4671763153746706 1.6108215786516655 7.2532834941521287 8.2770916558802146 8.5784337148070318 2.7467511417344204 6.9412916004657754 5.4554876908659935 13.841915142722426 13.462618350982664 77.397854764014482 2.4797053560614577 4.7204185603186488 1.5031361328437913 18.255581073462963 24.93675434589386 2.1203427789732805 2.9367637839168292 6.5372512163594365 17.048603792674847 6.8175730360671869 3.8006829991936675 17.904958724975586 16.061683215200901 3.7060935935005537 1.4279928989708413 1814.4138654181734 1810.9600706771016
leaf_count=223 200 4900 88 131 109 84 121 110 26978 102 143 115 52087 190 135 147 95 3005 199 447 104 8177 197 124 98 123 3337 6696 100 119 132 355 50 145 1491 2549 734 127 8670 116 550 1797 232 134 131 197 647 129 3557 66 5227 103 106 10265 583 3557 909 3618 103 153 128 130 185 1160 387 2377 125 149 119 175 150 64 443 156 154 69 128 117 701 201 4603 137 247 89 103 141 130 101 306 257 325 95 101 102 241 108 148991 24666
internal_value=-0.000634777 0.0122728 -0.0411682 0.0519289 0.00446862 0.004818 -0.0154844 -0.00176841 -0.046891 -0.0165242 0.00699559 0.00986263 -0.0474111 0.00475237 -0.00247363 -0.0261331 -0.0170002 0.00916759 0.0276708 -0.00708089 -0.028237 0.000359841 0.012802 0.0260592 -0.00194451 -0.00838559 0.00443465 0.00573893 0.00974663 0.0365186 -0.0145576 0.0120585 -0.0269709 0.000759653 0.00171492 0.00344671 0.00416057 0.00862377 0.00887137 -0.00461751 0.00123304 0.0065601 0.0317423 -0.000295207 -0.0174475 -0.00542393 0.0128191 0.016739 -0.0183952 -0.0350653 -0.0388242 0.0259467 -0.00240728 -0.0349793 -0.0277916 3.31668e-05 0.00197499 -0.00268157 -0.0162079 0 -0.0108396 -0.0190794 -0.0406701 -0.0188629 -0.013306 -0.0261309 -0.0165032 -0.00582785 0.00211319 -0.0387606 -0.00943958 -0.0491334 -0.0253529 -0.00823878 0.00449069 -0.0394677 -0.0223823 0 -0.0308219 -0.0299979 -0.0397592 -0.0301774 -0.0224502 -0.0415006 0.0221709 0.0277865 -0.0491848 -0.0366368 -0.0125707 -0.0296523 -0.0376491 -0.0429767 0.0427212 -0.0167259 -0.0492231 -0.0464865 -0.0501663 0.0540681
internal_weight=15288.5 11596.5 3692.02 1905.27 9691.26 83.1703 674.079 2793.32 3017.94 351.415 6897.94 3023.75 2979.73 3874.18 304.646 369.433 59.0263 2933.16 81.0855 263.42 352.862 2441.9 121.503 68.8978 212.775 246.105 3839.8 2831.36 1026.83 49.5132 165.329 20.1001 49.3559 1008.43 957.387 1804.54 80.7764 2852.08 2821.17 52.6049 192.094 141.69 90.5905 2320.4 138.342 59.5184 24.9604 16.5712 145.228 105.31 94.6713 41.2253 66.1643 214.52 50.6457 2281.48 1332.47 949.009 39.6236 9.83223 25.4564 38.9184 92.7826 34.558 50.4038 78.8235 51.0482 38.2155 30.7752 501.558 12.6504 2478.17 9.72046 24.7219 16.4448 488.907 19.6627 12.3822 66.4413 20.6805 486.161 79.8776 6.77001 406.283 63.3248 43.1923 2476.56 204.688 9.47402 23.8857 195.214 25.1893 48.84 34.8445 2474.44 656.318 1818.12 1822.1
internal_count=342978 85967 257011 25609 60358 812 22080 27989 234931 10697 32369 12836 234265 19533 4852 17228 589 12245 443 4614 16978 17292 767 440 3480 5117 19343 14245 5000 316 4154 465 505 5098 4828 9245 963 11802 11675 327 3181 2347 591 16525 5477 2135 844 250 3689 5580 5478 238 840 11501 1134 16261 9086 7175 455 504 456 264 5412 1291 834 3342 270 666 517 32644 768 201621 593 398 242 31876 328 264 3078 299 31807 4740 351 27067 359 244 201557 10997 407 360 10590 678 300 218 201427 52195 149232 24797
is_linear=0
shrinkage=0.05


Tree=48
num_leaves=83
num_cat=0
split_feature=93 107 93 19 3 44 2 115 103 4 50 38 0 44 28 34 23 52 115 52 3 53 53 109 67 36 115 42 94 115 74 23 103 100 107 114 3 52 115 107 4 36 82 76 63 113 0 65 49 113 53 19 2 93 46 109 2 115 5 21 46 49 109 109 53 38 52 97 2 67 46 69 63 65 36 28 115 86 86 44 36 114
split_gain=3051.06 1431.27 94.5728 76.7329 61.8336 60.8652 38.6764 32.177 28.405 41.8195 21.5468 20.8199 16.094 11.4141 10.0115 8.4545 8.12794 7.79066 7.53818 8.24597 8.61069 7.52457 8.89489 7.70446 7.45377 7.39081 7.17254 8.68249 7.56004 6.88403 8.53388 6.54132 6.53646 9.22911 6.49182 6.45586 8.15677 7.16957 6.56961 6.16165 6.08246 6.06752 5.87428 5.77164 5.71258 5.56317 5.53128 5.41349 5.33724 7.30435 5.3058 4.80378 4.85257 4.74207 4.64161 4.59554 4.39979 4.01673 3.62715 3.27171 3.23705 6.0383 3.78804 3.60858 3.14933 2.45359 2.36969 2.11134 1.39716 1.56802 1.39425 1.34056 2.53913 1.39554 0.914541 0.768373 0.764475 0.525816 0.328911 0.296004 0.172779 0.124952
threshold=4.5000000000000009 0.033852115273475654 1.5000000000000002 17.500000000000004 1.5420657992362978 0.091372914612293257 0.94270494580268871 0.00063411527662538003 0.5052073895931245 2.5000000000000004 0.50534757971763622 22.500000000000004 3.113268375396729 0.067117117345333113 3.5000000000000004 12.500000000000002 1.5000000000000002 0.8896499276161195 0.00038183479045983409 0.52797341346740734 2.3259208202362065 0.85435608029365551 0.71378621459007274 0.043731365352869041 10.275498867034914 14.500000000000002 0.00042387074790894991 0.49444444477558142 5.5777657032012948 0.00045546445471700286 1.5000000000000002 4.5000000000000009 1.466796398162842 1.1450186371803286 1.6072049140930178 3.2983442544937138 1.874359726905823 0.35857143998146063 0.00057342194486409437 0.68692630529403698 5.5000000000000009 22.500000000000004 30.500000000000004 23.500000000000004 11.892090797424318 -8.8066506385803205 3.1984648704528813 9.2496395111084002 0.4545454233884812 -7.3295571804046622 1.9852941036224367 37.500000000000007 1.3848878741264345 3.5000000000000004 0.1766968369483948 0.19454637914896014 0.80095681548118602 0.00057082198327407252 5.5000000000000009 12.500000000000002 0.33378995954990393 0.34482757747173315 2.0416998863220219 0.40663325786590582 0.68795290589332592 2.5000000000000004 0.7561737895011903 0.28991597890853887 0.33565986156463629 10.209087848663332 0.15415885299444201 10.216531753540041 11.521667003631594 12.636546134948732 53.500000000000007 2.5000000000000004 0.0004136718343943358 0.091966174542903914 0.58578431606292736 0.43050193786621099 6.5000000000000009 3.3441426753997807
decision_type=2 2 2 2 2 2 2 2 2 2 2 2 2 2 2 2 2 2 2 2 2 2 2 2 2 2 2 2 2 2 2 2 2 2 2 2 2 2 2 2 2 2 2 2 2 2 2 2 2 2 2 2 2 2 2 2 2 2 2 2 2 2 2 2 2 2 2 2 2 2 2 2 2 2 2 2 2 2 2 2 2 2
left_child=1 7 8 18 5 14 16 40 9 -3 56 12 17 25 32 43 44 39 19 20 65 22 -21 -23 -18 34 27 50 -29 30 -28 68 33 -2 -8 37 38 -6 -37 -10 -1 -26 66 -14 53 -34 -17 -31 49 -39 -20 52 -15 -5 -27 -50 74 59 -53 -42 61 62 -58 -63 -11 -4 -16 -62 69 -12 -9 73 -73 -70 75 -7 -47 -69 -33 -71 -77 -38
right_child=4 2 3 6 35 10 13 70 11 64 31 -13 15 51 42 46 24 -19 26 21 -22 23 -24 -25 41 54 29 28 -30 47 -32 78 45 -35 -36 36 81 48 -40 -41 57 -43 -44 -45 -46 76 -48 -49 55 -51 -52 58 -54 -55 -56 -57 60 -59 -60 -61 67 63 -64 -65 -66 -67 -68 77 71 79 -72 72 -74 -75 -76 80 -78 -79 -80 -81 -82 -83
leaf_value=0.038494952180302903 -0.023233098248004708 0.055717751253532656 -0.004641330365108224 -0.0158145270424133 0.031335296995245253 -0.0063644199512511426 -0.023851705660957314 0.053927483653856467 -0.018536561901653752 0.010563491009288975 0 0.04812399282186447 0.022872747396020417 -0.015878956625507964 0.018086880604771729 0.0059046514847902153 0.014506526816446853 0.029093278384006206 -0.014829358069024665 0.02432069931071381 0.022851411834905726 0.047573575202095549 -0.023345940077986349 0.013567466091048001 -0.039070872525216141 0.0020782510809037886 0.027545105755021688 0.034406427526821069 -0.012545945690530764 0.0030141593712441545 -0.00032013141938324295 -0.049866102797139544 0.0082976553278493129 0.050660767097825736 0.0050558586492855714 -0.023209668254124488 -0.044751316815197749 0.038560010630694336 0.03672245433772655 0.0046370960818803101 -0.046372359027810915 0.016242937730481487 -0.0011539204485564042 0.0088062733985446902 0.035447912677271855 -0.016211694741079304 0.03823649616462578 -0.0022321643557038722 0.0013938100222473874 -0.020197821185879327 0.0015060654126031168 -0.034286516429919693 0.0014005340141406187 -0.035010952273160027 0.026083879113160176 -0.037453081227188982 -0.024796959248626974 0.011048237111973886 -0.0057004208340656563 0 0.0012984091325411158 0.048586492588324162 0.025522771574444755 -0.016098586918734923 -0.011221076521338448 -0.031173645329000674 0.067483476595163072 -0.0090470311438557143 -0.042139521188607851 -0.047994490673915188 0.034932661536284687 0.019516390223864678 -0.031366481771884128 -0.010742467640507875 -0.0033885683422423016 -0.0069225796828141176 -0.048840427122692424 -0.042908827995453119 -0.0082977460957864308 -0.0075354394370159318 -0.043619308263302597 -0.025399514515880628
leaf_weight=8.5968438880518061 7.0166095383465272 71.03047090023756 19.401537373661995 116.88260154798627 15.659213058650492 2.6843306878581634 31.384651584550738 1692.4465636909008 27.264280706644058 33.154253490269184 2.1310084508731952 28.760249234735966 75.583319798111916 97.11757411621511 6.5233986489474791 21.176359802484512 6.0637651458382598 31.108196787536144 182.5272451788187 18.12428954988718 17.744267806410789 29.734476409852505 18.009327046573162 41.940484456717968 185.9008470075205 40.630672115832567 52.762825213372707 20.28057998418808 12.719736248254774 1058.2660515904427 54.176550880074501 1898.0128466803581 7.0896475892513982 6.8930334104225039 45.465668369084597 7.4303711755201203 13.039756499230863 10.711734268814327 7.7937698140740395 4310.9019571840763 6.6642973423004168 4.0654658256098619 9.3245246652513725 2234.6376025229692 3.0455042207613578 5.6920369043946328 41.397278122603893 914.42590257525444 13.137746739201249 7.8306963490322223 66.286369435489178 38.708375566639006 67.021605690941215 48.708815477788448 41.042746400460601 14.884779293090103 93.891101174987853 14.022731592878698 17.528669914230704 6.3433360336348414 2.6190558848902574 3.682245864532887 2.5330141242593518 2.402019084431231 30.318503148853779 17.230305232107639 6.8301377156749368 2.9352868366986504 510.94093221332878 311.93462725169957 23.477891352958977 2.2825728459283701 5.5183320045471191 5.6408322080969802 2.4112911494448772 1.6023125620558847 12.058600835502146 33.607065121643245 1.712396079674362 1.6532733961939801 72.85460696183145 15.143507089465855
leaf_count=71 171 691 130 3611 114 157 381 24222 135 178 120 222 305 3383 137 121 177 163 1232 115 119 199 123 281 11849 260 368 163 108 7055 381 163341 196 96 566 139 112 149 119 21109 47 126 71 9378 95 117 279 6389 125 101 457 1175 1368 2377 419 137 4331 171 593 168 106 184 94 118 151 126 71 142 38275 24432 251 135 388 390 140 99 293 1799 145 130 4689 133
internal_value=-0.00052925 0.0110009 0.00380848 -0.0031972 -0.0444685 -0.0457829 -0.017297 0.0527276 0.00712458 0.0297807 -0.0468046 0.00666655 0.00647755 -0.00603764 0.00325095 0.00979629 -0.0288958 0.00467023 0.000961026 0.0113388 -0.00431569 0.0192769 0.000313891 0.0284976 -0.035953 0.00412648 0.000237303 -0.0072214 0.0162605 0.00125732 0.0135269 -0.0480394 -0.0119304 0.0141035 -0.0068526 -0.00665103 -0.0211411 0.00355996 0.00741557 0.00448279 0.00515361 -0.0377169 0.0287357 0.00928535 -0.0203888 -0.0268611 0.0278451 0.000577353 -0.00625889 0.0135924 -0.0104545 -0.0133726 -0.0088142 -0.0217846 0.0145147 -0.0197564 -0.0312467 -0.00656628 -0.0259292 -0.0254237 -0.0252475 -0.0198398 -0.0230023 0.0235976 0 -0.0181188 0.0482892 -0.0379028 -0.0438731 -0.0475591 0.0537041 -0.0415055 -0.0146564 -0.0418481 -0.0411419 -0.0421077 -0.0409754 -0.0409157 -0.0498405 -0.0478498 -0.0431136 -0.036499
internal_weight=15052.2 11924.1 10172.5 3267.2 3128.11 3022.48 743.567 1751.55 6905.33 134.503 2961.05 6770.83 6742.07 378.9 61.428 2372.79 364.667 4369.27 2523.63 162.185 54.3761 107.809 36.1336 71.675 196.03 158.524 2361.45 281.814 33.0003 2079.63 106.939 2739.83 38.7499 13.9096 76.8503 105.632 43.4074 62.2242 15.2241 4338.17 35.6272 189.966 22.6781 2310.22 168.637 24.8403 62.5736 1972.69 46.565 18.5424 248.814 220.376 164.139 165.591 81.6734 28.0225 221.222 27.0304 56.237 13.0076 141.67 102.508 96.4241 6.08426 63.4728 36.6318 13.3535 39.1614 840.102 315.719 1715.92 524.383 7.8009 516.582 79.5525 77.1413 17.7506 36.5424 1899.73 313.588 74.4569 28.1833
internal_count=342784 101288 76358 43626 241496 240367 26380 24930 32732 1020 239215 31712 31490 8145 1152 10083 18235 21407 17246 1093 375 718 238 480 12152 1626 16153 1960 271 14193 749 227356 873 267 947 1129 503 626 258 21244 457 11975 279 9683 6083 606 400 13444 512 250 1689 6519 4751 5988 679 262 11859 386 1768 215 6774 4727 4425 302 329 256 208 2047 63870 24682 24473 39188 523 38665 5085 4945 410 1941 163486 24562 4788 245
is_linear=0
shrinkage=0.05


Tree=49
num_leaves=97
num_cat=0
split_feature=93 103 24 0 3 48 44 93 4 19 51 21 44 48 0 38 23 103 96 4 108 115 53 44 114 112 76 95 3 97 91 113 65 65 0 34 108 3 94 112 95 95 71 51 113 114 108 74 9 9 19 108 113 103 76 96 51 77 51 51 94 115 19 97 94 113 71 44 17 0 91 97 21 74 109 102 101 115 71 114 50 69 38 53 95 96 103 112 3 82 19 69 115 46 69 95
split_gain=2836.02 1369.96 72.2515 70.2612 68.588 54.2785 32.6752 32.4472 31.9363 19.617 18.1154 16.0894 15.6498 14.7595 12.6707 11.8309 10.5982 9.90234 9.09014 8.9723 8.86315 8.79549 8.77549 11.7696 8.09226 9.21616 7.94523 7.86554 8.16716 7.85674 7.45142 7.72931 7.2453 7.11126 8.16551 7.0089 6.86014 6.83848 11.0692 8.27755 6.76319 6.5777 8.51651 8.63451 7.569 7.51152 6.83708 6.35885 5.67479 5.43258 5.3994 9.55023 5.2517 6.27539 5.08902 5.34607 4.98606 4.94253 4.8149 4.81278 9.9583 4.07414 3.87213 3.74623 3.35854 3.16964 3.63005 3.06118 3.4197 3.03175 3.17331 3.77766 2.81668 2.72199 5.22954 6.35672 3.53056 3.02075 3.34151 2.63925 2.51551 2.09796 1.79674 1.81684 1.7627 2.17952 1.59626 1.58331 1.4525 1.37209 1.22364 3.34427 0.890381 0.573325 0.526254 0.476734
threshold=4.5000000000000009 0.038043830543756492 7.5000000000000009 2.9700856208801274 1.5420657992362978 0.033445188775658614 0.067117117345333113 1.5000000000000002 3.5000000000000004 16.500000000000004 0.21428567916154864 17.500000000000004 0.10551619529724122 0.03846153803169728 1.4978661537170412 23.500000000000004 4.5000000000000009 1.1860079765319826 0.44334760308265692 1.5000000000000002 9.2537193298339862 0.00036619359161704784 0.40085470676422125 0.24893609434366229 3.2929224967956547 -0.28331533074378962 28.500000000000004 9.7469773292541522 0.48725561797618872 0.30602006614208227 3.5000000000000004 -7.4211430549621573 11.361401557922365 10.628127098083498 2.1383330821990971 18.500000000000004 6.4728715419769296 2.4454430341720585 7.7434689998626718 -0.25805658102035517 7.5858042240142831 9.4006323814392108 6.7331304550170907 1.3333330154418948 -8.7313718795776349 -4.4829003810882559 8.5116829872131365 3.5000000000000004 80.500000000000014 45.500000000000007 21.500000000000004 7.892115831375123 -8.7995648384094221 2.1927229166030888 74.500000000000014 0.20256410539150241 0.80936715006828319 16.500000000000004 1.5803826451301577 0.62068960070610057 10.470479965209963 0.00039061944698914891 46.500000000000007 0.13809524476528171 5.1432998180389413 -8.6663322448730451 6.8644769191741952 0.10050505027174951 30.500000000000004 1.4978661537170412 12.500000000000002 0.40370370447635656 66.500000000000014 5.5000000000000009 1.0130492448806765 10.517094612121584 2.6983364820480351 0.0007673237705603243 6.7784061431884775 3.2929224967956547 0.85714256763458263 9.5631613731384295 12.500000000000002 0.60120484232902538 8.1713719367980975 0.42807881534099584 1.4103024601936343 3.5276918411254887 1.2175337076187136 10.500000000000002 26.500000000000004 4.9908745288848886 0.00053274168749339889 0.19367341697216037 9.8401899337768572 6.6913886070251474
decision_type=2 2 2 2 2 2 2 2 2 2 2 2 2 2 2 2 2 2 2 2 2 2 2 2 2 2 2 2 2 2 2 2 2 2 2 2 2 2 2 2 2 2 2 2 2 2 2 2 2 2 2 2 2 2 2 2 2 2 2 2 2 2 2 2 2 2 2 2 2 2 2 2 2 2 2 2 2 2 2 2 2 2 2 2 2 2 2 2 2 2 2 2 2 2 2 2
left_child=1 3 7 8 5 12 15 10 -1 21 11 17 27 18 35 26 67 19 36 -3 -19 -9 -10 65 25 32 33 47 -29 -30 49 -32 -12 48 -35 -8 -11 39 -39 -26 54 42 58 44 -44 -43 -45 -2 -4 -23 51 -15 88 -54 55 -16 -31 -56 -6 60 -37 -28 -63 -17 -20 66 -24 68 -7 70 84 -72 -70 74 76 -76 -71 78 -75 -13 -61 -52 -49 -84 85 -14 -47 90 -42 94 91 -69 -67 -86 -89 -92
right_child=4 2 6 -5 41 16 14 9 22 13 24 79 69 50 40 63 -18 20 64 -21 -22 30 23 -25 37 -27 61 28 29 56 31 -33 -34 34 -36 59 -38 38 -40 -41 52 45 43 46 -46 86 -48 82 -50 -51 81 -53 53 -55 57 -57 -58 -59 -60 80 -62 62 -64 -65 -66 92 -68 87 72 73 71 -73 -74 77 75 -77 -78 -79 -80 -81 -82 -83 83 -85 93 -87 -88 89 -90 -91 95 -93 -94 -95 -96 -97
leaf_value=0.055206524872701959 0.022752498773306682 0.028875889162051162 0.0058680376630917122 0.053565646178789783 -0.037997264540094174 -0.038102240706231361 -0.0021085536677151362 0.028743232414574993 0.030127471017437121 -0.030484740120286864 0.0024420810791657213 0.02171166848710292 0.013278182900427989 0.020335615995318145 0.020153018816568488 0.039718067564448983 -0.049777214243467448 0.0053727942662642608 0.010010885857225859 -0.0043303351729055617 0.015167978174421637 -0.018956181769097677 0.012835948784968043 0.012916621699094159 0.0060377785450938821 -0.022809568959114932 0.016520916046213124 -0.03227375613344606 -0.014181403143879667 0.048076652920364456 0.021877452682963393 -0.0077955663421476196 0.018459998116366939 -0.029024140430663089 0.011041271127012118 -0.025805889967576781 0.004313786950184576 0.007405588422664252 0.022114277814740228 -0.0063965711767007688 -0.043575410702458434 0.016903241952322328 0.082562819786043087 -0.016800293389987963 0.0066905727792680924 -0.012288328213368059 0.024937895971328308 -0.00084787982500996297 0.056016451437852326 0.00062515443165139036 -0.039549115744344526 -0.03212270831294433 -0.015668636365004356 0.025345669206458095 0.047049382621819631 -0.025859017320019079 -0.00034798435534783988 -0.00053066870868019318 0.0024165200149850168 -0.029632144472196694 0.075264686129600814 -0.022820253709124355 0.010387848288512518 0.01081625329375429 -0.033532940373685691 -0.028932825769795674 -0.031295185980309337 0.019232033681838109 0.041681484389268907 0.0086710634898549202 0.024099119415055891 -0.034752247110429728 -0.014440434039071312 0.0094111884093491215 0.067853583745483212 -0.012193310561484018 -0.035196874553242129 0.010295522807132688 -0.034321575924772488 0.051225666585983515 -0.043954956189105054 0.0019983577491424413 -0.0074617901395773838 -0.04842101853154257 -0.0091445575359048008 -0.0334622049635755 -0.045868545091504564 -0.0053258758342101913 -0.018663996250624107 -0.029942592789145153 -0.0012805927386491788 -0.033079650678878116 -0.064550230009060114 -0.043302515632316359 0.023929284517383825 -0.043441331420676951
leaf_weight=23.412647873163223 4.9019134426489499 115.49104305356741 13.398169450461866 1663.671203032136 13.472204735502602 5.2548780217766744 20.177395648322999 27.277113474905491 9.2131479922682029 14.237555548548697 1968.8293445929885 17.183754168450832 3.4328810386359683 12.921000417321919 8.1306990031152981 19.080393470823765 1816.1387647110969 649.0723313242197 4.09835385903716 23.575456857681274 364.04033142328262 34.46109876781702 5.5318586714565745 17.805741660296917 2596.2520631924272 33.54892822355032 7.6912727560847989 7.484448889270424 10.104648132808505 18.273844170384113 77.746054336428642 28.868113450706005 72.030987486243248 18.236552638933063 34.016034118831158 7.901733127422629 138.84815677814186 548.68125112354755 168.27543675899506 139.15170449018478 19.790333837270737 7.4598077554255751 6.1969982283189893 19.696355409920216 6.7895837435498816 7.3738638786599067 16.689688662998378 4.1439309269189861 9.5410755053162557 2286.9405004829168 57.828605373390019 20.199545068666339 74.20185662060976 9.1037319591268879 9.0371866812929529 16.626884778030217 6.6846673786640158 10.412173513323067 13.332098221406339 107.7116987882182 1.7895790273323653 67.381134334951639 8.7371986713260394 31.302638366818428 28.832258289679885 9.437821154482668 12.757474048063157 2.2988185025751617 2.4567898809909821 5.4567398801446023 4.0188350547105065 3.821921500377357 3.5656793657690287 3.7283718753606072 2.8399765677750102 4.5538810901343822 13.251079281792043 3.6256973836570969 56.749265007674694 27.083205461502075 70.313550351187587 2.5739978002384296 4.7672189241275218 14.111588846892117 2.9442799827083936 3.4610427552834153 15.857335824519394 1.4998635267838829 15.903928164392708 2.6514769233763218 1.2529828576371063 20.194535898044705 8.5206863805651647 76.012941659428179 1.3920419942587612 787.0905069867149
leaf_count=236 129 653 101 24801 136 332 188 176 80 272 9688 115 215 138 153 142 164021 2715 68 112 1530 219 65 141 11593 181 119 60 91 228 502 195 355 387 294 466 2446 2589 763 750 618 76 101 170 107 101 149 145 153 15619 3253 241 2545 367 224 510 200 255 100 6152 82 907 57 169 919 162 296 142 149 243 180 220 188 172 130 198 590 142 2639 218 5183 134 57 376 147 212 210 120 547 214 95 1441 104 4793 90 62755
internal_value=-0.000572702 0.0104804 0.00335891 0.0512796 -0.0439214 -0.0453717 -0.0137373 0.00441125 0.00712453 -0.000177023 0.00627876 0.0118615 -0.0230336 -0.0126938 -0.0226211 0.00200931 -0.0475029 0.0106785 -0.0044018 0.0231893 0.00891956 0.00125084 -0.0113809 -0.0192582 0.0050655 0.00258664 -0.00466341 -0.00275856 0.0105177 0.0208746 0.00092031 0.0137537 0.00302546 0.00697872 -0.00317556 -0.0308198 0.000748302 0.00655031 0.0109107 0.00539842 -0.0119312 -0.00441419 0.00341665 0.0156952 0.048386 -0.023415 0.00230976 -0.0228319 0.0292932 0.000318112 -0.0287513 -0.0113744 -0.0180909 -0.0106996 0.00448052 -0.0100792 0.0354446 0.022886 -0.0184799 -0.0338119 0 -0.0151647 -0.0187526 0.0227862 -0.0276232 -0.0352134 -0.0174806 -0.0424192 -0.0129606 -0.0306641 -0.037394 -0.00449104 0.0108707 -0.0230678 -0.00826774 0.0236867 -0.0222127 -0.0286149 -0.0313016 0.0410744 -0.0356648 -0.0376115 -0.0337433 -0.0398794 -0.0401558 -0.0107825 -0.0370059 -0.0427894 -0.0339451 -0.0100915 -0.0429816 -0.0264485 -0.0500192 -0.0423473 0.00984256 -0.0433895
internal_weight=14793.9 11788.9 10038.5 1750.35 3005.03 2898.17 580.485 9458.05 86.6794 2734.83 6723.22 1196.45 254.369 279.539 371.101 209.384 2643.8 1152.18 186.016 139.066 1013.11 2455.29 63.2667 54.0536 5526.77 2074.41 159.001 70.4723 42.5476 35.0632 2428.02 106.614 2040.86 75.1918 52.2526 207.894 153.086 3452.36 716.957 2735.4 163.207 106.868 76.1769 49.3726 12.9866 30.691 36.386 27.9247 22.9392 2321.4 93.5231 33.1205 119 83.3056 44.2069 24.7576 24.9585 19.4494 26.8043 187.717 9.69131 83.8096 76.1183 50.383 32.9306 36.2478 18.2893 827.658 11.2773 183.897 93.6919 7.84076 6.02247 90.205 26.1017 7.39386 18.7078 64.1033 60.4776 44.267 178.025 60.4026 23.0227 18.8788 85.8511 6.89392 23.2312 816.38 35.6943 5.54338 810.837 22.4934 17.9585 78.9572 2.89191 788.343
internal_count=342812 100948 75063 25885 241864 240714 19619 55444 1084 24182 31262 5343 11167 7471 17290 2329 229547 5010 3705 765 4245 16711 848 768 25919 10224 2018 1286 579 519 16535 697 10043 935 681 12071 2718 15695 3352 12343 5219 1150 763 527 208 387 319 707 254 15838 3766 379 4077 2912 1142 663 428 479 236 11883 548 1083 964 311 987 627 361 65526 669 9881 5767 400 337 4114 1161 328 833 2953 2811 333 11335 3387 578 433 5367 427 311 64857 1165 424 64433 1583 266 4940 210 62850
is_linear=0
shrinkage=0.05


Tree=50
num_leaves=89
num_cat=0
split_feature=93 103 19 40 44 0 44 32 44 4 23 38 0 103 32 63 49 100 65 103 101 103 114 53 44 113 21 107 21 9 53 63 108 114 9 4 65 40 53 19 108 17 102 65 44 82 76 23 36 21 108 67 17 114 50 38 86 113 114 112 113 19 67 80 65 63 105 107 69 90 9 103 109 112 63 69 107 13 21 103 24 53 5 69 24 50 21 76
split_gain=2636.72 1335.02 80.1232 75.4928 59.7471 56.8337 37.017 28.4526 27.7862 24.3604 23.9543 16.075 15.046 12.0603 11.805 9.34525 9.24289 9.10664 8.39634 8.06666 7.79005 8.90417 7.74714 7.52294 11.9203 7.08008 7.94551 6.70344 6.91648 6.63897 6.58391 6.48241 6.14572 6.07135 6.55877 6.06946 5.9404 7.16094 6.39898 5.88483 5.71868 5.56718 7.54919 5.30415 5.16784 5.9979 5.08438 5.04414 7.04406 5.75751 4.96365 4.83287 4.77595 4.66838 4.57795 6.21267 4.04584 7.59071 5.3071 4.2408 3.605 3.48776 7.1017 4.82112 3.23654 3.22016 4.41307 3.11986 3.05278 2.89956 2.76953 2.66752 4.66933 3.93594 2.57092 2.06251 4.22022 2.80565 2.41862 1.73189 1.72505 1.15514 1.14341 0.738036 0.616827 0.550912 0.474734 0.323969
threshold=4.5000000000000009 0.038043830543756492 19.500000000000004 6.5000000000000009 0.095491390675306334 2.9174053668975835 0.055867666378617294 12.500000000000002 0.083835341036319747 3.5000000000000004 2.5000000000000004 23.500000000000004 1.4978661537170412 0.95897960662841808 10.500000000000002 7.6952006816864023 0.24679434299468997 0.55532076954841625 12.229402065277101 0.53195574879646312 0.91828674077987682 0.77737739682197582 3.4516190290451054 0.40085470676422125 0.28423725068569189 3.1008874177932744 14.500000000000002 1.3028345704078677 6.5000000000000009 68.500000000000014 0.764928698539734 10.913342475891115 6.4728715419769296 3.2983442544937138 85.500000000000014 1.5000000000000002 10.967702865600588 10.500000000000002 0.64334636926651012 5.5000000000000009 8.5900201797485369 18.500000000000004 1.8617515563964846 10.460896968841555 0.074271079152822508 2.5000000000000004 23.500000000000004 4.5000000000000009 45.500000000000007 128.50000000000003 7.8123357295989999 9.952057361602785 30.500000000000004 3.2815787792205815 0.85714256763458263 16.500000000000004 0.19785943627357486 -8.7789363861083967 3.291070938110352 -6.5264089107513419 -8.7091302871704084 54.500000000000007 11.769215583801271 1.0000000180025095e-35 9.3900532722473162 8.9655685424804705 0.91249519586563121 2.2917515039443974 5.4493131637573251 20.500000000000004 82.500000000000014 3.5765795707702641 0.060701008886098869 -6.4498648643493643 9.0537023544311541 3.69975757598877 2.5178595781326298 2.5000000000000004 35.500000000000007 9.905832767486574 41.500000000000007 0.45534290373325353 7.5000000000000009 7.0130000114440927 2.5000000000000004 0.3571427613496781 22.500000000000004 7.5000000000000009
decision_type=2 2 2 2 2 2 2 2 2 2 2 2 2 2 2 2 2 2 2 2 2 2 2 2 2 2 2 2 2 2 2 2 2 2 2 2 2 2 2 2 2 2 2 2 2 2 2 2 2 2 2 2 2 2 2 2 2 2 2 2 2 2 2 2 2 2 2 2 2 2 2 2 2 2 2 2 2 2 2 2 2 2 2 2 2 2 2 2
left_child=1 5 33 8 16 9 11 15 13 -1 61 36 54 17 18 -8 31 22 20 -19 50 -22 64 -11 65 27 29 28 -15 -27 52 68 -29 34 51 60 37 38 -5 -21 87 -38 -43 -39 -17 -46 -28 48 85 -50 -10 -2 -14 -32 55 -9 70 58 -58 -59 -13 75 -63 67 -3 -25 -67 -64 -4 -65 -16 72 73 -18 -36 76 78 -77 -6 -79 -51 -56 -75 -72 -7 -12 -87 -35
right_child=2 3 4 6 10 84 7 12 14 23 47 35 30 25 56 44 71 19 -20 39 21 -23 -24 24 -26 26 46 32 -30 -31 53 -33 -34 40 74 -37 41 43 -40 -41 -42 42 -44 -45 45 -47 -48 -49 49 80 -52 -53 -54 -55 81 -57 57 59 -60 -61 -62 62 63 69 -66 66 -68 -69 -70 -71 83 -73 -74 82 -76 77 -78 79 -80 -81 -82 -83 -84 -85 -86 86 -88 -89
leaf_value=0.054912891248033474 0.0029935715374600274 0.027796257915509878 0.014278078093778774 -0.0023987396758036088 -0.013553361460058217 0.053463883966992615 0.040583178039877266 -0.030292810530580083 -0.0013280119202167149 0.034071948282279212 -0.00017547408130364227 0.016363612545361544 -0.026152509300776752 0.010087256243695863 -0.011061737782190184 0.026029814170809074 0.017280942048386198 0.052860530412037636 0.03526210471806978 0.038099711056219676 0.017526851693007401 0.001836570782481696 -0.019843308168364118 -0.04214328560394915 0.02403595800487612 0.0093533339202091365 0.0010000217569825264 -0.001084709127594956 -0.008025119066640508 -4.0078434458625845e-07 0.0048819517665118261 0.032363706432822173 0.0067219589406577393 -0.038415849045653497 0.0047559368237090806 0.0015863555536255259 0.011802528190086724 0.012282379292992369 0.021555227338742024 0.013815226800659067 0.0062991911252787709 -0.0019653548756691946 -0.031296907599299893 -0.032857726594126231 0.0073061838292107651 -0.013482368232748305 0.032113507099335713 -0.049681017944684713 0.050949697075924311 -0.03430299689905672 -0.031629631269812573 0.038730275328525882 0.0142675753934332 -0.015577960191287288 -0.008170007393210733 0.00077260660006174368 -0.0010994806409174516 0.0059386222633986832 0.04669376252682348 -0.02992127697693725 0.050792899505513467 0.049244545975314996 0.041517692854663092 -0.038305437420583399 0.00025954957903309879 0.026085747270049454 -0.025018896813088488 -0.018663965391081342 -0.03848737994478544 0.0086395141203905821 -0.048045612934650407 -0.039567953172930818 0.018878518744850664 -0.04337176065144898 -0.026365446965881813 0.011042270367131929 0.024259969489656873 -0.038570899429446102 -0.036783337220723598 0.0060337652772473639 0.0045888045568701335 -0.042736726389082831 -0.0061448273081818267 -0.017704834276078121 0.029472641006987155 -0.0016780192382867853 -0.044344899178966092 -0.018360323378361174
leaf_weight=20.211795583367348 18.828735262155533 21.88557656109333 3.5334197049960476 48.682424822822213 22.084758765995502 1589.8586497679353 11.470257848501204 117.51727528590709 28.03669973090291 7.9931399878114453 1.177246831357478 15.400808284059165 95.727863802574575 72.308673053979874 17.32201312109828 11.998543923720716 3.5820852816104916 21.285779491066933 17.526390232145786 33.286639347672462 91.13326059654355 4183.7678545620292 23.340395871549845 19.595527258701622 13.404600699432192 1617.909391477704 17.976244941353798 285.62338289059699 181.22461803629994 212.45081220567226 53.69151777587831 24.841265055350959 1995.5943981250748 11.279991235584022 12.213972751051189 16.511509329080582 21.351083062589169 8.6004832517355698 60.883972598239779 111.48393625766039 17.511702455580235 48.04984693415463 40.472017362713814 17.20174353942275 51.64481549244374 97.191464557312429 56.42214235663414 1729.4008203130215 2.0834867144003502 6.5824249247089011 26.237026058137417 19.60335660725832 6.6464193491265169 54.218941883184016 4.0401620399206868 17.803632650524378 16.819489190354947 10.174739601090549 7.0245658466592422 28.495577082969248 23.146376900374889 2.1542470082640639 2.9761182637885204 24.291082724928859 21.049585681408644 4.3433516509830978 13.548879601061342 2.6468768827617168 4.594122676178813 2.8238577907904974 13.356552336364986 7.884786268696188 9.3046787325292808 9.2466461379081029 11.177352949976919 1.990355048328637 2.7075514663010827 305.19682066701353 35.923901291564107 1.4211975689977396 3.276876169256866 94.705025902017951 4.0821643229573956 6.7185552837327114 10.528733015060423 1.2611056482419361 556.01762582547963 12.193049985915421
leaf_count=200 143 96 63 424 1077 24839 86 6446 181 64 53 100 2875 307 189 104 108 157 106 181 574 25618 108 188 108 6743 91 1253 813 872 1657 186 8760 104 98 96 178 99 557 565 156 581 427 222 381 1218 354 163956 103 344 179 153 60 1953 271 770 381 240 154 774 156 115 116 1271 116 83 357 109 165 63 393 279 199 283 103 113 160 21418 1781 82 155 6885 111 257 112 58 48144 109
internal_value=-0.000472983 0.0100557 -0.0433774 0.00314645 -0.0449846 0.0512947 -0.0105146 -0.0175147 0.00452281 0.0095641 -0.0461404 0.00384228 -0.0241836 0.00721564 0.00168986 -0.000198901 0.00145666 0.0183196 0.00208465 0.0245334 0.00193586 0.00217943 0.00240453 -0.00681317 -0.0142171 0.00662629 0.00893706 0.00488165 -0.00279124 0.00826307 -0.0142365 0.0200129 0.00574006 0 0.00977795 0.0278824 -0.00165108 0.00528892 0.0109333 0.0198007 -0.0146548 -0.0102473 -0.0157848 -0.0175971 -0.00351708 -0.00620149 0.0248959 -0.0481527 -0.0433834 -0.00392431 -0.0166124 0.0222426 -0.0232639 -0.00537924 -0.0329301 -0.0261689 -0.0151637 -0.00687771 0.0145163 -0.0203676 0.0384152 -0.0345309 -0.0176464 -0.0243047 0.0149855 -0.0285503 -0.0110394 0.0138202 -0.0158586 -0.0328703 -0.0279585 -0.0162903 -0.00716575 -0.0224095 -0.0104061 -0.0360212 -0.0256228 -0.037901 -0.0286719 -0.0383033 -0.0215974 -0.0415656 -0.0344196 -0.0402918 0.05334 -0.0441966 -0.044271 -0.030127
internal_weight=14588.8 11714.9 2873.89 10035.4 2771.09 1679.48 916.956 616.656 9118.45 79.0973 2704.02 300.3 444.351 4671.84 4446.61 172.305 67.0692 232.332 4346.7 166.056 4329.17 4274.9 66.2756 58.8855 50.8924 4439.51 1904.76 2534.75 253.533 1830.36 210.285 32.9688 2281.22 102.808 61.8234 55.0587 245.242 135.369 109.566 144.771 40.9847 109.873 88.5219 25.8022 160.835 148.836 74.3984 2299.8 570.399 11.9428 54.2737 38.4321 102.374 107.91 234.066 135.321 99.9115 62.5144 23.8441 38.6703 38.5472 404.217 34.8922 32.7379 42.9352 37.4878 17.8922 5.623 8.12754 27.1149 37.3971 34.1004 26.2156 16.9109 23.3913 369.325 60.7162 308.608 58.0087 306.618 9.8593 98.7452 13.3288 20.0751 1600.39 558.456 557.279 23.473
internal_count=342337 100959 241378 75008 240512 25951 25546 22706 49462 1000 239118 2840 20917 20416 29046 1789 1394 1223 26658 903 26552 26192 320 800 736 19193 8060 11133 1120 7615 6545 414 10013 866 497 352 2488 1302 981 746 369 1186 1008 321 1703 1599 445 212813 48857 602 360 296 2935 3610 14372 7216 2388 1549 535 1014 256 26305 1674 1559 212 628 440 225 228 1334 839 980 701 502 201 24631 3018 21613 2858 21500 499 7156 394 650 24951 48255 48202 213
is_linear=0
shrinkage=0.05


Tree=51
num_leaves=80
num_cat=0
split_feature=93 103 19 44 93 21 44 44 11 2 38 0 21 113 52 103 54 61 63 9 95 51 5 46 91 114 112 94 100 69 94 108 21 95 21 54 9 100 54 36 95 111 67 46 2 19 112 63 5 67 82 99 46 51 91 113 109 44 61 86 86 112 69 63 80 42 19 0 97 71 19 54 113 54 95 111 103 97 69
split_gain=2488.02 1246.61 70.9784 67.7137 64.7531 62.0721 52.5145 30.1257 27.657 16.1047 15.9659 11.7845 11.382 10.7151 9.52324 9.30996 8.83164 7.88248 12.4718 7.80926 7.8062 7.54633 20.5189 7.41594 7.31954 6.94933 7.70408 6.91521 6.81446 6.17323 6.06719 5.8654 5.78157 5.71098 7.59115 7.44165 5.82141 5.71085 5.65885 5.43848 5.32188 7.06013 4.8626 4.81967 4.76606 7.08059 6.14461 4.61535 4.56243 4.33741 5.32704 4.27803 4.18772 4.18241 3.73446 3.7148 3.29353 3.03346 2.99975 5.8492 5.36663 2.71515 2.34876 2.14917 2.01705 2.38911 1.89362 1.18595 1.8904 1.15553 1.05443 1.23157 1.03507 1.02199 0.673481 0.41269 0.242778 0.217916 0.0135725
threshold=4.5000000000000009 0.038043830543756492 19.500000000000004 0.067117117345333113 1.5000000000000002 19.500000000000004 0.10551619529724122 0.067117117345333113 2.5000000000000004 1.0286595821380617 22.500000000000004 3.3140207529067998 49.500000000000007 -8.7995648384094221 0.8896499276161195 0.95897960662841808 1.1856158375740053 8.5089907646179217 7.9904415607452401 61.500000000000007 9.3343844413757342 0.49999982118606573 4.5000000000000009 0.27030955255031591 1.5000000000000002 3.2983442544937138 -6.4649524688720694 11.329498291015627 0.67336946725845348 8.5815052986145037 6.3715691566467294 8.5713205337524432 31.500000000000004 9.2637071609497088 123.50000000000001 1.7499997019767763 87.500000000000014 0.14337831735610965 1.3203772902488711 7.5000000000000009 7.2887296676635751 -8.3241071701049787 12.363983631134035 0.12556306272745135 0.11492241919040681 6.5000000000000009 -6.5702686309814444 10.893074035644533 10.500000000000002 13.091351985931398 27.500000000000004 10.771668434143068 0.16590214520692828 0.81621545553207409 2.5000000000000004 -8.7534270286560041 0.0033968718489632015 0.067117117345333113 5.0460989475250253 0.11215933039784433 0.084219858050346388 3.4864223003387456 9.7850632667541522 8.6662201881408709 1.5000000000000002 0.084039550274610533 26.500000000000004 1.4978661537170412 0.46862745285034185 6.9426639080047616 26.500000000000004 1.1263297796249392 3.1811563968658452 1.1790292263031008 7.1176109313964853 -15.08002185821533 1.5235664248466494 0.78174602985382091 6.7235841751098642
decision_type=2 2 2 2 2 2 2 2 2 2 2 2 2 2 2 2 2 2 2 2 2 2 2 2 2 2 2 2 2 2 2 2 2 2 2 2 2 2 2 2 2 2 2 2 2 2 2 2 2 2 2 2 2 2 2 2 2 2 2 2 2 2 2 2 2 2 2 2 2 2 2 2 2 2 2 2 2 2 2
left_child=1 3 17 21 10 37 23 12 49 40 11 14 38 54 27 28 -15 18 -2 30 25 -1 -23 33 -5 26 -20 29 -13 -3 -17 -29 -16 51 35 36 -35 -6 42 44 41 -9 -7 -21 46 -46 -39 -14 -42 58 -51 78 -40 -41 -11 -26 -36 -25 59 60 -8 66 -63 -61 65 -10 -60 74 -69 -57 71 -66 -30 -59 -67 -75 -12 -72 -4
right_child=2 4 6 24 5 7 8 9 64 13 76 15 47 16 32 19 -18 -19 20 43 -22 22 -24 57 55 -27 -28 31 72 -31 -32 -33 -34 34 56 -37 -38 39 52 53 48 -43 -44 -45 45 -47 -48 -49 -50 50 -52 -53 -54 -55 -56 69 -58 73 61 63 -62 62 -64 -65 70 67 -68 68 -70 -71 77 -73 -74 75 -76 -77 -78 -79 -80
leaf_value=0.053178676409911224 -0.032246399270803326 0.0044947172709306552 -0.043997186588936095 0.011775337971772614 -0.027108649348348546 -0.0045015519334864404 -0.023846769639058449 -0.021083796596008838 0.010310708141339182 0.0095267484671860362 0.052007874976736847 0.0016335654731146371 0.037526710457050499 0.015015779447397555 0.041592221717140047 0.0062890666191055952 -0.012244622849955707 -0.027816913199893559 0.01224054604205373 0.013516487869075715 -0.014733574302621011 0.05168648047455076 -0.030720081059942447 0.0036866541793321682 0.01078115066351416 0.0012288935855663751 0.065030244203442028 0.004649433822792072 0.026854429336795549 -0.0094790745485732412 0.015646366851743126 0.040965298983840437 0.0029090906345266769 0.031430122386975921 0.011389785202150816 0.060999410044061966 -0.027199246222947518 0.01340086813541084 0.0019453836671796008 -0.0042113341324412044 -0.033378139684114363 0.031062308874368262 0.033208983697401218 0.038125815540609537 0.011160283605617613 0.001423727090046273 -0.0060640719900891876 0.0051338245409042046 0.027237273774114185 0.037343917684667723 -0.030612222279451456 0.019618645992661582 -0.0428326675187235 -0.037425153765167113 -0.031656897085848637 -0.0080405492136920356 -0.027266087434659893 -0.0034439093366047929 -0.016247865702384966 0.003516128561776815 0.032913649375804425 -0.025313786793826842 0.034639277409235655 -0.033245560042222476 0.0057844069954600952 0 -0.038949229278514644 -0.032875064698273795 0.008543437329225639 -0.041342338312097521 -0.04964126976848568 -0.03272914234212889 0.045902656485671316 -0.0080722840556640193 -0.044764509526990647 -0.041406932211571337 0.029217115811876523 -0.010212039300733049 -0.012849326620715282
leaf_weight=1510.1084769181907 15.327811576426027 5118.4165714532137 6.5509438067674619 28.527556423097849 16.483630821108818 119.34472291730344 7.1951226778328401 49.174909761175513 1.2137047965079535 5.0371922561898819 13.616893298923971 21.157771646976471 22.630597295239568 45.515728946775198 26.535603351891041 1150.3124666064978 78.86434113048017 20.486797749996185 14.816814929246901 59.930071577429771 14.346297349780796 22.252930242568258 9.7270898893475515 6.0391015307977822 4.7623791173100498 18.98117408901453 14.28828724473715 22.797232575714588 34.160818614065647 78.467974025756121 206.27064070105553 22.526635333895683 15.990398548543451 8.0876058377325553 8.8076653471216577 10.241479674354194 6.021703263744711 44.462536014616489 6.9180293288081911 27.962064668536186 249.95240487903357 5.9567679138854137 7.6735859736800185 32.521135464310646 206.28129401057959 1900.3694557994604 332.52359490096569 22.716528564691544 1.9072570567950595 3.7269461862742883 4.9328419836238027 3.0863115014508358 14.649608558043836 13.906340233981608 54.390535999089479 5.1326563619077232 10.16489239502698 3.4525724463164833 13.990081960335372 3.3879222692921749 6.43809699639678 1.8816743744537228 1.612693255767226 76.65959501452744 2.3263724269345394 1.1050125239416946 397.4621207434684 6.172604173421858 2.9955519000068307 13.95870957802981 1693.9187225159258 3.3023879937827587 21.811432473361492 2.6883570356294575 342.50946306250989 16.299628524109718 14.376831561326979 1.8675276702269901 2.7329582627862692
leaf_count=24673 126 24180 206 179 125 1731 404 2402 70 102 119 100 133 1380 169 4887 2410 199 112 273 121 272 70 98 105 161 108 110 236 514 872 113 98 187 106 66 269 353 55 194 15378 261 109 135 1243 12568 2742 120 119 139 171 86 264 106 1491 91 95 165 908 186 356 127 90 4429 194 102 30043 549 268 384 167542 284 161 115 32756 776 116 177 118
internal_value=-0.00040226 0.00969545 -0.043123 0.0507508 0.00318438 -0.00265102 -0.0446655 -0.0159959 -0.0459371 -0.0225718 0.00593907 0.00577704 0.000640462 -0.0106585 0.00465336 0.00965317 -0.00212943 -0.00126421 0.00599925 0.00872236 0.0160816 0.0526488 0.0260695 -0.00556075 -0.00485009 0.0256444 0.0403999 0.0044552 0.026513 0.00427913 0.00773493 0.0236466 0.0278686 0.00496021 0.0136608 0.0314489 0.0055579 0.000947071 -0.00602787 0.00115013 -0.0295859 -0.0145995 -0.00178452 0.0227501 0.00145949 0.00238913 -0.0036979 0.022197 -0.0327211 -0.0352896 0 -0.0229724 -0.0288436 -0.0163866 -0.0278534 -0.0246478 -0.00931266 -0.0256874 -0.0358853 -0.0264481 0.0029023 -0.037889 0.00244645 -0.031531 -0.0485842 -0.0438292 -0.0382634 -0.0440866 -0.0191064 -0.0341128 -0.0495281 -0.0175409 0.0354555 -0.0337458 -0.0446382 -0.038112 0.0427234 -0.0496128 -0.038818
internal_weight=14415.2 11660.1 2755.12 1594.47 10065.6 3226.72 2656.87 684.732 2572.7 490.799 6838.89 6810.9 193.933 183.808 5284.73 1526.16 124.38 98.2472 77.7604 1449.03 62.4326 1542.09 31.98 84.1732 52.3813 48.0863 29.1051 5242.21 77.13 5196.88 1356.58 45.3239 42.526 55.6936 43.3233 24.3508 14.1093 2541.99 148.586 2525.51 306.991 55.1317 127.018 92.4512 2483.64 2106.65 376.986 45.3471 251.86 517.287 8.65979 12.3702 21.5676 41.8684 59.4277 23.8537 18.9726 28.4797 508.627 93.6807 13.6332 414.947 3.49437 80.0475 2055.41 353.996 411.452 352.783 9.16816 19.0914 1701.42 5.62876 55.9723 22.4406 343.614 18.988 27.9937 1695.79 9.2839
internal_count=343052 101143 241909 25774 75369 43286 241082 25955 238795 23543 32083 31848 2412 5383 25184 6664 3790 827 628 6167 502 25015 342 2287 759 381 220 24917 497 24694 5759 223 267 1133 723 522 456 17331 2159 17206 18160 2663 1840 408 16906 13811 3095 253 15497 36853 310 410 319 300 1593 580 201 1154 36543 5375 760 31168 217 4615 201942 33745 30951 33675 817 475 168197 478 397 1056 32858 891 235 167719 324
is_linear=0
shrinkage=0.05


Tree=52
num_leaves=83
num_cat=0
split_feature=93 107 21 93 34 48 48 115 0 103 52 52 100 23 99 36 21 99 5 103 65 74 90 115 115 3 100 112 76 61 61 86 105 63 103 84 76 103 113 98 82 95 3 86 9 94 67 61 19 34 105 76 95 114 84 111 84 101 19 3 67 42 107 112 112 115 42 86 115 94 95 63 94 67 49 95 76 86 67 95 95 103
split_gain=2355.36 1225.41 71.2494 59.8934 56.2676 55.2286 26.5615 26.4351 26.2649 27.8469 23.4386 11.6576 10.6205 10.5638 9.79024 9.50642 9.22701 8.79276 8.70285 7.62537 7.41852 7.90165 7.27567 6.90088 8.20325 10.8167 6.94697 15.0065 7.35695 6.75467 7.62416 6.44693 10.9576 6.11994 5.15984 4.873 4.75214 4.70331 4.66121 4.5718 7.90758 6.56975 4.32239 4.25961 4.20245 4.01574 5.15587 3.77727 4.43872 4.12812 3.76159 3.64257 3.50991 5.91702 5.59741 4.29506 3.49745 3.35337 2.82573 2.82411 2.75223 2.3652 3.47682 2.02225 1.87931 1.86619 2.52431 2.05086 1.7774 1.73054 5.15484 1.41128 0.762606 0.715381 0.70248 0.638378 0.619853 0.608635 0.304443 1.25271 0.200028 0.0979826
threshold=4.5000000000000009 0.033852115273475654 23.500000000000004 2.5000000000000004 19.500000000000004 0.033445188775658614 0.049657132476568229 0.00063411527662538003 3.113268375396729 0.53195574879646312 0.8896499276161195 0.76752376556396495 0.29701323807239538 4.5000000000000009 0.62325745820999157 9.5000000000000018 56.500000000000007 1.0000000180025095e-35 9.5000000000000018 0.83212372660636913 11.523527622222902 19.500000000000004 7.5000000000000009 0.00042387074790894991 0.00045111142389941966 2.175783753395081 8.271247863769533 -6.5345189571380606 79.500000000000014 8.5089907646179217 5.5382983684539804 0.42740046977996832 6.01694679260254 9.2713894844055194 1.8523207902908327 0.21294035762548449 23.500000000000004 1.4760743975639345 3.1985551118850712 10.500000000000002 30.500000000000004 10.488503456115724 2.2704048156738286 0.33205129206180578 83.500000000000014 8.293520927429201 10.955220222473146 3.373483538627625 33.500000000000007 24.500000000000004 1.8512338995933535 28.500000000000004 9.2177286148071307 -4.6053242683410636 0.16345082968473437 -8.2869315147399885 0.33084577322006231 1.6761611700057986 30.500000000000004 1.9973248839378359 13.091351985931398 0.059411764144897468 1.6686534881591799 3.4864223003387456 -0.2786076664924621 0.00033617274311836814 0.082482993602752699 0.11215933039784433 0.00035667087649926549 10.286268234252931 10.238205909729006 8.7251219749450701 9.6983251571655291 11.769215583801271 0.19999996572732928 6.6913886070251474 80.500000000000014 0.57417583465576183 11.738431930541994 9.4006323814392108 11.111625194549562 1.9562299847602846
decision_type=2 2 2 2 2 2 2 2 2 2 2 2 2 2 2 2 2 2 2 2 2 2 2 2 2 2 2 2 2 2 2 2 2 2 2 2 2 2 2 2 2 2 2 2 2 2 2 2 2 2 2 2 2 2 2 2 2 2 2 2 2 2 2 2 2 2 2 2 2 2 2 2 2 2 2 2 2 2 2 2 2 2
left_child=1 7 29 8 22 11 16 17 10 14 12 39 42 47 -10 36 45 43 19 -14 72 35 23 26 25 -25 27 -5 -28 30 71 32 50 -26 -24 -22 59 -12 -38 52 41 -41 44 64 -3 57 -47 48 49 -7 -32 -18 53 54 -4 -55 -31 -6 76 -11 61 62 -49 -63 -1 66 -54 -67 -8 75 -71 -2 -13 77 -9 -70 -17 78 80 -80 -15 -50
right_child=2 3 5 4 6 13 68 74 9 15 37 20 18 73 -16 58 51 -19 -20 -21 21 -23 34 24 33 -27 28 -29 -30 56 31 -33 -34 -35 -36 -37 38 -39 -40 40 -42 -43 -44 -45 -46 46 -48 60 81 -51 -52 -53 65 55 -56 -57 -58 -59 -60 -61 -62 63 -64 -65 -66 67 -68 -69 69 70 -72 -73 -74 -75 -76 -77 -78 -79 79 -81 -82 -83
leaf_value=-0.0032223938621692423 -0.031611598942085123 -0.031661026275692776 -0.026123539401784107 0.0090893830493531634 0.0071430319306102904 -0.0142201164345628 0.0058175606547317925 0.053140696984029491 0.0052297917759709664 0.0053167446901090463 0.052999975956683869 -0.04041959277331364 0.013863439856593074 -0.044511259116629925 0.0523734102788194 0.051127213015499856 -0.0042258883652006949 0.051610309483769705 0.033314651122829678 0.0024753355260025787 0.053454739271376644 -0.016383280022028029 0.048963899091706897 0.044821238105261958 -0.0023552096216262778 -0.0081890096797083371 0.0015846579502781198 -0.030132874393919047 -0.030756513335420028 -0.039041558446592586 0.015165706587731746 -0.01687483927433454 0.046776671336986736 0.0078124270673168147 0.00060202396743869039 0 0.005924398220115366 0.019529295117819249 0.011179320898682472 -0.014149233996003673 -0.038215907493356183 0.044509102211674159 -2.2669248907821291e-05 0.017185233580841643 0 0.0056808271800449705 -0.015685059712746068 0.018881408222339434 -0.036753966808841666 0.064940003167247656 -0.021677975285400414 0.029104113447954594 -0.028457923792007296 -0.026956189304596853 0.058840478901395835 0.02209170413248647 0 -0.033645550341727261 0.010061767762984682 0.02660018884892279 0.0053631960048532287 -0.04288953728223005 -0.036515150920499694 -0.010661294246199184 -0.037332832303136707 -0.0099665048201201586 0.031609605311301324 -0.038542580016143829 -0.014860247804165269 -0.031799309606931329 0.031049730236269498 -0.0055557426718332442 -0.000858049294437497 -0.050111750592263575 0.032644872671434955 -0.043600894511659237 0.025816293486270264 0 0.012328386054776925 -0.029456113137223672 -0.0071299171977674061 -0.0039706962915938273
leaf_weight=9.4883551551029104 10.825743626803161 38.546422932296991 1.9657887909561385 90.879983827471733 4.7378246020525685 2.2201141044497477 1.4365863017737854 1419.3857482597232 15.268443800508974 25.202150270342827 23.466228596866131 6.3120363838970643 149.76973890326917 138.03937871754169 47.806997321546078 13.756678998470306 14.508076651021838 7.5266726827248922 21.971570601686835 5928.8249833965674 11.506068921647971 10.200900875031946 11.376537091098728 22.585505899973214 534.18566063605249 14.89192822575569 25.054693796671927 31.606715966016054 52.337417929433286 14.956441919319333 14.513999238610269 12.183460753411053 21.726546423509717 202.83057582564652 10.460278051905332 6.7344461604952803 1670.9514827802777 25.236066579818726 577.58303779363632 8.2788705453276688 9.8378507727757079 7.8637007577344766 32.321126617491245 11.336038450710474 13.751791621558366 31.69157553743571 186.07450332399458 3.7626768685877305 4.6523231593891978 1.6640084953978656 10.683629155158995 15.274431618861854 2.306738566607236 56.014327884651721 3.2034402750432491 3.5078388191759577 8.9963548611849529 40.98914840631187 12.698444075882433 51.377212166786194 2.3489348348230115 705.44197358936071 4.577192971482873 6.9019253505393854 7.1783635672181871 9.1173520432785136 1.730567457154393 91.457561931572855 5.0743726873770347 24.232209785841409 2.3649856410920611 12.28852469474077 2.1491582728922367 1424.1594930011779 15.40351064968854 109.50623645447195 12.935581736266613 1.1242433665320266 1.1382065964862693 4.9521133862435818 1.6299195867031802 1.4099579723551867
leaf_count=139 86 220 100 690 179 137 103 24425 95 104 174 297 896 14080 582 112 101 69 156 34034 173 97 105 173 4050 111 194 242 409 186 153 136 194 1635 106 167 7022 163 2497 149 229 171 177 139 165 1180 7406 295 324 110 102 120 114 3136 186 181 132 1544 104 208 182 63550 359 584 122 493 120 5286 351 1874 174 115 81 149104 172 8512 94 111 117 511 166 99
internal_value=-0.000448625 0.00928387 -0.0430259 0.00306741 -0.00639711 -0.0447051 -0.0213468 0.0519057 0.00463428 0.00904712 0.00291249 -0.0211891 0.0026339 -0.0470553 0.0415029 0.00815134 -0.0125791 0.00856246 0.00288076 0.00276092 0.00420936 0.0167173 0.000156324 -0.00049363 0.00163658 0.0239962 -0.00874816 -0.00119306 -0.0203287 -0.00275684 0.00403789 0.0136006 0.0219974 0.000439619 0.0277538 0.0355735 0.0077196 0.0369574 0.00728523 -0.0260349 -0.00563601 0.0152136 -0.0147873 -0.00470486 -0.0234712 -0.0155799 -0.0125125 -0.0416853 -0.00830886 0.0264798 -0.000421491 0.0131242 -0.0290297 -0.0187868 0.0264219 -0.0234298 -0.0253372 -0.029115 0.0321727 0.0199606 -0.0421125 -0.0422919 -0.0114374 -0.0426143 -0.0203337 -0.0349145 0 -0.0362346 -0.0389888 -0.0395712 -0.0244957 -0.0193482 -0.0330172 -0.0495122 0.0529619 -0.0426227 0.041242 -0.0431834 -0.0434669 -0.0194365 -0.0442263 -0.0327516
internal_weight=14206.3 11563.9 2642.38 10093.6 1432.1 2536.21 435.89 1470.32 8661.47 2427.58 6233.89 232.187 6185.19 2304.02 63.0754 2364.5 293.276 35.5294 6100.57 6078.59 36.9026 28.4414 996.209 974.372 774.494 37.4774 199.879 122.487 77.3921 106.175 82.2219 59.1076 46.9242 737.016 21.8368 18.2405 2325.11 48.7023 2248.53 195.284 25.9804 16.1426 84.6193 28.0028 52.2982 263.493 217.766 732.979 9.9464 3.88412 25.1976 29.7825 169.304 64.6914 5.16923 59.5222 23.9528 45.727 39.3907 76.5794 723.033 720.684 8.33987 712.344 16.6667 104.612 4.03731 100.575 142.614 141.178 26.5972 23.1143 8.46119 1571.04 1434.79 114.581 26.6923 146.884 145.76 6.09032 139.669 6.06228
internal_count=342941 101128 241813 76062 29259 240709 21544 25066 46803 10818 35985 10980 35648 229729 677 10141 10530 469 35086 34930 815 437 7715 7504 5969 284 1535 932 603 1104 786 585 449 5685 211 340 9831 337 9519 10165 549 320 562 400 385 10309 8586 65640 670 247 255 221 9616 3603 286 3317 318 1723 310 312 64970 64788 654 64134 261 6013 234 5779 11014 10911 2048 201 378 164089 24597 8863 206 14985 14874 628 14246 423
is_linear=0
shrinkage=0.05


Tree=53
num_leaves=76
num_cat=0
split_feature=93 107 11 13 19 3 44 44 2 113 19 115 103 109 71 3 54 99 34 108 53 2 94 3 99 54 51 53 65 108 94 24 34 34 111 19 2 108 111 63 93 3 94 107 103 67 71 113 102 44 69 54 94 99 94 67 112 115 44 42 42 103 112 94 19 2 67 53 65 98 5 115 99 50 67
split_gain=2216.05 1152.43 73.0907 61.654 56.6122 33.9647 39.4295 31.3377 25.7785 20.6948 13.0911 9.62729 9.23689 27.7269 8.5146 7.61998 7.56987 7.47234 7.34533 7.4858 6.61128 6.60847 6.49058 6.40307 6.36855 10.0806 6.27127 7.39667 6.09273 13.9009 7.16573 8.28864 7.51099 5.97632 5.95518 5.84755 4.98977 4.89523 4.842 4.76533 4.69883 4.5866 4.53952 4.47861 5.90913 7.38856 8.06248 4.33336 3.56866 3.53131 4.75848 3.41438 5.49335 4.54515 3.18852 3.9967 3.0772 2.82988 2.45613 2.30642 2.35071 1.81281 1.71125 1.69023 1.68481 1.37541 1.28443 1.26699 1.18169 1.10213 6.80122 0.989439 0.950757 0.85653 0.153446
threshold=4.5000000000000009 0.094879169017076506 3.5000000000000004 1.5000000000000002 16.500000000000004 1.5420657992362978 0.10551619529724122 0.083835341036319747 1.007132411003113 3.1008874177932744 48.500000000000007 0.00036619359161704784 0.83212372660636913 0.0011277130106464031 10.337101459503176 1.6874871253967287 1.3760246038436892 11.666501522064211 5.5000000000000009 8.2079253196716326 0.64747309684753429 1.5324124097824099 9.6983251571655291 1.8473722934722903 1.344168543815613 1.0779351592063906 0.99999958276748668 0.50373134016990673 9.5962972640991229 7.2574961185455331 10.448056697845461 10.500000000000002 43.500000000000007 58.500000000000007 -15.370213031768797 36.500000000000007 1.4919207692146303 10.863935470581056 -15.255742549896238 10.893074035644533 1.5000000000000002 1.6383027434349062 8.2553062438964862 1.8845740556716921 2.1927229166030888 10.07944965362549 7.4505639076232919 -7.2562725543975821 1.0525668263435366 0.4016129076480866 5.7290399074554452 2.0884214639663701 11.516937732696535 2.4600160121917729 9.9561057090759295 13.201410770416262 3.5276918411254887 0.0005751803400926293 0.091372914612293257 0.067231640219688429 0.063164893537759795 0.74020570516586315 -0.37540033459663386 10.901828289031984 9.5000000000000018 0.85899552702903759 10.328902244567873 0.82279473543167125 11.574327468872072 1.5000000000000002 5.5000000000000009 0.026081969030201439 11.996096134185793 0.38961027562618261 11.769215583801271
decision_type=2 2 2 2 2 2 2 2 2 2 2 2 2 2 2 2 2 2 2 2 2 2 2 2 2 2 2 2 2 2 2 2 2 2 2 2 2 2 2 2 2 2 2 2 2 2 2 2 2 2 2 2 2 2 2 2 2 2 2 2 2 2 2 2 2 2 2 2 2 2 2 2 2 2 2
left_child=1 7 5 9 11 6 20 69 28 10 14 -5 13 -11 18 58 39 33 23 -20 36 56 37 -3 -16 -26 27 -9 29 -6 32 -32 -30 35 -13 -10 63 -19 64 41 -12 -14 -31 49 -45 62 -47 -40 54 50 -7 52 53 -22 -23 -56 59 -29 -4 60 -8 -15 -46 -2 -36 72 -61 68 -50 -1 -71 73 -58 -60 -75
right_child=2 3 15 4 8 43 21 26 17 12 40 34 16 61 24 -17 -18 22 19 -21 51 48 -24 -25 25 -27 -28 57 30 42 31 -33 -34 -35 38 -37 -38 -39 47 -41 -42 -43 -44 44 45 46 -48 -49 67 -51 -52 -53 -54 -55 55 -57 65 -59 71 66 -62 -63 -64 -65 -66 -67 -68 -69 -70 70 -72 -73 -74 74 -76
leaf_value=0.052942777532557272 -0.028284989502156424 -0.012218388127274153 0.0057570963307135171 0.033813026915845576 0.061280648509603033 0.024675708416607663 -0.033419909705169303 0.025379065689544612 -0.0021508228334773147 -0.010680645522114847 0.045080052108962557 0.024679788723114406 0.017579045304851899 0.04852641568847995 -0.0048533821220599696 -0.0055497042327275993 0.034293139796787789 0.027061122942138378 0.00010918131669976686 0.0042472120590626395 -0.031059456071528074 0.035041962247640883 0.051872194772594249 0.0082162828285988719 0.046921224092019265 0.0044207411112603887 0.026750468642295695 -0.054258162770520528 -0.032983353492644245 -0.042370313274612728 0.0087792607781871108 -0.031634002750121709 0.04583351951896477 0.036365987389526518 -0.031785603967674325 -0.020113145665523066 0.033196558475964616 -0.038125941559279633 0.00096748795647944247 -0.012739055345330208 0.0084527501626255677 0.0081041587563487165 0.01420350374537974 0.036913175775069453 -0.0056216847778115947 0.053996599703697551 -0.0043754179533039683 -0.0059244042349655655 -0.023386195610803334 -0.032680794807697762 -0.020800187624757542 -0.045710517055482208 0.022684563541246726 0.0013873190825794334 -0.037292060568771268 0.023035004578503205 -0.028701415292986556 -0.0053442018927273684 0 -0.010011892474856954 -0.0092439572166269027 0.021233524058912739 -0.032887242719830345 0.0099738801901630755 -0.0071357515551043089 0.029403856554700208 -0.040556195815004609 -0.041471647633927515 0.012511309297200748 0.050844692089290967 0 0 0.0097310878296591949 -0.044643215659981604 -0.049976571832574937
leaf_weight=1342.1959975138307 4.5444356799125689 38.335520699620247 1.4051913572475303 19.71221337467432 5.068860890343788 8.3655479848384875 63.440098879858851 6.148275068029764 119.39482739660889 34.917226776480675 24.384292706847191 22.50799497961998 140.14540513604879 51.213906109333038 18.144325518980622 10.971453499048947 27.928503133356571 4.2447716733440775 1875.8135499190539 2634.4640510268509 19.994218575768173 4.4868287518620518 8.9476113645359856 915.39475728943944 30.921621676534414 26.080365540459752 14.540961609221993 6.9904777873307449 251.36438444536179 9.8263232735916954 25.46789556927979 22.356270859017968 1.7080127680674184 5.9574474692344657 13.98130587488413 73.422669890336692 17.501482093706727 4.2148967646062374 1557.3160542584956 24.327595122158527 15.625577807426451 1740.3594795763493 3.9499899912625542 10.695501604117451 13.191546186804773 8.0063118003308791 14.408573207445441 265.64997474849224 3.3728088075295073 15.944895631633697 12.218455590307711 4.9598474670201531 10.995934711769221 20.309740404598415 4.6913700578734261 3.3982213838025928 2.4140796270221467 5.8540692087262869 1.0736727211624373 5.4899985091760746 15.030991362407802 12.46101678162813 11.994133222848175 3.9144957140088081 17.049259215593338 1.1960435565561054 630.23661408759654 7.1384422359988093 2.6487541301175952 23.939893938601017 9.1023465413600189 0.96449430659413238 1.2471703421324489 200.43901000823826 1399.7254737475887
leaf_count=24164 169 170 47 131 101 86 3929 59 3422 183 211 152 725 545 108 107 146 111 9844 13999 847 195 172 4256 151 157 158 166 15077 265 1444 1247 24 28 100 2065 108 110 11074 106 84 7280 139 97 104 86 190 1980 131 141 181 34 149 731 217 126 196 93 60 408 1104 72 103 43 121 92 56717 295 94 360 88 100 97 20982 153456
internal_value=-0.000233479 0.00913322 -0.0425067 0.00318812 -0.00373787 -0.0311465 -0.034392 0.0514582 -0.0180628 0.00540312 0.00382511 0.000316563 0.00972622 0.0246323 0.0036124 -0.0489516 0.00894216 -0.00462253 0.00337703 0.00252904 -0.00137768 -0.0380131 0.0253614 0.00736654 0.0201947 0.0282587 0.00323202 -0.0149259 -0.0270548 2.61208e-06 -0.0287741 -0.0102974 -0.0321452 -0.00746852 -5.67102e-05 -0.00914459 0.0187113 -0.00526381 -0.000382116 0.00853853 0.0318388 0.00882904 -0.0256928 -0.0026423 0.00581143 -0.00188744 0.0181352 -3.53905e-05 -0.0116964 -0.0160936 -0.0014448 -0.0110658 -0.00632344 -0.0150068 0.0065167 -0.0112683 -0.0389148 -0.0355521 -0.0492368 -0.039184 -0.0291743 0.0439503 -0.0200998 -0.0107404 -0.0195031 0 -0.0403323 -0.0286699 -0.00692012 0.0526221 0.0375728 -0.0492966 -0.0146489 -0.0493271 -0.0493572
internal_weight=13987.8 11451.4 2536.42 10042.7 2432.14 921.837 827.012 1408.77 535.924 7610.52 5579.16 1896.22 2031.35 98.5921 5539.15 1614.58 1932.76 216.182 5464.01 4510.28 82.2202 744.791 17.4073 953.73 75.1463 57.002 33.5338 18.9928 319.742 18.8452 300.897 47.8242 253.072 198.775 1876.5 192.817 25.9604 8.45967 1854 1904.83 40.0099 1880.5 13.7763 94.825 58.2961 47.6006 22.4149 1822.97 25.7364 36.5289 20.584 56.2597 51.2999 40.304 12.5764 8.08959 719.055 12.8445 1603.61 714.198 78.4711 63.6749 25.1857 8.45893 31.0306 4.85729 635.727 13.16 6.02156 1375.24 33.0422 1602.2 3.66125 1601.24 1600.16
internal_count=342310 100888 241422 75800 37763 66670 65682 25088 24205 38037 28980 13558 9057 800 28685 174752 8257 5908 28269 23843 2081 63601 393 4426 416 308 476 318 18297 505 17792 2691 15101 5515 13427 5487 320 221 13275 8111 295 8005 404 988 580 483 276 13054 1058 408 267 1761 1727 1578 538 343 62543 259 174645 62158 5033 617 207 212 221 385 57125 520 225 24612 448 174598 293 174498 174438
is_linear=0
shrinkage=0.05


Tree=54
num_leaves=84
num_cat=0
split_feature=93 107 23 48 34 115 3 2 48 103 2 3 100 99 108 93 63 48 69 51 63 103 3 114 61 61 2 103 113 34 15 111 3 52 84 111 107 99 86 84 107 9 115 2 71 63 84 71 49 69 107 2 48 97 61 107 3 3 105 0 108 105 112 69 113 2 69 108 53 15 2 2 61 49 19 61 109 38 109 103 113 38 24
split_gain=2063.72 1104.45 67.3462 50.5243 72.1648 36.72 26.1974 29.6147 21.5471 19.7094 16.567 16.2571 14.838 11.2922 9.4622 8.71332 9.27356 8.6485 7.74697 7.72599 8.88055 8.67219 7.7623 7.36819 13.4573 7.84659 7.36752 6.71537 6.70924 6.0174 8.25619 10.5642 5.88116 5.74419 6.44724 7.02952 5.69545 5.26751 4.738 5.0447 4.60476 7.88146 4.56033 4.3352 4.8626 6.51632 4.18741 3.7258 3.36979 3.20917 5.27772 3.00285 2.85857 3.23236 2.59597 2.5362 2.91849 2.37341 2.86274 2.35538 2.23779 2.09606 4.45995 2.05915 2.79444 2.65327 2.49278 2.01877 1.97917 1.9644 1.92725 1.88506 1.55032 1.54162 1.28727 2.84077 1.21175 1.19219 0.941365 0.861589 0.647656 0.531067 0.249291
threshold=4.5000000000000009 0.033852115273475654 3.5000000000000004 0.020067113451659683 18.500000000000004 0.00063411527662538003 1.5420657992362978 1.5324124097824099 0.048815529793500907 0.038043830543756492 2.2764940261840825 1.6383027434349062 0.052750252187252052 1.0000000180025095e-35 7.8381736278533944 2.5000000000000004 11.745355606079103 0.033445188775658614 7.7256090641021737 0.54545441269874584 12.069859981536867 1.700957238674164 2.4900881052017216 4.0682747364044198 10.472730159759523 10.046819210052492 0.60326558351516735 1.6093079447746279 -8.7995648384094221 41.500000000000007 21.500000000000004 -5.1098446846008292 1.2860173583030703 0.76752376556396495 0.22046361118555072 -8.3661251068115217 8.8546562194824237 8.3464570045471209 0.28516484797000891 0.33084577322006231 1.6686534881591799 14.500000000000002 0.69228878617286693 0.24800790101289752 6.9041111469268808 9.2713894844055194 0.087595909833908095 6.9795789718627939 0.14285712689161303 4.3642764091491708 2.4418423175811772 1.4489225745201113 0.034582419320940978 0.41042780876159674 9.7279829978942889 9.0692811012268084 1.1138237118721011 1.0843197703361513 1.9650861620903017 1.7005987167358401 8.4278087615966815 1.793155372142792 -0.2786076664924621 4.7821440696716317 -7.2855563163757315 1.100502669811249 7.739227533340455 8.1846604347229022 0.58513575792312633 4.5000000000000009 0.5420629382133485 0.28908464312553411 4.3301408290863046 0.24999995529651645 26.500000000000004 6.0618531703948983 0.00070871229399926971 14.500000000000002 0.64690512418746959 2.3961492776870732 -9.0007390975952131 3.5000000000000004 33.500000000000007
decision_type=2 2 2 2 2 2 2 2 2 2 2 2 2 2 2 2 2 2 2 2 2 2 2 2 2 2 2 2 2 2 2 2 2 2 2 2 2 2 2 2 2 2 2 2 2 2 2 2 2 2 2 2 2 2 2 2 2 2 2 2 2 2 2 2 2 2 2 2 2 2 2 2 2 2 2 2 2 2 2 2 2 2 2
left_child=1 5 6 9 23 13 7 17 14 12 19 52 -3 61 38 18 -17 33 -16 21 22 26 -21 24 25 36 -11 40 -23 57 46 -32 42 49 35 -35 -5 -34 48 -40 41 -12 -29 47 -45 -46 -31 -8 -6 50 -2 -51 53 54 -4 74 70 -9 -59 77 -47 62 -1 64 72 69 -67 -49 -36 -65 -57 -58 -10 -7 75 -19 -26 81 -60 -27 -76 -54 -55
right_child=2 3 11 4 8 73 43 29 63 10 27 -13 -14 -15 15 16 -18 55 -20 20 -22 28 -24 -25 76 79 -28 32 -30 30 31 -33 37 34 68 -37 -38 -39 39 -41 -42 -43 -44 44 45 60 -48 67 -50 51 -52 -53 59 82 -56 56 71 58 78 -61 -62 -63 -64 65 -66 66 -68 -69 -70 -71 -72 -73 -74 -75 80 -77 -78 -79 -80 -81 -82 -83 -84
leaf_value=0.016640685445667203 -0.022034260471638544 -0.0083662098818556765 0.027874217982218608 0.00053591940446295438 0.0045170514905957977 0.052625778890420083 0.0071461854565864 -0.038293752025923271 -0.038936866222108645 -0.017349384013769672 -0.010005070316590224 -0.00098384139918607423 0.052283258344517962 0.051183699617556012 0.009199288307003211 -0.019609179781430265 0.049137077514329219 0.013056408464264362 -0.022913025299030318 0.0016980229317020265 0.035694961044620326 -0.008362638526824959 0.0077385946204485308 -0.029683953251991236 0.018505669183170911 -0.013277141260528275 0.0094376921136557178 0.009707417090693532 0.0044809249630020677 0.071771155117990246 -0.033356982680847864 0.026694409797050175 -0.010403424245075413 -0.015713679002650343 -0.042189372290118307 0.070548737867714248 0.028434097980429368 0.015646502261003562 0.01448668193973566 -0.026559339230454084 0.049579884951369432 0.026960504577339364 0.039192280643150751 -0.015761762375748316 0.041645757332354934 0.015044821997262729 0.012172989842527649 -0.0076304375154992296 -0.04168758743453943 -0.034900531458941737 0.029487592603950272 0.018156477275897271 -0.00026506847307332094 -0.0035678766332512442 -0.027114961747717371 0.050227464857013876 0.0055077261178092494 0.024557155382682761 -0.03500817464882023 0.0041778934300804342 -0.017646443917059471 -0.030316419015465043 -0.028662565917549329 -0.0024963105701617965 0.027597265383929471 -0.026166810556415471 0.035312031037050232 -0.03794641049463731 0 -0.039998611959991964 -0.0084997045017423164 -0.039478158159981083 -0.0007073665000211669 0.024697920104404993 -0.013065794513093205 -0.032200872088782272 0.044157043102395085 -0.049713353498230736 0 -0.035406136615877236 -0.04136459036206 -0.044301634856945847 -0.041821230610048277
leaf_weight=11.257506046444179 34.234360363334417 12.908269021660088 3.7208128180354825 2740.0355110596865 3.6021706694737068 1289.380378623493 11.142994076944886 8.6609888058155793 5.604309796355663 24.533394645899534 15.931565433740614 18.708382552489638 36.079197484999895 7.2947810981422654 87.607451697811484 117.75610146671534 3.6363376593217245 3.4502651365473858 22.235691570676863 3067.7161482032388 19.137821994721889 109.66839187406003 644.46521829813719 18.419529266655445 13.97642137669027 13.312675196677448 1491.9540492277592 37.873166270554066 1149.5690042581409 5.3752781087532622 13.451750657521186 12.796342054381968 45.823994107544422 3.1411644648760557 4.5932115335017425 3.8615010408684638 16.937104316428304 31.37690707296133 10.711688960902395 17.675537178292871 17.50132691860199 88.301983319222927 21.047168128192425 14.400710511021314 13.897405391559007 8.2460263120010513 7.350665514357388 11.45986552257091 43.1980144334957 97.436545563861728 4.2926948359236112 1.6215497292578209 1.1625328194349993 1.377497668378054 2.0837627798318863 1.1374104805290692 2.3486439082771522 3.9745449647307378 3.64030004106462 1.5278339078649867 9.6477496856823546 9.7796614840626699 7.9031649641692665 4.3833714975044122 1.8843209324404586 1.9943481627851718 1.5881659565493462 13.973943283781407 5.3124985909089446 132.73451090510935 1.7281138719990847 6.202567552216351 5.2018159767612815 10.172280652448533 4.7926237611100069 11.276140324771402 15.271212529391049 1348.3391916500404 2.8354164846241474 13.084982378408311 421.22433650866151 295.46000279486179 8.057297424413262
leaf_count=155 1901 93 177 18815 58 24338 112 327 334 118 73 179 529 68 1600 5810 151 236 463 16669 113 566 2831 145 100 101 6754 234 4899 67 162 126 198 136 194 108 127 133 352 783 98 555 126 119 110 84 168 124 1620 6255 250 71 97 92 119 105 217 143 121 131 118 111 138 216 112 124 93 190 169 10656 155 530 372 99 460 944 101 155005 91 104 39376 32039 608
internal_value=-0.000527182 0.00835876 -0.0423813 0.00270608 -0.00237857 0.0510607 -0.0297497 -0.0330475 -0.0207173 0.00516323 0.00492805 -0.0479628 0.0363302 0.0010856 -0.0129024 -0.00773522 -0.0168939 -0.0363058 0.00238783 0.00443086 0.00293803 0.00643134 0.00275211 0.000605851 0.000823486 0.000456185 0.00898103 0.0173381 0.00334581 0.000872645 0.0122072 -0.00386019 0.00943142 -0.0254297 0.00141017 0.0347323 0.000726302 0.000153455 -0.0282013 -0.0107866 0.0258757 0.0211541 0.0211168 -0.00302839 0.00693037 0.0177568 0.0429628 -0.0156452 -0.0378944 -0.0287797 -0.0151539 -0.0336747 -0.0484843 -0.0221999 0.00525047 -0.0399036 -0.012995 -0.0209631 -0.00275924 -0.0487011 -0.0020672 -0.0131137 -0.00228575 -0.0359881 -0.0132457 -0.0378077 0.00149797 -0.0258437 -0.0227393 -0.0389119 0.0217688 -0.0271496 -0.023676 0.0524436 -0.0405315 -0.0207545 0.0337252 -0.04876 -0.0222441 -0.0259186 -0.0411166 -0.0441648 -0.0384063
internal_weight=13868.5 11440.5 2427.94 10104.7 3290.85 1335.79 747.508 664.739 459.814 6813.89 6764.9 1680.44 48.9875 36.2351 306.423 231.236 121.392 606.654 109.843 6507.04 3731.32 2775.72 3712.18 2831.04 2812.62 2783.37 1516.49 257.856 1259.24 58.0853 38.974 26.2481 136.121 154.494 16.9084 7.00267 2756.97 77.2009 75.1874 28.3872 121.735 104.234 58.9203 82.7687 46.1919 31.7912 12.7259 36.5768 46.8002 137.585 38.5271 99.0581 1661.73 15.2394 5.80458 452.16 11.4167 19.1113 10.4503 1646.49 17.8938 28.9403 19.1607 153.391 12.6904 140.7 3.58251 25.4338 9.90571 137.118 2.86552 8.55121 10.8061 1299.55 440.743 14.7264 29.2476 1644.96 6.47572 26.3977 426.017 296.623 9.4348
internal_count=342751 101135 241616 76226 42237 24909 53169 52312 22744 33989 33367 188447 622 472 10837 8024 5961 51107 2063 31950 19613 12337 19500 19493 19348 19147 6872 1417 5465 1205 523 288 691 9084 607 244 18942 331 2813 1135 726 628 360 857 431 312 235 426 1678 8477 2151 6326 188268 996 296 42023 1007 682 355 187272 202 404 293 11907 818 11089 217 314 363 10872 260 747 706 24437 41016 1180 201 187141 212 205 39836 32136 700
is_linear=0
shrinkage=0.05


Tree=55
num_leaves=94
num_cat=0
split_feature=30 107 50 28 17 44 48 103 4 44 21 11 21 0 103 3 38 53 71 51 34 49 30 65 0 71 46 4 112 100 51 95 95 113 108 71 63 67 2 17 67 21 71 65 108 76 61 2 46 44 42 111 111 112 48 38 42 48 65 44 63 95 69 99 108 97 53 105 46 3 99 21 61 98 53 65 74 105 61 113 2 100 80 53 44 101 63 111 38 53 113 61 44
split_gain=1909.39 1051.82 133.276 39.7591 55.4973 35.5219 27.1663 22.3808 33.0392 21.1696 19.4661 13.5303 12.9346 13.1921 12.7551 9.237 8.89799 7.77764 8.58578 7.66891 7.61738 7.33591 8.94185 7.99222 7.06747 6.72045 6.69573 13.8447 6.1848 8.22745 5.09276 4.84195 4.83767 8.42331 5.96045 9.89874 4.63852 7.60911 4.54392 4.88486 4.23517 5.18972 4.01228 5.70344 3.97764 5.49155 3.94494 3.8912 3.78732 5.867 3.78065 5.37684 4.79414 3.72776 3.37932 3.34159 6.82564 7.51713 7.81195 5.07646 4.58338 12.6462 7.14041 4.17393 4.47856 3.56394 3.25496 3.21642 3.56265 2.81524 2.74936 2.73507 2.67529 2.44216 2.36388 2.29535 2.29021 2.09057 2.02969 2.02591 5.90743 2.42921 1.91307 1.83487 1.72101 1.68152 1.54269 1.37412 1.43647 0.850451 0.824879 0.273364 0.155893
threshold=7.5000000000000009 0.033852115273475654 0.5357140600681306 1.5000000000000002 12.500000000000002 0.1362569406628609 0.035714285448193557 0.5052073895931245 1.0000000180025095e-35 0.10551619529724122 23.500000000000004 2.5000000000000004 46.500000000000007 3.2384861707687382 0.95897960662841808 0.95999291539192211 27.500000000000004 0.2014492750167847 10.056156158447267 0.99999958276748668 11.500000000000002 0.29986375570297247 6.5000000000000009 11.948528766632082 1.2424533367156985 9.67193651199341 0.14350064843893054 4.5000000000000009 -0.30222141742706293 0.097580041736364379 0.6612171232700349 6.6913886070251474 8.89434862136841 -8.7173533439636213 8.1387472152709979 8.8655996322631854 10.285016536712648 12.079489707946779 1.7286864519119265 43.500000000000007 10.709404945373537 30.500000000000004 8.8236327171325701 12.607145786285402 8.9162974357604998 9.5000000000000018 10.833380699157717 1.8515046238899233 0.37482394278049475 0.21689935028553012 0.077677227556705489 -8.303494453430174 -8.344782352447508 -0.32008504867553705 0.058741372078657157 1.5000000000000002 0.39504285156726843 0.24999995529651645 10.737875938415529 0.50925925374031078 10.039290428161623 9.6194891929626483 9.7601571083068865 5.5094087123870858 7.2574961185455331 0.5962963104248048 0.57247900962829601 9.7063927650451678 0.33287920057773596 1.3904437422752383 2.5189054012298588 29.500000000000004 5.1840281486511239 5.5000000000000009 0.57043650746345531 9.1066455841064471 2.5000000000000004 1.8821895718574526 11.287106513977053 -8.8928184509277326 1.0682493448257449 2.4626468420028691 1.5000000000000002 0.88847428560256969 0.089087303727865233 3.5621817111968999 9.0537023544311541 -4.9648694992065421 53.500000000000007 0.85435608029365551 -9.0289897918701154 6.5858199596405038 0.10050505027174951
decision_type=2 2 2 2 2 2 2 2 2 2 2 2 2 2 2 2 2 2 2 2 2 2 2 2 2 2 2 2 2 2 2 2 2 2 2 2 2 2 2 2 2 2 2 2 2 2 2 2 2 2 2 2 2 2 2 2 2 2 2 2 2 2 2 2 2 2 2 2 2 2 2 2 2 2 2 2 2 2 2 2 2 2 2 2 2 2 2 2 2 2 2 2 2
left_child=1 5 9 7 55 26 15 8 -3 16 53 30 13 17 75 -6 40 -9 -19 66 -16 23 -23 -17 69 42 -1 -28 29 -10 36 72 33 44 70 -36 86 -38 79 -40 -2 -42 43 -18 -26 -46 67 82 73 -50 52 -52 -43 -4 -48 56 57 58 -5 60 61 -57 -62 64 -58 -65 -7 71 -69 74 -35 -32 -8 -33 -11 -15 -59 -71 -56 80 -34 -81 84 -74 -13 -14 -12 88 -76 -41 -86 -84 -93
right_child=2 3 10 4 6 19 31 12 28 24 11 47 85 14 20 21 25 18 -20 -21 -22 22 -24 -25 32 -27 27 -29 -30 -31 46 48 38 34 35 -37 37 -39 39 89 41 50 -44 -45 45 -47 54 -49 49 -51 51 -53 -54 -55 78 59 63 76 -60 -61 62 -63 -64 65 -66 -67 -68 68 -70 77 -72 -73 83 -75 87 -77 -78 -79 -80 81 -82 -83 91 -85 90 -87 -88 -89 -90 -91 -92 92 -94
leaf_value=0.052516711602680788 0.022771840210279694 0.054034800953852449 0.017290146462546781 0.0027483410706117956 0.055133736298813588 0 0.020922685369510304 0.032858674117194224 -0.011141119212436448 0.0032105919177592966 0.006390647693809118 0.0011468378644474153 0.022137770493885118 0.021413420004537494 0.0063393732685753136 -0.015057072254896631 0.024691112272577632 0.0024432133821962179 0.015200239794608539 0.018372509288516588 0.026439090967166391 0.06463005526247477 -0.0052859987408006535 0.02844997753525777 -0.042522729406284779 -0.018017769950753996 0.049525210647153706 -0.024056244716881926 -0.017338130756193931 0.029171841427157896 -0.018112637614125921 -0.038176060136924962 0.046289152637497499 -0.038373129332946586 0.0079728593613173655 0.094476202153790878 0.069546645383604042 -0.020137218549663341 0.044525204784548925 0 -0.045739910532583486 0.0026937951721897288 0.032629290848558298 -0.016883307358959244 0.038485238488398549 -0.023029712700213187 -0.029639952126459968 0.017889961421364658 0.028395299498971866 -0.033890730402516438 -0.031937645750439309 0.022178519178921312 -0.022125947691357339 -0.022391631526725291 0.058509268758497546 -0.0003063439401134291 0.0018861285556277371 0.011053697378249655 0.036905520010860053 -0.025846511853902517 -0.013651496047551656 0.025089856929557747 0.013297748813555197 0.0179124902767515 -0.033560204971515017 -0.010999651686271881 -0.052480682290007352 -0.029929879951746393 0.038195272014633533 0.023947329757285113 0.015211117090345994 -0.040587785064228422 -0.036523147271284376 0.0069766267927795144 -0.043070832545356402 0.044015421754095001 0.040103284795188487 -0.024787733877640706 -0.0045829521819200046 -0.023134341691861057 -0.031319977151429979 -0.045979511670424064 -0.025848184418257314 0.010400925045379511 -0.0066695834503712028 0.052405729832412568 -0.039978240438162178 0 0 -0.033066057207067671 -0.043749583963452125 -0.010930982332678561 -0.049554775647154881
leaf_weight=1237.3178262338042 7.2124356236308804 54.63385272026062 13.099992896430196 258.63234243541956 4.4181148521602145 4.5466856285929698 5.3548570340499264 20.101860448718071 19.865566075779498 2.4929211568087331 1.4095784174278359 1.6621219404041756 15.881309609860184 47.531228348612785 1692.1712964177132 141.28527153749019 16.124988764524463 5604.437536181882 133.997409876436 11.682658500038086 47.536676853895187 5.7972762249410161 11.104537511244416 9.8823310099542123 13.476325639523568 14.584275264292954 16.059588503092527 8.7039473252370971 23.702532998286188 29.513270117342472 19.596688775345683 168.08216159790754 2.272708134725689 4.9075634982436922 14.458339354954662 3.059405322186648 2.7415230395272374 3.9769508671015501 3.352358201518653 2.7370487470179796 9.9678104044869524 65.887995121069252 25.486625862307847 13.878088051453231 3.6884832596406332 10.396069330163298 2.582617809996008 1.2957040322944511 5.1691877488046867 7.1382672162726521 28.595984872430563 4.0950141707435241 25.664345873519778 8.4179992387071234 1.3934899568557741 1279.3506256183609 13.063721321523188 13.703389465808867 16.524908725172281 18.197870968841016 124.46067640930414 49.448212916962802 28.90666682459414 18.29913605004549 22.66127822548151 21.373086810112 7.5209298357367516 2.6511863553896537 2.0564458258450031 2.580462258309125 2.4608305627480149 282.23512249346823 4.441167201846838 2.2344741867855182 75.556823103688657 19.602612718939781 20.276497140526772 3.2164871152490377 1.449606856331229 39.285084274597466 5.4313975144177675 24.600609875284135 8.0774413105100376 1.9490033825859425 2.7414549151435486 11.828679107129572 6.0960759418085217 1.9484129659831513 1.9486669218167652 3.1174612231552601 279.93257579952478 1.8958677891641844 1363.4778227796778
leaf_count=24444 175 687 149 1740 27 97 144 119 126 152 113 65 132 295 7141 5266 152 28712 719 112 282 160 481 339 663 96 228 90 142 150 1641 13615 160 234 639 135 171 176 112 90 249 1351 193 113 188 505 188 63 84 190 1103 141 579 150 100 9466 109 102 112 150 980 387 222 142 190 168 221 220 169 103 103 25370 253 134 6146 120 151 135 108 2398 306 1412 904 70 316 96 436 156 148 123 31874 118 163943
internal_value=-0.000383119 0.00830665 -0.040475 0.00281461 -0.00302721 0.0508407 -0.0207783 0.00451991 0.0251742 -0.0151972 -0.0459022 -0.0464147 0.00416629 0.00403574 0.00776516 -0.00617755 -0.0037862 0.00286212 0.00274674 -0.00886811 0.00691663 -0.0083217 0.021465 -0.0118958 -0.0259741 0.0105667 0.0519815 0.023385 0.00281187 0.0129067 -0.0365356 -0.0335377 -0.0182227 -0.00590872 0.0144909 0.0298663 -0.00574852 0.0212562 -0.0258411 0.00555223 -0.0110041 -0.0131246 0.0185315 0.00525497 -0.0244699 -0.00412479 -0.0378732 -0.0483162 -0.0355266 -0.00676327 -0.00991395 -0.0241907 -0.00440083 0.000884344 0.00213256 0.000436149 0.00458814 0.00789189 0.00502481 -0.000624844 -0.000282617 0.000658425 -0.00842793 -0.00871725 -0.020776 0.00226016 -0.0350924 -0.0386207 0.000256927 -0.0371287 -0.019804 -0.0392583 -0.00133599 -0.0374697 -0.039478 0.0289765 0.0296326 -0.0012601 0.0335655 -0.0300464 -0.00352623 -0.0329373 -0.0483901 -0.0216874 -0.0431619 0.0374284 -0.0305457 -0.0409756 -0.0419986 -0.0199341 -0.0434623 -0.0494169 -0.0495205
internal_weight=13697.7 11258.4 2439.28 9972.56 2251.76 1285.83 366.857 7720.8 127.715 432.485 2006.79 1985.27 7593.09 7565.38 1806.84 172.488 211.498 5758.54 5738.43 23.7503 1739.71 168.069 16.9018 151.168 220.987 70.074 1262.08 24.7635 73.0814 49.3788 326.189 194.369 133.244 52.447 24.8861 17.5177 14.2241 6.71847 80.7967 9.20687 141.424 134.211 55.4897 30.0031 27.5609 14.0846 311.965 1659.08 182.624 12.3075 124.243 32.691 91.5523 21.518 5.42571 1884.9 384.534 309.137 275.157 1500.36 1482.17 1328.8 153.367 75.3972 35.725 39.6722 12.0676 306.539 4.70763 87.7438 7.36839 301.832 11.745 170.317 81.9468 67.1338 33.9799 5.79695 2.8431 71.5898 7.70411 63.8857 1657.79 6.39017 284.336 27.71 7.50565 79.4539 77.5055 5.85451 282.674 1373.45 1365.37
internal_count=342929 98595 244334 73403 34682 25192 20763 38721 1105 18060 226274 225975 37616 37388 7838 6273 4152 29550 29431 430 7423 6246 641 5605 13908 554 24762 318 418 276 28692 14490 7068 2467 1111 774 896 347 4601 325 3598 3423 458 265 1356 693 27796 197283 14023 274 3174 1244 1930 299 396 13919 2714 2105 1852 11205 11055 9853 1202 609 299 310 318 27400 389 6840 337 27011 467 13749 6602 415 253 238 208 4276 466 3810 197220 323 32255 228 549 6450 6294 213 32190 164965 164061
is_linear=0
shrinkage=0.05


Tree=56
num_leaves=92
num_cat=0
split_feature=15 107 48 21 21 0 23 21 11 84 113 94 99 3 103 101 98 53 19 99 102 113 0 65 107 95 98 24 65 125 44 65 97 84 3 100 65 44 113 36 3 109 40 113 103 109 113 15 0 103 101 100 115 69 82 51 90 42 115 108 71 3 69 48 53 50 69 113 100 103 109 44 98 19 94 107 103 113 2 3 51 3 30 97 44 108 115 0 115 108 15
split_gain=1700.49 1026.26 203.043 38.3552 24.4039 23.8156 22.2011 27.9856 21.7198 19.2377 16.2062 13.1019 12.8303 10.9508 11.0791 11.4379 10.109 12.9515 7.61594 8.65568 7.54479 7.50441 8.21821 10.3295 8.63613 10.8781 6.82212 6.57457 11.5832 6.43408 5.89595 9.75644 5.48844 5.43636 5.05161 7.54768 5.08283 5.00065 4.97374 4.89458 8.4645 5.22671 4.87884 4.79247 5.62275 4.67021 4.43772 4.42671 3.83779 4.07747 5.57867 5.79911 4.43105 3.80748 4.00941 3.89219 4.21838 3.70605 3.40738 3.34322 3.14284 3.13004 2.83858 4.47142 3.25146 3.55429 2.83474 2.63415 2.59426 2.55423 2.48302 2.47185 2.29551 2.38463 1.86413 2.31347 1.7326 1.71088 1.68462 4.32217 2.02326 1.59211 1.56614 1.55348 1.51671 1.27071 0.633476 0.592513 0.454631 0.249421 0.230294
threshold=7.5000000000000009 0.033852115273475654 0.034582419320940978 25.500000000000004 46.500000000000007 2.9174053668975835 1.5000000000000002 22.500000000000004 2.5000000000000004 0.09175084158778192 3.1258316040039067 9.2588520050048846 1.0000000180025095e-35 1.6383027434349062 1.2627778649330141 1.1984564661979678 5.5000000000000009 0.68592283129692089 6.5000000000000009 12.346777439117433 10.934395313262941 -8.9528274536132795 1.4978661537170412 12.879215240478517 2.0325129032135014 8.9489440917968768 1.5000000000000002 2.5000000000000004 9.0371813774108904 1.0000000180025095e-35 0.074271079152822508 10.569450378417971 0.24404761940240863 0.24575784057378772 2.5139920711517338 3.1512035131454472 10.967702865600588 0.12552521377801898 -8.9251203536987287 1.5000000000000002 1.874359726905823 0.0098646553233265894 9.5000000000000018 -8.0200490951538068 1.6187107563018801 0.73623064160346996 -8.9528274536132795 20.500000000000004 1.4978661537170412 2.3961492776870732 2.8240537643432622 0.94746631383895885 0.00061353892670013021 7.4218962192535409 5.5000000000000009 1.3076922297477724 7.5000000000000009 0.072299651801586165 0.00057037101942114543 9.3025722503662127 6.5127670764923105 1.3904437422752383 9.5002007484436053 0.058741372078657157 0.81673029065132152 0.80907452106475841 7.9554467201232919 -8.8031125068664533 11.607137203216555 1.5703029632568362 1.1082199215888979 0.089087303727865233 9.5000000000000018 54.500000000000007 10.494249343872072 1.1701810956001284 9.7232575416564959 -7.4301917552947989 0.52003443241119396 1.403691351413727 0.58565166592597973 1.3020822405815127 13.500000000000002 0.3717105239629746 0.048199767246842391 11.301551818847658 0.026081969030201439 1.7005987167358401 0.0005820231162942947 10.364001750946047 2.5000000000000004
decision_type=2 2 2 2 2 2 2 2 2 2 2 2 2 2 2 2 2 2 2 2 2 2 2 2 2 2 2 2 2 2 2 2 2 2 2 2 2 2 2 2 2 2 2 2 2 2 2 2 2 2 2 2 2 2 2 2 2 2 2 2 2 2 2 2 2 2 2 2 2 2 2 2 2 2 2 2 2 2 2 2 2 2 2 2 2 2 2 2 2 2 2
left_child=1 5 9 53 6 12 10 38 62 11 18 37 33 27 15 -15 48 45 19 29 -16 68 23 57 26 -26 -24 28 -12 -3 89 -32 -9 -1 36 -36 -20 42 46 40 -40 -41 43 44 -2 82 -8 71 61 50 51 -50 77 55 88 67 -57 -23 -58 -33 -44 84 72 76 -65 -66 -39 -4 -13 -29 -52 -10 78 -74 75 -34 -64 -51 80 -80 -5 -76 -18 -62 -11 -86 87 -73 -55 -19 -7
right_child=2 4 3 8 -6 90 7 32 47 16 13 21 -14 14 20 -17 17 30 34 -21 -22 22 24 -25 25 -27 -28 69 -30 -31 31 59 74 -35 35 -37 -38 66 39 41 -42 -43 60 -45 -46 -47 -48 -49 49 52 70 -53 -54 54 -56 56 58 -59 -60 -61 83 -63 63 64 65 -67 -68 -69 -70 -71 -72 86 73 -75 81 -77 -78 -79 79 -81 -82 -83 -84 -85 85 -87 -88 -89 -90 -91 -92
leaf_value=-0.017921609103041167 0.049547507293231451 0.0047768463399441921 0.011046084987037864 0.0081851405462460732 0.051316728559341274 0.052440128755516568 -0.0018901219436950217 0.02252039829892577 0.012213465623271599 0.002840572533413418 0.011456927242185083 -0.047005633320210946 0.052676414258398085 -0.016457786665877383 0.0033754891160230867 0.018836559815611165 0.042111523928193111 -0.045137520733750415 0.0018167684205971217 -0.020594276573804138 0.020577956257786426 -0.044618462608128844 -0.036278429179709741 0.041580523739560428 0.011005271853300427 0.06684142453426023 0.0091540900433859911 -0.0084777605301906839 0.046020958370704024 0.018916468586249964 0.05152321375747855 -0.030500182008002575 -0.014451151187319496 0.024324763880212201 0.0064221493556102412 -0.022477710953261173 -0.0039638428184355472 -0.046960088306481948 0.023241599561505337 -0.007554883638769494 -0.017668354223467117 0.002025670145578667 0.010696875634328952 -0.026223847735913887 -0.0057416404462394917 -0.0066295806153562915 0.026802008460746818 -0.049917283327310338 -0.034981720889069937 -0.032051405286942017 -0.04373893824556177 0.0038815221325561654 0.053669671768164263 -0.045371963189674409 0.014889192828377288 -0.010874280636619689 0.0031817533624513834 -0.0098725705559354754 0.043312381689641154 -0.0018489965442216767 -0.034684691337277106 0.016137774454584197 -0.042204413153846383 0.049008503812318471 0.030894653728324062 -0.029512427220293902 0.0047193359289149682 -0.039890752849656 0 0.015859807575980513 -0.0072237264272089 -0.043636191375205684 -0.025484012948344993 0.035356956221009754 -0.027308190855443393 -0.044551134507218773 0.0061781244137477445 0.015325721517403308 -0.033070345120187347 0.0026149155305386813 -0.040926549727002548 0.018420145964379488 0.010790322829699968 0 -0.041120685434812343 -0.0097427683375508646 0 0 -0.012610580765787466 -0.018335021502726475 0.024581278241770393
leaf_weight=21.160971076227728 7.3412515865638879 1576.2477747164667 2.7421200675889814 1.3196343593299378 24.070608430542052 1179.267914287746 26.047489812597632 2.7994931498542419 1.1318456549197424 1.5657931566238392 54.926349770277739 7.2634064825251681 13.172687181271611 23.887781236320734 1182.2501722127199 242.6080090738833 12.531487539410593 16.152970026247207 4960.3259234428406 30.763846337795258 66.29764374345541 11.256620756350456 7.3318665772676459 6.104429895989596 23.89086967241019 13.525453604757784 119.42795101832598 20.448288533836603 45.499084521085024 84.143094372004271 4.4338737903162828 20.393057131208479 10.526514535769818 9.9010432241484505 37.168939955532551 52.529568277299404 409.4741216795519 17.090191437862817 12.834595412015913 234.39544391352683 105.32024915516376 355.39877708815038 4.6252117799595025 6.0090027125552288 8.4246819755062443 11.465942369773982 24.786756347864866 1108.2434016400948 12.885125569999216 3.0647508883848786 27.96621576603502 27.011417989619076 2.4783540712669492 7.3198256837204081 3.8864476904273024 10.927791993133722 10.747771688736977 25.066229521296918 10.8066577212885 20.904802620410919 21.662513218820099 1.7241906253620971 8.6017219070345181 2.1713441014289838 2.3727212036028504 4.9289168706163764 2.3941483544185749 5.5167875904589909 4.9840315952897072 19.364764105528593 7.1441129734739652 511.67150847427547 1.8937126221135252 1.5234322063624857 2.1722330516204229 53.333449164405465 1.417326952330767 1.7611055877059687 194.5577386142686 8.107785062864421 152.72243442293257 2.3451206730678678 8.8926551165059191 3.9265666073188177 64.768414550460875 5.4402505885809651 1.1082638911902893 1.1487743882462371 4.0692809345200658 5.656352385878562 5.9231863543391219
leaf_count=183 150 7486 153 102 248 24467 193 139 57 48 268 134 169 126 4912 1326 151 292 28784 148 280 369 299 107 462 349 1790 109 343 399 165 937 848 137 229 331 3761 888 104 2074 845 2885 104 103 178 134 185 141043 629 175 1275 1322 133 194 192 96 137 1149 147 954 525 101 662 167 176 391 160 282 114 105 306 60894 120 97 159 4443 97 90 17477 516 14362 165 128 168 4951 400 125 112 89 81 74
internal_value=-0.000688781 0.0079934 -0.0369625 -0.0441517 0.00251298 0.0509911 0.00238206 -0.00542447 -0.0452926 -0.00981545 0.00311976 -0.00094787 0.0140836 0.00757822 0.00631779 0.0155612 -0.0197597 -0.00710667 0.00208491 0.00501713 0.00432053 0.00510242 0.0074726 -0.0117299 0.0125566 0.0332446 0.00605473 0.0209135 0.0276615 0.00551584 -0.0195747 -0.00854164 -0.0350775 -0.00364822 0.00117366 -0.010484 0.00137312 -0.0193349 -0.00256603 -0.00366958 -0.0129053 -0.00177442 -0.0104005 0.00705321 0.0214919 0.0179432 0.0122763 -0.0478643 -0.0277065 -0.0194082 -0.0229236 -0.00924108 0.0133106 -0.00306684 -0.0232603 0.00482493 0.0128554 -0.0222473 0.0252446 -0.0168038 -0.0230331 -0.0362924 -0.0341243 -0.0132657 0.0100101 -0.00682675 -0.04025 -0.0228556 -0.0306057 0.00326383 -0.0371825 -0.0432954 -0.0351659 0.00211788 -0.0380115 -0.040188 -0.0345787 -0.0136468 -0.0355584 -0.031585 -0.0403667 -0.00323304 0.0311038 -0.0297537 -0.0379929 -0.0390834 -0.0434722 -0.0435544 -0.0372721 -0.0402424 0.0523406
internal_weight=13494.9 10889.4 2605.5 2058.94 9659.97 1229.43 9635.9 829.96 2002.92 546.565 8805.94 290.324 44.2347 1655.28 1515.04 266.496 256.241 100.431 7150.65 1691.15 1248.55 218.851 206.603 42.4273 164.176 37.4163 126.76 140.238 100.425 1660.39 67.5411 45.7317 71.1768 31.062 5459.5 89.6985 5369.8 71.4736 758.783 707.949 118.155 589.794 51.9892 21.7749 15.7659 32.8901 50.8342 1623.3 155.81 82.3111 75.0069 39.8965 7.30421 56.0167 15.2756 40.7411 32.4822 36.3229 21.5544 41.2979 30.2143 73.4986 379.617 19.492 9.47298 7.30164 19.4843 8.25891 12.2474 39.8131 35.1103 515.06 360.125 3.41714 68.3773 63.86 10.019 4.82586 356.708 202.666 154.042 4.51735 21.4241 25.5891 71.7745 70.2087 513.929 512.82 11.3891 21.8093 1185.19
internal_count=342934 85925 257009 237688 60895 25030 60647 12040 236398 19321 48607 7049 489 7469 6644 1452 12272 2842 41138 8033 5192 4773 4525 1625 2900 811 2089 825 611 7885 2429 2056 5754 320 33105 560 32545 2276 6286 5908 949 4959 1228 431 328 413 378 202231 9430 3930 3532 1951 398 1290 475 815 380 1518 284 1891 797 5500 34167 1493 734 567 1048 435 248 214 1581 61188 32674 217 5615 5291 759 265 32457 17993 14464 324 279 693 5399 5351 61131 61006 283 373 24541
is_linear=0
shrinkage=0.05


Tree=57
num_leaves=95
num_cat=0
split_feature=93 107 26 48 21 44 17 49 3 48 99 2 48 103 4 48 82 107 49 63 113 49 48 36 63 67 53 95 28 113 69 71 105 86 82 38 67 51 38 21 34 113 17 69 63 95 9 3 44 97 67 93 34 99 98 63 112 93 53 32 21 115 97 2 71 108 5 115 103 67 97 115 9 48 48 96 71 69 114 115 17 69 9 72 38 54 48 98 0 115 44 98 80 42
split_gain=1677.72 970.737 72.5922 41.9391 58.7727 28.2464 28.0883 26.4719 22.4414 20.5555 19.5266 16.5241 13.8843 10.0983 14.9696 10.09 9.81315 10.6008 8.77923 8.52156 9.62775 7.83296 7.64967 10.0432 7.61879 13.4721 9.15346 7.91602 7.30733 7.27869 9.66648 6.94446 6.9208 6.37363 6.31583 8.18081 10.5496 6.13936 6.01484 10.1756 5.96623 10.9469 7.02116 5.4344 5.67294 7.88909 5.39173 5.65781 5.29768 5.193 4.95619 4.75618 6.98985 6.22879 5.56976 4.50915 4.50389 4.04228 3.8247 3.71229 3.70591 5.72763 3.33693 3.24305 7.20533 6.30165 4.06309 3.01377 3.51427 3.01059 4.76333 2.98384 2.83805 2.38262 2.28397 2.09806 2.08002 2.01525 2.00246 1.93088 1.9198 1.88572 3.34961 2.39645 1.50946 1.34757 1.25562 1.2487 1.64462 1.05032 0.946737 0.843888 0.603104 0.205945
threshold=4.5000000000000009 0.033852115273475654 2.5000000000000004 0.020067113451659683 21.500000000000004 0.10050505027174951 13.500000000000002 0.16666664928197863 1.5906476378440859 0.043177418410778053 1.0000000180025095e-35 2.2764940261840825 0.11039985343813898 0.0013073087902739646 5.5000000000000009 0.033445188775658614 2.5000000000000004 1.3714300990104678 0.26829268038272863 11.667811870574953 -8.6008181571960431 0.15412895381450656 0.032353220507502563 12.500000000000002 9.8179430961608904 10.385656356811525 2.4365079402923588 9.4906210899353045 3.5000000000000004 -7.3829233646392813 9.8674807548522967 7.9316027164459237 0.81422516703605663 0.31121593713760382 1.0000000180025095e-35 5.5000000000000009 9.4186654090881365 1.4999997019767763 19.500000000000004 34.500000000000007 13.500000000000002 -8.7380046844482404 6.5000000000000009 7.4218962192535409 8.4715723991394061 9.3343844413757342 7.5000000000000009 1.6383027434349062 0.42163743078708654 0.35504202544689184 12.014359951019289 5.5000000000000009 32.500000000000007 9.5556263923645037 10.500000000000002 9.4234876632690447 -0.3306871354579925 6.5000000000000009 0.59290647506713878 5.5000000000000009 8.5000000000000018 0.00040300416003447031 0.31009615957736975 0.8632599711418153 9.6034007072448748 10.550339698791506 10.500000000000002 0.6923760473728181 1.8946026563644411 10.886670589447023 0.44222222268581396 0.0005655646964441986 83.500000000000014 0.063859336078166976 1.0000000180025095e-35 0.23166368901729587 8.8544602394104022 5.9066574573516855 3.313347697257996 0.0005699077737517656 31.500000000000004 3.69975757598877 82.500000000000014 1.0000000180025095e-35 4.5000000000000009 1.9534855484962466 0.026402927935123447 -2.4999999999999996 1.7005987167358401 0.026081969030201439 0.31264810264110571 -9.4999999999999982 1.5000000000000002 0.36055555939674383
decision_type=2 2 2 2 2 2 2 2 2 2 2 2 2 2 2 2 2 2 2 2 2 2 2 2 2 2 2 2 2 2 2 2 2 2 2 2 2 2 2 2 2 2 2 2 2 2 2 2 2 2 2 2 2 2 2 2 2 2 2 2 2 2 2 2 2 2 2 2 2 2 2 2 2 2 2 2 2 2 2 2 2 2 2 2 2 2 2 2 2 2 2 2 2 2
left_child=1 7 5 11 24 18 43 79 57 19 12 13 32 14 -3 51 17 -13 28 22 -21 67 50 -24 25 40 27 -27 33 30 48 49 -9 76 35 36 -15 -10 39 -36 42 -42 -5 44 -7 72 -19 -48 -26 -20 -6 52 62 -54 55 -53 -35 69 -40 -32 -31 -62 -8 66 65 -65 84 68 -18 70 71 -4 -46 80 -33 -59 -2 -72 -34 -1 -71 82 -17 -84 -11 -30 -77 91 -89 92 -75 -83 -88 -92
right_child=2 3 8 4 9 6 15 10 37 63 -12 16 -14 34 -16 81 21 46 31 20 -22 -23 23 -25 29 26 -28 -29 85 60 59 74 78 56 38 -37 -38 -39 58 -41 41 -43 -44 -45 45 -47 47 -49 -50 -51 -52 54 53 -55 -56 -57 -58 75 -60 -61 61 -63 -64 64 -66 -67 -68 -69 -70 73 77 -73 -74 90 -76 86 -78 -79 -80 -81 -82 87 83 -85 -86 -87 89 88 -90 -91 93 -93 -94 -95
leaf_value=0.012680554241225609 -0.036820780416195735 0.050946942188198764 0.071003038091589032 0.0016201820971507926 -0.014048144377045175 -0.016491364330571825 0.018832846322371047 0.0051036698759653783 -0.024935316782770112 0.0032773634647775586 0.051580430286484194 0.037982931680942592 0.030006853865788233 0.004759927193098118 -0.018342245135412247 0.031679943467105016 0.045726083841855295 0.022855613262246714 0.058496902020637877 0.085543838029130542 -0.0091518604777535047 0.0046678828989175575 -0.011289021589643443 0.025629251963015499 -0.0097729324476713286 0.0060916193862514244 0.038709661592675325 0.040684350767399603 0.05091782269389647 -0.037503168581572578 0.00076704265432521587 0 -0.02271843741299074 0.055823100086377558 0.0036540552160429251 -0.016256430055635877 0.016084002124878403 0.022888790911185015 0.030823610674858892 -0.010056159213394191 -0.0041961557057563085 0.03037954781117664 -0.0043976022928711965 -0.025522699570188857 0.043593015653493071 -0.016822715550869182 -0.018664735577947383 0.0059181864030783222 0.017068467617387804 -0.016275383328680539 -0.0364532863801778 0 -0.00019980132834895986 0.07406317940371232 0.012717137696745812 -0.036103159673309043 -0.005004851603551453 0.0076415590230353783 9.4720337526173245e-05 0.032143404345475766 -0.031994187668927858 -0.0019848854294115649 -0.024324780666019466 -0.036168116427882022 0.043949349755133378 0.024159123764376244 0.027068826319562984 0.01165948256678264 0.015570919151886945 0.03445072330307658 0.015815902977825255 -0.0063113323649970667 0.0096409625238630479 -0.041825738592236816 -0.045411488991531808 -0.0053841966821906581 -5.2293956612066357e-05 -0.03884697949686066 -0.077263195535406115 0.052265360785492737 -0.020620769714477918 0 -0.040641721043233062 0.0054370625706590655 -0.038335209948834437 0.018156644244608732 -0.042951391239628156 -0.037475418058368362 -0.015903361370623977 0 -0.01440055792291824 -0.045911463572791099 -0.049668735511741398 0.0042557033433798788
leaf_weight=4.8779108785092822 8.1014650827273744 24.52675224468112 1.0993464044295236 1226.7066085487604 158.68911999091506 18.41133554186672 3.7437874255701891 5.1992309866473141 11.022902072407307 1.5366663364693511 16.836765179410577 23.32225838303566 9.5837233969941718 583.33599657565355 9.9564441535621864 1.6870088046416629 55.898438107222319 23.184820607304573 2.7415518900379565 3.348012076690793 5.0777623113244754 28.495214305818081 57.206086795777082 25.338454179465771 164.16489565558732 369.36093233246356 24.26701744645834 16.031446453183889 9.830580656416716 19.766280651092529 16.386714421212673 3.4917010050267008 5.0703832618892175 4.6965288622304797 5356.5511797275394 32.147315874695778 321.18524323776364 12.939287628978489 31.155525801703334 137.06377680413425 46.453506568446755 42.247008047997952 798.12201928347349 17.164112191647291 15.481115000322463 11.569993427954612 35.840542905032635 60.634222023189068 19.060457795858383 3.7455191081389785 30.027463281527162 9.8682310031726939 8.0750490631908161 2.629009489901363 6.3679781239479771 78.799768565222621 5.0071980487555248 0.96046315459534426 15.643396463245152 23.350010439753532 23.44749091938138 46.650486998260021 33.764122409746051 21.153624478727586 2.8849497940391293 4.0320455441251388 1.2791472431272257 13.97027752175927 15.43557435274124 1.0406299019232386 0.99957405868917693 1.5747561762109397 12.754068023525177 66.661667794920504 13.590044112876056 2.5698155313730231 7.347156128846108 5.7718838565051556 6.8017682926729321 1119.9851348716766 2.6958882035687566 0.97523973044007917 6.891068163327871 3.2424424858763814 129.32029093708843 9.6942966030910593 150.72978557134047 307.65774098131806 13.947023206390439 0.89221241325139899 0.87713435338810031 102.36403175164014 1166.277769846376 1.528489750344306
leaf_count=47 157 387 132 7945 5818 154 205 94 144 86 243 155 87 2524 69 107 488 99 124 110 167 144 1843 660 1188 2575 170 116 144 142 105 69 91 103 25558 142 1405 116 171 1852 354 321 5672 198 118 120 162 261 145 191 1049 649 491 150 198 5407 121 13 145 157 178 358 2183 1426 176 262 109 98 114 125 112 190 140 8144 551 125 78 655 135 24309 243 114 536 268 11110 56 18997 32591 1228 103 105 10825 154706 178
internal_value=-0.000229709 0.00753083 -0.0406598 0.00250892 -0.00213236 -0.0276254 -0.0308078 0.0506367 -0.0472238 -0.019105 0.0116 0.00475676 -0.0147011 0.0042616 0.0307323 -0.0345315 0.0171769 0.00822096 0.00279794 -0.0107758 0.0347095 0.0280894 -0.0124084 0.000179848 0.000505446 0.0014224 0.00970386 0.0077086 0.0157984 -0.00683021 -0.00189614 -0.0209176 -0.0407347 -0.00190055 0.00411205 0.00791634 0.00881199 0.000323433 0.00346512 0.00330752 -0.000183783 0.0123923 -0.000748398 -0.00191096 0.00534933 0.0159256 0.00193924 -0.00325828 -0.00681063 0.019124 -0.017925 -0.022432 -0.00895443 0.0240817 -0.0289203 -0.0321833 0.0270751 -0.048042 0.0210809 0.0199454 -0.0187305 -0.0126225 -0.0192022 -0.0333494 -0.0159947 -0.0253203 -0.0367404 0.0355822 0.0397933 -0.0352128 -0.00619448 0.037171 0.0298529 -0.0386421 -0.0369785 -0.0487922 -0.0214764 -0.028164 -0.0598774 0.0521197 0 -0.0383866 -0.0145849 -0.0262382 -0.0377394 0.0375831 -0.0488494 -0.0389716 -0.036649 -0.0489204 -0.0407024 -0.0454767 -0.0489573 -0.00290445
internal_weight=13363.9 11212.6 2151.28 10044.3 3275.91 723.639 655.393 1168.35 1427.64 439.894 43.4919 6768.35 26.6551 6511.57 34.4832 580.013 256.781 142.982 68.246 279.687 8.42577 113.8 271.261 82.5445 2836.01 2523.19 409.659 385.392 44.6772 312.826 222.962 23.5688 17.0714 25.1523 6477.08 936.669 904.521 23.9622 5540.41 5493.61 2113.53 88.7005 2024.83 75.3806 58.2165 39.8052 119.66 96.4748 183.225 6.48707 188.717 143.248 48.212 10.7041 95.036 88.668 9.70373 1403.68 46.7989 39.7367 89.8643 70.098 37.5079 160.207 28.0706 25.1857 132.136 85.3043 71.334 82.2494 9.44556 2.6741 28.2352 72.8038 17.0817 1321.43 15.4486 6.77146 11.8722 1124.86 3.73652 436.765 11.8205 10.1335 130.857 19.5249 1320.47 424.944 321.605 1317.9 69.0673 103.339 1317.01 2.40562
internal_count=342386 101022 241364 76016 42242 57276 55682 25006 184088 22816 650 33774 407 32253 456 54952 1521 677 1594 9647 277 844 9370 2503 19426 17153 2861 2691 659 2273 1595 935 320 459 31797 4071 3929 260 27726 27410 14292 675 13617 730 532 378 522 423 1333 315 6867 9283 3029 641 6254 6056 224 183828 316 262 678 536 2388 13169 1864 1688 11305 700 602 9884 1089 322 258 8795 620 173944 235 767 226 24356 368 45669 911 804 11196 200 173931 44758 33819 173806 8427 10939 173703 283
is_linear=0
shrinkage=0.05


Tree=58
num_leaves=67
num_cat=0
split_feature=93 105 23 0 104 54 23 19 3 21 3 52 69 105 19 2 9 77 112 3 30 21 94 36 9 44 101 108 100 95 63 34 49 9 2 97 21 52 3 102 109 63 105 97 21 2 48 76 67 94 36 9 51 100 21 2 46 71 13 46 65 28 94 32 111 52
split_gain=1586.59 835.369 76.6247 61.3606 36.293 27.8414 27.8278 43.1343 24.2542 20.508 17.4753 17.2742 12.1951 10.5208 10.101 11.252 9.13719 8.44305 8.32224 7.64384 7.41046 7.35397 7.13984 6.74619 6.20459 7.45814 6.15159 5.69995 5.48699 4.68459 8.52918 9.3746 8.38885 6.10813 4.51726 4.31129 4.20511 4.0578 6.04344 4.02392 5.55981 10.8107 7.51338 4.00917 3.78321 3.75231 3.33851 3.11561 3.01111 2.8786 2.59672 2.58108 2.57342 5.25102 3.57693 2.43248 2.60289 2.15964 2.152 1.75381 1.47694 1.4045 1.06775 0.776487 0.721196 0.287965
threshold=4.5000000000000009 0.51851224899292003 3.5000000000000004 2.9700856208801274 1.0000000180025095e-35 1.7642973065376284 1.5000000000000002 21.500000000000004 1.5420657992362978 16.500000000000004 1.6383027434349062 0.8896499276161195 3.69975757598877 0.94186440110206615 29.500000000000004 0.93411079049110424 90.500000000000014 39.500000000000007 -6.4320304393768302 2.175783753395081 2.5000000000000004 124.50000000000001 11.532541751861574 29.500000000000004 76.500000000000014 0.42163743078708654 1.1984564661979678 12.279458522796633 0.027128339745104316 9.4685564041137713 8.6662201881408709 10.500000000000002 0.45035210251808172 83.500000000000014 1.4489225745201113 0.35857143998146063 10.500000000000002 0.90950042009353649 1.1292665004730227 9.5650792121887225 1.0420569181442263 10.667534828186037 6.2308940887451181 0.28174604475498205 72.500000000000014 1.8515046238899233 0.026402927935123447 52.500000000000007 10.209087848663332 10.263552665710451 19.500000000000004 59.500000000000007 0.71428570151329052 1.7220222353935244 35.500000000000007 0.8094465732574464 0.19367341697216037 8.9807243347167987 10.500000000000002 0.24142828583717349 9.7255420684814471 8.5000000000000018 11.032692909240724 14.500000000000002 5.7517120838165292 0.73174288868904125
decision_type=2 2 2 2 2 2 2 2 2 2 2 2 2 2 2 2 2 2 2 2 2 2 2 2 2 2 2 2 2 2 2 2 2 2 2 2 2 2 2 2 2 2 2 2 2 2 2 2 2 2 2 2 2 2 2 2 2 2 2 2 2 2 2 2 2 2
left_child=1 18 5 6 9 8 11 16 12 13 45 14 39 51 22 43 24 19 -1 -15 -19 -7 28 48 25 -8 -26 -17 -3 30 31 -10 -32 -34 55 -23 -24 38 -11 52 42 -42 -41 -16 -36 46 -4 -40 -9 -50 -13 -5 53 -2 -54 60 -57 -31 61 -37 -14 63 -63 -48 -39 -46
right_child=2 3 10 4 -6 21 7 23 29 37 -12 50 34 17 15 27 -18 20 -20 -21 -22 35 36 -25 26 -27 -28 -29 -30 57 32 -33 33 -35 44 59 -38 64 47 40 41 -43 -44 -45 65 -47 58 -49 49 -51 -52 -53 54 -55 -56 56 -58 -59 -60 -61 -62 62 -64 -65 -66 -67
leaf_value=0.052116794608265606 0.043120187753021913 -0.017722083230970527 0.019988807199309771 0.047774995493365453 0.050857648762271737 0.041841634631711651 -0.017334046604499106 0.01868055587493217 0.014946042467994709 -0.0041649318467959166 0.0015680339958057531 0.019617273249602135 -0.0071565028016841855 -0.0023166408778406001 -0.0089579202384930078 -0.0024757603630014575 0.02815839147634255 0.009006286815012695 0.0038029340510929537 0.0082356546719451994 -0.0055886518620833162 0.013682695309529678 0.041222819074426133 0.021190033622319467 -0.024260673598313773 0.0055431445879911504 0.00028437072466031411 0.039316849646838008 0.0018058428174552504 -0.039601141552163405 0.052745191674934168 -0.041123514768467505 0.023304983962595352 -0.022286346946716273 0.039965242609176325 0 0.0050454130365599065 0.049455826993734547 0.04477222126611987 0.040259056022075378 0.095085055946191863 -0.020560759094807479 -0.034299780916108809 -0.028835814029923586 -0.030277800921212072 0.010874770277208359 -0.022446150243886451 0.016152004538362862 -0.037976848358097996 -0.018988680888133241 0.047769607399368141 0.0078093754385673841 -0.00358711273595261 -0.028138411290376083 -0.034769004173960394 0.0060403350648322507 -0.030783497616222056 -0.0052866091035991035 -0.049815301792842312 -0.03763013421882605 -0.039521770265213696 -0.022648724832772259 0.015495352950809411 -0.044814833037906593 0.020288674802424571 -0.0021114885164499101
leaf_weight=947.72018772922456 3.3913427144289008 34.625808813609183 0.83993035089224477 18.54330682754517 48.79178649559617 12.963185886852441 140.15730384737253 1.61046802997589 11.527927063405516 15.701787598431109 17.525552423670888 24.34719187580049 5.073915554676204 405.43376882374287 51.606911450624466 384.34600081853569 21.492447223514318 2173.3383589945734 9.6968326158821565 294.31821241974831 88.779175706207752 16.494745763018731 16.628512695431709 4.6824633721262208 25.396510811522603 45.993516258895397 488.4123088568449 6.818093152716755 5610.1108811795712 9.8571522720158118 10.479489439167081 16.121590912342072 14.20746489800513 12.24650232400745 2.502023638226091 4.2250353023409826 16.555137013085186 27.161691788583994 21.089795783162117 3.4099954608827856 2.7147616343572727 2.8333138171583414 9.2690404979512078 56.86097648832947 2.6153410808183253 1.9225703896954645 10.372353764250873 23.751272317022085 119.5722378809005 32.676582499407232 17.555052384734154 6.6982018351554862 15.054874821566044 3.9265045197680593 27.826175608672202 4.048797911964356 128.35807864880189 9.8761495212092978 976.11537365010008 6.8929564310237765 333.7186174551025 5.1927648065611711 1.0130886943079529 380.72116283979267 6.9695004895329467 2.5600168155506253
leaf_count=21615 153 221 41 318 1053 139 1154 108 87 108 171 146 483 1815 1491 6099 196 10314 144 1302 362 96 80 40 238 357 4008 96 32563 138 158 153 105 125 122 59 126 418 149 124 145 128 495 2909 140 99 1159 163 10601 2690 176 53 872 146 1547 278 11232 112 136783 201 35861 705 134 49368 103 62
internal_value=-0.000414253 0.00702049 -0.0406563 0.00283623 0.00866596 -0.0266561 0.000262856 -0.00804976 -0.0292391 0.00797031 -0.0473657 0.00144228 -0.0330784 0.00723005 0.00121945 -0.00558103 -0.00281901 0.00694015 0.0516446 0.00211556 0.00842575 0.0129231 0.00182094 -0.0315405 -0.00384262 -0.0116292 -0.000976523 -0.00157443 0.00167961 -0.00405844 0.00244568 -0.0178372 0.0179938 0.00177803 -0.0359149 -0.00176603 0.0244612 0.0307456 0.0217206 -0.0127398 0.00658792 0.042801 -0.0114044 -0.0197204 0.000737213 -0.0479971 -0.0480985 0.0308421 -0.0333987 -0.0341915 0.0328855 0.0385764 -0.0199386 0.00546873 -0.0245381 -0.0365337 -0.0295278 -0.024485 -0.0481692 -0.0243803 -0.0391001 -0.0439276 -0.0133199 -0.0443351 0.0448855 -0.0214485
internal_weight=13253.3 11187.4 2065.9 10230 3130.58 672.195 7099.45 879.994 631.619 3081.79 1393.7 6219.45 547.303 2987.11 6177.55 499.632 721.452 2961.87 957.417 699.752 2262.12 40.5759 5677.92 158.542 699.96 186.151 513.809 391.164 5644.74 84.3163 64.583 27.6495 36.9335 26.454 478.877 27.6127 33.1836 94.674 60.5429 68.426 18.2271 5.54808 12.679 108.468 7.67738 1376.18 1374.25 44.8411 153.859 152.249 41.9022 25.2415 50.1989 7.31785 42.8811 471.199 132.407 19.7333 1373.41 11.118 338.793 397.299 6.20585 391.094 34.1312 5.17536
internal_count=342837 101216 241621 79457 16158 53161 63299 19392 52666 15105 188460 43907 51788 14164 43585 10595 5953 13793 21759 3117 10676 495 32990 13439 5757 1511 4246 6195 32784 878 628 240 388 230 48178 356 206 941 420 3610 892 273 619 4400 324 188289 188190 312 13399 13291 322 371 2718 299 2419 47854 11510 250 188149 260 36344 51366 839 50527 521 202
is_linear=0
shrinkage=0.05


Tree=59
num_leaves=79
num_cat=0
split_feature=13 103 46 15 11 99 50 98 21 15 21 21 94 21 17 114 103 80 21 48 95 98 15 42 99 94 109 21 44 99 108 63 67 82 122 72 34 3 94 46 46 91 86 36 30 46 109 74 49 63 48 74 90 44 32 46 95 95 24 103 112 53 67 84 95 46 80 42 76 17 24 67 115 54 46 48 44 50
split_gain=1443.12 905.454 76.6161 67.7962 43.0059 38.2226 32.0481 18.1641 18.1264 18.8752 17.082 16.798 15.5285 11.7441 9.2983 8.63376 8.84275 8.49928 8.28543 10.5438 7.80486 7.27087 8.50946 6.87524 6.67072 6.60029 6.5357 6.49744 6.49155 6.35913 9.15027 6.53506 6.28326 6.35938 5.99564 5.58896 5.47633 6.11485 5.16885 5.36096 6.34027 4.69188 4.66319 4.24411 4.10957 4.08745 4.00369 3.82077 3.5956 5.05614 3.58648 3.57165 3.50373 3.35318 3.15744 3.1119 2.89637 5.76043 3.67085 2.63799 2.54625 4.16231 2.27753 2.24381 1.78475 1.64902 1.40024 2.6422 1.38763 1.35018 1.47602 1.24982 0.953319 0.893398 0.508611 0.439969 0.338843 0.188225
threshold=4.5000000000000009 0.038043830543756492 0.12556306272745135 7.5000000000000009 3.5000000000000004 1.0000000180025095e-35 0.5357140600681306 10.500000000000002 46.500000000000007 2.5000000000000004 23.500000000000004 17.500000000000004 9.4145755767822283 26.500000000000004 84.500000000000014 3.4360412359237675 1.2627778649330141 1.0000000180025095e-35 29.500000000000004 0.048285657539963729 10.193602561950685 1.5000000000000002 4.5000000000000009 0.056079665198922164 9.5556263923645037 9.4603867530822772 0.85257959365844738 12.500000000000002 0.083835341036319747 11.322840213775637 11.244096279144289 9.6326899528503436 12.67232656478882 6.5000000000000009 1.0000000180025095e-35 0.89587974548339855 42.500000000000007 1.3904437422752383 10.08242988586426 0.29037086665630346 0.26953437924385076 2.5000000000000004 0.16594202816486361 3.5000000000000004 11.500000000000002 0.084219858050346388 0.0026155405212193732 15.500000000000002 0.21960458159446719 10.285016536712648 0.027027026750147346 1.5000000000000002 7.5000000000000009 0.091372914612293257 12.500000000000002 0.21073190867900851 7.3722753524780282 9.2869782447814959 3.5000000000000004 1.658801317214966 3.4864223003387456 0.78966438770294201 10.275498867034914 0.14017543941736224 3.9163137674331669 0.2368825972080231 1.5000000000000002 0.077677227556705489 40.500000000000007 27.500000000000004 18.500000000000004 10.775592327117922 0.0064116788562387237 1.2261106967926028 0.10042016953229906 0.024540800601243976 0.2547623366117478 0.61224475502967846
decision_type=2 2 2 2 2 2 2 2 2 2 2 2 2 2 2 2 2 2 2 2 2 2 2 2 2 2 2 2 2 2 2 2 2 2 2 2 2 2 2 2 2 2 2 2 2 2 2 2 2 2 2 2 2 2 2 2 2 2 2 2 2 2 2 2 2 2 2 2 2 2 2 2 2 2 2 2 2 2
left_child=1 2 45 8 7 21 12 10 9 11 24 15 13 52 20 27 -17 25 29 34 63 56 -23 38 42 -14 54 -3 -24 30 -11 -31 33 -19 -20 -27 37 48 39 40 -12 -39 -2 -6 46 -1 -15 -41 49 -8 -45 -43 -5 -52 -13 -21 -4 58 -58 -22 66 -62 -50 -9 74 -40 67 -25 -38 70 72 -59 -55 -72 -47 -68 -63 -67
right_child=4 3 5 6 43 -7 36 14 -10 18 23 26 17 44 -16 16 -18 32 19 55 59 22 28 60 -26 35 -28 -29 -30 31 -32 -33 -34 -35 -36 -37 68 41 65 47 -42 51 -44 50 -46 64 -48 -49 62 -51 53 -53 -54 69 -56 -57 57 71 -60 -61 61 76 -64 -65 -66 77 75 -69 -70 -71 73 -73 -74 -75 -76 -77 -78 -79
leaf_value=0.052322639141388697 0.0097895963945322795 0.0029135533362338352 -0.021851744941833867 -0.0058579053159781586 -0.0028154596836479045 0.051191440061402783 -0.028703390662029066 0.014815285985663932 0.048609421485902991 -3.0077783852138922e-05 -0.0030866398569622203 0.044707438090780427 0.053146442625029294 -0.041480445591379006 -0.030162730015917783 0.015494695339554257 0.005167258921206952 0.010957756204248909 -0.0070933447302086866 -0.040859114819673484 0.074668743600614026 -0.091236087084474449 0.028166009305031794 -0.016426462760779133 0.027352393230695101 0.00017315565215091737 -0.00018464976951366855 -0.006419980750821651 -0.042034402520344717 0.012553373942501896 -0.019493422403372176 -0.0069575791429323649 0.015811475528123353 -0.023246884897655088 0.018364599982798702 0.022703331975435538 -0.006670839321842684 0.04092705771073224 0 -0.030335651422223022 0.074506288764104853 0.020734555177236332 -0.030412706062922429 0.022885359775816936 0.024973880954031288 0.014894825217826507 -0.020271632915220199 0.031461241372266399 0.015325735397262836 0.029100980976721137 0.019654645920892361 -0.02341168270060694 0.036247493994741954 -0.042892407402989732 0.014778064389717972 -0.002923305103987289 0.046903025796407233 -0.0019173932249235866 0 0.017690936077909475 0.04955504161982844 -0.032028884149273872 -0.037955420618453965 -0.03154919578339091 0.0024390406541594544 -0.041641835763819211 -0.020221758261921033 -0.03642093375642412 0.035315329801604983 -0.049702701885501549 0.024250599384445577 -0.042709254731721547 -0.0039059543775158039 -0.018576686380678185 0.042738530811473635 -0.042997217290090803 0 -0.005109882824686429
leaf_weight=1028.6532634347677 10.391812742687764 3744.4662757664919 19.134697317145765 7.8586227400228408 5.7215113402344278 25.887134288437665 9.1305508660152537 3.4865466323681238 19.501098923385143 3444.3455169200897 5.4950328916311282 36.852890752255917 5.7981913080438963 34.642152333632112 8.853150319773702 250.49354524165392 1231.9926718398929 15.3791226753965 263.22092987410724 27.764670332428068 5.475395808927713 5.4165603369474438 3.8777480488643032 24.178338099271059 12.106185176409779 149.95580837037414 14.770114019513128 194.22136625647545 7.0614758613519371 183.47731563728303 59.98441999964416 54.099151981063187 16.104653917253017 70.235991801135242 23.726939934305847 32.479415361769497 2.4407611922360948 2.3691496346145859 2.8103080168366459 10.03265339694917 3.0158751830458641 3.9652860504575065 16.971217716112733 0.75315464846789737 2.6412150450050822 6.0951374135911527 88.452342406846583 1.7386553799733508 1.0158415236510325 4.3279585149139157 0.84297044016420741 28.683736025355756 9.2061293320730311 134.34756545722485 15.539734702557324 7.6436144243925801 6.1067496910691288 3.8637944506481281 9.0309761557728034 5.3931573154404759 1.1514080921187986 3.128536100499332 160.57625252846628 3.8620810648426414 6.5005798898637286 13.069266703911124 7.8126067947596303 188.13316572783515 2.544271097984165 1061.3711466901004 0.71867296565323968 4.1134620257653296 2.4790768283419302 1.1911889524199066 10.866636734455822 184.6077130031772 0.98304986301809538 1.4884976921603073
leaf_count=24383 102 17753 160 102 80 403 834 50 199 23205 301 262 131 1638 190 1240 5206 680 4065 2468 103 29 51 2084 124 3253 110 960 472 1222 449 415 166 3156 349 485 102 72 57 681 192 175 195 46 158 121 3340 142 87 337 30 1561 182 17890 117 724 36 34 282 124 95 308 16743 165 49 821 586 21524 110 155467 100 194 324 166 219 21858 101 140
internal_value=-0.000632957 0.00583484 0.0481393 0.00112259 -0.0432712 0.00216518 -0.0145107 -0.0309339 0.00218375 0.00208031 -0.0331496 0.00399272 -0.00659703 -0.02 0.00823298 0.00367824 0.00693291 3.84926e-05 -0.000500242 -0.00817317 0.0282747 -0.0200614 -0.0470126 -0.035922 -0.0012981 0.00635388 0.0285959 0.0024485 -0.0159501 0.000161102 -0.000374287 0.00805288 -0.0114738 -0.016905 -0.00486907 0.00439106 -0.0302331 -0.0314963 -0.0142726 0.00261275 0.0304538 -0.0113636 -0.0150831 -0.0484719 -0.0253015 0.0518135 -0.0267482 -0.0179303 -0.0353363 -0.00839212 -0.0486771 -0.0170819 0.0174119 -0.0487588 0.0366743 -0.0333925 -0.00814523 0.00343502 0.0213121 0.0527782 -0.0378265 -0.000970894 -0.0374213 -0.00963903 0.027288 -0.0331613 -0.0382758 -0.0343219 0.0164281 -0.0488397 -0.041705 -0.0274374 -0.0423083 0 0.0352978 -0.0422876 -0.0263663 -0.0393555
internal_weight=13078.1 11356.5 1136.61 10219.9 1721.61 84.4926 647.807 514.185 9572.1 9552.6 487.114 5488.34 432.754 142.8 27.0703 5421.17 1482.49 289.953 4064.26 322.356 18.2172 58.6055 16.3558 447.645 39.4692 188.233 67.1627 3938.69 10.9392 3741.91 3504.33 237.576 101.72 85.6151 286.948 182.435 215.054 210.069 37.6503 20.2822 8.51091 35.0182 27.363 1207.43 125.736 1052.12 123.094 11.7713 175.051 13.4585 1201.7 32.649 17.0648 1200.95 52.3926 35.4083 42.2497 23.115 15.1377 10.8686 409.995 5.26299 161.592 7.34863 23.4624 17.3681 404.732 212.312 4.98503 1200.11 138.737 7.97726 136.827 1.90986 16.9618 192.42 4.11159 14.5578
internal_count=342535 118489 26433 92056 224046 1661 33312 49943 58744 58545 49311 25648 13291 5420 632 25159 6446 7871 32897 7606 442 1258 552 48890 421 3869 489 18713 523 25291 23654 1637 4002 3836 4414 3738 20021 19809 2334 1316 493 1808 297 174103 5136 24772 4978 823 18001 1171 174023 1736 284 173977 379 3192 706 546 318 227 46556 504 16830 215 389 1018 46052 23608 212 173947 18480 228 18214 266 340 22444 409 961
is_linear=0
shrinkage=0.05


Tree=60
num_leaves=98
num_cat=0
split_feature=93 107 23 46 23 3 44 3 99 97 103 109 3 100 17 48 67 101 113 48 48 19 5 99 9 126 105 101 50 115 9 105 5 99 82 86 77 90 109 53 93 3 4 115 52 100 113 115 105 74 69 1 112 92 44 44 69 49 76 113 113 19 108 1 97 54 49 99 2 113 2 48 82 61 67 30 99 17 9 86 82 113 77 86 113 86 63 30 97 2 96 67 2 46 69 1 40
split_gain=1389.3 852.528 76.8575 29.5751 29.2746 30.5175 23.333 20.9624 17.0023 16.4489 23.3355 22.9813 14.9471 11.5511 11.5437 10.6668 9.41644 8.66288 9.92725 8.41659 8.00479 7.76307 7.36409 8.14191 7.1739 7.98987 8.76892 7.48722 8.21028 6.83354 9.01844 6.69093 6.6745 6.52531 6.39979 6.38946 7.26871 6.52622 6.4807 6.32864 6.26813 5.79926 5.52312 5.50435 5.39679 4.84653 4.77839 6.10647 4.70351 4.65583 5.7594 4.6312 4.22364 4.16551 4.07901 3.96949 3.94006 3.89485 3.83346 3.75457 3.75038 5.45454 3.7385 3.60727 5.14729 7.27352 3.54974 3.49095 3.47663 3.40361 4.2023 3.31562 3.24342 3.13222 2.66233 2.61419 2.36734 2.04758 1.9218 1.86819 3.75278 1.98502 1.65911 4.04819 1.58292 5.30729 1.4923 1.4055 1.29436 1.17487 1.08407 1.00797 0.593494 0.391112 0.333618 0.21609 0.000311112
threshold=4.5000000000000009 0.033852115273475654 3.5000000000000004 0.14350064843893054 1.5000000000000002 1.5420657992362978 0.10551619529724122 1.5420657992362978 1.0000000180025095e-35 0.19375000149011615 0.5052073895931245 0.0011277130106464031 1.6874871253967287 1.3539003133773806 15.500000000000002 0.033445188775658614 12.405744552612306 2.239112496376038 3.1258316040039067 0.11039985343813898 0.043177418410778053 46.500000000000007 4.5000000000000009 1.3123778104782107 76.500000000000014 1.0000000180025095e-35 4.6054265499114999 8.9180235862731951 2.8571398258209233 0.0005699077737517656 66.500000000000014 6.778592824935914 2.5000000000000004 2.5189054012298588 1.5000000000000002 0.11215933039784433 6.5000000000000009 21.500000000000004 1.0420569181442263 0.72245565056800853 5.5000000000000009 2.0216141939163212 4.5000000000000009 0.00038183479045983409 0.87555310130119335 1.5516322255134585 -8.9453334808349592 0.00070012867217883479 0.81422516703605663 3.5000000000000004 6.2146482467651376 -1.0000000180025095e-35 -0.37540033459663386 4.5000000000000009 0.42163743078708654 0.34807035326957708 3.69975757598877 0.17142856866121295 75.500000000000014 -8.8486351966857892 -7.2914569377899161 35.500000000000007 6.5444800853729257 2.5000000000000004 0.36181819438934332 1.1731633543968203 0.22677870839834216 2.0008039474487309 1.8515046238899233 -8.7003431320190412 1.100502669811249 0.026402927935123447 3.5000000000000004 8.6890697479248065 11.903452396392824 11.500000000000002 0.12662294507026675 18.500000000000004 82.500000000000014 0.15339367091655734 10.500000000000002 -7.2620413303375235 53.500000000000007 0.26293487846851354 -8.9853329658508283 0.17619825899600985 11.492611408233644 3.5000000000000004 0.28991597890853887 1.0172105431556704 0.24722222238779071 10.209087848663332 0.23470593243837359 0.084219858050346388 8.4990301132202166 21.500000000000004 10.500000000000002
decision_type=2 2 2 2 2 2 2 2 2 2 2 2 2 2 2 2 2 2 2 2 2 2 2 2 2 2 2 2 2 2 2 2 2 2 2 2 2 2 2 2 2 2 2 2 2 2 2 2 2 2 2 2 2 2 2 2 2 2 2 2 2 2 2 2 2 2 2 2 2 2 2 2 2 2 2 2 2 2 2 2 2 2 2 2 2 2 2 2 2 2 2 2 2 2 2 2 2
left_child=1 3 6 93 9 20 39 15 19 10 11 -3 68 22 44 35 31 18 -15 48 67 -19 23 -12 29 27 45 32 -29 43 41 33 -26 -16 -9 36 40 58 -38 53 -8 -31 -24 -7 46 -27 47 -11 -5 50 -41 -48 -28 75 -32 72 69 -33 -37 -57 61 -18 -51 79 65 -65 -55 -6 71 70 -17 -4 -36 -45 86 -2 -61 96 -74 80 -22 -81 88 -84 85 -58 89 -50 -64 -73 -79 -86 -88 -1 -66 -95 -76
right_child=2 4 12 8 5 24 7 34 -10 14 13 -13 -14 17 16 56 60 21 -20 -21 63 -23 42 -25 25 26 52 28 -30 30 54 57 -34 -35 55 37 38 -39 -40 49 -42 -43 -44 73 -46 -47 51 -49 87 62 -52 -53 -54 66 -56 59 84 -59 -60 76 -62 -63 82 64 94 -67 -68 -69 -70 -71 -72 74 78 -75 77 -77 -78 90 -80 81 -82 -83 83 -85 91 -87 92 -89 -90 -91 -92 -93 -94 95 -96 -97 -98
leaf_value=0.052041902296276067 0.013846917400616216 -0.0018990670714271929 0.020028723755437339 0.0012607140489679994 -0.014714462204724887 0.0061720504530293884 0.10719885881528941 0.0257546705592515 0.048806956696020198 -0.019322226751915837 0.014375742322715405 0.0554666357601762 -0.00080165180958719428 0.0052298536449857675 -0.013877864959950015 0.047380507275184419 -0.0038341522345543902 0.0046407795113263357 0.03946539840702562 0.019170943594918444 -0.026530821382133973 0.027573431247238295 -0.016022434606704373 -0.013260112404681499 -0.016875978183039677 0.010869154381112 -0.02112798488432829 0.0012237673310614454 0.029176985281539055 0.041482975466639427 -0.021124799393962505 0.0030480467771779301 -0.001137435473433587 0.00062261873430071899 0.025746839595809375 -0.017111134941364261 -0.026760294022123571 0.033115932142349133 0.049310925261166594 0.055282244689339982 -0.0061575624948863889 0.00060882577013124037 0.0099373658627341099 -0.031177109026220506 0.028360178813373445 0.055707940601784293 -0.0056017026361769393 0.00048463157509110084 -0.069211568784550287 0.012696344747707209 -0.020046494773710802 0.002045525877889586 0.016644951038847354 0.043567684637162707 0.0082622623078335636 0.0031004090406318995 0.04022305307475281 -0.032447868920231486 -0.037178905641022914 -0.0060896855012431052 -0.0073676020536473166 0.045085493722503645 -0.0037922559809592722 0.055726454209419685 -0.041545848325994589 -0.014441840741692944 0.00077161624875830457 0.038578404970688679 0.0083773567675602244 -0.035080660946820968 -0.020265365799050205 -0.042449718439477098 0.0090007146722995042 -0.0019123388831003771 0 -0.027138965219051459 -0.035852031729588833 0 -0.024338981342363144 -0.042277765062946136 0.03016890324930116 -0.014427533256398069 -0.038696221144584278 0.020402610008248757 0 -0.036689250975325501 0.018865755766786126 -0.022311393563696096 -0.042364950855829836 -0.0082042713193448778 -0.049313077436761048 -0.039193523744874871 -0.015953486110736569 0.022628931130205029 -0.0018113099057256985 0.044764123269348505 0.00058565189053514939
leaf_weight=950.81789974868298 6.5627294853329641 27.990294527262449 0.84040463529527087 5.5184525270015063 4.2907965248450619 14.238293491303919 1.4498035069555038 12.06937733106315 14.846256206743417 60.856309532187879 71.939105734229088 43.098937943577766 17.779919873923063 48.503379648551345 159.29318680241704 3.2544668703339994 7.8907865127548638 3715.3169800927863 37.997407883405685 9.9117845324799401 33.11266088206321 36.031483817845583 137.2664180546999 40.143706690520048 101.00189064443111 11.94274654146284 13.108572957105936 141.87750441767275 31.028496714308858 13.683461815118788 43.904480963945389 8.4720125356689078 201.7308026496321 147.24781643226743 9.3867353023961204 60.356514223851264 10.349807675927876 3.4029332147911182 2.1485282247886053 3.7276438297703853 1.5535287559032438 21.553873725235462 22.496691487729549 60.696784302592278 17.146428488194942 14.920643382705746 205.69600736536086 100.81634758412838 5.800334867089985 5.6693214979022732 3.5454977047629654 4208.9195108236745 13.40410446655005 13.424512265250089 14.468289613723753 12.479081752710043 1.9814612842164923 42.435123018920422 48.6098359413445 11.076730175875126 9.1832491559907776 14.738191160373388 3.548634900711483 3.8129948396235731 7.7368675386533123 10.470129950903354 7.9738204358145586 5.0723421303555369 2.0485576251521698 4.0276072025299055 2.9769209055230021 229.78354453295469 6.2644598120823494 11.824929289519785 1.0935028782114375 5.8747543618083 24.843553142622113 0.82742658257484336 8.0026329029351455 68.725895126350224 1.7919007712043811 10.539710850454865 3.8373505286872369 4.7485441938042641 2.1288010999560347 4.7307894732803106 0.89111784100532421 5.8155927904881537 14.900927735492585 4.083314490504562 1012.1117243701592 335.09668834321201 0.98590016737580299 11.440171988680961 1.2824781890958545 10.125063270330427 0.76766059454530466
leaf_count=23798 173 176 43 94 112 112 95 89 236 386 354 628 169 252 5153 288 224 16575 179 90 3223 285 712 190 832 106 109 1173 239 109 365 170 1812 3405 92 4385 655 136 120 121 117 169 119 503 83 126 1544 578 34 156 151 23842 113 139 112 110 229 1678 3502 114 193 248 75 252 600 701 156 141 100 341 246 32323 62 102 140 39 225 50 188 6803 168 1015 133 206 164 562 126 194 653 527 154813 39539 137 170 97 235 105
internal_value=-0.000493349 0.00632451 -0.039834 0.0499722 0.00189831 -0.00693217 -0.0255697 -0.0290087 0.00822598 0.00272551 0.00503803 0.0331695 -0.0469691 0.00453706 0.000782221 -0.0330224 -0.00746408 0.00524414 0.0207986 -0.0150936 -0.0275654 0.00487464 -0.00538281 0.00434521 -0.00259808 0.000327724 0.0184106 -0.00173207 0.00650519 -0.0111662 -0.00161219 -0.00981774 -0.00647853 -0.00691094 -0.00571511 -0.0200886 0.00883568 -0.0242304 -0.00908623 0.000728871 0.0638224 0.0177991 -0.0122465 -0.0211586 0.00148542 0.0377554 0.00137328 -0.0070188 -0.0353991 -0.0123956 0.0202723 0.00168516 -0.00180531 0.0163867 -0.0136494 -0.0115402 -0.0375593 -0.0264316 -0.0265372 -0.0195938 0.0179331 0.0284347 -0.0205233 -0.0306339 -0.0111114 0.00717245 0.0291522 0.0145761 -0.0476142 -0.00504886 0.0161087 -0.0477238 0.00472693 -0.0266759 -0.0478013 -0.00563224 -0.0275535 -0.0491695 -0.0096022 -0.0343363 -0.0222222 -0.0390351 -0.0281411 -0.00684606 -0.0384739 -0.00956717 -0.0415955 -0.0517301 -0.03629 -0.0419504 -0.0492659 -0.0389748 0 0.0517451 -0.0379105 0.0356904 0
internal_weight=12945.2 11034 1911.22 1014.28 10019.7 856.221 640.004 566.19 41.8924 9163.48 4180.78 71.0892 1271.21 4109.7 4982.69 482.068 389.26 3837.85 86.5008 27.0462 146.836 3751.35 271.846 112.083 709.385 529.015 53.3761 475.639 172.906 180.37 93.6101 357.448 302.733 306.541 84.1226 127.871 15.5017 112.369 12.4983 73.8137 3.00333 35.2373 159.763 86.76 4593.43 26.8634 4576.29 161.673 17.1344 39.9779 7.27314 4414.62 26.5127 33.8358 58.3728 72.0532 354.197 50.9071 108.966 48.3994 31.8122 22.629 32.7048 137.473 23.3025 14.2831 21.3983 9.36314 1253.43 10.259 6.23139 1251.38 23.6538 72.5217 1250.54 12.4375 35.9203 1014.8 14.2671 114.17 34.9046 79.2656 27.0355 8.58589 343.938 6.71225 235.744 11.6159 18.4496 233.867 1012.94 337.225 1.87702 972.383 9.01935 21.5652 1.86116
internal_count=342713 100919 241794 24851 76068 19094 53261 51259 648 56974 19470 804 188533 18666 37504 50379 11071 17291 431 412 13112 16860 1375 544 5982 4510 454 4056 1412 1472 755 10406 2644 8558 880 9010 987 8023 775 2002 212 278 831 717 26433 232 26350 964 322 1495 272 25386 222 507 477 791 41369 1848 7887 449 665 472 1223 12859 1650 953 295 253 188364 875 534 188264 342 605 188221 212 339 155108 250 11209 3391 7818 1067 339 40494 791 33113 228 728 32850 154863 39703 263 24203 697 405 245
is_linear=0
shrinkage=0.05


Tree=61
num_leaves=93
num_cat=0
split_feature=93 107 23 0 34 51 21 2 21 99 48 103 51 103 5 65 103 95 2 101 113 114 9 52 67 67 38 63 103 95 19 109 109 84 99 51 99 112 48 92 71 114 67 5 40 113 48 5 101 51 67 112 109 17 2 114 95 71 95 52 69 103 108 111 44 69 109 84 90 44 112 2 51 69 69 38 52 97 34 112 28 113 109 107 99 112 48 48 92 38 100 24
split_gain=1350.71 809.143 71.0744 28.8507 32.2318 28.6238 23.1192 21.0527 19.9605 17.265 16.744 11.4966 15.741 13.5096 13.4287 10.5194 13.2658 10.7703 10.3534 9.60261 12.4493 9.28563 9.54418 8.24462 7.3506 8.98473 7.34518 6.61582 9.05987 6.58715 6.53242 6.3902 9.17254 10.822 7.91522 9.13599 8.87402 7.69154 13.6818 10.6542 8.68248 6.61587 6.16583 6.15457 10.1043 6.39497 5.78131 5.68157 5.57137 5.57288 5.35772 5.24742 5.71938 4.93258 4.71311 4.48337 7.59567 9.48853 4.36862 3.79105 3.74141 3.54009 4.68135 3.25002 6.35276 5.8439 4.63866 3.7374 3.23131 3.19839 3.19418 3.16629 2.98755 2.93732 2.8688 2.8153 2.5979 2.52074 2.49406 2.45274 1.9379 1.82551 1.79423 1.76472 1.5808 1.32448 1.16191 0.948736 0.819993 0.699494 0.538572 0.182976
threshold=4.5000000000000009 0.033852115273475654 3.5000000000000004 2.1383330821990971 18.500000000000004 0.49999982118606573 23.500000000000004 1.5324124097824099 19.500000000000004 1.0000000180025095e-35 0.048815529793500907 1.056711792945862 0.3749998956918717 0.84921982884407055 5.5000000000000009 11.393322944641115 1.4858149290084841 8.5399837493896502 1.5641107559204104 1.0902426838874819 -8.8252682685852033 3.2576659917831425 50.500000000000007 0.8896499276161195 10.07944965362549 8.5631947517395037 43.500000000000007 11.639533042907717 1.4291607141494753 9.8491325378417987 4.5000000000000009 0.90314725041389476 0.83957257866859447 0.33084577322006231 9.1990017890930194 1.4999997019767763 8.7622866630554217 -0.38229778409004206 0.15161964297294619 1.5000000000000002 8.1532249450683612 3.2576659917831425 8.2078895568847674 5.5000000000000009 9.5000000000000018 3.1008874177932744 0.11039985343813898 10.500000000000002 11.352437019348146 0.8995911478996278 10.142803668975832 -14.347468852996824 0.85917574167251598 10.500000000000002 0.7629486918449403 3.2964839935302739 8.9221229553222674 6.7331304550170907 8.7825942039489764 0.4301948100328446 7.8048398494720468 0.95897960662841808 8.8476891517639178 -8.3900456428527814 0.089087303727865233 5.9894731044769296 1.0801565051078799 0.14017543941736224 2.5000000000000004 0.11159003898501398 -0.32008504867553705 0.9074595868587495 0.6612171232700349 7.3741493225097665 7.500408649444581 14.500000000000002 0.64199355244636547 0.34891304373741155 25.500000000000004 3.6005338430404668 3.5000000000000004 -9.0289897918701154 0.12001433596014978 9.5638670921325701 2.3744404315948491 -0.31268432736396784 0.026402927935123447 0.074023339897394194 10.500000000000002 11.500000000000002 2.4626468420028691 28.500000000000004
decision_type=2 2 2 2 2 2 2 2 2 2 2 2 2 2 2 2 2 2 2 2 2 2 2 2 2 2 2 2 2 2 2 2 2 2 2 2 2 2 2 2 2 2 2 2 2 2 2 2 2 2 2 2 2 2 2 2 2 2 2 2 2 2 2 2 2 2 2 2 2 2 2 2 2 2 2 2 2 2 2 2 2 2 2 2 2 2 2 2 2 2 2 2
left_child=1 5 6 4 31 85 55 26 -4 46 23 12 13 14 90 21 17 68 19 76 -21 22 42 27 25 -15 54 29 -29 -6 -24 32 34 41 36 -36 -3 38 40 -40 -33 -34 -13 44 -23 -45 53 50 49 -39 -12 -18 -53 -7 72 56 57 -2 -57 -60 74 62 -20 64 -9 70 84 -67 -17 77 -65 -52 73 -8 -56 81 -14 -10 -55 -74 -72 89 -58 -62 -66 -1 -77 -83 -89 -71 -5 -79
right_child=2 3 8 11 10 9 7 63 69 -11 47 15 18 24 -16 16 51 -19 61 20 -22 43 30 -25 -26 -27 -28 28 -30 -31 -32 37 33 -35 35 -37 -38 48 39 -41 -42 -43 -44 45 -46 -47 -48 -49 -50 -51 71 52 -54 78 60 58 82 -59 59 -61 83 -63 -64 65 66 67 -68 -69 -70 75 80 -73 79 -75 -76 86 -78 91 -80 -81 -82 87 -84 -85 -86 -87 -88 88 -90 -91 -92 -93
leaf_value=0.05181008110094544 -0.00985020402807988 0.0016374460331929803 0.005708178049489223 0.032750446983432067 -0.0084539713926467322 -0.048869170726598549 -0.030760386829092507 0.042173974471918167 0.026807648590498251 0.049965689295035642 0.0376708708970405 0.0029515666484847647 0.00017488201793265776 0.022618547704210346 0.00042883733402106867 0.063021078955178098 -0.018471270999669633 0 -0.0056725360587097633 -0.021657403120315163 0.015866573152980908 0.0048788938771812448 0.019411132419789437 0.034005155919136054 0.029190459548669376 -0.018702335592376728 0.0063845038399188772 -0.030834566597375209 0.04374920342771596 -0.032820415616313096 -5.3703641341330518e-05 -0.030835754402557487 0.017413686448189591 0.042422751821710479 -0.0057800893630019544 0.012143957624595659 0.017059718100987064 -0.0083232868449090447 0.042523858936937338 -0.0052943325683656563 -0.0015971104157250931 -0.020930570620444851 -0.024603841434443233 -0.0092728093077573247 -0.024233565447009841 0.0097514453430244917 0.013426644757851864 0.042390922153779285 -0.025244202621505299 0.010790183492336104 -0.035413299195816934 0.017048827876762446 -0.0051851325484524088 0.03452317977174385 -0.024232188928311069 -0.033983756195175338 0 0.043918262277720742 -0.021414000136953545 0.021420709260539017 -0.042744520216087704 0.0025405661053152315 -0.04382377410261197 0.0077032688996112918 0.001017542310397894 0.036267634040172872 0.034839857404888368 -0.010302057773840252 0.031780512095891306 -0.013835451900476687 -0.050524520898961436 -0.0097687690509761886 -0.039711796969759544 0.0076479033115554804 0.00221669226138573 0.00013003828088002805 -0.022314676484391678 0 -0.019406395241254298 0.016015796194477998 -0.0087580133638036663 0.0012478188942285843 -0.028735487836743307 0.0031859838515863846 -0.040181128655813803 0.01219276878349651 -0.049406130056522564 -0.042344935950416246 -0.0055144443112119983 0.024733619416468688 0.050694005128373867 -0.032264296988731303
leaf_weight=928.42793812975287 12.562007472850384 1860.6488009998575 17.068750772625208 22.923816785216331 303.54982442688197 11.398075126111513 10.409776256885381 9.4845711868256348 1.8644155403599132 14.561616867780684 1.4835282703861583 28.365397647023201 23.331850163638592 19.713911920785904 21.176391825079918 16.916953280568123 18.147617407143116 19.066528921946883 17.700779357925057 22.850838966667652 236.60962489619851 4106.6470894888043 43.151648759841919 9.8341813031584007 25.092928323894739 32.947987623512745 10.637030279263852 4.5638969065621486 11.251051709055899 29.805288640782237 1215.7956932522357 87.056690751574934 28.364196704700589 27.598488619551063 626.90781360305846 78.447785860858858 96.959029549732804 55.903693111613393 13.9473390430212 45.390059411525726 36.870977356098592 16.467159437946975 62.694435238838196 156.32163232751191 28.450028233230114 59.547287985682487 10.007033099420367 1.3506552400067438 16.092847290448844 110.71585186012089 103.08086339337751 80.404058093205094 42.9407525844872 2.3932912964373818 124.36071917740628 15.149456694722174 9.3192452341318148 18.804974528029561 8.1370584759861249 9.5735275326296669 38.7404242339544 16.644957035779953 15.347438145428894 4.1332128848880521 2.6405510650947672 7.021075922995804 2.6311024427413932 7.2026338875293732 33.318920752033591 0.84207181027158984 9.0764564573764819 16.457996640354395 280.28528462909162 7.1245870967395595 10.153780572116373 0.77420362737029691 24.822101030498743 1.1723474138416348 3.1661150818690658 0.98948757071047921 5.6542370291426769 0.73905899515375395 10.280196611769496 1.5708419540897001 5.7895609554834664 3.8457399159669867 969.64038027264178 215.2000653417781 2.6393218450248233 0.70458741439506412 50.821100037544966 3.0871621076948941
leaf_count=24270 108 12587 160 184 10141 80 1068 87 125 245 75 122 111 112 131 76 90 162 119 122 1183 18062 190 59 141 167 188 110 272 1325 6530 574 186 192 4157 547 644 360 87 347 256 105 274 889 344 252 94 109 112 781 10456 581 309 64 10712 161 107 156 82 140 3716 97 112 119 110 80 86 124 247 121 197 1220 33660 701 1016 42 127 120 178 87 151 110 107 123 241 39 155791 31459 411 104 654 247
internal_value=-0.000236941 0.00639029 -0.0399263 0.00215904 -0.00143526 0.0498671 -0.0260378 -0.0298353 -0.0469915 0.00861264 -0.0134523 0.00415953 0.0112144 0.0235613 0.0361122 0.00352269 0.014467 0.0321777 0.00514606 0.0085974 0.012418 0.00311257 -0.000503078 -0.00790571 0.00771978 -0.00285127 -0.0331175 -0.00925504 0.0208416 -0.0107997 0.000627845 0.000432329 0.00126636 0.018645 0.000779699 -0.00375094 0.00241888 -0.00575393 -0.0129536 0.00655237 -0.0223395 0.00289184 -0.0160035 0.00423651 0.00466746 -0.0039479 -0.0148241 -0.0293506 0.00145986 0.00430076 -0.030742 0.00547596 0.00925899 -0.0317737 -0.034043 -0.00145665 0.00763699 0.0226137 -0.0155697 0.00108455 -0.0267931 -0.0156493 -0.0248127 0 0.0149008 -0.00966383 -0.00993237 0.0133165 0.0440163 -0.0477577 -0.027187 -0.03213 -0.0380965 -0.0152561 -0.0221598 -0.0479464 -0.0115404 -0.00754254 0.00479592 -0.0393965 -0.0374 -0.0413945 -0.0157615 -0.0406655 -0.0280651 0.0516772 -0.0493562 -0.0417859 -0.0419851 0.00397938 0.0460132 -0.0273801
internal_weight=12833.8 10998.3 1835.46 10024.5 3582.75 973.8 621.732 537.905 1213.73 41.5261 481.377 6441.75 529.984 172.676 94.9213 5911.77 210.795 69.3024 357.308 307.614 259.46 5700.97 1350.01 359.004 77.7548 52.6619 484.272 349.17 15.8149 333.355 1258.95 3101.37 2735.39 72.4298 2662.96 705.356 1957.61 365.977 183.265 59.3374 123.928 44.8314 91.0598 4350.97 4135.1 215.869 26.9645 122.373 182.712 166.62 121.022 141.492 123.345 16.9575 473.635 83.8265 50.9664 31.367 32.86 17.7106 174.826 49.6932 33.0482 53.6334 20.5458 33.0876 11.0612 14.2237 50.2359 1196.66 18.8639 119.539 298.809 17.5344 134.514 1190.54 48.154 6.12393 5.55941 281.275 14.7307 220.125 19.5994 40.3113 8.43011 932.274 970.415 218.578 217.839 1.54666 73.7449 4.25951
internal_count=343077 101060 242017 76090 44702 24970 53327 52466 188690 661 23767 31388 3260 1389 969 28128 1465 485 1871 1543 1305 26663 7116 11907 420 279 51271 11848 382 11466 6720 20935 18418 483 17935 4704 13231 2517 1264 434 830 291 396 19547 18406 1141 416 11860 1253 1141 11751 980 890 322 51083 861 478 264 383 222 15567 328 231 1195 524 671 437 204 323 188530 467 11676 35516 1769 11728 188038 238 492 242 33747 348 32205 214 3839 351 24309 155833 31980 31870 225 838 367
is_linear=0
shrinkage=0.05


Tree=62
num_leaves=89
num_cat=0
split_feature=93 107 11 95 1 19 2 103 32 2 21 34 19 100 96 109 109 108 109 67 2 24 114 109 115 77 46 115 97 2 115 9 51 77 17 3 109 101 63 100 109 112 23 76 3 67 109 2 38 1 77 105 103 112 100 9 24 94 38 17 61 2 17 19 101 24 94 94 53 2 107 86 114 50 80 101 42 96 92 95 52 97 94 2 71 49 38 13
split_gain=1245.47 773.205 75.9154 31.9886 31.7154 25.4181 24.3041 16.7851 15.3967 27.1884 14.5769 13.0978 11.5488 10.1669 9.24429 8.27464 8.12849 10.7792 7.83997 7.56231 6.93607 6.86301 6.51706 9.34797 7.26801 7.01795 6.34598 9.95837 11.0137 8.05538 6.8973 7.54333 6.28777 5.71169 6.95182 5.40434 8.35674 5.51964 5.15711 8.98184 9.19122 7.92878 4.99426 6.08992 4.96955 4.84659 4.42054 9.70787 4.64724 4.36261 4.28286 4.1888 4.11996 7.33912 5.93491 3.99985 3.91259 3.50667 3.4743 7.11335 3.52492 5.25391 3.24113 3.23706 5.42924 3.16484 4.73896 9.77162 2.64336 2.41526 2.27917 2.06969 1.89033 1.72218 1.60821 1.53389 1.39242 1.22731 1.08391 0.953226 0.844705 0.842767 0.595635 0.342817 0.261457 0.485052 0.21316 0.18603
threshold=4.5000000000000009 0.033852115273475654 3.5000000000000004 3.9163137674331669 18.500000000000004 19.500000000000004 1.0878820419311526 0.31013996899127966 12.500000000000002 0.99794369935989391 50.500000000000007 12.500000000000002 38.500000000000007 0.12000251561403276 0.22401433438062671 1.0000000180025095e-35 1.6612120866775515 6.397862672805787 0.0004638208774849773 11.318952560424806 0.7267451584339143 10.500000000000002 3.4360412359237675 0.31413982808589941 0.69220086932182323 42.500000000000007 0.24292390048503879 0.00065017532324418436 0.49193547666072851 2.1701493263244633 0.00074921306804753851 84.500000000000014 1.4999999403953554 27.500000000000004 71.500000000000014 1.8473722934722903 0.49734263122081762 2.2716101408004765 4.3569653034210214 8.6616106033325213 0.14928863942623141 -6.6092736721038809 2.5000000000000004 22.500000000000004 2.0123323202133183 10.142803668975832 0.0010100575746037068 1.4044657349586489 8.5000000000000018 3.5000000000000004 12.500000000000002 0.92764079570770275 1.7111049294471743 -0.32205867767333979 0.58361119031906139 86.500000000000014 13.500000000000002 6.3715691566467294 43.500000000000007 80.500000000000014 3.7976217269897465 0.94715452194213878 8.5000000000000018 28.500000000000004 11.352437019348146 1.5000000000000002 9.5910887718200701 8.6324858665466326 0.42980295419692999 0.33816286921501165 1.3028345704078677 0.28516484797000891 3.3275407552719121 0.42857129871845251 1.5000000000000002 10.087358474731447 0.11583184450864793 0.2674796879291535 4.5000000000000009 9.6845393180847186 0.7942219376564027 0.27525253593921667 10.540834426879885 0.91741308569908153 5.8689539432525644 0.071796756237745299 9.5000000000000018 4.5000000000000009
decision_type=2 2 2 2 2 2 2 2 2 2 2 2 2 2 2 2 2 2 2 2 2 2 2 2 2 2 2 2 2 2 2 2 2 2 2 2 2 2 2 2 2 2 2 2 2 2 2 2 2 2 2 2 2 2 2 2 2 2 2 2 2 2 2 2 2 2 2 2 2 2 2 2 2 2 2 2 2 2 2 2 2 2 2 2 2 2 2 2
left_child=1 3 5 84 8 44 58 13 16 14 12 22 18 -6 52 51 38 45 -11 -14 49 -12 35 24 -24 -25 27 28 29 -8 33 -32 73 70 -35 36 -9 -37 39 40 -3 -41 43 -16 50 -18 47 -40 -48 -19 -2 -5 54 -54 -10 71 -23 -52 60 -60 61 75 -46 64 -62 -13 67 -67 -44 -65 -28 -34 -53 -4 80 -7 -30 -76 -29 -33 81 -75 -57 -61 -1 -86 -83 -79
right_child=2 4 32 15 7 6 26 11 9 10 21 65 19 -15 42 -17 17 20 -20 -21 -22 56 23 25 -26 -27 30 78 76 -31 31 79 55 34 -36 37 -38 -39 46 41 -42 -43 68 -45 62 -47 48 -49 -50 -51 57 72 53 -55 -56 82 -58 -59 59 83 63 -63 -64 69 -66 66 -68 -69 -70 -71 -72 -73 -74 74 77 -77 -78 87 -80 -81 -82 86 -84 -85 85 -87 -88 -89
leaf_value=0.051679801968447819 -0.009863727722890776 0.0043202186318168773 0 0.017335804171188383 -0.014536547758007111 -0.037371522931266415 0.045570911143947158 0.0069462546592113684 0.021835364638668944 -0.016900394130589119 0.046161577977468247 0.040748914056214065 0.008295982530304365 0.050576160166017986 -0.032120439801374252 0.044962769224977849 -0.042859046557046004 0.0017978519403854039 0.0036558186010096773 -0.028679288309608371 0.025908138997016373 -0.0095157239068250684 0.0176401210572333 0.0018043255580361937 8.2147300130618151e-05 0.014239156832886211 -0.011875702392801666 -0.048511848375991373 -0.039895269247193887 -0.020396510170416646 0.059050013472365215 0.0049855349738494523 -0.0088936653760662496 -0.016398849010552507 0.040660435293028874 -0.0088919897474381334 -0.013412404633380956 0.005182137573749827 -0.0012904652431519224 0.016366324827278785 0.027626043944625835 -0.012170201173549958 0.014292190179276458 -0.012347319410296284 -0.0026973077386048174 -0.009012726198043287 0.0013740940052888646 -0.034176324717515888 0.015091598784341541 -0.030066579496276721 -0.0011366849060090887 -0.0060106703750019306 -0.013051634089905504 0.022230833011676825 -0.033836989174512985 -0.039144734270365154 0.020624690840721618 0.031255192303487285 0.048226083714217029 -0.041579203658750091 -0.02606907456325442 0.044938752222823661 -0.034206920004646348 -0.043850296517514417 0.033953162865236822 0.024421178166913918 0.039395962084312064 -0.021541585545098326 -0.045032277355134279 -0.03430303294597957 -0.040479729185637775 0.041322205438382859 -0.037951755176727199 0 0.0015990611321192187 0.0096166056359702906 0.0039132242428066843 -0.010011984429357308 -0.012276965712621858 -0.033165805621729466 0 -0.028585968717176741 0 -0.0042738786845401269 0.041752819085288009 0.01361148930472349 -0.043228308285249317 -0.049391434166020487
leaf_weight=879.37867756187916 17.961353212594986 95.921732284128666 2.0732957832515231 8.6104924911633152 6.365385875105857 4.9865609267726523 21.35548168793321 87.89169742166996 4.9307963955216136 52.286813453771174 19.616726848296821 23.253354374319315 16.692910525016487 31.155484989285469 67.603365650400519 7.6346884407103053 28.084379076957703 29.052399495616555 333.63903970550746 58.910293694585562 18.437906160019338 14.620700730010865 67.605718068778515 144.76973908394575 408.77159335464239 566.41550203412771 11.787615516688673 5.3624648153781873 6.0272935079410663 4.6378580853343001 4.3644840735942108 1.3911878415383396 2.5902490480802935 35.077715519815683 4.7235273844562462 72.372783564031124 113.32237582653761 1136.2989737540483 1020.4883180689067 33.768656216561794 76.945909924805164 76.436910577118397 1.0585308447480191 102.82526961993426 22.403160896152258 19.329336579889059 4939.6003940869123 21.489983165636659 61.212032749783248 14.936361409723757 12.293855044990776 11.691841786727311 30.168628098908812 25.931860190816224 18.399426116608083 4.9120428590103984 30.49188135098666 20.738983605057001 2.8001113934442383 3.4730365253053606 30.570968033745885 2.3198404768481851 12.387453220784662 148.16331060510129 2.8292053663171819 33.353248633444309 17.83070931956172 15.745098274201153 32.284747456200421 281.39805575087667 36.914414378814399 2.821626637596637 8.4175265543162805 0.82126468978822131 0.71042815037071605 1.2533900244161484 1.5418213536031542 1.7980806129053224 6.3085430413484573 3.0455124625004828 0.80572403920814295 20.193579845130444 0.91804137872531999 1.8789907600730655 6.7066438756883127 6.2159810699522495 109.14831605739892 909.91379748424515
leaf_count=24164 165 462 177 120 53 446 654 370 168 970 180 196 338 550 4697 92 165 228 5185 1336 100 110 298 615 1775 2462 840 87 343 24 169 111 127 2421 132 308 480 4737 6851 143 359 389 116 6935 185 119 27625 107 539 84 104 165 903 724 636 448 213 171 68 196 3215 150 105 19530 298 208 128 103 3941 34051 2503 78 138 120 64 102 146 207 174 220 109 2726 146 89 152 93 17332 153649
internal_value=-0.000324438 0.00598587 -0.0392752 0.0495848 0.00191713 -0.026479 -0.0299893 0.00651374 0.000185815 -0.00630514 0.000408894 0.00603297 -0.00271129 0.0391394 -0.018753 0.00317835 0.00100506 -0.01238 0.000790317 -0.020383 0.00120916 0.0223648 0.00536892 0.00810159 0.00264239 0.0117311 -0.0115973 0.00362006 0.0176244 0.0329663 -0.0187201 0.0203818 -0.0477895 -0.0229946 -0.00815426 0.00305391 -0.00448467 0.00432117 0.00124193 0.00782485 0.0148997 -0.0032343 -0.0243706 -0.0204606 -0.000825782 -0.0299648 0.000930036 -0.00202645 0.00154848 -0.00943654 0.00890466 -0.00927886 -0.00403323 0.00323792 -0.0210597 -0.00823985 0.01065 0.0193846 -0.0353806 -0.00143375 -0.03594 -0.00241312 -0.0151422 -0.0365286 -0.0194575 0.0246492 0.0181388 0.00928233 -0.0423277 -0.0377604 -0.0343174 0.0191268 -0.0215499 -0.0481928 -0.0482833 -0.0266067 -0.0306976 -0.0492881 -0.0333138 -0.0212814 -0.0407287 -0.0410489 -0.0337232 -0.0337442 0.0514559 0.0317332 -0.0413726 -0.0493413
internal_weight=12663.7 10899 1764.7 928.656 9970.32 707.996 622.211 2725.15 7245.17 809.461 526.258 2687.63 461.529 37.5209 283.203 36.3545 6435.7 109.84 385.926 75.6032 62.4267 64.7293 2597.45 1187.56 476.377 711.185 142.538 45.2335 33.5625 25.9933 97.3045 8.80118 1056.71 88.5033 39.8012 1409.89 201.214 1208.67 6325.86 283.073 172.868 110.206 203.772 170.429 85.7848 47.4137 6042.79 1041.98 5000.81 43.9888 50.9942 28.7199 79.4307 56.1005 23.3302 11.242 45.1126 33.0328 479.673 8.15214 471.521 8.55979 34.7906 462.962 33.4002 90.1824 66.9291 49.0983 33.3433 429.561 48.702 5.41188 20.1094 1045.46 1043.39 6.23995 7.56911 912.422 11.671 4.4367 130.969 130.163 5.83008 5.35203 892.301 12.9226 129.342 911.712
internal_count=342712 100830 241882 24924 75906 66699 65969 12283 63623 26452 8332 11680 7829 603 18120 515 37171 696 6155 1674 412 503 11045 5150 2073 3077 7824 1428 1167 678 6396 500 175183 5896 2553 5895 850 5045 36475 1353 821 532 15689 11632 730 284 35122 6958 28164 312 440 423 2431 1627 804 799 323 275 58145 353 57792 698 290 57094 3513 635 439 311 4057 53581 3343 205 303 174384 174207 548 489 153920 261 331 20287 20178 594 285 24409 245 20058 153856
is_linear=0
shrinkage=0.05


Tree=63
num_leaves=97
num_cat=0
split_feature=93 107 11 44 44 19 40 44 54 54 61 52 48 107 24 34 99 48 65 71 86 19 86 97 99 25 19 101 76 105 107 77 112 63 25 32 61 113 63 77 71 9 107 108 96 52 95 107 32 113 32 9 15 44 48 114 105 101 48 109 111 111 69 107 97 94 112 86 2 44 24 100 53 95 38 2 112 82 94 101 97 92 113 113 69 111 94 32 61 93 0 96 44 48 108 49
split_gain=1123.95 750.05 77.4168 34.4672 22.8527 26.7854 17.1113 21.7826 13.3323 12.8732 12.8303 10.3451 10.3303 9.40372 12.6494 15.9699 9.03023 8.8922 8.35493 7.04433 6.72321 6.66994 6.5198 6.47351 6.78597 6.16985 5.88138 5.84316 5.71408 7.11049 7.92993 5.65506 5.64502 5.36838 5.29913 5.26148 5.24762 11.4649 7.30928 5.0714 5.02286 4.91625 4.75145 4.72141 4.52708 4.87539 5.47442 4.45079 6.71999 4.36631 5.13068 4.09776 4.06944 3.89811 3.86699 3.84781 3.71271 9.90262 3.63199 3.59696 3.51609 6.25102 5.64747 5.19132 5.0666 4.91612 3.12187 3.0385 4.26584 3.03545 2.93762 6.23626 2.92269 2.91125 2.82596 2.6392 2.60612 2.63361 2.57197 2.91356 2.5548 2.40002 2.28119 2.21476 2.20764 2.08914 1.99528 1.86993 1.76908 1.45702 1.43114 1.04012 0.982274 0.706167 0.250957 0.121949
threshold=4.5000000000000009 0.033852115273475654 3.5000000000000004 0.083835341036319747 0.10551619529724122 26.500000000000004 6.5000000000000009 0.067117117345333113 0.99999997019767772 1.1883445978164675 6.3453030586242685 0.92695629596710216 0.033445188775658614 1.6268203258514407 2.5000000000000004 13.500000000000002 11.414087772369387 0.24999997764825824 10.918857574462892 6.8221054077148446 0.13069358468055728 34.500000000000007 0.29960630834102636 0.32575757801532751 10.034902572631838 11.500000000000002 6.5000000000000009 2.855032324790955 75.500000000000014 7.6847007274627694 4.5048298835754403 80.500000000000014 -6.5497443675994864 10.376231193542482 9.5000000000000018 7.5000000000000009 10.472730159759523 -7.3965232372283927 9.7728829383850115 87.500000000000014 9.4289722442626971 76.500000000000014 2.1168173551559453 8.5900201797485369 0.35025772452354437 0.73174288868904125 9.3789267539978045 5.426034927368165 7.5000000000000009 -8.8486351966857892 18.500000000000004 70.500000000000014 6.5000000000000009 0.30697411298751837 0.14285712689161303 3.251361727714539 1.793155372142792 2.2560173273086552 0.027027026750147346 0.11119889467954637 -8.3839979171752912 -8.4107141494750959 5.9066574573516855 1.3913549780845644 0.35857143998146063 11.032692909240724 3.4864223003387456 0.19069264084100726 0.77956584095954906 0.091372914612293257 1.5000000000000002 0.076188839972019209 0.71480709314346325 10.347129344940187 14.500000000000002 0.34313900768756872 -0.34633916616439814 6.5000000000000009 10.263552665710451 2.63080906867981 0.45993590354919439 7.5000000000000009 -9.0289897918701154 -7.3965232372283927 3.69975757598877 -14.95387554168701 7.6235516071319589 16.500000000000004 7.5588610172271737 5.5000000000000009 0.89587974548339855 0.78759399056434642 0.15367746353149417 0.051967909559607513 9.6569929122924822 0.24246552586555484
decision_type=2 2 2 2 2 2 2 2 2 2 2 2 2 2 2 2 2 2 2 2 2 2 2 2 2 2 2 2 2 2 2 2 2 2 2 2 2 2 2 2 2 2 2 2 2 2 2 2 2 2 2 2 2 2 2 2 2 2 2 2 2 2 2 2 2 2 2 2 2 2 2 2 2 2 2 2 2 2 2 2 2 2 2 2 2 2 2 2 2 2 2 2 2 2 2 2
left_child=1 3 4 70 60 28 11 9 22 27 23 13 44 14 15 18 26 58 -3 -18 49 36 31 24 -10 -12 -16 76 29 30 51 -9 -29 -27 -5 -13 38 -38 -15 -32 42 -34 -22 -25 56 53 -47 48 -30 -11 -51 -6 -49 -46 -54 -19 57 -7 -4 -23 61 63 73 -2 65 88 75 -65 -69 -60 -1 -72 -58 94 82 91 -8 -78 79 -66 -68 -82 -71 -42 -77 -36 -17 -61 -64 90 -76 -14 -84 -50 -62 -87
right_child=2 6 17 34 5 12 7 8 10 20 25 35 66 21 16 86 19 55 -20 -21 40 59 -24 43 -26 33 -28 32 47 -31 39 -33 41 -35 85 -37 37 -39 -40 -41 83 -43 -44 -45 45 46 -48 52 93 50 -52 -53 54 -55 -56 -57 72 -59 69 87 62 -63 64 67 78 -67 80 68 -70 74 71 -73 -74 -75 89 84 77 -79 -80 -81 81 -83 92 -85 -86 95 -88 -89 -90 -91 -92 -93 -94 -95 -96 -97
leaf_value=0.051595571055523398 0.035446308953428922 0.0052144374723926412 0.024502444068986655 0.016631978605951985 0.037388750212758025 -0.015191238118600065 -0.041345929522824669 0.043420308864573015 0.0064183448275135918 -0.029186187399579445 0.019298781352565537 0.0058230750206753898 -0.044597708588853556 0.0010865867928448812 0.010454873908429994 0.052638022490901437 0 0.023949656282390527 0.022132661286336609 0.037847508518449813 0.022585822790034869 -0.053568040041683231 -0.012876401459596579 -0.0038772901644455408 -0.020390771670269967 -0.031835142040430107 -0.0016768642538459875 0.023320866197620416 0.0073401839011586426 -0.034101768579463849 0.074483644429495108 0.0024256825172528757 0.017947096042242119 -0.012479671612851337 0.0013258235973775392 0.047277788307028973 0.046411706300482761 -0.0095103959967424868 -0.0058583239860052422 0.012202470076472814 0.0067659455865863999 -0.020190471784199422 0.0014660733290042423 -0.02442216140882952 -0.032077913323204831 0.021393444128511296 -0.02422865900357082 -0.021175259333290383 -0.0104865779278474 -0.008954362154899434 0.026094939294938863 -0.008647069359999043 -0.011040602985636611 0.023057322726632246 0.044974702414860054 -0.028232586692666286 0.026747865714553426 0.083971471674727682 0.015835014058039148 -0.02587502504850029 -0.050215226798981855 0.061920380250120435 0.015212440749211232 -0.044693337396284089 -0.023245175462373327 0.043755367223468296 -0.027331732757156432 -0.036712118552979678 0.017121085153872905 0.012441539378821621 -0.0062573224430695672 0.047029952415978855 -0.026187298818832434 0 -0.024842741947386397 -0.0057214222571100159 -0.030871644033792667 0.002762509327442683 -0.032928734924319004 0.044007372168022883 0.055198521890730538 -0.014885804289472488 0.0028912906333780431 -0.0233267314979019 -0.034815254370591624 -0.013527435513745682 0.021335836695794169 0.0073604605148098112 -0.029631606636121501 -0.049531783272856456 0.027074565021245802 0.0012720593259714493 -0.040874303734354279 -0.044005540673308502 -0.016958441368042265 -0.043170485460659248
leaf_weight=835.56647454947233 7.0099710915237727 1874.5912778899074 0.70555748324841161 12.569138601422312 4.3812163230031755 5.0742586050182608 15.845789993181823 16.832186500541866 101.88520465930924 12.246810049749909 6.4288742467761031 14.723072450608013 134.78321123495698 5373.8949402426369 107.5941447019577 17.912127420306209 22.05504837911576 5.5301752276718599 75.069808382540941 26.215534847229719 126.15762833599001 6.7159957922995117 16.413228642661124 50.657780783250928 29.075488778296858 132.48550294199958 1172.5328201293014 15.458950711414216 9.4052363187074643 7.4752290886826804 5.8242150070145717 16.908705956302583 9.7618342153727991 55.460454361978918 4.4240824915468684 17.342810317873955 17.575361440889537 16.362629466690123 405.81582905864343 8.0518873268738371 11.745066318660976 31.877492437139153 35.23187664989382 66.829355374909937 75.619629080407321 10.48981918860227 12.941376215312628 7.8753801221027997 3.790177469141784 28.821453670039773 14.337177359499035 25.562101071234792 4.0130060594528896 2.1100110532715908 5.9817599230445921 5.552374002058059 1.8890573261305679 2.6943990290164948 0.97451546788215537 6.7160350037738663 7.2085012556053716 4.1167043722234657 2.4823265234008458 3.5486929053440717 1.6361409937962874 9.7470061555504781 2.2008654344826928 3.8365014675073317 10.345074971206484 1.1364537752233435 7.7151608252897885 13.389514610171316 9.9857888193801028 6.0387290818616739 1.8547875722870224 8.2165384958498162 8.9474057182669657 11.560181965120135 7.3336463668383658 1.7851068894378839 1.4861513944342735 0.90977384941652406 0.67016902333125372 9.6060883551835996 244.7422906588763 3.576066146604715 13.24648183211684 7.0078593799844384 3.2784730037674308 841.39110958017409 0.63802427891641844 0.73714251490309735 149.90826238272712 20.803371613845229 4.1240510055795312 6.4683883311226964
leaf_count=24099 161 8877 47 73 33 307 163 139 2814 122 48 77 19216 29145 535 128 107 112 359 135 1159 114 151 1939 858 9477 7440 111 76 214 128 134 57 4060 83 201 117 143 2629 150 129 429 467 2818 6183 721 880 81 136 258 161 730 228 190 81 142 79 171 36 95 193 151 78 122 138 97 248 257 233 175 83 283 642 73 292 750 102 166 179 108 151 119 105 93 32516 78 96 108 143 149862 98 98 24225 506 93 171
internal_value=-0.00069497 0.00520842 -0.0385132 0.0493225 -0.0254788 -0.0285922 0.00130218 -0.00558775 -0.0122436 0.00428785 -0.015021 0.00192327 -0.0332524 0.00182008 0.00394909 0.00647923 0.000165732 -0.0473654 0.0058875 0.0210674 0.0104662 0.00061005 0.011809 -0.00736505 0.000227268 -0.0246243 -0.000638351 -0.0112681 -0.00513934 0.00647609 0.0145186 0.0241379 -0.000960654 -0.0263204 -0.00563513 0.0296526 0.000715387 0.0199063 0.000595835 0.0437101 0.0150762 -0.0107046 0.0180927 -0.0158083 -0.0198831 -0.0240987 -0.00334487 -0.0166727 -0.0269559 -0.00455942 0.0029504 -0.000130919 0.00294768 -0.0300468 0.0231082 -0.00164803 0.00152326 0.026146 -0.0478602 -0.0268954 0.000929285 0.0141872 -0.00779723 0.00277781 0.00655167 0.0241715 -0.0372447 -0.0113756 0 -0.0479582 0.0510755 0.027985 -0.0149633 -0.0288169 -0.0480544 -0.0377293 -0.0265136 -0.0125616 -0.0178877 0.0125311 0.00128078 0.0305344 -0.0400068 -0.00697791 -0.0339488 -0.0253505 0.0412279 -0.00919399 -0.00978032 -0.0494158 -0.00387097 -0.044264 -0.0405872 -0.0401229 -0.0422889 -0.036612
internal_weight=12581.6 10883.7 1697.9 883.709 689.535 617.044 9999.95 824.575 492.977 331.598 442.823 9175.37 513.88 9143.31 3309.22 1980.82 1328.4 1008.36 1949.66 48.2706 238.146 5834.09 50.1541 248.448 130.961 194.375 1280.13 93.4517 103.164 51.2946 43.8194 33.7409 57.0983 187.946 27.0377 32.0659 5813.65 33.938 5779.71 13.8761 182.741 41.6393 161.39 117.487 120.804 101.161 23.4312 51.8689 33.9988 55.4054 43.1586 29.9433 17.8701 77.7296 9.99477 11.0825 19.6435 7.76866 997.279 20.4399 72.4909 28.8569 43.634 24.7402 26.2627 15.5078 393.076 17.7303 14.1816 996.573 856.671 21.1047 11.8748 17.3713 995.599 388.479 36.3534 20.5076 10.7549 3.42125 4.59679 2.39593 151.715 21.3512 252.959 14.4685 31.1586 13.7239 5.7608 843.884 2.49281 135.52 150.578 24.5935 11.3326 10.0445
internal_count=342785 101031 241754 24870 66660 64634 76161 25855 22438 3417 22014 50306 62271 50028 17677 9460 8217 175094 9236 242 2389 32351 424 8429 3672 13585 7975 1028 2363 1255 1041 273 597 13537 405 278 32034 260 31774 278 1848 486 1626 4757 9173 7974 1601 1108 718 541 419 763 390 6373 309 254 1199 478 174840 317 2026 924 1102 773 743 318 53098 612 490 174793 24465 366 721 359 174757 52580 431 268 425 246 518 270 24505 222 33266 332 224 203 221 150252 390 19314 24330 642 286 249
is_linear=0
shrinkage=0.05


Tree=64
num_leaves=89
num_cat=0
split_feature=13 107 15 23 115 42 48 25 2 103 34 114 48 3 103 52 103 54 53 72 36 113 109 82 3 52 80 90 54 109 95 94 34 5 105 67 9 76 103 102 48 71 65 42 94 100 103 63 105 76 103 82 28 72 5 100 100 36 44 2 67 108 2 53 74 108 107 108 42 69 44 95 52 107 50 53 54 50 63 69 15 40 112 53 65 111 0 65
split_gain=1060.34 722.502 46.649 43.3645 37.2306 25.4409 14.2601 18.6346 12.6704 12.7889 9.79907 10.5442 11.5596 8.68068 8.26222 8.24187 9.17426 8.97396 7.99143 7.90781 10.6474 9.59395 7.75325 7.48946 7.43156 7.37186 7.08519 9.05677 6.90024 6.80956 6.67184 6.62602 6.25987 6.17985 5.78114 5.60564 5.46201 5.2675 5.14641 5.12787 11.1495 10.0361 5.71873 4.91786 4.87468 4.77955 19.7475 5.96895 4.49012 4.42042 4.39089 4.38533 4.01579 4.66554 3.96404 3.85484 8.53183 3.68591 3.56283 3.55911 3.19127 3.15147 3.92735 2.78592 2.70945 2.46695 2.40855 2.37756 2.01096 3.26609 3.91157 1.96155 1.75068 1.61336 1.60701 1.51035 0.992019 0.9156 0.994866 0.930823 0.688518 0.696142 0.444644 0.707504 0.437374 0.420212 0.386956 0.168609
threshold=4.5000000000000009 0.033852115273475654 7.5000000000000009 4.5000000000000009 0.00060648741782642912 0.067231640219688429 0.033445188775658614 23.500000000000004 1.6183966398239138 0.5052073895931245 25.500000000000004 3.3165156841278081 0.034582419320940978 1.6874871253967287 1.7445746660232546 0.71798598766326915 1.3720819950103762 1.1923076510429385 0.87053000926971447 1.0000000180025095e-35 4.5000000000000009 3.1258316040039067 2.1393493413925175 3.5000000000000004 2.084622979164124 0.73533508181571972 1.0000000180025095e-35 21.500000000000004 0.99999997019767772 0.027201433666050438 7.8343882560729989 9.4145755767822283 36.500000000000007 4.5000000000000009 5.3907818794250497 13.44795608520508 83.500000000000014 10.500000000000002 1.7562851905822756 6.5174717903137216 0.049999998882412917 8.5061740875244158 10.114705562591555 0.2490310072898865 9.6765861511230487 0.14337831735610965 0.31013996899127966 9.5313792228698748 7.5069878101348886 20.500000000000004 1.0031787157058718 9.5000000000000018 3.5000000000000004 1.2424533367156985 8.5000000000000018 2.0878436565399174 1.7849307060241701 7.5000000000000009 0.067117117345333113 0.94270494580268871 13.091351985931398 10.436433315277101 1.110206723213196 1.357518792152405 9.5000000000000018 8.5508351325988787 3.9523725509643559 11.465411663055422 0.15694377571344378 9.4577159881591815 0.28423725068569189 5.7893023490905771 0.60423058271408092 0.99536937475204479 1.2244892716407778 1.9852941036224367 1.2583425641059878 0.7142854928970338 10.155481815338137 3.9664155244827275 21.500000000000004 8.5000000000000018 -0.21282316744327542 1.0436689257621767 10.114705562591555 -15.370213031768797 1.4978661537170412 9.9903535842895526
decision_type=2 2 2 2 2 2 2 2 2 2 2 2 2 2 2 2 2 2 2 2 2 2 2 2 2 2 2 2 2 2 2 2 2 2 2 2 2 2 2 2 2 2 2 2 2 2 2 2 2 2 2 2 2 2 2 2 2 2 2 2 2 2 2 2 2 2 2 2 2 2 2 2 2 2 2 2 2 2 2 2 2 2 2 2 2 2 2 2
left_child=1 4 8 6 36 14 18 34 10 33 22 54 30 76 15 16 57 -18 26 21 38 24 45 -16 -11 29 37 52 -7 -17 -13 71 -27 -10 75 -29 -1 -2 -21 42 41 -41 59 -24 -33 47 -47 -3 -36 -6 -23 -22 -28 -54 58 56 61 -4 -12 -30 68 63 -63 -20 -39 -58 -42 -44 69 74 -71 -25 -38 -14 -9 -8 80 78 -70 -79 81 -5 85 -84 87 -57 -86 -78
right_child=3 2 5 13 49 28 7 60 9 19 11 12 73 -15 23 25 17 -19 55 20 51 50 43 31 -26 32 27 35 39 -31 -32 44 -34 -35 48 -37 72 64 -40 40 66 -43 67 -45 -46 46 -48 -49 -50 -51 -52 -53 53 -55 -56 82 65 -59 -60 -61 -62 62 -64 -65 -66 -67 -68 -69 77 70 -72 -73 -74 -75 -76 -77 84 79 -80 -81 -82 -83 83 -85 86 -87 -88 -89
leaf_value=0.011148265086706348 0.06211863250426234 -0.021677627061229988 0.012728199878285147 0 0.0054786743326055796 0.017596560739122507 -0.034878329400846168 -0.034424894679177302 0.048850800171991809 -0.0028685318391261697 -0.011965190169533641 0.045565542569861055 0.0040564927165313534 0.016719350554284005 0.04165503951634434 0.06669974547595986 0.036536633494989618 -0.0070448297830638844 -0.044607865644054175 -0.013292743938024418 0.02825373174270885 0.025039880972478258 -0.043687807682820462 0 0.014131774869234642 -0.0085657762747950814 0.030765404752721139 0.084061920828368719 -0.01048421790149659 0.0057384581075389492 0.00074004093440578492 0.023901208459622288 0.022248764987777319 0.0013802853670723408 0.029876504421229695 -0.0027815388117245609 0 0.032187585288627356 0.015593147672025666 -0.01343996223176519 0.0076295015652530773 0.02863601986460973 -0.030501192942141309 -0.0036024305157753359 -0.012078193644868323 0.053276307144475211 0.001457747276127337 0.015795797491395293 -0.010960246577571069 0.051375993293906942 0.0069694077327814548 0.0031038649512951069 -0.030767237630085931 0.020010420139686118 0.022825715512788673 -0.0029127435880083015 0.072648894186127175 -0.028661511767999193 -0.033474128188509894 0.04148034688914215 0.016262216990880436 -0.025792639586665736 0.052039543472724076 0.0022902154231108853 -0.01883020523492239 0 -0.033164276886383341 0.0079728630543951899 0.006482489943166002 -0.016837389642655552 0.055927786737104794 -0.041265297677974988 -0.041188286237700149 -0.04223721995340475 -0.00403286820031158 -0.0046408545201404834 -0.014604694182786161 0.00098106924168049571 -0.026649815526791167 -0.041837487731573815 0 -0.040241341149621163 -0.025382141108548389 0.0081983487304295392 -0.049363747903107894 -0.046694321140329648 -0.0069454159517363849 0.0030931902744626969
leaf_weight=20.060579731594775 5.4821018967777473 43.146879388019443 5.1121954005211583 0.91283950163051386 6.1536469059064975 9.6366955637931806 9.8623613915406185 116.55233296472579 24.120032597333193 510.65482204034925 39.286412817426026 14.802526894956825 1.5364560969173897 4.230619888752698 4.6709587555378667 10.936865445226433 17.594533115625381 29.279028759337962 12.193099125754093 37.10735821723938 97.793492637574673 34.733665827661753 13.809243130497636 3.0634809918701675 71.949239805340767 28.774933764711022 2.27491321414709 2.2983117876574388 17.893401802983139 8.3472603121772391 17.964016575366259 9.3952445737086219 34.354600900784135 10.084550581872461 14.473107357509436 3.0441000540740788 3.3641839213669282 2.830203715711832 24.073821529746056 38.748779220506549 2.9451004941947749 20.343155342619866 194.90065155737102 17.093299878295511 65.063118757214397 16.941858624108136 7892.7510898876935 12.434220136608927 10.117286440916358 812.75658417446539 673.53068897873163 22.594436412677169 29.8386200806126 3.9792954339645794 3.3712861873209468 1.2844811049290061 1.7856609066948288 33.23908566404134 46.917216695845127 2.4551336518488815 1.7233445127494622 1.9450632990337902 1.5401704492978749 3.4214060176163903 4.968353264965117 1.9151535127311943 47.04280452337116 3.114149769768118 2.2907053069211534 5.5077635003253809 0.99659686628729094 22.374383396003395 7.8645439017564058 8.7958864672109467 5.7387159341014913 8.6729050418362004 0.88708715606480726 0.74943147925659914 4.217294352594763 226.35193760553375 0.92157616233453055 71.457430851645768 1.8467470896430307 1.3164233658462761 808.7488215463236 18.485685327555984 1.6193569232709695 0.66221512202173471
leaf_count=188 148 327 91 122 114 114 150 15329 446 2502 439 294 150 40 76 214 445 805 977 158 505 235 109 22 319 567 133 118 1161 183 610 225 273 71 133 133 61 159 100 2375 210 1179 17152 140 1288 209 45906 120 122 24460 3018 170 1841 82 159 79 108 1090 2735 134 186 174 79 265 131 146 5178 201 303 626 101 732 429 891 753 87 133 92 624 35139 166 12267 127 103 151214 1488 218 111
internal_value=-0.000408628 0.00476171 0.0010819 -0.0414355 0.0490111 -0.0123161 -0.0295635 -0.0337392 0.00193192 0.00614267 0.00114927 -0.0122443 0.00772857 -0.0481398 -0.000891841 0.00593442 -0.00485093 0.00973294 -0.0122883 0.00541167 0.0151625 0.00401641 0.001375 -0.0118589 -0.000721043 0.0170942 0.000525256 -0.00959047 -0.0214672 0.0431119 0.0223903 -0.015039 0.00817571 0.0357811 -0.00232196 0.0433552 -0.00403791 0.0305329 -0.00166591 -0.0227223 -0.0133968 0.00123051 -0.027212 -0.023017 -0.00702428 0.0014752 0.00158008 -0.0129244 0.0130275 0.0510539 0.00792073 0.0237119 -0.0191106 -0.0239131 -0.0219331 -0.0273599 -0.0110751 -0.0226219 -0.024158 -0.00133942 -0.037408 -0.0252526 0.0119055 -0.0344473 0.000815006 0.0463518 -0.0304144 -0.0297906 -0.0377567 -0.0313249 0.00145379 -0.0364298 -0.0300708 -0.0348665 -0.0331456 -0.0226356 -0.0484888 -0.0410377 -0.0147092 -0.0416469 -0.0391582 -0.0396963 -0.0414674 -0.0111207 -0.049245 -0.044726 -0.0493043 -0.00596023
internal_weight=12492.1 11095 10244.8 1397.14 850.2 609.286 507.704 407.254 9635.49 1506.64 8128.85 132.674 43.0989 889.44 272.206 167.639 85.2248 46.8736 100.45 1472.44 181.569 1290.87 7996.18 104.567 582.604 82.4137 54.7159 41.4352 337.08 19.2841 32.7665 99.8962 63.1295 34.2046 43.1257 5.34241 31.2893 13.2807 61.1812 327.443 109.08 59.0919 218.363 30.9025 74.4584 7965.27 7909.69 55.5811 24.5904 818.91 708.264 120.388 36.0928 33.8179 89.5749 45.7339 22.8006 38.3513 86.2036 20.3485 364.128 19.0997 3.48523 15.6145 7.79856 3.70081 49.9879 198.015 362.405 128.795 6.50436 25.4379 11.2287 10.3323 122.291 18.5353 885.209 233.609 6.508 227.101 73.2918 72.3703 22.9333 3.16317 811.917 19.7702 810.368 1.5493
internal_count=342787 118580 93328 224207 25252 33715 59936 53645 59613 7524 52089 5278 1945 164271 6011 3668 2431 1250 6291 7007 933 6074 46811 2343 2821 1237 2745 2307 27704 397 904 2267 840 517 492 251 678 438 258 27590 8942 3554 18648 249 1513 46562 46115 447 255 24574 3253 675 2056 1923 3333 3546 1749 1181 3174 1295 53153 1495 253 1242 290 254 5388 17353 52967 16809 727 754 490 1041 16082 237 164231 36158 927 35231 12555 12389 1797 230 151676 1567 151432 244
is_linear=0
shrinkage=0.05


Tree=65
num_leaves=86
num_cat=0
split_feature=13 107 13 30 44 0 21 36 3 21 2 103 109 94 36 44 23 65 96 99 50 94 108 51 98 96 34 108 42 2 2 3 63 80 97 46 91 114 103 48 112 21 65 96 17 94 11 61 46 42 32 9 111 44 94 103 99 95 112 99 124 108 50 32 51 86 86 51 69 95 72 113 13 48 91 99 101 105 94 96 86 61 80 114 17
split_gain=995.111 683.131 46.6647 43.1852 31.2594 21.1607 15.9357 15.7233 16.8713 15.7113 14.674 13.2263 26.5387 11.6555 10.2262 10.1909 8.82497 7.78856 7.36031 6.92548 6.91808 6.81667 6.61138 6.38194 6.22767 6.1032 6.06411 5.95975 5.85513 4.73396 6.81952 4.54013 4.52933 6.70031 4.40521 4.20798 4.51415 4.91994 4.72503 3.92155 3.78369 3.75896 3.75669 3.71616 4.60459 5.06581 3.64018 5.10796 3.59924 4.17704 3.5587 3.26616 3.18181 3.10615 2.76285 2.56096 4.49419 2.63016 2.43472 2.34839 2.30293 3.44553 2.27411 2.48835 2.14595 1.99965 6.03211 1.93073 1.86979 1.77384 1.81976 1.72939 2.53858 1.52912 1.46897 4.01367 1.34686 1.1811 1.03046 1.07837 0.880806 0.719454 0.67977 0.336048 0.333792
threshold=4.5000000000000009 0.033852115273475654 6.5000000000000009 7.5000000000000009 0.083835341036319747 1.4978661537170412 51.500000000000007 38.500000000000007 1.6874871253967287 35.500000000000007 1.2794787883758547 0.84921982884407055 0.0023963528219610457 9.2116336822509783 6.5000000000000009 0.12552521377801898 2.5000000000000004 12.229402065277101 0.23166368901729587 2.1441752910614018 0.7142854928970338 7.8001527786254892 7.7545266151428232 1.3421052098274233 1.5000000000000002 0.38430769741535192 26.500000000000004 8.5900201797485369 0.067231640219688429 0.88697263598442089 0.97251629829406749 1.7251294255256655 10.303572654724123 1.0000000180025095e-35 0.46547618508338934 0.21960458159446719 3.5000000000000004 3.3616842031478886 0.94471400976181041 0.051209205761551864 -0.33807083964347834 113.50000000000001 12.265313148498537 0.24722222238779071 76.500000000000014 11.424551010131838 2.5000000000000004 10.142611503601076 0.27259959280490881 0.072299651801586165 23.500000000000004 75.500000000000014 -8.4223585128784162 0.1658161282539368 10.195389270782472 1.628611207008362 1.8539512157440188 9.5983061790466326 3.4588738679885869 12.437131404876711 1.0000000180025095e-35 10.238060951232912 0.94459587335586559 10.500000000000002 0.89189186692237865 0.22460445016622546 0.20941306650638583 0.63636359572410595 8.9957809448242205 7.1176109313964853 0.89587974548339855 -9.0289897918701154 8.5000000000000018 0.026402927935123447 1.5000000000000002 1.0000000180025095e-35 2.855032324790955 2.6062830686569218 9.4145755767822283 0.30094340443611151 0.58578431606292736 7.5227437019348153 1.0000000180025095e-35 3.2406157255172734 96.500000000000014
decision_type=2 2 2 2 2 2 2 2 2 2 2 2 2 2 2 2 2 2 2 2 2 2 2 2 2 2 2 2 2 2 2 2 2 2 2 2 2 2 2 2 2 2 2 2 2 2 2 2 2 2 2 2 2 2 2 2 2 2 2 2 2 2 2 2 2 2 2 2 2 2 2 2 2 2 2 2 2 2 2 2 2 2 2 2 2
left_child=1 4 7 6 54 18 9 8 20 10 14 12 -12 23 17 43 -16 -3 19 42 24 -6 32 60 29 -13 40 81 -28 39 -31 46 33 -15 59 36 38 -38 -11 -2 -24 -34 77 -4 45 -45 47 65 49 -21 -49 -20 -50 -36 74 56 -37 -57 69 -26 61 -7 63 -53 -60 66 -17 -64 84 -22 -71 72 -48 -73 -1 -76 -62 -5 -23 -80 -75 -10 -67 -8 -46
right_child=2 3 15 5 21 13 83 -9 27 35 11 25 -14 22 16 31 -18 -19 51 48 58 78 26 -25 34 -27 28 -29 -30 30 -32 -33 41 -35 53 55 37 -39 -40 -41 -42 -43 -44 44 68 -47 71 50 52 -51 -52 62 -54 -55 -56 57 -58 -59 64 -61 76 -63 67 -65 -66 82 -68 -69 -70 70 -72 73 -74 80 75 -77 -78 -79 79 -81 -82 -83 -84 -85 -86
leaf_value=0.051491342362930931 -0.033350130872515801 0.0013717991167823329 0.037173734552335705 -0.044043796621410641 0.015753400906795504 -0.041502737360132276 0.025698786476044219 0.023376345638416854 -0.0045062112952694014 0.013963469571678081 -0.0077346098831426935 0.0047904985190895394 0.041052501929393803 0.027530658091411954 -0.004554812810530713 -0.0330686640797953 -0.035977171273736529 0.028437706422950067 0.015024671328355678 -0.0011114090001098085 0.007583588477716033 -0.044138542275548559 0.0081063238220136207 0.029251687351657299 -0.039275054602097861 -0.016232707733427772 0.019936948474129815 0.020723511199560559 -0.0072756351002507607 0.061198978879906121 -0.0034200602109131215 0.023506158444832961 -0.039419431465176097 -0.037142008819594605 0.060052192697253343 -0.036279794216617797 -0.0083926257777615209 0.018315702482141157 -0.030786184576856918 0.0040249936838812018 -0.031779716828120912 0.0084561286791047484 0.0030837500083388657 -0.026007652119334358 -0.044825750695399687 0.05943415179767908 0.029868896699138853 0.057042809246005216 -0.03654865611499835 0.052018166816907511 -0.02149002295909486 0.023299951634132066 0.015102738080539385 -0.018987988266849453 0.006801846319235319 -0.048983933365821637 0.013667997674321947 0.00064774350038844693 0.043291914571920234 0.015897174753634176 0.025059800839174903 -0.0037323535276593761 0 -0.026931338725448447 -0.020955605172986586 0 0.025565904612137348 -0.042438382208871528 0.0023033361381874372 -0.038944267645264784 -0.014845716520704978 -0.0011858415828891417 -0.031268739598641411 -0.048337278976849599 -0.00081466275449207587 0.045868722006788071 -0.017333134318734334 0 -0.028226510318937914 0.0099724189253828852 0 -0.024273204273665805 -0.046561970356181599 0.050205608402937585 -0.002905162049023283
leaf_weight=761.76116272620857 18.09838792541996 6238.8215610994957 2.2524237195029881 12.822304674889894 17.965390016324822 30.473182335495949 11.133399504236879 14.879145230166612 11.283749762922527 5.9029803844168773 44.974162785336375 2734.5463713202626 68.873699687421322 10.173285199794917 440.8073720545508 23.504790213424716 22.236788037233055 25.239061700180173 2.7632082435302427 5.9886852912604827 1.3567905598320056 6.0204307576641423 9.1193765103817004 3.6700664600357404 39.056076784618199 33.324708923697472 81.870918965898454 20.754435690119863 24.419255521614105 3.5573253650218275 19.332485137972981 1.2585784345865239 16.820739988703284 4.5610669907182446 0.90219655726104919 7.2245013276115042 91.303465710487217 19.569861738011241 32.070350140798837 9.7866641883738321 12.09573185816407 4.2685047462582579 6.87697078147903 1.8761809393763567 8.2917276937514526 2.1890324889682233 1.1874385224655259 1.4352196161635213 4.1708193626254797 6.6819304474629462 1.4500462771393356 1.2253400459885586 4.701021933462469 1.2233157809823749 4.5637048166245213 14.695168493781241 7.7380758966319263 2.6780716474167994 0.80041482532396857 0.99289162363856931 1.9875336908735324 8.5732657900080067 3.0500703137367955 103.94089434947819 1.4053352572955189 1.1439581685699511 3.9620382501743725 53.645837140269578 2.4262838996946803 185.28513809805736 12.183413754682986 2.2395532010123125 2.9927269010804594 898.11120589263737 6.3133883355185416 11.871302828192709 2.4604356046766043 1.881826965138315 1.7260991008952258 2.5820428957231343 1.040921555366366 10.505970742553471 32.90107057755813 13.004432464949785 1.279406317975371
leaf_count=24148 2059 35135 32 715 168 1538 117 100 96 205 281 12502 812 308 9469 2786 2074 151 51 39 196 259 292 34 3940 487 1642 179 1314 344 1494 10 613 224 99 454 2362 406 1316 1280 454 22 78 172 638 94 202 140 232 214 141 8 247 147 99 711 190 195 99 92 109 419 315 10443 189 132 463 6883 154 28568 1941 133 540 173126 78 300 110 105 70 182 179 106 3945 133 122
internal_value=-3.62372e-05 0.00490285 -0.0406863 0.00139404 0.0489792 -0.0143089 0.00206634 -0.0248015 -0.0270555 0.00196186 0.00223859 0.00522377 0.0218431 -0.00303854 0.000957443 -0.0462711 -0.00619663 0.00148923 -0.0255768 -0.00660649 -0.0312967 -0.00220341 0.00327878 -0.0245474 -0.0192758 0.00452512 0.0086632 0.00209245 0.0135781 -0.00688525 0.00935861 -0.0469707 -0.0151958 0.00531299 -0.0332154 -0.012557 -0.00873373 -0.00340789 -0.0233102 -0.0203566 -0.0147912 -0.0293686 -0.0259296 -0.00792393 -0.0174521 0.0218227 -0.0471085 -0.0332751 0.0127451 0.0287416 0.0214438 -0.0303813 -0.00998939 0.0227683 0.0508385 -0.0286931 -0.0109495 -0.04136 -0.0366214 -0.037142 -0.0301331 -0.0339012 -0.0313485 -0.0259329 0.00774642 -0.0364498 -0.0233796 -0.040295 -0.0324471 -0.0372179 -0.0376308 -0.0480246 -0.00883972 -0.0481802 0.0510698 0.0303261 0.00147111 -0.0391453 -0.0323196 -0.00694778 -0.048284 -0.0154158 -0.0452817 0.041457 -0.0412782
internal_weight=12386.1 11045.2 1340.95 10232.4 812.804 418.242 9814.14 351.404 336.525 9790.01 9608.82 2881.72 113.848 210.493 6727.1 989.543 463.044 6264.06 207.749 43.1236 293.98 28.294 163.329 47.1645 92.9493 2767.87 127.505 42.5442 106.29 50.7749 22.8898 971.228 35.8236 14.7344 42.1745 181.182 148.847 110.873 37.9733 27.8851 21.2151 21.0892 21.5811 18.3151 16.0626 4.06521 969.969 64.3971 21.5425 12.6706 2.88527 164.625 8.87184 2.12551 784.51 32.3358 14.9626 17.3732 201.031 40.049 43.4944 39.0464 161.862 105.166 2.20575 61.5119 27.4668 56.6959 11.9974 198.825 197.469 905.572 4.18017 901.392 779.946 18.1847 4.44797 14.7041 10.3286 4.30814 899.152 21.7897 34.045 24.1378 9.57113
internal_count=342651 118713 223938 93409 25304 26409 67000 40929 40829 66750 60911 14082 1093 7079 46829 183009 11543 35286 19330 1630 40448 679 4869 2210 9455 12989 3702 381 2956 5177 1838 181797 1167 532 4278 5839 4289 2768 1521 3339 746 635 898 1212 1180 266 181787 7607 732 253 281 17700 479 246 24625 1550 644 906 30993 4032 2176 1957 17649 10451 288 7326 3249 7198 914 30705 30509 174180 742 173438 24526 378 219 820 511 252 173305 202 4077 250 760
is_linear=0
shrinkage=0.05


Tree=66
num_leaves=90
num_cat=0
split_feature=93 103 11 49 109 44 3 48 17 2 3 2 108 3 71 3 49 77 50 125 3 52 17 54 2 65 54 2 71 94 77 74 95 3 48 94 111 61 77 65 2 118 52 52 77 84 112 115 48 52 82 109 115 71 111 109 115 50 112 119 91 94 71 30 69 109 32 17 96 94 93 103 54 97 2 2 111 112 115 28 97 71 69 101 53 44 28 111 95
split_gain=963.355 605.617 80.718 76.3326 27.1601 20.7095 25.445 18.4357 23.7417 11.723 10.5141 10.2442 10.0537 10.2517 9.87426 9.0861 9.02328 7.9858 7.74437 7.68492 7.5732 8.74292 7.93332 10.8152 7.55118 9.34926 7.47963 6.88821 6.86337 6.59534 6.64405 6.21007 6.76241 6.14518 5.88519 5.61667 5.51655 5.49071 6.41655 5.34085 5.32375 5.24224 6.12059 5.03025 5.00099 4.80307 4.47326 4.22675 4.14825 4.86765 4.09236 5.32668 4.45017 4.01342 4.00996 3.98963 4.59242 3.95181 3.88131 3.71158 3.69216 3.04602 8.03884 2.77566 2.69766 3.75211 6.67484 4.39469 2.53457 2.52138 2.3338 2.29803 2.29779 2.23935 2.12663 2.02113 2.097 1.99184 1.51002 2.33974 1.13435 1.12653 0.928011 0.90653 0.895472 0.729343 0.530359 0.22958 0.130354
threshold=4.5000000000000009 0.038043830543756492 3.5000000000000004 0.17142856866121295 1.0000000180025095e-35 0.10050505027174951 1.5420657992362978 0.020067113451659683 16.500000000000004 0.65325453877449047 1.6874871253967287 0.93851661682128917 7.4756255149841317 1.136859178543091 8.0110793113708514 0.95999291539192211 0.14285712689161303 45.500000000000007 1.4029421210289004 1.0000000180025095e-35 2.2445856332778935 0.35857143998146063 8.5000000000000018 1.2803508639335635 1.8293986320495608 5.7480859756469735 1.161726236343384 0.81608760356903087 8.8867659568786639 9.3053450584411639 80.500000000000014 3.5000000000000004 9.9573130607604998 1.874359726905823 0.069444444030523314 10.448056697845461 -6.591730833053588 10.472730159759523 67.500000000000014 10.702049732208254 0.27109500765800482 1.0000000180025095e-35 0.62481671571731578 0.64697575569152843 7.5000000000000009 0.65833333134651195 3.5276918411254887 0.00074921306804753851 0.043177418410778053 0.64395111799240123 1.5000000000000002 0.71875166893005382 0.00060880862292833637 9.4134745597839373 -15.08002185821533 0.14928863942623141 0.00057402512175031017 0.63570639491081249 -0.29577246308326716 1.0000000180025095e-35 5.5000000000000009 7.4921500682830819 7.0827219486236581 15.500000000000002 8.7297210693359393 1.0540199279785158 20.500000000000004 17.500000000000004 0.34654632210731512 9.6765861511230487 10.500000000000002 1.9413268566131594 1.6845710277557375 0.78174602985382091 0.33816286921501165 0.67058950662612926 -8.332429885864256 3.2763584852218632 0.0064116788562387237 6.5000000000000009 0.25657895207405096 8.2743120193481463 6.1798198223114023 1.9058316946029665 0.42980295419692999 0.45993590354919439 8.5000000000000018 -8.3109579086303693 10.260509967803957
decision_type=2 2 2 2 2 2 2 2 2 2 2 2 2 2 2 2 2 2 2 2 2 2 2 2 2 2 2 2 2 2 2 2 2 2 2 2 2 2 2 2 2 2 2 2 2 2 2 2 2 2 2 2 2 2 2 2 2 2 2 2 2 2 2 2 2 2 2 2 2 2 2 2 2 2 2 2 2 2 2 2 2 2 2 2 2 2 2 2 2
left_child=1 3 5 9 18 31 27 15 36 -1 70 34 54 60 -15 16 84 20 61 24 22 -22 33 -24 28 -26 -23 64 -19 30 -21 71 57 -17 35 39 37 41 -39 -10 -20 45 -43 -37 -34 -9 48 81 49 -29 -8 55 -53 77 -13 56 -52 63 -11 -50 -14 -5 -63 69 73 67 -67 -66 -59 -33 72 -2 78 74 -7 -36 -77 -46 80 -80 -4 -18 -57 -56 -3 -72 -82 -64 -87
right_child=2 7 10 4 -6 6 50 8 11 58 -12 12 13 14 -16 17 47 19 40 29 21 26 23 -25 25 -27 -28 46 -30 -31 -32 32 44 -35 75 43 -38 38 -40 -41 -42 42 -44 -45 53 -47 -48 -49 59 -51 51 52 -54 -55 83 82 -58 68 -60 -61 -62 62 87 -65 65 66 -68 -69 -70 -71 85 -73 -74 -75 -76 76 -78 -79 79 -81 86 -83 -84 -85 -86 88 -88 -89 -90
leaf_value=-0.026593250308906136 0.054844165588856603 0.042856075965389359 0.0052042452043229897 -0.058952442395746402 0.047709770562065081 -0.043934957746861458 0.02035436025558629 0.00036824415711355003 -0.0095507100392985336 0.051290767658366432 0.00027983117476208509 0.018268612532564846 0.0037880197248954654 -0.003194966785217484 0.034980427245576248 -0.012253965385740006 0.024367248480711284 0.002252703293928909 -0.021893061014483507 -0.0072858986499845972 -0.019100711285679039 0.0041601034649842708 0.0077904062181894237 -0.012845117001579696 -0.006296910986250407 0.011668391265113806 0.020846878702198833 -0.035382421928297179 0.010958110235222559 -0.011350186094968184 0.019283869139926815 -0.0049805817171858086 -0.022573476884692575 -0.0020801134453923842 -0.047177545910586066 -0.037084071563059755 -0.027112384314254806 -0.0026896964275314383 0.040316496178744436 -0.029550203944321032 0.02840240073102291 -0.00041034024648610489 0.025787019729929063 0.012915439575645078 0.053314029530731256 -0.0056391152312174533 0.039640402414948477 -0.013496050070174804 -0.035949177803174234 -0.0091352874435029745 -0.016183560584549159 0.03739514219083051 -0.0082398627737219968 -0.0048608152120601785 -0.010263383665809374 -0.042400014818862325 0.019940964652500351 0.05194207803063762 0 0.0053978182788206805 -0.039299153923575143 0.025944575930754322 -0.049173475333808538 0.0039631285599096766 0.027942653176412254 -0.033190921894336374 0.047438651336407407 -0.033623941324716723 -0.012056071479398148 -0.047876947730267468 -0.049488097204650187 0.005267496416159023 0.012190831606148792 0.014496415352486042 -0.033008583214015681 -0.025489800881199232 0.027694921278307513 0.013281047865441721 -0.028695458242996592 0.031914026595283314 -0.042480172358008751 0.0050782351908606575 -0.015373644263682255 -0.046393138571514621 0.021273798824497227 0.0056631853739977506 0 -0.016425026227306985 -0.010967985875248276
leaf_weight=3.868451668880879 5.2739272974431497 25.058427974581718 0.5798909361474206 12.403794068843128 15.853072686120866 121.01109020924196 14.771856650710104 2395.8370009656064 62.248674205504358 755.20737024210393 11.056920533999799 2.3017975818365839 6.6832375712692764 33.594616903457791 31.36149115441367 177.23241381347179 15.756462059915064 3380.3239746615291 10.143214867450299 25.612570088356733 34.717116355895996 595.37388887256384 362.60625987220556 75.209101711399853 83.207418486475945 489.21155949681997 74.974356561899185 23.535021728370339 242.20227357372642 23.293460676446557 181.55735379457474 5.6310994718223908 6.7186659397557404 907.1860251352191 25.094997333362702 4.7641689209267524 17.1692935526371 15.402610169257967 16.770399704575539 81.675380196422338 8.0840592347085458 46.055222966708243 40.342450820840895 23.586044146679342 7.5056063607335117 384.51819416042417 1.4251080555841316 18.959943097084761 66.732238285709172 72.134277858771384 24.87496795784682 9.180602768436076 9.2506538643501681 8.0750807714648527 3.9757600575685528 10.561565827578308 11.603121149353681 1.4177042390219861 3.7483107093721619 5.0522572840563944 12.623842813074587 4.8079082067124572 8.6003115056082606 4.2764659519307306 1.8889921470545221 3.4688633014447978 3.7690300601534545 30.469892845489085 1.9648235444910822 13.595492700580506 702.94902391592041 4.8577718683518469 1.1360186701640476 1.0497679393738497 156.13905325857922 3.9367830883711576 1.2593099479563523 8.0790690309368056 2.4563311128877099 1.120963276363909 156.34441273193806 18.204226186499 10.057409379631279 13.806348196696488 15.351265728473662 0.56320897536352166 1.180648649111389 3.9176820414140794 0.67298670765012503
leaf_count=34 109 259 97 95 303 18637 108 18320 3938 24767 109 100 257 1272 1263 783 95 15877 117 117 160 2642 2995 746 379 2393 329 1805 1311 133 836 239 138 4064 3410 355 180 124 117 5576 116 327 322 1456 161 3026 117 105 8969 5230 317 104 105 96 161 97 133 100 34 669 534 81 273 50 234 455 523 4402 182 390 144784 169 144 132 22747 490 152 75 442 209 28952 105 106 599 73 104 224 65 125
internal_value=-0.000144921 0.00510678 -0.0373601 0.046193 -0.00607018 -0.0238007 -0.0268583 0.00169247 -0.0014157 0.0505812 -0.0472418 -0.0146083 -0.00173391 0.00586879 0.0154596 0.0031789 0.0185711 0.00295733 -0.0249582 0.00418628 0.000509864 0.00479154 -0.00146952 0.00419106 0.0036915 0.00902988 0.00608368 -0.0313704 0.0028418 0.0130672 0.0159223 0.00224554 -0.00425928 -0.00376672 -0.0211297 -0.0171774 -1.69835e-05 0.000153984 0.0202279 -0.0211567 0.000370283 -7.82767e-05 0.0119398 0.00273688 0.0114585 -0.000461561 -0.0226556 0.00449144 -0.0235922 -0.0161416 -0.00231612 -0.00718987 0.0150928 0.0222897 -0.0322859 -0.0147557 -0.00409584 -0.0220383 0.0510394 -0.0328518 -0.0247059 -0.0400791 -0.0224158 -0.0294104 -0.035842 -0.0215399 0.00858726 -0.0286559 0.020436 -0.0370656 -0.0478588 0.0356784 -0.0406621 -0.0377154 -0.038026 -0.041422 -0.00779016 0.0361344 -0.0412034 -0.00391611 -0.0419397 0.0149618 -0.0316059 -0.0402606 0.0359506 -0.0494186 -0.0422236 -0.042492 -0.00078538
internal_weight=12318.1 10795.7 1522.43 826.634 63.81 644.371 576.976 9969.05 3223.01 762.824 878.06 306.912 104.347 84.2632 64.9561 6746.04 93.3303 6652.71 47.957 4425.41 2227.3 705.065 1522.23 437.815 4194.95 572.419 670.348 486.676 3622.53 230.463 207.17 67.3957 57.264 1084.42 202.565 172.274 2916.1 2898.93 32.173 143.924 18.2273 2866.75 86.3977 28.3502 30.3784 2780.36 168.879 52.9206 167.454 95.6693 90.3002 75.5283 18.4313 23.6598 20.0839 57.0971 36.4781 26.8856 758.956 71.7845 19.3071 29.7297 17.3259 23.5031 317.797 39.5968 7.23789 32.3589 3.38253 19.2266 867.003 10.1317 162.818 278.2 277.15 30.2911 5.19609 15.5847 161.682 3.57729 158.105 33.9607 20.619 17.7821 40.4097 704.185 157.525 12.518 1.2362
internal_count=343055 101266 241789 25885 1050 66599 64890 75381 41979 24835 175190 19563 4186 3326 2535 33402 637 32765 747 21046 11719 3131 8588 3741 19960 2772 2971 63920 17188 1086 953 1709 1431 4847 15377 11325 22416 22236 241 9514 233 21995 649 1811 470 21346 16790 305 16673 7035 970 862 209 332 860 653 450 961 24801 9638 791 514 419 679 47130 5614 978 4636 282 629 175081 278 30068 41516 41384 4052 642 236 29924 651 29273 200 203 760 332 145013 29176 338 229
is_linear=0
shrinkage=0.05


end of trees

feature_importances:
std_bal_7d=267
recency_pct_of_tenure=236
recency_days=205
n_trx_total=202
vel_ratio_14_60=178
mean_gap_days=169
total_amt_90d=164
activity_drop_ratio=155
dec_latent_5=150
freq_recent_share_7d=144
total_amt_mar_1_15=143
balance_first_90d=142
total_amt_60d=141
momentum_ratio=139
dec_prob_4=135
balance_std_7d=129
dec_latent_4=129
last_bal_to_mean=126
total_amt_mar_16_31=125
vel_ratio_30_90=120
total_amt_30d=117
avg_trx_per_active_day_90d=115
span_days=112
n_trx_mar_16_31=111
dec_latent_9=110
freq_recent_share_30d=108
n_trx_90d=107
out_amt_std_30d=101
late_march_share=96
dec_latent_3=93
mean_bal_7d=88
avg_amt_7d=86
last_balance=84
std_bal_14d=83
weekend_ratio_30d=82
active_days_90d=77
cnt_m1=76
late_march_active_share=69
n_weekend_90d=66
total_amt_7d=65
region_recency_deviation=64
n_trx_30d=64
cnt_m2=62
n_trx_60d=61
recency_billpay=61
active_days_60d=59
max_bal_7d=59
n_trx_7d=55
freq_momentum_7d_vs_30d=55
out_trx_cnt_7d=54
recency_p2p=50
out_trx_cnt_30d=48
freq_momentum_30d_vs_90d=48
n_trx_14d=47
march_second_half_drop=46
min_bal_7d=46
uniq_cp_30d=39
zero_days_14d=35
vel_ratio_7_30=35
active_days_30d=33
active_days_mar=33
weekend_ratio_14d=32
active_days_mar_16_31=30
cnt_m3=27
n_weekend_14d=22
zero_days_7d=21
active_days_mar_1_15=21
active_days_14d=19
out_trx_cnt_90d=18
n_salary_30d=17
REGION=Rangpur=5
rec_le7=2
active_days_7d=2
std_bal_7d__isna=2
REGION=Khulna=2
REGION=Rajshahi=2
n_weekend_7d=1
n_sunday_7d=1
dec_cluster=1
GENDER=Other=1
REGION=Barishal=1
REGION=Sylhet=1

parameters:
[boosting: gbdt]
[objective: binary]
[metric: auc]
[tree_learner: serial]
[device_type: cpu]
[data_sample_strategy: bagging]
[data: ]
[valid: ]
[num_iterations: 10000]
[learning_rate: 0.05]
[num_leaves: 127]
[num_threads: 0]
[seed: 42]
[deterministic: 0]
[force_col_wise: 1]
[force_row_wise: 0]
[histogram_pool_size: -1]
[max_depth: 8]
[min_data_in_leaf: 100]
[min_sum_hessian_in_leaf: 0.001]
[bagging_fraction: 0.8]
[pos_bagging_fraction: 1]
[neg_bagging_fraction: 1]
[bagging_freq: 1]
[bagging_seed: 400]
[bagging_by_query: 0]
[feature_fraction: 0.8]
[feature_fraction_bynode: 1]
[feature_fraction_seed: 30056]
[extra_trees: 0]
[extra_seed: 12879]
[early_stopping_round: 0]
[early_stopping_min_delta: 0]
[first_metric_only: 0]
[max_delta_step: 0]
[lambda_l1: 0.2]
[lambda_l2: 1.5]
[linear_lambda: 0]
[min_gain_to_split: 0]
[drop_rate: 0.1]
[max_drop: 50]
[skip_drop: 0.5]
[xgboost_dart_mode: 0]
[uniform_drop: 0]
[drop_seed: 17869]
[top_rate: 0.2]
[other_rate: 0.1]
[min_data_per_group: 100]
[max_cat_threshold: 32]
[cat_l2: 10]
[cat_smooth: 10]
[max_cat_to_onehot: 4]
[top_k: 20]
[monotone_constraints: ]
[monotone_constraints_method: basic]
[monotone_penalty: 0]
[feature_contri: ]
[forcedsplits_filename: ]
[refit_decay_rate: 0.9]
[cegb_tradeoff: 1]
[cegb_penalty_split: 0]
[cegb_penalty_feature_lazy: ]
[cegb_penalty_feature_coupled: ]
[path_smooth: 0]
[interaction_constraints: ]
[verbosity: -1]
[saved_feature_importance_type: 0]
[use_quantized_grad: 0]
[num_grad_quant_bins: 4]
[quant_train_renew_leaf: 0]
[stochastic_rounding: 1]
[linear_tree: 0]
[max_bin: 255]
[max_bin_by_feature: ]
[min_data_in_bin: 3]
[bin_construct_sample_cnt: 200000]
[data_random_seed: 175]
[is_enable_sparse: 1]
[enable_bundle: 1]
[use_missing: 1]
[zero_as_missing: 0]
[feature_pre_filter: 1]
[pre_partition: 0]
[two_round: 0]
[header: 0]
[label_column: ]
[weight_column: ]
[group_column: ]
[ignore_column: ]
[categorical_feature: ]
[forcedbins_filename: ]
[precise_float_parser: 0]
[parser_config_file: ]
[objective_seed: 16083]
[num_class: 1]
[is_unbalance: 0]
[scale_pos_weight: 1]
[sigmoid: 1]
[boost_from_average: 1]
[reg_sqrt: 0]
[alpha: 0.9]
[fair_c: 1]
[poisson_max_delta_step: 0.7]
[tweedie_variance_power: 1.5]
[lambdarank_truncation_level: 30]
[lambdarank_norm: 1]
[label_gain: ]
[lambdarank_position_bias_regularization: 0]
[eval_at: ]
[multi_error_top_k: 1]
[auc_mu_weights: ]
[num_machines: 1]
[local_listen_port: 12400]
[time_out: 120]
[machine_list_filename: ]
[machines: ]
[gpu_platform_id: -1]
[gpu_device_id: -1]
[gpu_use_dp: 0]
[num_gpu: 1]

end of parameters

pandas_categorical:null
