tree
version=v4
num_class=1
num_tree_per_iteration=1
label_index=0
max_feature_idx=126
objective=binary sigmoid:1
feature_names=recency_days region_recency_deviation recency_pct_of_tenure mean_gap_days zero_days_7d zero_days_14d rec_le7 rec_8_29 rec_ge30 span_days span_days__isna n_trx_7d n_trx_7d__isna n_trx_14d n_trx_14d__isna n_trx_30d n_trx_30d__isna n_trx_60d n_trx_60d__isna n_trx_90d n_trx_90d__isna n_trx_total n_trx_total__isna out_trx_cnt_7d out_trx_cnt_30d out_trx_cnt_90d active_days_7d active_days_7d__isna active_days_14d active_days_14d__isna active_days_30d active_days_30d__isna active_days_60d active_days_60d__isna active_days_90d active_days_90d__isna cnt_m1 cnt_m1__isna cnt_m2 cnt_m2__isna cnt_m3 cnt_m3__isna vel_ratio_7_30 vel_ratio_7_30__isna vel_ratio_14_60 vel_ratio_14_60__isna vel_ratio_30_90 vel_ratio_30_90__isna freq_recent_share_7d freq_recent_share_30d freq_momentum_7d_vs_30d freq_momentum_30d_vs_90d activity_drop_ratio momentum_ratio avg_trx_per_active_day_90d n_limit_7d n_limit_7d__isna n_limit_14d n_limit_14d__isna n_limit_30d n_limit_30d__isna total_amt_7d total_amt_7d__isna total_amt_30d total_amt_30d__isna total_amt_60d total_amt_60d__isna total_amt_90d total_amt_90d__isna avg_amt_7d avg_amt_7d__isna out_amt_std_30d n_salary_30d n_salary_30d__isna uniq_cp_30d uniq_cp_30d__isna recency_p2p recency_billpay n_weekend_7d n_weekend_7d__isna n_weekend_14d n_weekend_14d__isna n_weekend_90d n_weekend_90d__isna weekend_ratio_14d weekend_ratio_14d__isna weekend_ratio_30d weekend_ratio_30d__isna n_sunday_7d n_sunday_7d__isna active_days_mar active_days_mar_1_15 active_days_mar_16_31 n_trx_mar_16_31 total_amt_mar_1_15 total_amt_mar_16_31 late_march_share late_march_active_share march_second_half_drop last_balance mean_bal_7d max_bal_7d min_bal_7d std_bal_7d std_bal_7d__isna std_bal_14d std_bal_14d__isna balance_std_7d balance_first_90d last_bal_to_mean dec_cluster dec_latent_3 dec_latent_4 dec_latent_5 dec_latent_9 dec_prob_4 GENDER=Female GENDER=Male GENDER=Other REGION=Barishal REGION=Chattogram REGION=Dhaka REGION=Khulna REGION=Mymensingh REGION=Rajshahi REGION=Rangpur REGION=Sylhet
feature_infos=[0:4.5217885971069336] [-1:90] [0:4.1108736991882324] [0.21989504992961884:4.5217885971069336] [0:6] [0:13] [0:1] [0:0.69314718246459961] [0:0.69314718246459961] [0:91] [0:1] [0:35] [0:1] [0:63] [0:1] [0:126] [0:1] [0:244] [0:1] [0:360] [0:1] [0:370] [0:1] [0:39] [0:130] [0:370] [0:6] [0:1] [0:13] [0:1] [0:29] [0:1] [0:59] [0:1] [0:89] [0:1] [0:137] [0:1] [0:129] [0:1] [0:136] [0:1] [0:0.66666668653488159] [0:1] [0:0.60000002384185791] [0:1] [0:0.6428571343421936] [0:1] [0:0.37499994039535522] [0:0.74999982118606567] [0:4.2857050895690918] [0:2.2499983310699463] [0.09081818163394928:1] [0.083333335816860199:2.7059664726257324] [0:4.1744184494018555] [0:0.69314718246459961] [0:1] [0:1.0986123085021973] [0:1] [0:1.0986123085021973] [0:1] [0:13.546110153198242] [0:1] [0:14.689797401428223] [0:1] [0:15.305975914001465] [0:1] [0:15.675131797790527] [0:1] [0:11.113802909851074] [0:1] [0:11.154898643493652] [0:2.1972246170043945] [0:1] [0:116] [0:1] [0:91] [0:91] [0:13] [0:1] [0:20] [0:1] [0:95] [0:1] [0:1] [0:1] [0:1] [0:1] [0:2.1972246170043945] [0:1] [0:31] [0:15] [0:16] [0:74] [0:14.191494941711426] [0:14.199810028076172] [0:0.83333331346511841] [0:0.80000001192092896] [-24.000999450683594:23] [0:15.373227119445801] [0:15.34560489654541] [0:15.373227119445801] [0:15.314265251159668] [0:11.82155704498291] [0:1] [0:12.315423965454102] [0:1] [0:11.911970138549805] [0:13.122374534606934] [0:3.5729587078094482] [0:4] [-16.082473754882812:5.9756999015808105] [-14.768078804016113:3.7735135555267334] [-9.0940380096435547:4.4788112640380859] [-5.7307357788085938:21.129375457763672] [0.00018867959443014115:0.69242459535598755] [0:1] [0:1] [0:1] [0:1] [0:1] [0:1] [0:1] [0:1] [0:1] [0:1] [0:1]
tree_sizes=9342 9930 11781 10288 10367 10916 11967 12037 12172 11348 10952 9138 12161 8912 10863 11070 10767 9451 11614 8961 10241 9694 10742 10328 11504 10830 10665 11839 10111 11095 11101 10139 10820 10019 10079 10523 11048 9856 11190

Tree=0
num_leaves=88
num_cat=0
split_feature=97 107 21 2 1 1 92 46 52 21 107 48 52 1 13 98 48 1 51 40 1 34 1 1 92 107 13 1 96 1 42 107 13 1 46 23 109 34 113 115 105 52 112 100 54 102 40 115 105 115 115 112 46 94 52 65 65 52 115 113 52 94 92 71 54 112 67 46 71 52 69 105 113 65 82 2 112 51 107 109 2 105 105 109 11 13 94
split_gain=212972 14988.9 12823.8 1358.43 1188.29 876.95 799.086 240.689 200.955 197.707 187.524 173.272 167.174 166.715 149.201 149.182 115.137 76.6323 67.4877 65.9256 55.9126 51.6757 51.43 51.3983 47.5934 35.9049 34.0298 27.3289 27.2074 25.1769 24.5253 24.4069 24.3995 23.9964 22.3042 21.6841 21.5156 19.5136 17.5642 16.9975 15.8104 15.6143 15.0127 14.6773 14.4472 14.0147 13.612 13.3798 12.2188 12.0454 11.9482 11.9469 11.8657 11.3958 11.0975 10.2474 10.1866 10.1304 10.4727 10.2641 9.62128 9.17155 9.10816 8.42252 8.39877 8.47812 7.98257 16.124 7.30975 7.18036 6.93256 8.57055 6.59846 6.57878 6.39664 5.92443 5.01777 4.95343 4.34788 2.39028 1.63063 1.36968 5.42961 3.53743 1.2541 1.16362 1.16281
threshold=0.080128207802772536 0.7854917347431184 19.500000000000004 2.1629219055175786 6.5000000000000009 20.500000000000004 1.5000000000000002 0.14160401374101642 0.83390802145004284 16.500000000000004 1.3489919900894167 0.020478053949773315 0.82626661658287059 10.500000000000002 1.5000000000000002 12.500000000000002 0.022222221828997139 25.500000000000004 0.42857129871845251 1.5000000000000002 1.5000000000000002 13.500000000000002 6.5000000000000009 3.5000000000000004 1.5000000000000002 1.4452441334724428 1.5000000000000002 26.500000000000004 0.42807881534099584 17.500000000000004 0.10880326852202417 0.033852115273475654 1.5000000000000002 8.5000000000000018 0.084039550274610533 1.5000000000000002 0.0040360172279179105 25.500000000000004 -8.9010071754455549 0.00040367641486227518 1.4474471807479861 0.69986224174499523 -0.33269247412681574 1.9755845665931704 1.0898989439010622 9.5956444740295428 3.5000000000000004 0.00056896140449680399 3.568960547447205 0.00038379264879040425 0.00058800910483114432 -4.7045404911041251 0.21960458159446719 8.6815562248229998 0.8760964870452882 8.2689805030822772 6.8866286277771005 0.33771930634975439 0.0005038127419538797 -8.8427720069885236 0.78966438770294201 7.1558060646057138 2.5000000000000004 7.4316294193267831 0.99999985098838817 -6.6344709396362296 9.3553066253662127 0.45961478352546697 6.5225839614868173 0.64697575569152843 6.2489531040191659 2.477164745330811 -8.7879447937011701 8.6761951446533221 3.5000000000000004 0.095820643007755293 -0.34030887484550471 0.69789379835128795 2.1212078332901005 0.76807400584220897 1.8170579075813296 2.081810832023621 2.265022993087769 0.012903030030429365 2.5000000000000004 1.5000000000000002 5.5423219203948983
decision_type=2 2 2 2 2 2 2 2 2 2 2 2 2 2 2 2 2 2 2 2 2 2 2 2 2 2 2 2 2 2 2 2 2 2 2 2 2 2 2 2 2 2 2 2 2 2 2 2 2 2 2 2 2 2 2 2 2 2 2 2 2 2 2 2 2 2 2 2 2 2 2 2 2 2 2 2 2 2 2 2 2 2 2 2 2 2 2
left_child=1 31 4 6 14 8 7 16 29 10 27 15 -5 24 23 18 54 -12 -8 81 57 -10 60 36 25 46 -20 -7 39 52 51 -1 37 56 -33 62 70 -24 -25 49 61 55 -42 -35 -43 66 47 -6 -47 -21 -30 69 -3 -53 -4 -38 -27 58 -16 74 79 -40 85 -50 72 -66 67 -26 -60 -22 71 -2 -32 -72 -59 -61 -48 -68 -41 -9 84 83 -83 -15 -37 -13 -64
right_child=2 5 3 12 13 9 11 22 21 -11 17 35 -14 19 20 -17 -18 -19 26 28 30 -23 32 38 45 33 -28 -29 50 -31 64 34 -34 43 -36 80 41 -39 40 78 42 44 -44 -45 -46 48 76 -49 63 -51 -52 53 -54 -55 -56 -57 -58 59 68 75 -62 -63 86 -65 65 -67 77 -69 -70 -71 73 -73 -74 -75 -76 -77 -78 -79 -80 -81 -82 82 -84 -85 -86 -87 -88
leaf_value=-1.5357318436769638 -1.8969005493960041 -1.775257652175418 -1.7905786917326125 -1.8138799680291817 -1.8518734389375757 -1.6951174832342291 -1.865656508299308 -1.9662104613940559 -1.7844125766102299 -1.5783902563895611 -1.7345593963029697 -1.9637512898438383 -1.5883982646470591 -1.8243935166744669 -1.8755902814658809 -1.824695418919468 -1.9026731753756374 -1.6986171560459695 -1.9411168222616659 -1.8454931426201668 -1.8815744472804432 -1.6273353656562279 -1.8600871961447552 -1.9224369713739731 -1.8447921369050237 -1.8318896549473564 -1.9722027145705212 -1.6314711001231195 -1.9043334170336605 -1.7622364929209602 -1.9129916219084613 -1.5712127044535404 -1.9594688226250601 -1.8902689357324685 -1.6938463218135271 -1.9851900741072002 -1.9122269860242695 -1.911808933333504 -1.8840779996266888 -1.8186683356566933 -1.880274915343211 -1.8656745023142776 -1.855544374232428 -1.8397059708104062 -1.9014491873384658 -1.853491658735126 -1.896626896533486 -1.8020765655201649 -1.9246494617482768 -1.9094708854244071 -1.8463848480903293 -1.8910497317307926 -1.8015314099282498 -1.9342388850882504 -1.6955960768030813 -1.8918788867401313 -1.8802706979055848 -1.9088484275089965 -1.8863736739754049 -1.9357962340334063 -1.92213776903678 -1.9419604797354959 -1.9578041702503226 -1.8865025513551661 -1.8886175506562035 -1.9139160465765976 -1.9071052056302567 -1.9096752150053606 -1.9300767787508613 -1.8328062735240538 -1.9002287455899112 -1.9411944394899423 -1.8637972583174514 -1.9297888671250754 -1.9304270828467693 -1.9251477498458038 -1.8447650937101681 -1.8746623651861556 -1.8475127469904145 -1.9392010883665904 -1.9635062127324852 -1.8592905820174155 -1.7914240778925112 -1.7599859245161464 -1.9867662203230763 -1.974134807804353 -1.982306574110549
leaf_weight=2710.2330211102962 78.713111311197281 178.57137629389763 21.034446060657501 17.713217735290527 30.887423425912857 71.738531827926636 15.609773129224775 41.626061677932739 11.956421971321104 39.190494239330292 317.5094279050827 82.255754858255386 19.263124287128448 13.727743744850157 18.931001454591751 18.377463400363922 18.377463400363922 589.85015058517456 109.60053473711014 29.780347317457199 40.961816012859344 32.215914756059647 40.076155126094818 18.266755789518356 62.328384906053543 13.174205690622328 498.84849447011948 125.43172308802605 20.591615617275238 266.91604974865913 14.391989409923555 38.96907901763916 11.070761084556578 20.480908006429672 20.591615617275238 4371.6221370697021 102.51524764299393 36.090681135654449 12.842082858085634 269.57303240895271 142.59140276908875 88.566088676452637 145.91263109445572 146.35546153783798 48.489933550357819 12.177837193012236 12.067129582166674 67.863765448331833 34.208651751279831 11.735006749629973 18.598878622055054 93.105100721120834 180.89623612165451 17.38109490275383 13.174205690622328 184.88171011209488 134.62045478820801 116.57511422038078 11.181468695402144 212.3371976017952 22.030814558267593 11.735006749629973 12.06712958216667 25.130627661943436 35.869265913963318 434.74878779053688 17.602510124444962 13.063498079776762 37.087049633264542 12.288544803857802 23.580721110105515 11.513591527938841 16.163311183452606 72.734900325536728 47.050734609365463 333.67273908853531 14.502697020769117 114.9145000576973 40.629693180322647 13.063498079776762 17.491802513599396 11.62429913878441 16.274018794298172 51.257623821496964 22689.192719966173 192.74195048213005 1494.109915971756
leaf_count=24481 711 1613 190 160 279 648 141 376 108 354 2868 743 174 124 171 166 166 5328 990 269 370 291 362 165 563 119 4506 1133 186 2411 130 352 100 185 186 39488 926 326 116 2435 1288 800 1318 1322 438 110 109 613 309 106 168 841 1634 157 119 1670 1216 1053 101 1918 199 106 109 227 324 3927 159 118 335 111 213 104 146 657 425 3014 131 1038 367 118 158 105 147 463 204947 1741 13496
internal_value=-1.92977 -1.61029 -1.97371 -1.98448 -1.88442 -1.72229 -1.98486 -1.88941 -1.76851 -1.69545 -1.70008 -1.98556 -1.68743 -1.84394 -1.9049 -1.95974 -1.79792 -1.71084 -1.96397 -1.82105 -1.91505 -1.66346 -1.91974 -1.88943 -1.85953 -1.84908 -1.96666 -1.65263 -1.83096 -1.77655 -1.90441 -1.53708 -1.89372 -1.85895 -1.60661 -1.98614 -1.89821 -1.88365 -1.87349 -1.82639 -1.87072 -1.89196 -1.86741 -1.84545 -1.87782 -1.87636 -1.82553 -1.81615 -1.89692 -1.86201 -1.87453 -1.88758 -1.78786 -1.8979 -1.74542 -1.89897 -1.87495 -1.92419 -1.90582 -1.92599 -1.94932 -1.91121 -1.98051 -1.90766 -1.91004 -1.91184 -1.86963 -1.85529 -1.91915 -1.86779 -1.91266 -1.90276 -1.88479 -1.92231 -1.91506 -1.92931 -1.86494 -1.8786 -1.822 -1.96036 -1.9865 -1.7817 -1.81433 -1.77076 -1.98652 -1.97127 -1.98215
internal_weight=37926.8 4584.07 33342.7 29755.4 3587.26 1814.28 29718.5 216.544 670.556 1143.72 1104.53 29501.9 36.9763 1203.17 2384.09 642.436 52.5861 907.36 624.059 483.792 1441.75 44.1723 163.958 942.343 719.378 439.952 608.449 197.17 390.909 626.384 664.91 2769.79 87.2376 314.631 59.5607 28859.5 610.995 76.1668 331.348 351.718 313.081 424.453 288.504 166.836 137.056 279.426 125.321 98.7512 71.5171 41.5154 39.1905 163.737 359.468 110.486 34.2087 287.397 147.795 776.835 67.1995 709.636 76.7204 24.5771 1781.17 59.3393 501.173 470.618 207.909 75.3919 48.2685 53.2504 186.542 90.2267 30.5553 96.3156 163.626 546.01 26.5698 132.517 310.203 54.6896 27078.3 92.8837 27.8983 64.9854 27060.8 274.998 1506.18
internal_count=342585 41407 301178 268775 32403 16388 268441 1956 6057 10331 9977 266485 334 10868 21535 5803 475 8196 5637 4370 13023 399 1481 8512 6498 3974 5496 1781 3531 5658 6006 25019 788 2842 538 260682 5519 688 2993 3177 2828 3834 2606 1507 1238 2524 1132 892 646 375 354 1479 3247 998 309 2596 1335 7017 607 6410 693 222 16089 536 4527 4251 1878 681 436 481 1685 815 276 870 1478 4932 240 1197 2802 494 244593 839 252 587 244435 2484 13605
is_linear=0
shrinkage=1


Tree=1
num_leaves=92
num_cat=0
split_feature=0 21 103 44 36 0 0 52 46 93 93 103 13 93 115 19 103 52 0 2 0 48 82 0 54 0 0 108 2 53 107 44 36 109 94 112 53 105 109 93 112 52 48 69 94 95 103 67 26 115 46 65 107 112 114 114 92 53 53 30 94 48 82 114 113 69 109 53 107 49 84 93 108 95 84 109 103 46 114 90 92 109 109 112 105 2 77 11 93 2 15
split_gain=157696 10766.9 8481.55 1037.95 758.783 730.834 674.356 185.303 173.311 151.842 142.117 111.056 99.7698 90.057 88.3673 87.154 66.7149 61.4615 59.156 54.7684 44.7462 40.7493 33.0878 24.9563 24.0648 23.9909 22.2989 19.9313 21.2319 19.2487 17.6844 17.4346 25.247 16.4263 17.0174 15.4681 14.7378 18.9215 14.2901 14.2095 14.1822 13.3453 13.317 12.6305 12.3783 11.8688 11.622 12.6296 16.1376 11.4349 11.3856 11.1278 11.0804 10.6029 9.95065 9.59632 9.56026 8.9681 8.92434 10.1981 12.191 9.49599 17.5437 8.79888 8.14423 7.76168 7.62683 7.48032 7.36827 7.2639 7.20118 6.14603 5.91518 5.69003 5.48891 5.44482 4.80953 4.76693 11.4868 4.58534 4.23422 2.26884 3.16431 2.0214 1.84019 1.83611 1.42281 1.35459 1.11648 0.935802 0.400707
threshold=2.6735538244247441 19.500000000000004 0.51257401704788219 0.067117117345333113 24.500000000000004 3.113268375396729 1.8688348531723025 0.83390802145004284 0.10045871511101724 1.5000000000000002 1.5000000000000002 1.2228041887283327 1.5000000000000002 1.5000000000000002 0.0010780203156173231 15.500000000000002 0.19281122833490374 0.81291666626930248 3.3140207529067998 1.3257662057876589 2.3502402305603032 0.020478053949773315 4.5000000000000009 1.2424533367156985 1.160645127296448 1.2424533367156985 2.3502402305603032 5.9200894832611093 0.78045186400413524 0.81117218732833873 1.6727219223976137 0.10557275637984277 28.500000000000004 0.0010240628616884353 8.5922570228576678 -0.24323365092277524 0.54606062173843395 6.6211280822753915 0.32820895314216619 2.5000000000000004 -0.31225973367691034 0.78593888878822338 0.035714285448193557 4.2031991481781015 8.5282845497131365 7.4636871814727792 5.6758630275726327 10.00776243209839 1.5000000000000002 0.00057557603577151905 0.24962462484836581 10.588892936706545 6.6634073257446298 -0.35654649138450617 3.2225668430328374 3.3409103155136113 1.5000000000000002 0.61938297748565685 2.6306818723678593 5.5000000000000009 5.3493192195892343 0.099872115999460234 4.5000000000000009 3.1836198568344121 -7.121217966079711 7.0145411491394052 1.2978668808937075 1.1991379261016848 1.6306495666503908 0.17089217156171801 0.28464819490909582 2.5000000000000004 6.3103363513946542 7.3020684719085702 0.33084577322006231 3.085947719227989e-05 2.2176860570907597 0.25979138910770422 -4.3090789318084708 5.5000000000000009 2.5000000000000004 0.68788325786590587 0.69303542375564586 -0.29850172996520991 7.4755136966705331 0.13497779518365863 16.500000000000004 2.5000000000000004 3.5000000000000004 1.774175822734833 7.5000000000000009
decision_type=2 2 2 2 2 2 2 2 2 2 2 2 2 2 2 2 2 2 2 2 2 2 2 2 2 2 2 2 2 2 2 2 2 2 2 2 2 2 2 2 2 2 2 2 2 2 2 2 2 2 2 2 2 2 2 2 2 2 2 2 2 2 2 2 2 2 2 2 2 2 2 2 2 2 2 2 2 2 2 2 2 2 2 2 2 2 2 2 2 2 2
left_child=1 6 -2 4 8 7 12 14 -3 -5 16 50 23 19 24 18 -8 -6 63 69 36 31 -9 56 77 58 79 28 38 -21 49 32 74 43 52 39 37 -18 -12 45 -41 -28 80 -25 -38 -29 51 48 -48 -22 -7 55 -35 -26 -36 -27 64 -45 61 60 -60 62 -14 -13 72 73 -63 -53 -30 -10 -61 -33 -1 -58 -11 -16 -32 83 -79 -15 90 86 -83 -4 -49 -67 -77 -44 -73 -82 -23
right_child=2 3 5 9 17 11 10 22 13 21 27 15 25 26 75 -17 20 -19 -20 29 30 42 -24 33 53 46 41 35 68 -31 76 71 -34 34 54 -37 44 -39 -40 40 -42 -43 87 57 -46 -47 47 84 -50 -51 -52 67 -54 -55 -56 -57 65 -59 59 70 -62 66 -64 -65 -66 85 -68 -69 -70 -71 -72 88 -74 -75 -76 81 -78 78 -80 -81 89 82 -84 -85 -86 -87 -88 -89 -90 -91 -92
leaf_value=0.0087794910418229084 0.28200051430999401 0.14147919049323121 0.11663331109360953 0.084121382565899169 0.12033769471196179 0.22589619879653711 0.1940152891794884 0.14274822438682264 0.018190454316679049 -0.023637084546872411 0.078967781766010089 0.098930954513764241 0.025905546812161874 -0.010318363572606232 0.095689810307952761 0.25652190486255916 0.091865898217736386 0.25116231842073611 0.1833801864273307 0.068618764725497466 0.080765112847116016 -0.036294203673393914 0.24003090142647207 0.064965782499846123 0.021418669049482919 0.024208499557360784 -0.01420226919815825 0.057233057723458325 0.14146446195993226 0.0029309593446116872 0.070951939801778913 -0.017141005352249137 0.033465501928209289 0.037639371946480309 0.03414510732647124 -0.0031023216344478418 0.04993634350257338 0.019406465771080687 0.0088460557652578434 0.018946967943654532 0.053746302765207976 0.037148759631467618 -0.05505630484299983 0.039962622837982881 0.0774138252487509 0.038080647323212764 0.0018472449901571703 -0.0052009465754463899 0.058573087041875853 0.10869708176457482 0.142549454459098 0.017188656469060131 0.067217795432833377 0.07559718241554346 0.089682868824107573 0.0038305197804547916 0.0058698563564307943 -0.0026038330200802815 -0.00052742328107002517 0.021270075369818828 0.046365617175815048 -0.00055917086727379824 -0.020547354144339145 0.15725722434303407 -0.0037940352412755493 -0.027439680031571507 0.025669548986586029 0.060716176600819127 0.065809414995158647 -0.01999249811757085 -0.02063854434198302 -0.039091616316172959 0.033756479631893696 0.038415636147199755 -0.044228081363977455 0.1015946591652005 0.097776381573886934 0.03402898817250976 0.092978091577887556 -0.038189151553657402 -0.052610727673459812 0.073356496331699619 0.12224069158886169 0.083343402114664261 -0.028944787118805701 0 0.13694309631837673 -0.056688249731338951 -0.051559173277619309 -0.029731754547281126 -0.046892354813360439
leaf_weight=29.080486491322517 3686.8517388775945 18.402812235057354 79.058616369962692 18.068838633596897 20.267359226942062 189.00905583798885 11.303702414035795 23.687897868454456 15.381644882261751 80.758156508207321 12.969574570655825 17.375936806201935 95.564398564398289 18.714825287461281 33.378255628049374 39.315270945429802 69.185537114739418 29.019870176911354 709.53941062092781 52.531537070870399 101.03211583197117 78.176378145813942 41.976162254810333 11.368361644446848 18.37605070322752 294.73421245068312 50.726215526461601 207.57693353295326 11.687143802642824 14.633196048438547 215.81503161787987 18.427015863358974 14.172768719494341 239.28675466775894 14.599057383835314 17.707547657191753 234.65491203218699 11.81040273606777 16.196282021701336 102.68858344107866 42.300870917737484 15.177672900259493 4159.0361425504088 15.704310111701487 59.756062842905521 166.95061734318733 46.19286298006773 16.623924769461155 15.968375407159327 127.25250141322613 15.005128338932989 17.620777398347855 40.376123294234276 21.919443778693676 35.34584879130125 74.060471326112747 36.796727247536182 42.188712663948536 19.548364140093327 17.905793085694313 42.625348441302776 524.57757572084665 24.260794393718243 350.77369968593121 17.061344385147095 11.709431767463686 27.732624724507332 30.466307558119297 11.66964069008827 45.509490728378296 20.190635830163956 56.90968181937933 228.93299520760775 21.190835125744343 68.651301510632038 27.117811672389507 33.989432416856289 12.934997625648974 59.919380217790604 170.92082983255386 1623.9978906437755 12.7448218986392 184.87307427823544 29.431941963732243 19.442814633250237 11.307958655059336 447.18019408732653 21598.586814127862 265.18638852983713 12.979782946407793 77.63084177672863
leaf_count=257 25344 151 659 156 175 1406 95 186 137 749 113 136 860 172 269 278 595 220 5410 454 851 730 310 100 156 2624 461 1799 101 128 1813 170 125 2095 128 155 2024 102 141 896 370 136 39160 139 517 1451 411 148 142 1060 115 157 353 186 309 660 325 374 175 160 382 4723 219 2746 151 104 249 271 101 417 181 529 2021 187 638 221 287 110 501 1585 15268 103 1494 244 173 100 3611 203652 2468 120 725
internal_value=-0.00031584 -0.0443989 0.23488 -0.0545508 0.0206002 0.159652 0.0383911 0.126787 -0.0023728 -0.0557602 0.064398 0.184167 0.0198316 -0.0098242 0.12062 0.177161 0.0773587 0.202706 0.173904 0.0241758 0.0754643 -0.0558552 0.209057 0.0342556 0.09152 0.0113362 -0.0269428 0.0452278 0.0751791 0.0548296 0.0858964 -0.041391 -0.0273955 0.0429149 0.0476039 0.0420798 0.0618632 0.0819664 0.0426915 0.0436435 0.0296144 -0.00166424 -0.0561172 0.0199229 0.0559113 0.0489082 0.0196883 0.00401924 0.0176132 0.0969866 0.2209 0.0233288 0.0422811 0.0527847 0.0751123 0.0201753 0.0243884 0.00949221 0.0057259 0.0195529 0.0317996 0.00360939 0.0162801 0.154944 0.0288409 0.00889788 0.000805729 0.0459703 0.11032 -0.00998142 -0.000628856 -0.0479354 0.0310469 0.0186002 -0.0335102 0.129537 0.0752034 0.0995688 0.083544 -0.0355935 -0.051598 0.130987 0.119715 0.108953 -0.0189116 -0.0147797 0.13527 -0.0564284 -0.0495787 -0.0524628 -0.0420351
internal_weight=38021.3 32020.9 6000.47 28523.9 451.285 2313.62 3497.01 992.599 401.998 28072.6 1454.55 1321.02 2042.46 383.595 926.935 1117 864.8 49.2872 1077.69 128.056 853.496 28054.5 65.6641 754.949 221.64 1287.52 255.54 589.747 52.5226 67.1647 478.089 504.105 163.582 398.869 329.608 537.225 375.407 80.9959 29.1659 519.517 144.989 65.9039 27550.4 69.2614 294.411 374.528 515.11 98.228 62.1612 228.285 204.014 416.882 279.663 40.2955 49.9449 368.795 356.08 57.893 772.406 100.27 62.1737 672.135 119.825 368.15 275.075 81.005 552.31 48.0871 23.3568 60.8911 38.0964 340.523 258.013 57.9876 149.409 705.294 249.804 181.345 72.8544 189.636 1792.78 671.916 197.618 108.491 36.0667 23.0174 474.298 25757.6 322.096 1636.98 155.807
internal_count=342660 299175 43485 268526 4036 18141 30649 8050 3641 264490 12471 10091 18178 3490 7554 8570 7344 395 8292 1136 7249 264334 496 6643 1856 11535 2354 5127 456 582 4011 4679 1512 3498 2885 4671 3238 697 254 4516 1266 597 259655 613 2541 3250 4586 874 553 1911 1521 3712 2448 342 437 3284 3145 513 6949 898 557 6051 1079 2882 2429 716 4972 428 202 554 341 3167 2278 512 1387 5698 2100 1514 611 1757 16843 5429 1597 903 321 204 3832 242812 2997 15388 1455
is_linear=0
shrinkage=0.05


Tree=2
num_leaves=109
num_cat=0
split_feature=0 21 46 105 0 44 36 0 21 15 105 0 13 13 13 92 19 2 46 2 52 48 104 96 112 90 2 9 34 32 2 0 109 109 21 100 44 36 46 51 113 54 2 82 113 90 92 114 115 67 15 19 21 97 105 94 3 46 0 63 115 0 46 109 100 94 67 19 52 49 109 65 17 9 65 63 114 97 94 108 9 2 52 108 86 108 108 112 2 46 19 46 112 114 108 9 96 53 53 105 11 21 17 15 105 105 44 105
split_gain=126293 8510.68 5466.42 757.097 640.392 636.234 461.831 409.057 112.264 148.762 108.76 79.0835 77.8745 69.5611 64.9861 64.3511 57.0052 45.373 45.3325 43.6757 39.3249 38.6709 35.8444 33.2637 32.0804 28.4101 26.7368 24.1402 24.1012 23.2479 17.9608 17.7145 16.9716 16.0562 15.7413 19.4909 15.4153 33.2107 14.5216 14.0532 13.7476 12.9075 12.3517 11.6498 11.7955 11.4991 11.3096 11.2689 11.2611 11.1671 11.1002 11.7281 10.7098 10.6726 10.656 10.0038 15.6042 10.7557 9.99898 11.5555 11.2855 9.98584 14.9722 18.2964 16.4859 13.8745 18.4026 9.29959 9.00483 8.81607 8.33087 8.12136 7.52188 7.09829 6.93784 9.92593 9.62132 7.51088 6.79502 6.78752 6.48005 6.45628 6.45404 5.8983 5.70921 5.67068 5.66506 9.67211 6.66934 5.59625 5.24209 9.55206 5.2157 6.00879 4.85115 4.05421 3.97408 3.11594 2.4843 2.46153 1.96234 1.89615 1.51519 1.47195 1.33363 1.30998 0.94034 0.27275
threshold=2.5249279737472539 19.500000000000004 0.069570478051900878 1.593484163284302 2.9174053668975835 0.067117117345333113 25.500000000000004 1.7005987167358401 50.500000000000007 7.5000000000000009 0.73373886942863475 3.113268375396729 1.5000000000000002 1.5000000000000002 1.5000000000000002 1.5000000000000002 17.500000000000004 1.8420168757438662 0.1673669517040253 1.3375130891799929 0.81291666626930248 0.035714285448193557 1.0000000180025095e-35 0.14550264924764636 -6.6607460975646964 6.5000000000000009 1.5701470375061037 83.500000000000014 14.500000000000002 4.5000000000000009 1.5701470375061037 1.2424533367156985 0.00092168396804481756 0.028066196478903297 7.5000000000000009 8.1913771629333514 0.10856469348073007 28.500000000000004 0.1766968369483948 0.5149553418159486 -8.9295949935913068 1.1856158375740053 0.2628274410963059 3.5000000000000004 -8.876368045806883 5.5000000000000009 2.5000000000000004 3.3498877286911015 0.00059627532027661811 8.5618195533752459 4.5000000000000009 14.500000000000002 6.5000000000000009 0.16025641560554507 1.3479537367820742 8.560214042663576 2.3075603246688847 0.35656754672527319 2.2499048709869389 9.6394915580749529 0.00056896140449680399 2.3502402305603032 0.16609195619821551 0.0037238665390759711 3.3240462541580205 8.6526875495910662 8.2972893714904803 8.5000000000000018 0.78439825773239147 0.57142850756645214 0.0018634816515259447 9.8425631523132342 8.5000000000000018 48.500000000000007 9.8425631523132342 6.9659016132354745 3.3038651943206792 0.23669467866420749 7.4566595554351816 8.7858157157897967 82.500000000000014 0.56041771173477184 0.61452057957649242 8.9635124206542987 0.22176685184240344 7.8039350509643564 8.7137970924377459 -6.4511873722076407 0.50359171628952037 0.26194280385971075 7.5000000000000009 0.27259552478790289 -0.25226679444313044 -4.2525336742401114 8.5405387878417987 80.500000000000014 0.23205128312110904 0.65636926889419567 0.42967033386230474 1.5240258574485781 2.5000000000000004 35.500000000000007 13.500000000000002 4.5000000000000009 1.7291237711906435 2.6185402870178227 0.10557275637984277 2.2338271141052251
decision_type=2 2 2 2 2 2 2 2 2 2 2 2 2 2 2 2 2 2 2 2 2 2 2 2 2 2 2 2 2 2 2 2 2 2 2 2 2 2 2 2 2 2 2 2 2 2 2 2 2 2 2 2 2 2 2 2 2 2 2 2 2 2 2 2 2 2 2 2 2 2 2 2 2 2 2 2 2 2 2 2 2 2 2 2 2 2 2 2 2 2 2 2 2 2 2 2 2 2 2 2 2 2 2 2 2 2 2 2
left_child=1 7 3 54 8 6 15 14 9 18 -6 17 27 29 33 19 22 89 50 39 -8 30 73 32 -15 84 95 -7 -25 58 46 43 -20 74 35 81 37 -32 72 -3 -36 -42 55 44 67 52 80 71 78 -37 51 -4 94 -11 -2 57 -57 -35 86 60 -60 65 64 -64 -63 66 -31 -16 96 -46 -54 -44 -13 107 75 76 -1 -77 -47 85 -14 -26 -81 -67 -21 -76 88 -88 -9 99 -40 -92 93 -45 -33 -17 -28 -41 -97 -12 102 -38 103 -23 -91 -75 -48 -5
right_child=2 5 4 16 10 12 20 13 -10 53 11 38 21 24 31 26 -18 -19 23 25 -22 100 -24 28 34 -27 68 -29 -30 61 36 45 -34 42 40 49 101 -39 90 97 41 -43 47 92 69 48 106 -49 -50 -51 -52 -53 70 -55 -56 56 -58 -59 59 -61 -62 62 63 -65 -66 83 -68 -69 -70 -71 -72 -73 -74 105 79 77 -78 -79 -80 82 -82 -83 -84 -85 -86 -87 87 -89 -90 104 91 -93 -94 -95 -96 98 -98 -99 -100 -101 -102 -103 -104 -105 -106 -107 -108 -109
leaf_value=0.011358403224949104 0.22476790429675103 0.025324871114587113 0.10612335635885073 0.17737911215303523 0.21733249334094595 0.073295880545418524 0.091043238997764245 0.078477388956600988 0.22153341240989996 0.019846898980038392 0.14539588350792404 0.15572520993097561 -0.020479901743800322 0.09285438142510033 0.0020156434160388827 -0.0073151083661212651 0.22123512560022421 0.17979621284067898 0.050681948983400407 0.05533106454551321 0.20026061032087081 -0.021390418007297459 0.22087569188563783 0.077719327153087658 0.053984502479220355 0.0075770990826533151 0.0061473409890174168 -0.017473597114695399 0.015309546041336728 0.079275019376338907 -0.029925442213174946 0.060660993571396697 0.10463588251830436 0.028325632265833862 -0.011951906400873335 -0.012238883916983514 -0.026512973621944026 0.05608688603978447 0.14809525753781014 -0.036171998914824484 0.033201864362747559 0.0017047256274397848 0.044847612606920634 0.0037372199705283157 0.0013641309722211006 -0.0057738094653162746 -0.047206170247327255 0.078936815807312127 0.072019525907945525 0.044667699575457076 0.057856665549612857 0.14410356394804968 -0.0058167969523234787 -0.029081677282724417 0.20162075711912122 0.018349141202261669 0.08945250893454694 0.0006539870894136801 0.056919163508756247 0.029043935998181471 0.091507053829360863 0.1303772294233318 0.015787166610958147 0.062080897128614247 0.052050375111290653 0.078526739303508314 0.038048978720619096 0.034945668938878363 0.039288663581575033 0.022222099681259384 0.014309595277178478 0.0097677418766105566 0.19833459722568986 0.15555647052402324 0.00081307791994316651 0.040929774266472832 0.054882145170167353 0.0078105216366511814 0.035876500664311341 0.011365186952242819 -0.043235227929027932 0.10346709705119578 -0.030394525562879578 0.046142129583534829 0.1142245381166197 0.037302371262231772 0.0033901330621582885 0.053823394910812075 0.043514521016748992 0.12272999515120811 0.13017435253522011 0.07707526201620768 0.017676779969070217 -0.014789374344507104 0.015924935587839677 -0.013853812572293326 -0.027039106894483862 -0.0091100863983682653 -0.039730083736837139 0.11918563896725071 -0.056300497260977515 -0.048824367353261844 -0.054680390972696585 -0.046844931611003587 0.093003540839172838 0.10765127022607507 -0.052543111477222286 0.15282478084175313
leaf_weight=21.351021952927113 3973.8793190866709 22.256684131920338 255.06576097011566 301.09937083721161 54.217968955636024 13.158267304301264 18.722701393067837 60.913627818226814 15.553387075662611 21.89484678953886 53.308036625385284 456.61422902345657 46.614273972809315 22.220051765441895 34.261648096144199 13.513266466557978 68.570556700229645 39.72413145005703 21.000281862914562 15.423253186047079 25.534928306937218 12.577921792864798 41.804862692952156 385.30961997061968 25.573376029729843 19.561232924461365 21.06281889975071 13.443800352513788 17.398822776973248 30.723812699317932 67.168142937123775 14.778009384870531 218.20980244129896 168.98051057010889 19.144331388175488 12.67554549127817 19.87381549924612 11.927209720015524 140.36894503235817 19.863380931317806 354.72238915413618 36.720284216105938 100.00381375104189 62.832168914377689 413.00093253701925 13.883569933474062 312.50986272096634 22.433034017682076 15.68526069819927 21.197737216949463 15.844676211476324 38.785991072654724 64.169620633125305 19.708764255046844 207.00151383876801 17.902156785130501 14.296073526144026 45.255557343363762 45.13471831381321 13.662651322782038 116.29616437852383 16.111220821738243 27.159037634730339 144.31480170041323 17.277611166238785 49.141002833843231 301.93337828665972 59.909450076520443 13.244498506188391 56.519574180245399 232.74233800917864 21.784075312316418 34.072065755724907 338.24441310763359 23.760403007268906 20.076388143002987 36.925222657620907 95.219205722212791 26.604589648544788 15.573402196168898 158.10919020324945 16.002329155802727 18.604927144944668 35.660123527050018 12.531711585819719 18.795359805226326 11.9577414765954 61.248433336615562 28.731717720627785 32.085690200328827 75.189366012811661 20.186163932085037 18.857162803411484 133.71418741345406 13.128543905913828 13.435767509043215 13.363649472594259 26.612277768552303 145.05496087670326 283.58131381869316 20683.90029899776 93.641681082546711 3921.7533493041992 49.666585765779018 80.895258739590645 17.6531021296978 1483.7123679891229 106.80420197546482
leaf_count=186 23033 190 1918 1975 315 110 149 506 102 181 378 3107 445 188 304 126 415 270 158 124 168 123 245 3051 219 168 195 121 154 256 638 128 1648 1453 164 108 191 105 967 184 3034 313 851 566 3707 122 3041 189 138 181 124 281 564 180 1285 154 122 393 367 110 933 129 220 1167 138 404 2517 529 118 498 2048 184 213 2239 207 175 319 832 233 137 1522 134 163 295 99 164 100 508 236 235 522 142 170 1205 114 124 124 248 1384 2071 203668 904 38514 487 596 119 14496 715
internal_value=-0.000554532 -0.0453026 0.185738 0.214741 0.121304 -0.0544426 0.00972903 0.0309124 0.0912761 0.0888953 0.145008 0.141511 -0.0553508 0.0504897 0.0149154 -0.0104966 0.171587 0.124586 0.0929356 0.0193761 0.158775 -0.0554359 0.166945 0.0847222 0.0352933 0.055466 -0.0263741 0.028584 0.0751145 0.0584549 -0.0488875 0.00782622 0.100286 0.0276825 0.0323637 0.0535786 -0.0336084 -0.0160286 0.152624 -0.00608305 0.0282602 0.0302904 0.0340615 0.00347602 0.00725918 0.0166473 -0.050327 0.0459017 0.0374028 0.0234743 0.109437 0.111877 0.0128719 -0.00330532 0.223697 0.0268561 0.0527924 0.0225718 0.0694384 0.0786777 0.082511 0.0523218 0.0620667 0.0550069 0.0941127 0.0473107 0.0422253 0.0232889 0.00642845 0.00395896 0.00991893 0.0388492 0.1593 0.163553 0.0175434 0.0230588 0.0397885 0.0141148 0.0216602 0.00473664 -0.0382891 0.0762021 -0.0114085 0.0660631 0.0865439 0.0178774 0.0588162 0.0459528 0.0682819 0.119107 0.137767 0.120407 -0.00635979 -0.00883283 0.041841 -0.0354999 -0.00704769 -0.0216539 -0.0377494 0.123989 -0.0560148 -0.0454018 -0.0545084 -0.0424825 0.10303 0.15367 -0.0516603 0.171558
internal_weight=37871.9 30537.8 7334.07 5055.06 2279.02 27268.2 380.181 3269.57 1008.77 993.219 1270.24 1216.03 26888.1 1468.52 1801.05 335.924 874.177 489.594 951.615 116.249 44.2576 26861.5 805.606 641.919 508.256 47.5162 219.675 26.6021 402.708 960.266 2193.56 1160.09 239.21 640.961 486.036 75.449 192.611 79.0954 726.431 68.7323 410.587 391.443 390.655 779.095 563.692 380.992 2000.95 144.221 56.1734 33.8733 309.696 293.852 324.819 41.6036 4180.88 246.434 32.1982 214.236 337.945 175.094 161.431 622.321 204.863 171.474 33.3888 417.458 332.657 94.1711 47.671 469.521 296.912 121.788 490.686 763.801 250.306 173.572 58.2762 115.296 40.4882 76.7341 204.723 41.5757 34.1783 84.8011 27.955 42.5558 162.852 73.2062 89.6453 449.87 235.744 95.3755 215.404 196.546 27.9066 172.004 34.4265 46.4757 158.491 336.889 24667.9 113.515 3984 62.2445 112.981 355.898 1796.22 407.904
internal_count=342487 295848 46639 30026 16613 267766 3401 28082 7797 7695 8816 8501 264365 12227 15855 3084 5708 3550 7334 1013 317 264134 5293 5011 4341 391 2071 231 3205 7886 21342 10326 1806 5529 4153 642 1838 743 4951 622 3511 3347 3346 6979 5038 3347 19504 1224 493 289 2323 2199 2854 361 24318 2122 276 1846 2760 1410 1300 5126 1654 1387 267 3472 2773 833 437 4205 2612 1035 3320 5048 2183 1512 505 1007 355 671 1967 353 300 699 223 371 1350 608 742 3280 1631 664 1941 1771 242 1634 319 432 1508 2449 242792 1095 39124 610 831 2358 17537 2690
is_linear=0
shrinkage=0.05


Tree=3
num_leaves=95
num_cat=0
split_feature=0 21 103 44 0 36 0 21 15 21 93 0 13 93 48 103 0 13 48 36 52 52 103 49 49 99 17 112 0 86 95 48 101 94 2 53 93 34 105 111 5 86 36 0 54 107 49 5 115 46 2 52 107 54 54 114 114 54 67 65 77 65 108 77 63 115 115 76 96 21 49 82 49 46 42 96 53 0 108 86 65 53 17 82 63 93 95 103 13 96 2 17 63 95
split_gain=105807 8123.9 4755.66 641.726 628.628 433.185 307.527 111.433 105.464 102.758 96.8993 91.6163 67.9127 61.4771 47.1553 46.7023 46.2186 41.0905 40.1535 30.8599 27.556 25.0766 22.8911 31.57 19.9646 17.9298 17.5724 16.2683 16.1597 14.8042 15.1265 14.5176 14.0672 13.8277 13.7607 13.422 12.6219 12.2466 18.1239 13.2475 11.298 11.0875 10.8838 10.1999 9.45321 9.34906 9.04479 10.9531 11.7421 9.03675 8.6266 8.13994 8.05873 7.33858 7.32879 7.14104 9.89708 7.12018 7.08463 9.00519 7.88538 7.06233 8.68646 7.7244 8.34084 6.99657 11.5247 9.82128 7.10479 6.73452 6.62616 6.26968 5.73944 5.54001 5.40078 5.36574 5.13438 8.71326 5.04609 4.73449 4.48226 4.74477 4.10746 3.78177 3.08471 3.00168 2.98478 2.27047 2.25711 1.94233 1.88443 1.43763 0.742481 0.0925547
threshold=2.5249279737472539 19.500000000000004 0.51257401704788219 0.067117117345333113 2.9700856208801274 24.500000000000004 1.7005987167358401 49.500000000000007 7.5000000000000009 16.500000000000004 1.5000000000000002 3.2384861707687382 1.5000000000000002 1.5000000000000002 0.020478053949773315 1.0863469839096072 2.7403194904327397 1.5000000000000002 0.022222221828997139 36.500000000000007 0.80658715963363659 0.82626661658287059 1.178645968437195 0.19999996572732928 0.14213562756776812 0.74905201792716991 8.5000000000000018 -6.7076556682586661 0.89587974548339855 0.12390350922942163 6.1886849403381357 0.035714285448193557 1.7975755333900454 9.8054332733154315 1.4748953580856325 0.42967033386230474 2.5000000000000004 5.5000000000000009 8.5546922683715838 -8.3439002037048322 6.5000000000000009 0.12390350922942163 2.5000000000000004 2.4414010047912602 1.0971675515174868 1.6408634185791018 0.33333329856395727 4.5000000000000009 0.00039479602128267294 0.25811237096786505 0.35233062505722051 0.78439825773239147 1.5223498940467837 1.1939963698387148 1.2288690209388735 3.3498877286911015 3.2525334358215336 1.2288690209388735 10.928477287292482 10.528884410858156 88.500000000000014 9.8425631523132342 8.695005416870119 13.500000000000002 7.3645501136779794 0.00037582058575935667 0.00043046263454016303 54.500000000000007 0.69309264421463024 8.5000000000000018 0.30371430516242987 1.0000000180025095e-35 0.38377965986728674 0.25036872923374182 0.12254524603486062 0.22401433438062671 0.30053764581680303 3.113268375396729 8.9460277557373065 0.15345369279384616 9.9872250556945819 0.42967033386230474 3.5000000000000004 3.5000000000000004 6.1087918281555185 1.5000000000000002 7.599846839904786 1.701510548591614 2.5000000000000004 0.3794699907302857 0.66536223888397228 12.500000000000002 6.3112628459930429 4.807049274444581
decision_type=2 2 2 2 2 2 2 2 2 2 2 2 2 2 2 2 2 2 2 2 2 2 2 2 2 2 2 2 2 2 2 2 2 2 2 2 2 2 2 2 2 2 2 2 2 2 2 2 2 2 2 2 2 2 2 2 2 2 2 2 2 2 2 2 2 2 2 2 2 2 2 2 2 2 2 2 2 2 2 2 2 2 2 2 2 2 2 2 2 2 2 2 2 2
left_child=1 6 -2 5 7 13 17 8 16 11 -5 76 22 18 19 -13 24 25 21 36 -7 54 23 90 93 61 32 -14 53 43 45 73 -25 37 80 -20 41 39 -39 -24 -26 -12 -32 44 -29 -31 47 48 -27 82 71 79 -10 58 -3 56 -35 -55 59 -19 -60 63 86 64 -1 67 69 -30 -68 -67 -51 -48 -65 75 -37 -16 -6 83 -52 -36 -15 -82 -18 -78 87 -54 -63 -17 91 -38 -8 -33 -86 -4
right_child=2 3 4 10 9 20 12 -9 52 -11 14 15 27 34 31 84 49 28 35 -21 -22 -23 33 26 40 46 -28 29 65 30 42 88 -34 55 51 74 89 38 -40 -41 -42 -43 -44 -45 -46 -47 50 -49 -50 70 78 -53 85 57 -56 -57 -58 -59 60 -61 -62 62 -64 72 -66 66 68 -69 -70 -71 -72 -73 -74 -75 -76 -77 77 -79 -80 -81 81 -83 -84 -85 92 -87 -88 -89 -90 -91 -92 -93 -94 -95
leaf_value=0.062834552478223171 0.19025977840704092 0.0013620922053829228 0.069722302406867248 0.058886237634488518 0.079204291633154317 0.079806924683528624 0.083628862623666353 0.19376321636530344 0.033900119311970553 0.18087986741386083 0.017805621385239112 0.16658117508906692 0.08113128808752515 -0.0040551037943484507 -0.02765818252679288 0.13869777241915049 0.11376389646055685 0.0013968899297802646 0.02991292539060398 0.018664155496912079 0.16829841929703726 0.096726501952378655 0.07998572523034482 0.046270391375947462 0.069713735120992451 0.0023059472432382681 0.0032453559317896447 0.043935849486397061 0.0671945799723183 0.072190982817921509 0.030208528505209883 -0.028189452066157396 0.08657453469229176 0.052447232212335729 0.0064830819321462455 -0.040038148728731272 -0.040173149694463062 0.046606369759234517 -0.0097115008104500505 0.040902066386784973 0.030679030087692301 -0.03131428474316756 0.0087994112515829385 0.07865980930541297 0.019263963723100089 0.024877512845016072 0.042239975433446326 0.0012802384933676154 0.04011836080272374 0.052523051002140886 0.021940972881825647 0.01966826110762453 0.006075646081775533 0.048020377625126238 0.04416686551689572 0.043275910399827783 0.12577030600677627 0.0029044872933735176 -0.03369387262278558 0.034739735400411843 0.0020837309611227337 0.028027208756355688 -0.030875594939276926 8.9155714052496448e-05 0.010869878588764816 0.020213431677732353 0.018486861998737652 0.0091598744838389829 0.00077010064699631993 -0.0079244113053369182 0.085962402231812673 0.010267830445127258 0.03039515662208192 -0.052941590833033819 -0.0065680645341446272 -0.047437293821148946 0.1064955744333413 0.11985002984005795 0.068294468790543142 -0.028544622321978044 -0.0040130179051070421 -0.040350202290752868 0.093955475955575657 0.078324913162381146 0.082173610044668721 -0.024438877152784227 -0.0048853835239952119 0.12655534565018842 -0.055704610782017175 -0.049670277069252228 0.13685422897676211 -0.05050084266826943 0.12073542952938637 0.10730714817242611
leaf_weight=14.870084747672083 4895.5171457305551 19.992577359080315 14.488675117492674 17.456297032535076 31.363182842731476 18.470889002084732 16.936082877218723 21.660234615206718 12.970879249274729 98.315498679876328 14.258351750671862 125.33745203912258 14.788608953356741 11.725911594927309 47.055853322148323 489.16964066028595 84.136206611990929 381.1758509427309 14.737451061606405 21.200195536017418 34.404630810022354 16.532384291291237 62.812278233468533 58.262092038989067 435.52049100399017 22.963646806776524 13.501892685890196 124.18963610380888 13.542384766042234 20.936448946595192 95.626724638044834 16.06822931021452 45.423572115600109 12.688680626451971 12.302256397902964 21.935210235416889 201.24924159795046 674.23569422215223 13.813472598791121 43.819400705397129 23.824169062077999 41.683777943253517 162.67732766270638 15.481794528663157 64.151655256748199 25.920834273099899 16.727604754269123 23.412377841770649 279.29714142531157 28.051292836666107 15.690565347671511 18.266415894031525 12.817964978516104 15.350090123713015 19.780216254293919 14.932081229984759 13.817266844213007 19.67378019541502 27.955035984516144 19.960736438632011 30.910212025046349 12.80925500392914 19.053899683058262 61.196241803467274 17.129455506801605 26.435198076069355 468.94420889765024 16.123453326523304 65.824809201061726 87.097417198121548 166.69205565750599 124.31351622194052 19.796447545289993 1052.1200800836086 28.080282501876354 566.36470279842615 297.79578450322151 318.27382872998714 12.159682422876356 31.864411234855652 10.673763960599898 131.40139784663916 329.88511052727699 37.823091700673103 17.057011306285858 16.730422146618366 11.722396202385424 454.63281372189522 23306.652717486024 185.18053913861513 16.726083904504776 279.31669234484434 170.11103196442127 46.976144723594189
leaf_count=126 25347 168 102 140 204 140 132 125 113 549 136 726 117 114 469 2960 584 3418 125 192 206 118 493 460 3278 192 108 1035 119 172 798 161 354 100 115 206 1997 5339 111 339 181 402 1362 126 537 215 141 197 2332 200 130 161 102 137 165 117 108 176 251 179 277 111 169 527 149 229 4113 141 578 765 1188 1056 171 10706 258 5748 2015 2031 101 300 99 1293 2273 255 107 154 103 2799 239602 1856 125 2854 1068 331
internal_value=-0.000526797 -0.0445759 0.159159 -0.0539522 0.112004 0.00963518 0.0289033 0.0829594 0.0806582 0.128923 -0.0549166 0.126149 0.0455824 -0.0114014 -0.0549976 0.134515 0.0835647 0.0150581 0.0169429 -0.0388446 0.140624 0.0472858 0.0533418 0.0718898 0.0719685 0.0251303 0.0581046 0.0308314 0.00943342 0.0291162 0.0218827 -0.0552913 0.0650051 0.0498608 -0.0273233 -0.00976376 -0.041677 0.0481707 0.0454425 0.0648073 0.0678173 -0.0184826 0.0168924 0.0396584 0.0358035 0.0478081 0.0298051 0.0347627 0.0373041 0.0932678 0.0199648 -0.00710309 0.00299924 0.00252922 0.023724 0.0792241 0.0957159 0.0241115 0.000791278 0.00320412 -0.0151564 0.0101586 -0.00661325 0.0167173 0.0370485 0.0144432 0.0132678 0.0379324 0.016333 -0.00110765 0.081635 0.0145345 0.00803585 -0.0504374 -0.0221795 -0.0460075 0.110536 0.111839 0.0449761 -0.0186765 -0.035319 -0.0377604 0.0984011 0.103713 0.130737 -0.0112257 0.0125406 0.133069 -0.0556301 -0.0449245 0.11507 -0.0494694 0.117955 0.100478
internal_weight=37602.8 29473.7 8129.15 26138.8 3233.63 390.168 3334.88 1193.75 1172.09 2039.88 25748.6 1941.56 1510.74 337.292 25731.2 1256.31 1129.57 1824.14 121.058 463.572 52.8755 56.3052 986.969 150.85 520.809 651.142 117.188 523.773 1172.99 508.984 305.161 25267.6 103.686 836.119 216.234 64.7529 442.372 794.681 688.049 106.632 459.345 55.9421 258.304 203.823 188.341 46.8573 494.565 325.673 302.261 608.765 168.891 62.4331 42.5193 495.026 39.7728 41.438 26.5059 35.0239 460.002 401.137 58.8652 156.578 43.5856 112.992 31.9995 677.967 648.302 29.6658 534.769 113.533 194.743 141.041 80.9927 1665.54 50.0155 613.421 685.256 653.893 27.8502 44.1667 153.801 142.075 414.021 335.619 1130.97 29.5484 24.5317 943.802 23602 386.43 33.6622 295.385 187.168 61.4648
internal_count=342459 295767 46692 267731 21345 3468 28036 8631 8506 12714 264263 12165 12148 3122 264123 7660 8137 15888 1040 4583 346 451 7786 1179 3892 5505 922 4362 10383 4245 2547 259540 814 6607 2082 589 4391 6282 5450 832 3459 538 2160 1698 1572 387 4149 2721 2524 4245 1428 576 369 4438 333 325 208 313 4125 3597 528 1356 383 973 275 5945 5685 260 4691 994 1388 1197 698 16923 464 6217 4505 4301 231 415 1506 1392 2857 2270 6934 256 214 5759 242617 3853 257 3015 1175 433
is_linear=0
shrinkage=0.05


Tree=4
num_leaves=96
num_cat=0
split_feature=1 21 103 1 93 2 1 93 52 53 2 13 19 19 23 1 32 3 13 21 48 103 15 115 114 94 92 105 48 1 113 107 3 67 96 96 46 52 53 48 46 63 34 103 115 34 9 24 9 2 111 99 3 67 38 86 3 63 26 113 109 2 67 54 48 1 2 38 49 46 95 103 77 103 9 28 49 63 86 21 77 107 115 94 49 113 69 54 15 13 3 49 11 103 114
split_gain=90564.1 7183.06 4282.96 726.482 382.329 237.957 224.476 137.491 109.291 97.3256 95.9428 79.2639 81.5878 64.7084 60.492 49.4503 42.1421 64.1864 41.0205 40.4885 37.4112 30.5456 22.5265 23.5005 20.897 19.6569 19.3575 18.3249 17.3275 16.6702 16.0149 15.1056 15.0014 15.2432 14.8792 13.6962 13.4959 13.3091 12.7156 12.2291 12.1211 11.9563 11.6267 11.4948 10.7311 10.4593 9.93777 9.75489 9.43987 9.23004 13.8339 14.9556 9.03865 9.03736 9.01877 8.84631 9.8481 13.2536 12.3192 9.28027 8.61336 8.53212 8.43759 8.35577 8.13404 8.03378 7.72216 7.50669 7.3703 7.35455 7.33571 7.28214 7.06636 7.0197 7.01496 6.46748 6.44799 6.38486 6.49723 6.34596 6.28941 6.20148 5.7473 5.54718 5.26757 4.6985 3.47919 2.44992 4.02738 2.32348 2.02427 1.42577 1.04662 0.830682 0.747336
threshold=9.5000000000000018 19.500000000000004 0.48279511928558355 16.500000000000004 1.5000000000000002 1.8673192858695986 3.5000000000000004 1.5000000000000002 0.88939857482910167 0.6012820601463319 1.6399091482162478 2.5000000000000004 58.500000000000007 48.500000000000007 1.5000000000000002 22.500000000000004 9.5000000000000018 1.0029752254486086 1.5000000000000002 19.500000000000004 0.020478053949773315 1.4297588467597964 7.5000000000000009 0.0006101939652580769 -4.6742565631866446 9.5013799667358416 1.5000000000000002 1.7824801802635195 0.033445188775658614 2.5000000000000004 -8.944058418273924 1.0331690311431887 2.2318032979965214 6.6607737541198739 0.18834459781646731 0.31311275064945226 0.15438786894083026 0.71408730745315563 0.5838744342327119 0.16666664928197863 0.27259552478790289 7.1066224575042733 5.5000000000000009 0.93369507789611828 0.0005905164871364833 25.500000000000004 72.500000000000014 6.5000000000000009 81.500000000000014 0.11557132750749589 -15.056838035583494 2.3393989801406865 2.3540138006210332 7.9522826671600351 1.5000000000000002 0.22176685184240344 2.1459902524948125 8.4909405708313006 1.5000000000000002 -8.8510107994079572 0.58877697587013256 0.42769101262092596 9.8293709754943865 1.1310068368911745 0.083221625536680235 2.5000000000000004 0.61771053075790416 33.500000000000007 0.28552378714084631 0.19367341697216037 7.3798503875732431 4.0279855728149423 67.500000000000014 1.3733335733413699 74.500000000000014 2.5000000000000004 0.26315788924694067 8.7829499244689959 0.65833333134651195 12.500000000000002 6.5000000000000009 1.7042458653450014 0.00037460858584381645 9.0374212265014666 0.46153844892978674 -8.7982263565063459 6.7749834060668954 1.1939963698387148 2.5000000000000004 1.5000000000000002 1.7963677644729616 0.2113248556852341 2.5000000000000004 1.7123926877975466 3.3264712095260625
decision_type=2 2 2 2 2 2 2 2 2 2 2 2 2 2 2 2 2 2 2 2 2 2 2 2 2 2 2 2 2 2 2 2 2 2 2 2 2 2 2 2 2 2 2 2 2 2 2 2 2 2 2 2 2 2 2 2 2 2 2 2 2 2 2 2 2 2 2 2 2 2 2 2 2 2 2 2 2 2 2 2 2 2 2 2 2 2 2 2 2 2 2 2 2 2 2
left_child=1 6 76 7 8 11 14 13 20 -7 15 12 29 22 26 79 27 -18 25 21 36 91 23 37 -20 31 43 44 34 89 -26 40 -17 -34 -13 -11 -3 -4 81 48 66 -29 61 -1 62 -38 -43 65 -32 77 52 -52 -51 54 -45 68 59 80 -59 75 -41 -33 -9 -44 93 -22 -8 -36 71 -31 -61 94 -55 -35 -25 -57 -2 84 -79 87 -58 -19 -70 -84 -28 -40 -49 88 -5 -6 -23 -12 -30 -27 -16
right_child=2 4 3 10 5 9 18 16 -10 35 19 28 -14 -15 55 32 17 38 24 -21 47 90 -24 74 30 64 49 41 92 69 39 42 33 73 67 -37 45 -39 85 60 -42 46 63 53 -46 -47 -48 86 -50 50 51 -53 -54 72 -56 56 57 58 -60 70 -62 -63 -64 -65 -66 -67 -68 -69 82 -71 -72 -73 -74 -75 -76 -77 -78 78 -80 -81 -82 -83 83 -85 -86 -87 -88 -89 -90 -91 -92 -93 -94 -95 -96
leaf_value=-0.014009360809879225 0.16612133989086914 0.07648481586179047 0.058547429054371214 0.095027450614953185 -0.03587775414603156 0.13225882317695442 0.05173124394757353 0.077371631079975939 0.16514519213859905 0.029756927115020721 0.13839001603402987 0.006357061541400217 0.092371540505558167 0.16816091090801891 -0.038561385497896367 0.10088943615959396 0.10740696254614363 0.042421691309873361 0.082307995674408024 0.15498435692512569 -0.01246758163827247 0.10334612018477465 0.018584174426570402 0.084820246095197283 -0.020468858245177218 0.097635554867777974 -0.0091133799297542593 0.064511550855441371 -0.0539016281161315 -0.021957443200775723 0.036556265064065709 0.041005600072850104 0.075863473584834917 0.13939247841226471 -0.050939340648144753 -0.03838356978956662 0.049970381380107592 0.075859081924444072 -0.035827132581322252 -0.013920067110006021 0.036791528227059826 0.044991437684918943 0.042852407189043984 0.031747581548675768 0.11053895284174738 -0.0039300520668155954 0.0060352415015180226 -0.040935332841350557 0.02007450212683027 -0.010761729332446427 0.010867368242232668 0.030276610301097691 0.031002596818799889 0.023785117142477732 -0.014220420315033009 -0.013583948524237633 0.012233214109785428 0.054266838947956086 0.0088785815939083287 0.0015355078435153663 0.03213342803611148 0.07305993679528576 0.021056536108884652 0.025453253084312167 0.039781329902360982 0.032457348511992286 0.11141139686445325 -0.036344247541645093 0.042772182671231701 -0.03785316661556834 -0.022807266793405931 0.014225104150380752 0.037043081759464469 0.11650728013839969 0.0659727878473889 0.027597181296117563 0.11988437918604167 0.0070185680740123615 0.046462454743102934 0.059046200081276527 -0.014494019441229645 -0.0047797624007982339 0.012458062027052201 -0.0086841932318305736 0.016512026826300683 -0.0074926868947578209 -0.0056342572246092949 0.11328364637881379 0.077353555264585649 -0.049468471547675211 0.11741961787086273 0.095029817825152782 -0.055587772675598113 0.059743789450008203 -0.014973325138409991
leaf_weight=14.370740309357641 5294.0289998501539 20.444147549569607 343.39950579404831 515.280422732234 61.78757967799902 21.089834608137608 14.487790696322916 15.530903659760954 11.965377502143381 11.830411881208422 256.90416651964188 11.264519080519674 10.119468316435812 17.472630709409714 11.442596308887007 237.60461458563805 12.119436450302599 12.698616087436678 17.061673976480961 120.4761656075716 20.516240686178207 196.95333363115788 20.870480939745903 421.4990511611104 15.71971710026264 29.239057935774326 78.076407827436924 24.965768113732338 3455.6053365319967 109.92550878226757 295.23245219886303 48.14572986215353 28.247054651379585 110.5778751373291 1308.9330988898873 14.935852639377115 16.699741303920746 225.43691466748714 28.677035480737686 26.677407182753086 21.211566969752312 28.5154894515872 552.56216824799776 17.738441713154316 15.419741369783877 16.781540349125862 38.765190340578556 20.346149474382401 137.41205755621195 56.95259951800108 176.18155335634947 240.00572573393583 15.118926480412481 190.89909023046494 22.300410807132721 14.338012382388113 29.763014867901802 18.870551392436028 62.279049672186375 41.384820990264416 14.32391858845949 57.52442529797554 14.427409514784811 91.673552483320236 16.965497486293316 16.553103022277355 19.96970783919096 118.80945526063442 12.698566131293772 311.9471245855093 111.19025436043739 14.878576844930647 270.1340801268816 297.53128363192081 99.997896783053875 22.322465799748898 27.055893503129482 38.473375238478184 13.664590589702128 23.951861023902893 71.823054954409599 12.452990613877772 229.34094364196062 34.182474248111248 25.195733748376369 32.522317200899124 12.10512465238571 52.709454581141472 92.016441538929939 429.8224191442132 407.40432740747929 17.896017953753471 18991.62792493403 14.28142064064741 11.343739181756971
leaf_count=122 25205 137 2456 3206 621 134 108 117 74 98 1400 100 73 89 100 1380 77 108 129 627 178 1139 167 2787 132 219 693 188 36984 1092 2401 365 160 610 13810 151 133 1566 263 221 163 217 4256 149 114 137 295 195 1134 491 1531 2055 129 1578 184 126 266 167 556 370 120 427 110 705 129 145 145 1223 110 3192 993 130 2232 1718 685 198 148 342 121 153 640 105 2001 298 222 295 116 329 590 4527 2329 105 204109 108 100
internal_value=-0.000548396 -0.0446883 0.137128 0.0959135 -0.0537406 -0.0541975 0.0256188 0.0667334 0.0297292 0.0557887 0.112748 -0.0544134 -0.0398505 0.0740056 0.0142014 0.103646 0.0316781 0.00642575 0.0409271 0.124929 0.0146986 0.120542 0.0722914 0.0732833 0.0294089 0.0475884 0.0211597 0.0494102 -0.0549735 -0.0414752 0.0272983 0.0453207 0.113807 0.120448 -0.0493188 -0.00793153 0.0453942 0.0656073 -0.00922515 0.0289643 0.0712734 0.0354232 0.0432423 0.0284139 0.0755871 0.0236584 0.0233125 -0.00942638 0.031432 0.0152825 0.0186604 0.0221527 -0.00141116 0.0296887 0.0063151 0.00240668 -0.0027863 0.00543551 0.0203475 -0.0107584 0.00249981 0.0593269 0.0528663 0.0404569 0.0758018 0.00781622 0.0898015 -0.0497712 0.00857629 -0.0338274 -0.0161889 -0.0117046 0.0316699 0.12322 0.0814249 0.0113282 0.165922 0.00452954 0.0185529 0.0933916 -0.00650232 0.0197225 0.011426 0.00964427 -0.00261911 -0.0214687 -0.0288924 0.0944862 0.0925631 -0.0478949 0.113117 0.136134 -0.0553323 0.0878282 -0.0288804
internal_weight=37254 28210.6 9043.41 3722.32 24993.1 24857.7 3217.46 1364.77 135.411 47.8561 2357.55 24809.8 923.602 1128.68 1844.97 1357.92 236.095 98.4704 1372.49 999.634 123.446 879.158 1111.2 1090.33 506.427 866.061 1159.11 137.625 23886.2 913.483 489.366 805.575 673.961 436.356 1439.01 26.7663 53.9254 568.836 86.351 473.646 55.6691 92.2464 749.906 515.443 45.3781 33.4813 67.2807 69.5206 432.645 643.669 488.259 416.187 72.0715 501.072 40.0389 685.858 371.971 182.736 81.1496 189.236 41.0013 105.67 29.9583 644.236 60.486 37.0693 34.4575 1427.74 313.887 421.873 152.575 37.6649 461.033 408.109 521.497 36.6605 5321.08 155.41 52.138 683.958 101.586 25.1516 276.222 263.523 103.272 61.1994 32.4513 660.006 607.297 491.61 604.358 274.8 22447.2 43.5205 22.7863
internal_count=342633 293895 48738 23385 267229 266114 26666 9639 1115 383 13746 265731 9505 7750 15904 8146 1889 848 10762 5600 1041 4973 7661 7494 4137 6625 9849 1041 256226 9432 4008 6169 3868 2488 15133 249 407 4022 771 3876 416 700 5753 4265 341 270 512 634 3535 5584 4206 3586 620 4143 333 6055 3316 1629 723 1687 341 792 227 4961 456 323 253 15033 2739 4284 1363 330 3810 2328 3472 324 25353 1378 463 4278 906 213 2409 2299 915 558 311 4125 3796 5148 3468 1505 241093 327 200
is_linear=0
shrinkage=0.05


Tree=5
num_leaves=101
num_cat=0
split_feature=93 103 21 112 44 3 48 0 0 38 103 34 48 48 21 17 3 0 98 100 0 0 90 108 46 49 48 95 24 0 67 107 21 94 65 109 99 24 19 67 46 0 44 74 34 38 50 90 103 113 113 3 112 113 44 17 112 113 9 49 34 71 96 52 71 101 103 82 109 69 46 21 19 103 109 3 103 93 93 109 67 46 107 103 114 30 100 100 0 52 21 96 94 15 11 9 9 44 17 32
split_gain=79089.3 5717.32 4011.99 1354.43 394.067 295.597 175.366 120.783 91.0344 79.902 54.4549 48.1444 44.4837 38.8944 38.2396 34.6898 28.8829 28.1746 25.5273 24.9631 22.8336 21.4437 19.9332 19.3104 17.1058 16.664 15.2925 15.1877 13.5317 13.7507 13.5083 14.2677 12.5657 11.81 11.4286 11.1989 17.3816 11.8035 11.0649 11.8847 13.1454 10.4529 10.3442 9.40682 12.8869 9.34344 9.15465 9.62257 10.6009 9.79201 10.2105 9.06703 8.7154 8.49223 8.21547 11.3443 9.612 9.19138 7.56918 7.37088 7.3513 7.31255 7.3016 7.6569 7.04926 6.96065 6.50572 7.35609 8.03744 6.18047 6.11134 5.82325 5.78999 5.41148 4.94003 4.93165 4.90589 4.75566 4.49251 3.90509 3.84498 3.606 3.24078 3.04448 2.77372 2.71692 2.62098 2.45747 2.45127 2.32051 3.02732 2.82488 1.78602 1.75742 1.45298 1.39521 0.688224 0.505812 0.500192 0.0202896
threshold=1.5000000000000002 0.045877892524003989 19.500000000000004 -7.1587090492248526 0.067117117345333113 0.69591727852821361 0.020478053949773315 3.113268375396729 1.8688348531723025 19.500000000000004 1.2016427516937258 14.500000000000002 0.020478053949773315 0.020478053949773315 52.500000000000007 17.500000000000004 1.403691351413727 2.5249279737472539 10.500000000000002 1.3409046530723574 1.2424533367156985 1.2424533367156985 6.5000000000000009 6.3103363513946542 0.22257608175277713 0.15438786149024966 0.040057305246591575 6.8296964168548593 6.5000000000000009 2.5249279737472539 9.4138789176940936 1.725647032260895 6.5000000000000009 9.8272657394409197 11.441554546356203 0.019114402122795585 1.5400873422622683 4.5000000000000009 11.500000000000002 10.662644863128664 0.29933090507984167 3.3140207529067998 0.10557275637984277 4.5000000000000009 11.500000000000002 7.5000000000000009 1.5501518845558169 3.5000000000000004 1.457520663738251 -7.2128305435180655 -8.9295949935913068 0.90970999002456676 -0.26440984010696406 -8.9367198944091779 0.50862067937850963 6.5000000000000009 -0.27994626760482783 -8.871884346008299 81.500000000000014 0.27769485116004949 12.500000000000002 7.5390887260437021 0.55458366870880138 0.61452057957649242 7.9694249629974374 9.1229372024536151 2.2176860570907597 1.5000000000000002 0.97519487142562877 6.9734611511230478 0.50342464447021495 11.500000000000002 8.5000000000000018 2.0446097850799565 0.76807400584220897 2.3856447935104375 1.7339324951171877 2.5000000000000004 2.5000000000000004 0.085148699581623091 11.016088008880617 0.20599461346864703 1.3685804009437563 1.9715108275413515 3.3328622579574589 5.5000000000000009 1.5352530479431155 3.4327768087387089 4.0342013835906991 0.76204994320869457 25.500000000000004 0.33473390340805059 7.8713150024414071 6.5000000000000009 2.5000000000000004 82.500000000000014 76.500000000000014 0.12440476194024087 18.500000000000004 10.500000000000002
decision_type=2 2 2 2 2 2 2 2 2 2 2 2 2 2 2 2 2 2 2 2 2 2 2 2 2 2 2 2 2 2 2 2 2 2 2 2 2 2 2 2 2 2 2 2 2 2 2 2 2 2 2 2 2 2 2 2 2 2 2 2 2 2 2 2 2 2 2 2 2 2 2 2 2 2 2 2 2 2 2 2 2 2 2 2 2 2 2 2 2 2 2 2 2 2 2 2 2 2 2 2
left_child=1 81 8 7 5 -4 9 11 21 17 19 66 18 14 28 20 -12 22 42 -9 45 46 32 30 33 -13 77 38 29 -7 31 -10 -5 -19 54 36 59 58 39 40 -25 86 51 44 -22 65 47 48 -2 50 -49 -6 -26 74 55 56 -23 -57 -37 -29 72 -38 63 -32 -51 -8 67 71 -69 83 -39 -3 -55 -50 -48 92 82 95 -44 -30 87 -1 -40 -17 -62 -53 -18 -15 -43 90 -79 -91 -68 98 99 -14 -80 -97 -82 -28
right_child=2 3 4 6 12 13 15 10 23 -11 16 25 26 80 -16 69 41 24 -20 -21 43 34 -24 27 52 -27 94 35 79 -31 62 -33 -34 -35 -36 37 61 70 76 -41 -42 88 78 -45 -46 -47 53 49 73 64 -52 85 -54 60 -56 57 -58 -59 -60 -61 84 -63 -64 -65 -66 -67 75 68 -70 -71 -72 -73 -74 -75 -76 -77 -78 89 96 -81 93 -83 -84 -85 -86 -87 -88 -89 -90 91 -92 -93 -94 -95 -96 97 -98 -99 -100 -101
leaf_value=0.14841347477461803 -0.011561332921751974 0.087939538674393206 0.13069808134396826 0.063080563654457397 0.010509251781980682 -0.0082898886637213422 0.025416195393787464 0.093585886748564703 0.10533982831505793 0.14378829818038072 0.13323399935964583 0.13315531804715536 -0.014925350046938474 -0.028595265786293001 0.06819908308119331 -0.012560235068582405 0.063743089500226363 0.072756539723491762 0.015424552493014224 0.13354133141950775 0.033763781289317188 0.020112615446777744 0.00043136400173413324 0.057323525132666975 0.049263414502971788 0.084968798661339121 -0.035750056268184519 -0.015312379198165317 -0.0058781371909753088 0.056340663340697844 0.025382926507278209 0.032483947512701408 0.044636664522483716 0.026122834196088959 0.053385450325864572 0.027563513947405235 0.028093837507241828 0.006426433254879853 0.044435760577450467 -0.011101001399668792 0.02404158680623876 0.1034951781607 -0.017697077812548399 -0.0027088073544473739 0.060423749362246551 -0.020779344764604024 0.048967560240193407 -0.021327120931292787 0.055789113153782578 -0.040875995833388336 0.012489911301862118 -0.01397441651646931 0.084015044157703889 -0.0064692637401224428 -0.014292452874980766 0.030397474462006455 0.045526134791681223 0.0075622994845369416 0 0.023402786985942097 -0.022744191666018154 0.062135836444224171 0.0034459312722134685 0.074717423649183476 0.0072710818574403578 0.0086840987174568174 0.080330443946810659 0.076599909954662718 0.048099243060130609 0.0062280780707590546 -0.029301403173901449 0.053611700725818362 0.0061267511727088825 0.023549984916110774 0.0036295948012688428 0.032142284643027527 0.035580373382437823 -0.019848215737318421 -0.024605306896357079 -0.027355667977430671 -0.011391073990928599 0.10853311701453999 0.089639206813668118 -0.049892389525542542 0 -0.036203075302897646 0.092685434551699836 0.0025397915113658937 0.080031390516198231 -0.031968592810980745 -0.051837410979858917 -0.047860837406547729 0.049610571949713606 -0.043965883076779698 -0.055271176701310043 -0.04226807392790901 -0.048641917595351823 -0.024051322057915936 -0.031553840035944247 -0.053528780982590222
leaf_weight=5617.8080795034766 15.838216319680212 373.62019471824169 38.113897010684013 130.89973333477974 12.292659513652323 17.843602433800701 198.47033050656319 70.268601089715958 20.495550833642483 24.699340477585793 77.909234702587128 65.509889736771584 9.3188516646623594 12.818339295685293 17.64049755781889 13.043250828981401 24.74246484041214 311.23988152295351 20.103727124631405 238.66162966191769 410.19771258533001 201.33581205457449 22.763567887246609 50.564534969627857 264.15214174240828 44.749266594648361 15.688628248870371 14.468971416354178 41.54627151042223 12.959493257105349 21.881784237921238 13.003554642200468 518.78869907557964 17.18551704287529 20.253789961338043 152.37357752025127 30.971040636301041 53.424151845276356 13.262093581259252 13.039980247616766 82.819685727357864 955.91147047281265 16.343533337116241 14.646442845463751 54.45900509506464 13.292753688991068 12.343743123114111 23.05619602650404 18.139049626886845 16.361394651234153 237.95658081769943 20.628547608852386 22.855760008096695 139.52569527179003 20.194422163069248 51.342148341238499 47.482997745275497 294.71618553251028 29.841095186769962 52.282435692846775 46.121611036360264 49.09149482101202 13.349649272859095 14.753191635012625 12.024563066661356 96.401489250361919 27.339628249406815 400.05029461532831 38.904298648238182 15.436897873878477 13.774449005722998 23.258283466100693 255.43529978394508 62.849132768809795 11.981858797371386 18.354078829288483 19.407351203262806 10.911351181566713 9.5123526081442815 47.524834729731083 10.604373887181284 26.898714080452919 18.507095016539097 11.933237195014952 19.292816005647182 103.81527164578438 513.74150875210762 9.9937406703829748 44.055124536156654 55.192866146564484 1461.0303011387587 177.68873861432076 23.277465365827084 80.348912201821804 17976.013448379934 104.70293422043324 264.15742205828428 14.034434594213961 10.450778998434542 3356.7275323048234
leaf_count=25183 140 2282 218 929 122 164 1638 352 152 127 381 333 98 132 127 123 138 2042 180 1203 3191 1673 186 380 1817 268 170 112 395 97 167 100 3758 117 168 1178 240 424 102 100 628 5099 159 122 427 116 107 197 159 145 2087 200 155 1232 171 428 396 2480 239 408 415 381 103 112 106 777 167 2441 239 141 110 143 2274 546 104 114 150 121 102 452 106 146 141 112 174 1075 2890 103 234 604 16148 1952 144 835 201955 1115 2850 150 107 37480
internal_value=-0.000687794 0.113615 -0.0476427 0.0750972 -0.0535632 0.00334901 0.0447834 0.097127 0.0172225 0.0561597 0.104625 0.0827631 -0.054286 -0.015797 0.00248554 0.0266655 0.100615 0.0543061 -0.0383015 0.124981 0.0289914 0.0103488 0.0468969 0.0324373 0.0622517 0.115091 -0.0545912 0.0290959 -0.0078257 0.0199455 0.0551542 0.0799489 0.0485049 0.0704765 0.0173316 0.0232271 0.0342511 0.0165321 0.0405502 0.032789 0.0372297 0.0988288 -0.040901 0.0358525 0.0370942 0.0181657 0.00522256 0.0109509 0.0245164 0.00627474 0.00935984 -0.0287697 0.0524879 0.000617792 0.0160011 0.0170796 0.0252461 0.0110955 0.0230941 0.0147123 -0.000923316 0.0498486 0.0364976 0.04767 -0.0208046 0.0200514 0.0786286 0.0800725 0.074269 -0.017832 -0.00123141 0.0861624 0.00164416 0.0317751 0.0285309 0.0596567 0.0610001 -0.0498985 -0.046409 -0.0177114 -0.0359045 0.148254 0.0739238 -0.0325905 -0.0162641 -0.032808 0.0915549 -0.0152288 0.102593 -0.0506813 -0.0516275 -0.0443657 0.0682295 -0.0401688 -0.0549901 -0.0389336 -0.0479815 -0.040525 -0.0232752 -0.053465
internal_weight=36837.1 10725.5 26111.6 5080.82 23928 299.845 2140.47 2940.35 2183.56 1312.58 1925.29 1015.06 23628.2 261.731 137.515 827.881 1616.36 1287.89 446.854 308.93 787.468 1506.25 672.452 677.312 615.433 110.259 23181.3 593.828 119.874 30.8031 83.4837 33.4991 649.688 328.425 635.325 396.227 146.814 249.413 197.601 146.424 133.384 1538.45 426.75 479.303 464.657 308.165 870.926 386.225 96.8264 289.399 261.013 136.736 287.008 484.701 615.072 594.877 248.819 346.058 182.215 66.7514 460.375 80.0625 49.9846 36.635 28.386 294.872 904.804 835.833 438.955 40.4134 67.1986 396.878 394.961 80.9882 24.3256 68.9712 51.1765 1832.88 290.013 89.0711 124.216 5644.71 31.7692 24.9765 65.4144 124.444 538.484 22.8121 999.967 1704.82 1471.94 232.882 50.6171 101.404 21348.4 128.056 273.67 118.737 21.0552 3372.42
internal_count=342981 57535 285446 32206 267217 2736 15778 16428 18229 9131 10297 6131 264481 2518 1235 6647 8742 9004 4688 1555 6271 13002 4873 5227 4131 601 259793 4593 1108 261 634 252 4687 2159 5316 3092 1141 1951 1501 1108 1008 8361 4508 3740 3618 2531 7686 3380 845 2535 2284 1397 1972 4306 5148 4977 2069 2908 1417 520 4095 621 382 279 251 2415 5530 5105 2680 376 534 2425 3506 705 211 425 393 20188 3111 847 1283 25329 243 235 589 1275 3028 235 5333 18825 16269 2556 311 1048 239605 1363 2952 1265 213 37650
is_linear=0
shrinkage=0.05


Tree=6
num_leaves=110
num_cat=0
split_feature=93 103 21 112 44 3 48 46 42 21 103 48 32 49 46 21 34 53 32 36 6 108 113 26 67 84 46 46 103 108 112 91 93 34 92 108 76 94 82 54 65 65 94 78 94 46 93 13 30 65 80 3 44 103 52 103 99 54 42 115 86 32 44 94 103 115 100 103 109 103 53 103 36 38 95 3 95 101 108 112 115 67 86 86 108 112 86 90 46 109 49 46 67 113 90 94 82 44 44 115 90 67 74 65 44 67 21 21 23
split_gain=70004.6 4921.11 3901.58 1074.49 372.003 262.879 166.263 90.6693 86.9 68.1076 45.354 44.9519 42.482 41.2724 30.9028 24.4636 21.8763 21.7539 22.5369 20.1165 19.0282 18.1605 17.0462 15.1415 13.4397 12.4488 12.4154 12.4118 11.7608 11.081 10.7912 13.9747 10.6082 10.2474 10.7407 10.0426 9.72672 10.7942 9.57988 9.17144 8.56965 12.9207 8.54445 14.9865 10.4643 8.48282 8.46638 8.46517 8.40677 15.1757 8.39005 8.32111 9.36394 8.00571 7.76583 13.2489 7.99193 7.71024 7.99963 7.56677 7.53972 7.47491 7.29472 14.158 6.76679 10.1657 6.66264 16.9783 6.58656 7.07496 6.21253 6.1768 6.15257 6.15116 5.7653 9.54875 8.52129 6.76627 5.54184 5.51536 5.28513 5.00745 4.89783 5.86279 4.42054 4.32051 3.83509 3.52121 3.51239 3.24065 3.21 3.02502 2.88287 2.75327 2.74516 3.34253 2.63573 2.44841 2.35688 2.23039 1.19272 1.20088 1.08416 0.910669 0.476194 0.559878 0.390469 1.32614 0.323566
threshold=1.5000000000000002 0.099031813442707076 19.500000000000004 -7.1587090492248526 0.067117117345333113 0.90970999002456676 0.022222221828997139 0.069570478051900878 0.14009346067905429 50.500000000000007 1.0863469839096072 0.020478053949773315 13.500000000000002 0.22742946445941928 0.20071942359209063 16.500000000000004 14.500000000000002 0.40212766826152807 16.500000000000004 37.500000000000007 1.0000000180025095e-35 7.321965456008912 -7.2563734054565421 1.5000000000000002 9.4138789176940936 0.33084577322006231 0.23345498740673068 0.19367341697216037 0.4549481868743897 8.5816345214843768 -6.4511873722076407 2.5000000000000004 2.5000000000000004 10.500000000000002 1.5000000000000002 5.4565169811248788 5.5000000000000009 5.5423219203948983 1.5000000000000002 1.1310068368911745 10.184216976165773 9.4727191925048846 8.560214042663576 1.0000000180025095e-35 7.7620322704315194 0.29933090507984167 2.5000000000000004 1.0000000180025095e-35 2.5000000000000004 6.683730125427247 1.0000000180025095e-35 2.4256429672241215 0.08842144533991815 1.5903942584991457 0.71408730745315563 2.9105776548385625 0.49163810908794409 1.1790292263031008 0.39433813095092779 0.69236966967582714 0.29957266151905065 5.5000000000000009 0.36023256182670599 8.2377939224243182 1.7916493415832522 0.00058575900038704287 0.61293074488639843 0.97892677783966076 0.68603447079658519 1.4205672144889834 1.1220867037773135 5.4274666309356698 5.5000000000000009 3.5000000000000004 7.1324057579040536 1.8473722934722903 7.7809860706329355 3.081680536270142 10.379176616668703 -0.3430753350257873 0.0005905164871364833 9.8293709754943865 0.39907407760620123 0.12390350922942163 6.4692890644073495 -0.32802319526672358 0.12390350922942163 5.5000000000000009 0.18146027624607089 0.0028641915414482359 1.0000000180025095e-35 0.20599461346864703 10.00776243209839 -8.7408123016357404 7.5000000000000009 9.1605319976806658 3.5000000000000004 0.10856469348073007 0.047905908897519119 0.00056522703380323957 4.5000000000000009 10.881623744964601 1.5000000000000002 10.820183753967287 0.16700680553913119 12.768887519836428 29.500000000000004 37.500000000000007 4.5000000000000009
decision_type=2 2 2 2 2 2 2 2 2 2 2 2 2 2 2 2 2 2 2 2 2 2 2 2 2 2 2 2 2 2 2 2 2 2 2 2 2 2 2 2 2 2 2 2 2 2 2 2 2 2 2 2 2 2 2 2 2 2 2 2 2 2 2 2 2 2 2 2 2 2 2 2 2 2 2 2 2 2 2 2 2 2 2 2 2 2 2 2 2 2 2 2 2 2 2 2 2 2 2 2 2 2 2 2 2 2 2 2 2
left_child=1 91 8 7 5 13 9 10 21 17 -3 19 35 -4 16 59 66 40 22 32 27 24 -19 46 64 28 54 53 99 48 31 50 86 34 -30 79 38 -38 -35 51 41 -5 44 -44 -37 71 100 -20 49 -16 78 52 -32 -7 55 -27 -56 70 -59 90 -36 -50 63 -41 65 84 -9 -68 89 -70 -47 85 -61 -73 77 -76 -77 -26 -23 -8 -53 -52 83 -29 -2 -28 -6 -22 -88 -31 -12 -1 -58 -81 95 -14 -34 -98 -42 -10 -13 -102 -89 -104 105 -48 -18 -108 -25
right_child=2 3 4 6 11 20 12 14 25 -11 15 23 94 -15 29 -17 106 18 47 -21 87 30 -24 108 74 26 45 82 33 68 39 -33 96 36 60 42 37 -39 -40 62 98 -43 43 -45 -46 57 104 -49 61 -51 81 80 -54 -55 56 -57 92 58 -60 72 -62 -63 -64 -65 -66 -67 67 -69 69 -71 -72 73 -74 -75 75 76 -78 -79 -80 93 -82 -83 -84 -85 -86 -87 88 102 -90 -91 -92 -93 -94 -95 -96 -97 97 -99 -100 -101 101 -103 103 -105 -106 -107 107 -109 -110
leaf_value=0.13485371402417554 0.065366460416657834 0.12605756777398297 0.1198130160597175 0.067623601666077407 0.0010255111635742874 0.041588225238684183 0.023429054352942374 0.046393569798802492 -0.0019388217943949197 0.13449821306188764 0.09827031112580531 -0.019765222559641863 -0.027493538639032363 0.02401123935789742 0.03243567169585173 0.1294141898451949 0.12201576360786781 0.051407563865454156 0.040192589339539633 0.009846114508647294 -0.0091831709690853788 0.068995828953202332 0.029368015244120443 -0.053821140356359522 0.06691192039674386 0.064582086199278507 -0.031929692408213035 0.0072355639748285187 -0.016647109775241722 0.062347762379965956 0.046035299990578267 0.0039457324560399345 -0.014208936718478192 0.055800795834646859 0.017033011983388965 0.028277867589333091 -0.017516427039494169 0.0080697739504098105 0.011959226613805992 0.059265634061642362 0.11196456104740914 0.021783149387848075 0.048573962724995548 0.0070517898043129957 0.0097805319338805825 0.012955042316032492 -0.049740144553878221 -0.0069901926601817575 0.034592924397130853 0.075685536650183113 0.0043686214912853297 0.057042459899815781 0.011977566919979947 -0.0034011380893873761 -0.022380775984981911 0.007380365889982721 0.0038555124485989711 0.044156789729276572 -0.0042424043537625479 0.086995838010030357 0.032664475484210143 0.062043657608797792 0.0062808170287068617 0.0047521530908537961 0.031417514462312279 0.098206762334424755 0.11638917902359787 0.081889668048473835 0.091984122160517531 0.051768061672799306 -0.00080433369687819042 -0.01557287485136364 0.060009851022543276 0.029673842118245544 0.062205990479753295 -0.017144363942823076 0.024480297704292085 0.019880222997951932 0.02640835780250457 -0.024153157010609643 0.018473645481640513 0.045617204984358083 0.006913572031788915 -0.032469192929213783 0.02686997138024504 -0.0069412807602778712 -0.0016267403152146157 -0.016469943773158944 -0.035493578810902093 0.087023846437981695 0.078880256283253666 0.099531764221753624 0.039394489762428625 0.0055283045161114838 -0.03973021033878929 0.0021169933567219842 -0.035599560716109327 -0.047290631452515483 0.067117627228185581 -0.031513913636240246 -0.052315799470250682 -0.036069193231520469 -0.028766914759488289 -0.043049602292825159 -0.052688737082410536 -0.032994368075752227 0.07698162813836483 0.11244118945385495 -0.055081860785386794
leaf_weight=5871.4646031036973 21.43229366093874 147.46392486989498 43.197353191673756 104.48505753278732 16.242360264062881 16.744560152292252 20.075041398406029 19.730484202504158 12.748554587364199 23.938622415065765 553.56153978407383 15.022681981325148 16.751040443778038 16.578870981931686 27.477788850665092 56.841036275029182 49.846475131809711 1038.1997500509024 13.154750004410742 20.422896772623062 15.29072544723749 43.44434704631567 105.84156486392021 5654.8985680416226 21.269504547119141 20.407953187823296 33.461053982377052 10.60628619790077 19.060932993888855 38.248103693127632 20.898077294230461 22.77237094193697 10.417268522083758 15.884936064481733 392.47512421756983 512.28737214952707 52.909812420606613 167.74001732468605 51.889507345855236 44.703084841370583 17.432122386991978 20.93171051889658 105.00811747461557 28.748996056616306 94.343259766697884 107.37363909929991 1173.4060637354851 25.367622166872025 52.103547021746635 178.25847659260035 16.248398922383789 19.760438770055771 273.19615041464567 20.331827938556671 14.100456997752188 20.450671531260014 11.936650335788729 21.830021969974041 12.522046908736227 290.33850245177746 100.99397727847099 73.861219748854637 16.62004167586565 16.976956054568291 21.935031980276108 20.483956180512905 46.302329808473587 1105.7934675514698 18.423222854733467 63.424314245581627 327.70288217812777 12.710918448865415 41.989554315805435 14.295976035296915 12.755161389708517 13.907280564308165 60.408299632370472 15.236968241631983 13.404053591191767 14.323043026030065 20.700386062264442 13.564722344279287 14.564610503613947 43.766040250658989 17.920247778296471 38.924414798617363 11.171290889382361 11.041165910661219 29.790280662477016 195.52545286715031 70.033680215477943 28.686164520680904 11.657083407044409 13.700736321508883 13.234879225492476 18.341825470328331 101.56550183147192 241.59127596765757 19.309636905789375 13.565473720431326 27.268177635967731 118.48363346606493 38.820124141871929 68.586598291993141 1220.5611956119537 20.513695269823074 32.933471187949181 23.457722097635269 13934.184803724289
leaf_count=25202 153 682 235 678 156 139 156 101 109 112 2791 164 151 122 153 255 247 7024 92 185 151 323 728 66196 159 179 294 101 163 223 149 177 115 135 3298 3986 451 1419 444 340 103 135 807 236 741 944 13525 200 306 1011 124 147 2105 172 126 179 104 189 111 1467 828 438 132 132 165 148 238 6064 103 369 2869 112 213 127 99 106 464 114 101 113 156 104 138 424 133 342 111 118 309 1122 356 149 102 108 133 170 1078 2712 127 116 303 1309 412 738 14172 234 168 114 163674
internal_value=-0.000682768 0.103306 -0.0470567 0.0682588 -0.0531708 0.00214267 0.041555 0.0873129 0.0164941 0.0522972 0.0986163 -0.0539046 0.0239113 0.0946439 0.0804248 0.0944304 0.0851826 0.0506783 0.0481495 -0.0375583 -0.0213238 0.0306247 0.0494184 -0.0542195 0.0433674 0.00949082 0.00426082 -0.00526992 0.0135563 0.0708403 0.0254857 0.0396189 -0.0399667 0.0146519 0.018902 0.0267098 0.00700615 0.00181257 0.0233649 0.0215854 0.0684483 0.0603996 0.0281485 0.0399005 0.0254488 0.00164275 -0.0503597 0.0097746 0.0633402 0.070234 0.0486529 0.0177773 0.0146528 0.0174849 0.022708 0.0374626 0.00563786 0.00447279 0.026796 0.0921402 0.0203417 0.0513082 0.0370911 0.0448886 0.0593969 0.0684714 0.0828794 0.0834344 0.0783541 0.0624329 0.00260132 -0.0114922 0.0839011 0.0083286 0.0320956 0.0241405 0.0163738 0.0491044 0.0600627 0.00418035 0.0389141 0.0247419 -0.0177619 -0.0245588 0.0497111 -0.0190415 -0.0189599 -0.0337761 -0.0268765 0.0834523 0.0963032 0.134709 0.0231182 -0.00975966 -0.0209763 -0.0122915 -0.0432427 -0.0440294 0.0922139 -0.0184223 -0.0380794 -0.0396786 -0.0367129 -0.0384465 -0.0511491 -0.0495025 0.108988 0.0944361 -0.0547226
internal_weight=36288.6 11191.2 25097.3 5291.09 22895.1 299.528 2205.48 3085.61 2202.28 1368.66 1160.23 22595.5 836.814 59.7762 1925.39 1012.76 1278.06 1344.72 1182.56 431.201 239.752 727.638 1144.04 22164.3 205.349 1474.64 647.374 106.013 827.268 647.322 522.289 109.434 410.778 800.954 512.53 788.487 288.424 220.65 67.7744 412.855 162.159 125.417 740.388 133.757 606.631 568.821 2575.26 38.5224 331.701 205.736 86.6615 334.555 294.094 37.0764 78.5528 40.8586 37.6942 469.429 34.3521 955.923 493.469 125.965 78.3001 61.68 81.7715 59.8365 1171.83 1152.1 315.621 81.8475 435.077 99.3924 332.328 27.0069 123.577 87.0707 74.3156 36.5065 56.8484 48.0988 40.4608 29.8131 68.9369 54.3723 39.3525 72.3855 57.2039 133.739 40.9616 233.774 623.595 5900.15 23.5937 28.0238 48.3277 35.0929 353.574 343.157 36.7418 26.314 160.774 145.752 118.448 107.407 2414.48 1193.92 106.238 56.3912 19589.1
internal_count=342737 57572 285165 32221 266993 2750 15800 16421 18172 9199 5764 264243 6601 357 10657 5082 6932 9087 8044 4666 2393 5531 7752 259577 1541 12641 5678 974 6963 3725 3990 829 4481 6738 4289 6147 2449 1870 579 3161 1043 813 5770 1043 4727 4988 29707 292 1908 1164 652 2557 2254 311 690 358 332 4113 300 4827 4126 744 604 472 599 434 6403 6302 1817 472 3813 875 1680 239 942 669 570 273 424 377 303 228 663 525 286 636 576 1419 420 1345 3147 25351 206 221 454 321 3905 3790 230 225 1776 1612 1268 1150 27931 13759 529 282 229870
is_linear=0
shrinkage=0.05


Tree=7
num_leaves=111
num_cat=0
split_feature=93 107 21 112 44 21 1 1 1 48 44 19 36 107 42 1 19 38 98 100 1 53 94 11 23 53 2 2 65 93 32 113 100 107 1 93 67 49 93 38 94 112 113 109 2 49 67 114 109 109 67 107 109 96 69 105 105 112 49 94 9 54 105 67 65 51 36 9 4 69 9 107 36 107 105 32 49 3 115 105 97 49 99 109 67 77 111 53 9 90 49 114 107 93 2 107 97 109 36 97 67 49 67 113 49 23 19 15 48 49
split_gain=62442.5 4167.58 3761.89 991.867 374.03 228.54 132.502 115.714 80.5818 51.8141 40.6035 40.1673 35.0754 32.9824 31.678 28.5351 30.2126 26.2631 25.5499 23.5963 20.1943 19.0827 18.5726 17.3192 16.3649 15.2628 13.0691 12.6721 12.5485 12.5335 12.2909 12.2444 12.665 11.4697 10.8705 10.6281 10.576 10.4357 10.2445 9.90478 9.80415 15.853 11.88 8.91989 9.55219 8.34946 12.4927 8.30079 8.2509 8.19172 8.13673 7.7443 7.69748 10.0092 7.48437 9.54075 8.5486 7.41994 7.39429 7.27041 7.21381 7.0099 6.99827 6.95821 10.3441 6.91813 6.65855 6.46307 6.4432 7.5613 11.5455 9.9027 6.33681 6.23413 6.74477 6.12873 8.59414 6.05411 6.03798 5.92761 5.84538 5.24149 5.22106 5.07648 4.84528 4.73835 5.52868 4.48163 4.41873 4.22904 4.10447 4.03028 3.78157 3.56894 3.45932 3.9836 2.69381 2.38945 1.51214 1.40252 1.91252 1.37085 1.31103 1.2072 0.720052 0.71395 0.563905 0.429422 0.170501 0.00417535
threshold=1.5000000000000002 0.59071174263954174 19.500000000000004 -7.1587090492248526 0.067117117345333113 52.500000000000007 8.5000000000000018 20.500000000000004 3.5000000000000004 0.020478053949773315 0.08842144533991815 15.500000000000002 9.5000000000000018 1.3083465099334719 0.056079665198922164 3.5000000000000004 25.500000000000004 19.500000000000004 10.500000000000002 1.3409046530723574 8.5000000000000018 0.50352111458778392 8.6815562248229998 1.5000000000000002 1.5000000000000002 0.40212766826152807 0.2185853719711304 0.94870534539222728 10.071649551391603 3.5000000000000004 4.5000000000000009 -8.8389821052551252 11.018382072448732 1.6727219223976137 25.500000000000004 2.5000000000000004 9.2959198951721209 0.18315234780311587 2.5000000000000004 7.5000000000000009 8.4261636734008807 -0.27835825085639948 -8.8858118057250959 0.0040360172279179105 0.13497779518365863 0.28552378714084631 8.3916954994201678 3.3234131336212163 1.0639628767967226 0.79472610354423534 7.9522826671600351 2.4529170989990239 0.085148699581623091 0.23205128312110904 4.2031991481781015 2.9180294275283818 1.629890561103821 -6.6344709396362296 0.51298919320106517 8.7114915847778338 48.500000000000007 1.2288690209388735 4.2889869213104257 11.271914958953859 8.8985753059387225 0.5149553418159486 33.500000000000007 60.500000000000007 3.5000000000000004 4.6870727539062509 81.500000000000014 4.5300800800323495 4.5000000000000009 1.0456117391586306 1.7684333920478823 3.5000000000000004 0.14213562756776812 2.008145928382874 0.0005905164871364833 1.2797553539276125 0.32575757801532751 0.18087868392467502 1.823742210865021 0.0014049297315068545 10.432945728302004 32.500000000000007 -8.4778141975402814 0.81117218732833873 56.500000000000007 7.5000000000000009 0.11111110076308252 3.2899259328842168 0.76680284738540661 2.5000000000000004 1.1454987525939944 1.5321781039237978 0.31009615957736975 0.012903030030429365 31.500000000000004 0.39565217494964605 10.881623744964601 0.28129778802394872 11.016088008880617 3.1490237712860112 0.2113248556852341 3.5000000000000004 10.500000000000002 8.5000000000000018 0.024465059861540798 0.11111110076308252
decision_type=2 2 2 2 2 2 2 2 2 2 2 2 2 2 2 2 2 2 2 2 2 2 2 2 2 2 2 2 2 2 2 2 2 2 2 2 2 2 2 2 2 2 2 2 2 2 2 2 2 2 2 2 2 2 2 2 2 2 2 2 2 2 2 2 2 2 2 2 2 2 2 2 2 2 2 2 2 2 2 2 2 2 2 2 2 2 2 2 2 2 2 2 2 2 2 2 2 2 2 2 2 2 2 2 2 2 2 2 2 2
left_child=1 10 8 7 5 20 15 12 26 18 -1 13 51 19 29 16 43 22 35 109 93 -14 75 38 27 63 54 30 33 -7 45 48 -33 47 72 80 68 -22 99 61 42 58 49 44 -5 -10 -47 -29 -32 -38 -45 60 53 -39 55 56 -2 -44 -42 -30 103 -27 83 64 -17 -18 96 82 69 70 -28 -71 -15 92 -75 88 -77 -26 -35 -62 87 -41 -56 -24 -43 -57 -87 -6 -8 -54 -21 -79 -69 94 101 -96 -37 -58 107 100 -11 -4 -95 -3 -67 108 -36 -40 -25 -9
right_child=2 3 4 6 9 14 17 11 24 23 -12 -13 21 34 -16 25 65 -19 -20 90 37 -23 62 105 77 39 36 28 59 -31 31 32 -34 78 106 66 40 52 98 81 41 84 57 50 -46 46 -48 -49 -50 -51 -52 -53 89 -55 67 85 97 -59 -60 -61 79 -63 -64 -65 -66 104 -68 73 -70 71 -72 -73 -74 74 -76 76 -78 91 -80 -81 -82 -83 -84 -85 -86 86 -88 -89 -90 -91 -92 -93 -94 102 95 -97 -98 -99 -100 -101 -102 -103 -104 -105 -106 -107 -108 -109 -110 -111
leaf_value=0.12385674899351569 -0.00044086123907741771 0.087474752525928123 -0.023511850111613872 0.025944599018685888 -0.035569801890259663 0.13205301191128868 0.092075847334532515 0.079232774927464472 0.011185172973411064 -0.051746416319229695 0.055029044126380725 0.12129345733490814 0.10805866687624247 0.079712193136763948 0.023133991951037679 0.062678660172547584 0.0036426610035189145 0.11146564181076724 0.020722917435674892 0.11397465673798256 0.034736687882902788 0.05162731713751037 0.019365650217219223 -0.038569293449691566 0.023199887983232963 0.034156748117539812 0.032177156180125059 0.079419417716836471 -1.4013888052490075e-05 0.069780818636362388 0.013586197797534486 0.023676486469242499 0.05915428596100758 0.015963733074767044 0.08718940578352366 -0.033604583360163698 0.0474886645566438 0.036258837097537557 -0.047296910293887252 0.029045019471252532 0.0018646285181925818 0.023599467892868695 0.02451046751189381 0.0034843926132139651 0.0010834608795014242 0.016548894958573743 0.055861317082590116 0.030001002647487486 -0.021025254362839724 0.0038297942734890622 0.028400049759505382 0.03240212141779044 -0.003501016987595894 -0.022588070346133499 0.047541352130868311 -0.025308402938988384 0.060963616146782341 -0.0024719808311656905 0.033914244301716655 0.042653853624369888 0.087383509744942911 0.0028516813779769778 0.0058262582761262173 0.086672235356230087 0.021882628662741103 -0.019692118748249058 -0.0005426379746402111 -0.0042079202042920637 -0.002744811947013212 0.05214729587071032 -0.019233745777948424 0.021468100519621773 0.063820013746756984 0.013931934963515797 -0.0011362948324926579 0.065020757893140393 0.047755399043355767 -0.027117494506192819 0.05163174106628432 0.062347386126402109 0.013765373056910477 -0.0044934504547051819 0.0029048793659377857 0.042894588124856844 0.068692647121350384 -0.012863932605750295 0.031418155605193503 -0.00047471102086232158 0.059011815660482726 -0.040884798102424659 0.092422680245257419 0.0063602371139485697 -0.033674197693652735 -0.017889807807786057 0.011784458021631403 -0.022080316050016775 -0.046062400238194363 0.026438329564727438 -0.021059366659186798 -0.015780604040861176 -0.03285694181137197 -0.045786745945737638 -0.041903198058558293 0.057784664555649956 -0.044781040956445105 -0.054724121721529011 0.072265869280401726 -0.051399929424160273 -0.053272982286692618 0.057049037065061196
leaf_weight=5992.1673793718219 13.317340992391108 64.214270979166031 40.028366714715958 66.401818796992302 29.735760487616062 24.4612100943923 17.139682427048683 42.975965559482574 23.634458169341087 24.782466374337673 25.404269620776176 95.198349758982658 81.118472933769226 457.76562450826168 17.412339068949223 38.448107346892357 16.341058194637299 17.606451585888863 17.978562787175179 197.83606596291065 16.24098839610815 24.624660447239876 33.50505031645298 25.197639510035515 15.975434757769106 499.31964974850416 20.354806773364544 40.129203490912914 24.406482830643654 23.470406368374825 91.026384174823761 420.28288976848125 26.628938347101212 29.812086127698421 1054.5458518117666 89.681476406753063 22.856401935219765 14.83728536963463 473.29839209467173 17.155843876302242 74.038599789142609 13.536590762436392 26.727033294737339 37.593743957579136 92.031058952212334 30.277488246560097 78.729708850383759 14.872592501342295 19.572270758450031 20.695639364421368 355.94371975958347 24.151040211319923 14.25313711166382 11.413714595139025 11.57575234025717 12.328341372311113 15.577289447188379 259.77816622704268 22.695996269583702 14.866192251443861 35.306488230824471 19.566897369921207 19.082230091094971 15.096601769328116 30.926426902413368 10.426290534436705 10.059391155838965 25.703061573207378 21.116381958127022 40.914961494505405 20.226693920791149 86.100434921681881 131.75626343488693 87.02664190530777 455.52187322080135 104.86118558049202 523.10721050947905 19.148892052471638 22.452305674552917 858.25900280475616 10.922580070793627 29.125368177890778 14.584651939570902 147.86256996542215 16.854203388094902 11.818731196224688 13.372971981763841 13.716115966439245 155.94242091476917 17.246457159519196 92.617982491850853 14.38774551451206 19.372400768101215 11.508612327277659 12.801878869533537 20.268888115882874 245.96993298828602 14.835430718958376 8.5338576659560186 13.413859598338602 106.83886132389307 13.079305566847323 63.29883173853159 20.309790819883347 15.415158219635485 15328.644100323319 66.963195845484734 1320.9504444748163 3910.8062374293804 29.397112131118774
leaf_count=24940 117 359 428 540 305 122 107 195 176 287 161 409 381 2361 118 265 130 80 160 888 121 135 224 298 129 3525 167 280 179 141 701 3178 204 215 5135 1012 187 137 5660 122 621 114 227 300 740 221 578 105 153 171 2737 140 131 106 100 108 135 2199 189 108 195 139 128 91 214 100 103 230 180 341 167 714 681 767 3994 630 3363 155 160 4809 106 246 125 970 141 103 115 145 978 168 442 118 172 123 129 206 2833 127 100 149 1214 144 693 113 156 188276 328 15923 47752 143
internal_value=-0.00080691 0.0947684 -0.0465349 0.0634443 -0.0528224 0.00254952 0.0379377 0.0810289 0.0153678 -0.0535918 0.123582 0.0878348 0.0675955 0.0862076 0.0841995 0.0269141 0.0188756 0.0513225 -0.0358302 0.100828 -0.020504 0.0959165 0.0500901 -0.0539388 0.02706 0.0341903 0.00761151 0.0287103 0.0422972 0.104806 0.0257255 0.022315 0.0260035 0.0511549 0.0830158 -0.0384644 0.0127286 0.000998007 -0.0491694 0.0310247 0.00853474 0.0202689 0.00391378 0.0220078 0.0117113 0.0395757 0.0454054 0.0673848 0.00717254 0.0277825 0.0260675 0.0644587 -0.00896062 0.0104744 0.00282468 0.0169476 0.0324219 0.000124939 0.00988898 0.0168671 0.0651892 0.0330071 0.0357745 0.0543431 0.0454813 -0.0212292 -0.041731 0.000902134 0.0226888 0.0259483 0.00654301 0.0319218 0.0763482 -0.000192309 0.00129407 0.0535863 0.0508024 -0.000656085 0.0324854 0.0634926 -0.0169536 0.00825106 0.0245247 0.0387971 0.0509757 -0.0013845 0.0107131 -0.0250996 0.0631063 -0.0252002 0.107647 -0.0128122 -0.0177632 -0.0303662 -0.0224237 -0.00873929 -0.0429278 0.0464697 -0.050248 -0.0353161 -0.0370317 -0.0302878 -0.0387642 0.0815889 -0.0366598 -0.0544166 0.086405 -0.0503636 -0.0531961 0.0716987
internal_weight=35715.5 11557.5 24158 5539.94 21930.9 300.321 2262.9 3277.04 2227.13 21630.5 6017.57 2169.06 1107.98 2073.86 65.344 1243.79 594.153 1019.11 418.064 362.827 234.977 105.743 1001.5 21212.5 886.203 649.639 1340.93 836.691 146.539 47.9316 690.152 557.51 446.912 107.266 1711.03 400.085 645.896 73.9916 1947.82 565.168 457.183 127.125 330.057 551.97 158.433 132.642 109.007 55.0018 110.599 43.552 393.537 1002.24 57.7506 26.251 695.034 81.2501 43.7301 286.505 96.7346 39.2727 978.09 518.887 200.45 84.4711 69.3745 42.1825 345.711 613.784 188.713 167.597 40.5815 127.015 589.522 587.624 542.549 801.05 627.968 49.5121 52.2644 893.565 54.3745 46.2812 26.1604 181.368 30.3908 37.52 25.1917 43.4519 173.082 31.4996 290.454 33.5366 45.0755 160.986 86.1784 33.0708 335.651 30.4127 1802.78 145.035 131.621 53.1077 74.8074 84.5241 25.8414 19264.6 1121.51 1794.25 3936 72.3731
internal_count=342861 57600 285261 32499 267090 2767 15785 16714 18171 264323 25101 10582 6132 10173 381 9305 4703 6480 4664 1668 2386 516 6400 259659 6660 4602 11511 6258 1047 263 5211 4236 3382 760 8505 4504 5418 663 23333 4032 3849 1065 2784 4317 1280 975 799 385 854 358 3037 5616 542 243 6093 705 379 2426 810 287 5476 3664 1322 570 479 386 3948 5388 1569 1389 334 1055 3042 5163 4761 5078 3993 402 375 5004 556 368 225 1194 255 326 218 450 1085 299 1330 273 402 1723 907 335 3845 262 21683 1650 1501 572 816 472 256 236326 5463 21583 48050 338
is_linear=0
shrinkage=0.05


Tree=8
num_leaves=113
num_cat=0
split_feature=93 103 21 1 44 21 1 1 2 48 1 53 21 44 21 17 1 103 1 24 34 1 2 109 49 74 9 103 86 53 46 24 103 93 86 111 28 61 61 17 23 111 99 107 52 113 107 52 38 63 82 49 52 109 82 49 114 5 84 21 9 49 1 19 113 9 9 82 69 96 67 61 94 111 109 103 71 90 94 1 100 24 67 67 103 82 77 105 76 109 86 99 82 94 67 9 93 67 112 2 86 46 11 42 2 84 63 49 52 52 17 34
split_gain=56383.5 3813.77 3631.99 749.635 357.813 188.046 150.6 82.988 68.8749 54.0422 46.0582 36.6927 32.5039 23.85 37.4197 25.5879 23.0829 22.2 21.8634 18.8657 16.6403 15.1623 14.699 14.6798 14.4879 13.1922 12.8436 12.4205 11.1594 15.0094 15.0001 11.0009 10.9972 10.4727 10.4702 10.376 10.0235 10.8831 9.76163 9.64828 9.63241 12.1238 9.35272 9.07213 8.84334 8.25065 8.08792 7.8224 15.5866 11.7705 7.79827 7.7791 7.54216 6.88651 6.86 6.85851 9.10006 8.6961 8.99905 6.82544 6.79015 6.63638 6.59466 6.48839 6.16003 6.15969 6.14784 6.65478 6.11819 8.40303 5.64301 12.7245 8.80374 7.13211 6.91015 5.89408 5.64278 5.59154 8.82241 5.47851 5.3735 5.18623 5.1817 5.14662 8.77477 7.21585 5.11671 5.11334 4.9357 6.01655 4.70678 4.53969 4.50451 4.38111 4.31474 4.05371 3.9872 4.36736 3.89439 3.78534 4.49032 3.74874 3.18005 1.91646 1.72547 1.47244 1.11112 1.10197 1.055 0.88477 0.677777 0.35928
threshold=1.5000000000000002 0.14788893610239032 19.500000000000004 15.500000000000002 0.067117117345333113 53.500000000000007 8.5000000000000018 3.5000000000000004 1.919866740703583 0.035714285448193557 20.500000000000004 0.66781610250473034 50.500000000000007 0.10557275637984277 90.500000000000014 78.500000000000014 8.5000000000000018 1.1452768445014956 3.5000000000000004 7.5000000000000009 12.500000000000002 1.0000000180025095e-35 1.4529363512992861 0.0020367123652249579 0.57142850756645214 4.5000000000000009 62.500000000000007 1.5616230368614199 0.16601049900054934 2.226495742797852 0.41472446918487554 6.5000000000000009 1.2016427516937258 2.5000000000000004 0.33192090690135961 5.7292957305908212 1.5000000000000002 4.5699055194854745 9.0419178009033221 4.5000000000000009 1.5000000000000002 -8.4160008430480939 2.2869635820388798 1.0456117391586306 0.60984259843826305 -8.775077819824217 4.3680381774902353 0.81291666626930248 10.500000000000002 6.9659016132354745 4.5000000000000009 0.24999997764825824 0.87447479367256176 0.78799954056739818 5.5000000000000009 0.53158244490623485 3.2585220336914067 1.5000000000000002 0.39827586710453039 51.500000000000007 70.500000000000014 0.12499998882412912 34.500000000000007 6.5000000000000009 -8.7277951240539533 82.500000000000014 73.500000000000014 1.5000000000000002 7.2445409297943124 0.49647870659828192 9.2959198951721209 8.0355734825134295 5.5423219203948983 -8.3647851943969709 0.39558711647987371 1.7229676246643069 9.0665397644042987 4.5000000000000009 8.4602208137512225 6.5000000000000009 4.3250043392181405 6.5000000000000009 10.487485885620119 9.4138789176940936 1.1229487061500552 1.5000000000000002 24.500000000000004 2.6185402870178227 22.500000000000004 0.017652454786002639 0.24908759444952014 0.6906409263610841 23.500000000000004 7.5915515422821054 11.433929920196535 51.500000000000007 2.5000000000000004 10.952362537384035 -0.29689058661460871 0.44606232643127447 0.42588071525096899 0.21070533245801928 2.5000000000000004 0.12254524603486062 2.0055934190750127 0.13079115748405459 7.599956989288331 0.16666664928197863 0.77742391824722301 0.76490327715873729 15.500000000000002 19.500000000000004
decision_type=2 2 2 2 2 2 2 2 2 2 2 2 2 2 2 2 2 2 2 2 2 2 2 2 2 2 2 2 2 2 2 2 2 2 2 2 2 2 2 2 2 2 2 2 2 2 2 2 2 2 2 2 2 2 2 2 2 2 2 2 2 2 2 2 2 2 2 2 2 2 2 2 2 2 2 2 2 2 2 2 2 2 2 2 2 2 2 2 2 2 2 2 2 2 2 2 2 2 2 2 2 2 2 2 2 2 2 2 2 2 2 2
left_child=1 101 7 6 5 16 18 21 10 13 66 92 19 14 22 -16 96 23 25 35 32 55 103 -12 26 38 27 90 29 30 -28 -18 -10 65 -29 52 50 -38 43 -37 41 44 45 -3 46 -43 -23 48 49 -20 -30 -44 -8 -46 64 81 57 58 -57 -24 -22 -62 104 86 -49 -15 67 91 69 -58 72 82 73 -42 -74 -73 -40 79 -79 -26 -64 83 -72 85 -85 -2 -19 -65 -33 -90 -9 -5 -7 -25 -21 -69 99 -98 -27 -4 -101 -1 106 -6 -34 109 -11 -107 -99 -35 -67 -108
right_child=2 3 4 8 9 11 12 24 20 102 17 -13 -14 33 15 -17 31 63 47 94 60 40 59 93 77 98 28 34 36 -31 -32 88 62 105 -36 39 37 -39 76 -41 70 42 51 -45 53 -47 -48 54 -50 -51 -52 -53 -54 -55 -56 56 68 -59 -60 -61 61 -63 80 87 -66 110 -68 95 -70 -71 71 75 74 -75 -76 -77 -78 78 -80 -81 -82 -83 -84 84 -86 -87 -88 -89 89 -91 -92 -93 -94 -95 -96 -97 97 108 -100 100 -102 -103 -104 -105 -106 107 111 -109 -110 -111 -112 -113
leaf_value=0.1154669097078605 -0.033574205600069469 -0.014899147832000118 -0.044059546721796863 0.039180948414809152 -0.045157788001158453 0.072560528908585081 0.048358256967264958 0.039393195358274541 0.10417343893604686 -0.029617060595267308 0.059221331902461129 0.011097962883327678 0.11566236882612127 0.0036103655039451663 0.080347367914716278 -0.021917863416600292 0.033484766465707222 0.04843332105699881 0.022268915975920775 0.026714241319939127 0.1126745283635245 0.024486312638049703 -0.023935469182858493 0.10413292504592463 0.040041820006234123 -0.026790266981071856 0.031241789274874379 0.049769591891518708 0.02440949161526812 -0.014587727253294287 0.066659723710403837 0.0099209863762588571 0.076617537155342322 -0.046393744538496595 0.0032855686862304904 0.099170478607957621 0.018697287870073191 -0.0077192304586091434 -0.019881223984568357 0.051518068395761556 -0.012169772681256037 -0.0060933125677333413 0 0.023626933494507858 -0.016466317457246551 0.022239178303477106 0.0012940578503142263 0.057079673747109441 -0.011201257914964067 0.037451476377778563 0.05230486799113352 0.038427932573832785 0.082553480805439033 0.018814339228952977 0.073132000205587175 -0.024011245154864233 -0.016384739112156967 0.049506892727383345 0.031174171646630486 0.017976782382733925 0.10581819515935054 0.062546082454281934 0.095762168639448059 0.070150234434309761 0.014076279913207299 -0.01720135338329672 0.030248861378866006 0.075446806561667218 -0.022615746585573623 0.030550492636095092 -0.014876122218233243 -0.0015933539708682576 0.0070694274890948545 0.025968213600222934 0.042765689838216304 0.023810042899762057 0.01827940118516613 -0.0280476846897319 0.017806033317331042 0 0.076240520974349454 -0.025658578669652422 0.0048563200838791388 -0.021019628921220331 0.005977534581659354 -0.0038865046723356384 0.078606544748338475 0.043919378383022956 0.0081463261364225319 -0.035125972061037646 0.085233191160154487 0.068930412723949869 0.11783342595704858 0.069608785873676124 -0.0085857328865940677 0.054195277376284649 -0.0054049055350304598 -0.047883847303554189 0.0043817725006566957 -0.02160191425611763 0.01197482595999049 0.08464287082878319 -0.054407824344528059 -0.032476539286801227 0.05615983203044355 -0.029790579783290708 -0.039949407087294116 -0.050751306327688143 -0.021948449392114107 -0.035257456721754246 -0.042274466337577435 -0.052346854979642345
leaf_weight=6153.1726716756821 23.460760928690434 14.470304578542708 15.296472832560537 22.00092650949955 245.389409288764 26.563560336828232 1148.85768699646 14.877850018441675 75.662308886647224 14.03613283485174 37.614692032337189 17.613228231668472 18.312514156103134 14.767152808606623 10.294828273355963 11.448632493615149 20.27279119938612 25.172869592905045 217.84641891717911 16.662911094725136 125.514374345541 81.027410291135311 81.79096382856369 140.28872299194336 14.860186249017714 16.230490550398827 221.40848880261183 25.231499239802361 194.68232563883066 14.111469872295855 35.952858403325081 20.562716536223888 50.07940998673439 333.51860370486975 23.465242795646191 22.665746599435806 204.52962270379066 46.606664694845676 21.558172717690468 35.452646046876907 38.775430664420128 36.918688133358955 15.322416961193083 512.01433393359184 52.481780961155891 75.992864824831486 71.116962775588036 15.3069806471467 20.758724704384804 363.40278039872646 30.267377212643623 102.01908293366432 18.89719732105732 17.000870980322361 21.68565159291029 11.731635473668577 15.35821560025215 21.60715639591217 15.113337054848669 9.6168846413493139 25.110163643956184 33.724914386868477 109.85478433966637 683.07128603756428 20.824809335172176 8.7753219380974787 21.750621348619461 37.503578811883926 21.291660912334919 20.340740866959095 104.22231304645538 34.895829372107983 25.800289124250412 16.109025359153748 30.968138948082924 60.041199237108231 15.09412921965122 22.542223326861858 17.015097625553608 17.519258163869381 170.19590742886066 22.050803273916245 46.717441067099571 32.84341923892498 238.29403682798147 123.46527130156755 676.91897588968277 30.945981934666634 11.114301241934298 21.457217797636986 21.015356913208961 339.91028316318989 22.837962418794632 26.201231583952904 14.894702091813086 386.2263435870409 9.3015147447586042 50.972770415246487 21.236204259097576 56.694332934916019 10.592675007879732 31.965654820203781 15812.39100651443 64.409921184182167 64.121413171291351 16.075238637626171 38.243965744972229 885.55083604902029 10.096921317279337 56.441823825240135 17.114617869257927 3037.6679544374347
leaf_count=25096 208 116 170 118 2954 143 6988 107 330 174 171 128 78 150 96 123 155 125 1492 120 542 669 899 624 111 147 1637 185 1378 107 268 194 238 4124 170 124 1549 373 170 195 326 309 124 3953 439 634 584 106 176 2531 214 828 96 139 129 101 133 188 131 101 109 167 513 3328 140 99 119 201 187 177 888 299 217 137 257 512 120 173 129 126 799 198 397 296 2102 1094 3227 152 101 208 148 1825 110 119 106 2085 101 583 190 608 109 156 203208 765 304 196 475 10986 108 687 197 38590
internal_value=-0.000729586 0.0882386 -0.0459766 0.0583881 -0.0524712 0.00231519 0.03821 0.0142459 0.0749635 -0.0532499 0.0709317 0.0749656 0.0503345 -0.0446933 -0.0339955 0.0281317 -0.0195011 0.0759304 0.025885 0.0492385 0.0897115 0.00639587 -0.0374795 0.0925541 0.0259697 0.0188578 0.0278304 0.0465405 0.0256109 0.0338236 0.0365858 0.00339496 0.0837252 -0.0480401 0.0283373 0.0502238 0.0208154 0.0137385 0.0207739 0.0722974 0.0107318 0.0155833 0.0236079 0.0225098 0.00709893 0.0129295 0.0138291 0.032209 0.0303251 0.0318503 0.0285286 0.0335062 0.0490254 -0.00747788 0.0503933 -3.06454e-05 0.011312 0.026909 0.00671015 -0.0191993 0.104118 0.0833515 0.0793956 0.073432 0.0341091 -0.021466 0.0607662 0.0615391 -0.00212722 0.010243 0.00453272 0.000237405 0.0137747 -0.000405571 0.0273136 0.0144893 -0.00380302 0.00418074 -0.00815076 0.0192349 0.0844031 -0.00279997 -0.00871543 -0.00148303 0.00257298 -0.00898573 0.0776445 0.0691218 -0.00850658 -0.0203582 0.0688422 0.0673186 0.096542 0.0994293 0.0101171 0.0563592 -0.0304805 -0.0395918 -0.00937672 -0.0220298 -0.0160248 0.11533 -0.0540402 -0.0427226 0.0660944 -0.048843 -0.0521305 -0.0504388 -0.0443846 -0.0449487 -0.0355485 -0.0522155
internal_weight=35013.1 11803.2 23210 5618.04 20950.9 293.376 2536.17 2259.05 3081.87 20657.5 2427.61 67.0148 1275.74 1755.19 422.951 21.7435 226.362 1620.21 1260.43 1257.43 654.263 1354.97 401.207 204.105 904.086 600.604 832.149 84.5899 747.559 271.473 257.361 73.407 469.914 1332.24 48.6967 1225.87 476.086 251.136 563.137 58.1184 809.41 451.88 230.253 526.485 221.627 112.912 152.144 659.825 602.008 581.249 224.95 117.341 1167.75 69.4827 57.8174 545.557 105.443 48.4521 26.845 91.4078 184.349 58.8351 394.252 1416.11 36.1318 40.6571 807.392 785.641 56.9906 35.699 357.53 245.877 111.653 54.8845 56.7684 94.937 36.6523 71.9368 39.5573 32.3794 280.051 440.114 150.94 418.063 271.137 146.926 702.092 714.017 53.1342 32.5715 35.8932 361.911 49.4015 166.49 31.5576 423.73 152.955 70.3712 37.4667 82.5835 67.287 6185.14 18902.3 309.799 114.201 1291.59 3089.95 901.626 61.0697 389.96 25.8899 3075.91
internal_count=342116 57325 284791 32073 266542 2718 16977 18249 15096 263824 12094 381 7707 21377 4938 219 2337 7746 9270 7629 3002 11574 4719 914 6675 4696 6136 610 5526 2012 1905 658 2184 16439 355 7403 3514 1922 4359 319 6759 3726 1895 4069 1831 943 1253 4574 4199 4023 1592 952 7084 578 375 4815 917 420 232 1000 818 276 1854 6832 246 446 4348 4229 497 310 3033 2096 937 463 474 811 290 539 302 237 1312 3898 1285 3700 2398 1302 3352 3480 503 309 255 1943 253 743 226 2286 1679 792 337 887 717 25252 242447 3719 542 15993 39239 11182 691 4811 296 39065
is_linear=0
shrinkage=0.05


Tree=9
num_leaves=105
num_cat=0
split_feature=93 103 21 1 2 13 51 1 2 1 38 1 2 103 21 1 38 36 98 96 103 103 103 2 11 38 113 108 99 2 34 65 109 36 100 108 105 103 113 109 21 46 17 67 114 24 92 13 91 112 99 9 86 1 115 82 24 109 24 67 63 103 69 108 103 5 3 109 113 2 19 69 50 71 2 94 65 76 63 102 69 115 112 114 76 3 94 94 1 67 113 3 69 112 67 109 2 3 77 71 46 23 65 94
split_gain=50774.6 3605.67 3589.34 655.194 313.978 111.332 81.9818 81.9136 79.1659 70.9497 55.6474 39.1285 34.1238 27.1093 26.7099 25.0266 24.1567 19.243 18.8401 17.626 16.4427 15.9889 14.342 13.8171 13.5152 27.1855 13.1928 13.1765 13.1261 12.9293 21.2101 15.5793 12.4576 12.4235 12.3277 12.186 12.1374 12.0796 11.9942 11.9026 10.6426 9.53672 9.29614 9.28027 9.94445 8.82888 8.80721 9.45092 8.74357 8.72765 8.28998 7.67043 7.50726 7.4804 6.91116 6.90261 6.75394 6.71942 6.67931 11.8839 8.92342 9.93168 7.18631 6.66322 6.498 6.41294 5.94046 5.80735 5.65364 5.40999 7.74263 5.8604 5.26075 5.12659 6.05301 5.0098 12.8372 6.44156 4.92501 4.8466 4.82707 4.79377 4.65034 4.56337 4.81112 4.43236 4.16513 3.91573 3.80372 3.1442 6.36455 3.11904 2.79408 2.40527 2.32024 2.21063 2.04577 1.87477 1.09493 1.04017 1.0232 0.694594 0.111742 0.091027
threshold=1.5000000000000002 0.045877892524003989 19.500000000000004 13.500000000000002 1.8420168757438662 2.5000000000000004 0.66666650772094738 7.5000000000000009 1.6399091482162478 2.5000000000000004 26.500000000000004 20.500000000000004 1.4748953580856325 1.0613263845443728 50.500000000000007 1.5000000000000002 19.500000000000004 7.5000000000000009 6.5000000000000009 0.18834459781646731 5.6758630275726327 1.457520663738251 1.1452768445014956 0.94870534539222728 1.5000000000000002 35.500000000000007 -8.9118399620056135 10.930938720703127 9.2143712043762225 2.3156390190124516 25.500000000000004 9.0458726882934588 0.00018931170052383098 4.5000000000000009 1.3188627362251284 6.3103363513946542 3.2289003133773808 1.7559196949005129 -8.8053588867187482 1.2051898837089541 9.5000000000000018 0.18770973384380343 4.5000000000000009 11.162539482116701 -4.6335217952728263 7.5000000000000009 4.5000000000000009 3.5000000000000004 1.5000000000000002 -6.5426030158996573 12.036371231079103 51.500000000000007 0.28513357043266302 2.5000000000000004 0.00061251036822795879 4.5000000000000009 2.5000000000000004 0.42043751478195196 5.5000000000000009 11.900408267974855 6.9659016132354745 1.0209779739379885 8.1535668373107928 9.6094284057617205 1.5903942584991457 4.5000000000000009 2.8847850561141972 0.9047287404537202 -7.2128305435180655 0.11557132750749589 9.5000000000000018 3.99498462677002 0.28571422398090368 7.6567008495330819 0.20120517909526828 7.6508989334106454 9.2641615867614764 6.5000000000000009 8.7324919700622576 11.755476951599123 6.9938831329345712 0.00058800910483114432 -0.29212903976440424 -4.4283275604248038 79.500000000000014 2.4454430341720585 6.5754871368408212 9.207827568054201 23.500000000000004 9.3553066253662127 3.1043144464492802 1.9940509200096133 6.7242312431335458 -0.29689058661460871 9.8905162811279315 0.69246679544448864 1.5701470375061037 1.4678141474723818 90.500000000000014 6.3181438446044931 0.21070533245801928 4.5000000000000009 7.9859812259674081 9.9955153465271014
decision_type=2 2 2 2 2 2 2 2 2 2 2 2 2 2 2 2 2 2 2 2 2 2 2 2 2 2 2 2 2 2 2 2 2 2 2 2 2 2 2 2 2 2 2 2 2 2 2 2 2 2 2 2 2 2 2 2 2 2 2 2 2 2 2 2 2 2 2 2 2 2 2 2 2 2 2 2 2 2 2 2 2 2 2 2 2 2 2 2 2 2 2 2 2 2 2 2 2 2 2 2 2 2 2 2
left_child=1 100 9 7 5 10 14 15 11 32 12 51 53 65 -6 17 36 69 103 -7 23 -20 34 26 25 96 28 48 -11 30 64 102 40 56 -13 -25 41 38 -37 82 83 49 -43 44 80 67 47 -46 -28 -9 -29 89 86 97 73 66 -24 -57 60 81 61 -17 -62 -39 -15 -10 -53 -14 75 70 -3 -71 -26 -45 -75 77 -77 -42 -30 -55 99 -60 -38 -2 92 -86 -22 -47 -35 90 -5 -48 -85 -19 -91 -36 -21 -4 -70 -34 -1 -74 -31 -8
right_child=2 3 4 8 6 19 18 16 13 20 -12 22 45 29 -16 58 -18 93 21 24 52 -23 33 35 72 -27 27 50 78 31 -32 -33 43 88 95 37 39 63 -40 -41 68 42 -44 54 46 87 91 -49 -50 -51 -52 55 -54 79 -56 57 -58 -59 59 -61 62 -63 -64 -65 -66 -67 -68 -69 98 71 -72 -73 101 74 -76 76 -78 -79 -80 -81 -82 -83 -84 84 85 -87 -88 -89 -90 94 -92 -93 -94 -95 -96 -97 -98 -99 -100 -101 -102 -103 -104 -105
leaf_value=0.10833924531429351 0.03329803435507641 0.015232342135262228 -0.046228679980502965 0.085887299714315801 0.017688264637773798 -0.0038614175465164591 -0.026640999826012608 0.022171466976816684 0.10342112463043107 0.034261647026426527 0.078720388029844213 0.053464022308150609 -0.0052124183854935936 0.077962862567580699 0.095875696205391089 0.056498358623691014 0.099005286305175133 -0.034926431811991503 0.055208972409384105 -0.049706612555016766 -0.0096130706720141054 -0.015081029164347344 0.068685810483346307 0.075926829173354415 -0.0088944738214050915 0.036363209836809497 0.026511011640604855 0.057797403329548226 -0.026631798884775421 0.073791131993696454 0.023732416452745431 0.10003507991801702 -0.013969754019245531 0.037379153664513713 0.083549039978789208 0.066608714109024317 0.036191439890586256 0.024073683807507282 0.026775532556328852 -0.0093396320432710001 -0.029256114735368828 0.049750024947327012 0.034214965531578462 -0.0082576778264412103 0.0077426414626591226 -0.038388458096078222 -0.00029039485849296636 0.026697420722376575 0.015512665041386504 0.053387558837894068 0.017961240604358299 0.052518211393377624 -0.037313412659637918 -0.034960874307779125 0.051045749504124251 0.0064287151270977453 0.043697003967612287 0.04908687905003617 -0.017478338280931 0.050365593637140285 0.035616151702035186 0.018648576445836073 0.015509981103477672 -0.014813346947908538 0.067394233953900304 0.065100929902718679 0.082710276750219303 0.034367320824206862 -0.014296759188035406 -0.012240061620306168 0.043042051896624627 0.012633718362406988 -0.052879217730108112 0 0.047524589698196743 0.041606586436962051 -0.0066247004116936781 -0.0035571387976128543 0.0088438746515338822 -0.0032484031387089718 0.007225066345841369 0.016702499638786148 0.013701586659970583 -0.017710259286271766 0.02732758670819806 -0.0031441616349817507 0.026606836275589449 -0.014515479824404333 0.058933987714712692 0.033046897435983109 0.045820120041627388 -0.034466072821901041 0.0061038013208235264 -0.0048488736906834549 0.063599327474087836 0.11491024049691001 -0.037900910998604972 -0.030051805596614724 -0.036671671431087086 -0.038446393814039331 0.082622257144080044 -0.054273750308190954 0.052378737577205306 -0.049824755536441501
leaf_weight=6223.1237626969814 16.348979763686657 117.29085677117109 375.23075075447559 52.689915701746941 16.53582352399826 18.651058360934258 10.143061421811582 28.667469702661037 124.44895341992378 17.391051851212978 9.3133956491947156 33.042304322123528 41.80691796541214 386.61122243106365 38.788616985082626 17.92727667093277 17.610523909330368 20.347822315990928 12.354971058666708 1598.8952282369137 15.863622583448889 17.969927348196507 805.70811501145363 19.005767621099949 7.6933197081089011 8.1837640181183797 439.40881425887346 43.9102678373456 29.284925475716591 93.652800053358078 25.976370587944984 114.08131381869316 12.11115673184395 61.716002985835075 67.510226190090179 33.928398050367832 194.41392161697149 31.376554392278194 51.326614983379841 16.638958916068077 35.504529789090157 154.15363068878651 361.6149442717433 14.569948069751261 654.04610376805067 26.881926193833351 13.228077165782453 72.74702499806881 332.99508626013994 294.44061614573002 22.070405334234238 973.76389165222645 12.528410278260706 256.18405123054981 19.808996349573135 19.02356393635273 40.7512486577034 18.783861294388771 24.432013802230358 11.804170854389666 388.59723062813282 264.27021404355764 56.039985470473766 15.011943027377127 548.75237512588501 25.020082622766495 21.139606207609177 10.240977011620997 14.675293296575544 27.19818802177906 32.590942099690437 130.65564098954201 5277.6203546971083 12.068111941218378 14.362577736377714 16.397822186350822 58.212998859584332 76.245479471981525 12.925077103078364 13.712623998522757 12.74135237187147 15.340461336076258 30.568099454045296 23.388927385210991 30.552975110709667 17.69220770150423 12.94945255666971 58.673461310565472 55.407939448952675 19.292572528123856 21.346911802887917 13.40413888543844 22.432715892791748 11.547029905021189 23.992744147777557 28.595437258481979 71.513120755553246 34.551739826798439 17.601830758154392 13.835459150373934 32.382910668849945 12189.538780219853 23.218717202544212 14.534031845629213
leaf_count=25066 140 903 4713 279 139 196 105 173 529 127 52 149 399 1760 193 123 78 183 113 20843 129 161 3781 122 74 71 3251 328 227 426 139 487 104 302 295 228 1239 220 352 108 313 935 2272 125 5540 292 114 623 2508 1731 164 5195 101 3068 165 104 201 102 218 85 2719 1855 414 107 2560 108 112 97 132 207 253 1007 70505 107 119 143 508 672 101 161 109 122 195 202 264 154 106 631 262 101 111 116 195 103 126 125 882 434 157 119 151 163964 105 164
internal_value=-0.000820871 0.0818936 -0.0453805 0.0534725 -0.0521106 -0.0525753 0.031602 0.032059 0.0666897 0.0141787 -0.0344543 0.0607978 -0.035898 0.0764518 0.0737662 0.0224618 0.0417772 0.0110187 -0.0114648 -0.0533533 0.0233747 0.0144947 0.0677531 0.0245957 -0.0534006 -0.0487862 0.0221468 0.0237602 -0.000409908 0.0736497 0.0706391 0.0856017 0.00567121 0.0653174 0.0848906 0.0387652 0.0406993 0.03253 0.0436205 0.0302746 -0.00256119 0.0436306 0.0390082 0.00885786 0.0073626 -0.0129056 0.00864973 0.00970469 0.0218216 0.050764 0.0453159 0.0541007 -0.00714054 -0.0404996 0.0275287 0.0524547 0.067574 0.0289414 0.027411 0.00938457 0.0286545 0.0213743 0.0331651 0.0112107 0.071891 0.0977834 0.0532933 0.00313312 -0.00895722 0.0148921 0.021712 0.00821034 -0.0538391 0.0145308 0.0272199 -0.00542994 0.00445517 -0.0120897 -0.0156093 -0.0334134 -0.0168419 -0.00392442 0.0332909 0.00996476 0.00534577 0.0161943 0.00684643 -0.0226636 0.0482767 0.0676602 0.0756065 -0.0187672 -0.00601646 -0.0250437 0.0517681 0.0946053 -0.0492416 -0.0450036 -0.0278813 -0.0287736 0.108228 -0.0538575 0.0703393 -0.0427501
internal_weight=34437.2 12056.2 22381 5800.68 20109 19998.7 110.326 2216.15 3584.53 2271.95 826.596 2242.76 817.282 1341.76 55.3244 1118.04 1098.11 339.63 55.002 19172.1 1089.98 30.3249 1092.73 1048.63 19153.4 1678.59 897.986 838.385 59.6011 1192.29 961.34 230.953 1181.98 963.583 129.148 150.649 1080.5 131.644 85.255 241.621 329.054 838.877 515.769 852.923 792.113 137.603 753.425 726.793 772.404 323.108 65.9807 1150.03 41.3415 679.679 60.8096 1032.71 846.459 37.8074 778.411 51.5766 726.835 282.197 444.637 46.3885 935.364 149.469 994.903 52.0479 218.638 307.736 149.882 157.854 17474.9 41.0006 26.4307 186.361 74.6108 111.75 42.21 269.897 38.688 39.7725 224.982 110.416 94.0668 48.2452 28.8131 85.5554 117.124 117.322 74.0368 26.6322 45.8216 31.8949 43.2853 96.1057 1670.41 409.782 32.2771 25.9466 6255.51 17467.2 116.872 24.6771
internal_count=342948 57499 285449 32282 267257 266382 875 14923 17359 18192 9847 11245 9795 6114 332 8192 6731 2656 543 256535 8071 274 5115 7735 256339 21796 6706 6251 455 5477 4459 1018 10121 4546 569 1029 6653 907 580 1542 2880 5111 3207 7241 6725 1419 6393 6163 5759 1904 492 6130 336 8376 516 5513 3982 206 5536 425 5111 1978 3133 327 4320 637 5307 496 1925 2370 1156 1214 234543 351 226 1636 651 985 328 3229 332 340 1434 955 815 418 235 923 564 617 390 230 397 286 227 420 21725 5147 289 223 25217 234469 531 269
is_linear=0
shrinkage=0.05


Tree=10
num_leaves=101
num_cat=0
split_feature=93 21 103 112 44 3 0 0 23 0 2 52 103 21 36 52 40 0 36 21 93 2 34 86 108 105 44 108 103 67 51 2 53 0 2 51 111 100 103 76 3 113 108 71 93 97 113 77 52 108 109 40 77 17 109 32 103 67 109 71 0 108 93 42 51 67 21 111 67 113 3 61 115 105 109 102 105 32 50 99 67 109 109 44 2 108 19 84 86 108 77 11 17 0 108 108 115 93 109 95
split_gain=46200.7 3440.85 3329.37 607.739 366.088 151.949 82.633 73.4795 57.4768 53.8012 34.9101 31.211 26.3554 24.1899 21.4531 21.3938 21.1792 19.7929 19.1265 29.1524 18.0015 15.5145 17.4566 12.7243 12.0693 11.9935 11.8089 11.7432 11.6975 11.6707 10.7676 10.5056 10.3005 10.2457 14.4844 10.0411 9.82008 9.69877 15.9781 9.68768 9.66318 9.65631 9.33442 11.7375 9.09827 9.84134 9.05533 9.02547 8.68415 8.64121 8.22784 8.06654 8.05113 7.80379 7.67097 7.65993 10.1597 7.55018 7.39084 7.33633 7.26509 11.1325 6.99991 6.93298 8.59167 7.74148 9.17646 7.17168 6.65206 6.39772 6.35411 6.20944 6.16047 6.11166 5.83336 5.6228 5.46185 6.51293 5.33393 4.32965 4.28328 4.25042 4.20567 3.88117 16.6434 3.58414 2.90105 2.79958 5.06625 2.08326 1.90043 1.83783 1.77921 1.75874 1.46558 4.41057 1.38276 1.32553 0.964602 0.492673
threshold=1.5000000000000002 19.500000000000004 0.045877892524003989 -7.3445177078247061 0.067117117345333113 0.71034014225006115 2.3502402305603032 3.1984648704528813 1.5000000000000002 1.2424533367156985 1.606344521045685 0.8760964870452882 1.5040133595466616 49.500000000000007 33.500000000000007 0.78593888878822338 7.5000000000000009 2.2499048709869389 19.500000000000004 31.500000000000004 2.5000000000000004 1.0028752684593203 8.5000000000000018 0.78888890147209179 6.2295262813568124 1.7423065304756167 0.21413874626159671 6.2295262813568124 1.5903942584991457 10.622284889221193 1.3574035167694094 0.34510084986686712 0.65636926889419567 2.9700856208801274 1.8926497697830202 0.56312918663024913 -15.329630851745604 1.297235429286957 0.93369507789611828 38.500000000000007 1.3821102380752566 -8.7567028999328596 5.7872807979583749 7.8392374515533456 2.5000000000000004 0.28174604475498205 -7.2430691719055167 4.5000000000000009 0.54511535167694103 9.4655070304870623 0.017652454786002639 6.5000000000000009 84.500000000000014 9.5000000000000018 0.00064254907192662369 6.5000000000000009 1.7916493415832522 10.37631130218506 0.085148699581623091 7.7145423889160165 3.5694335699081425 10.415759563446047 2.5000000000000004 0.57518798112869274 0.54545441269874584 10.068366050720217 9.5000000000000018 -15.196784496307371 6.9909930229187021 -7.2741730213165274 2.008145928382874 4.91925072669983 0.00057119247503578674 2.1784279346466069 0.53029674291610729 7.8968427181243905 6.1595871448516855 5.5000000000000009 0.3571427613496781 1.0969428420066836 9.6484646797180194 1.0098266005516054 0.82807356119155895 0.095491390675306334 1.3963115811347964 8.269020080566408 54.500000000000007 0.33084577322006231 0.41588050127029424 9.2020311355590838 85.500000000000014 2.5000000000000004 61.500000000000007 2.6020033359527592 8.4002189636230487 7.2439596652984628 0.00059324986068531882 3.5000000000000004 0.95844784379005443 6.8296964168548593
decision_type=2 2 2 2 2 2 2 2 2 2 2 2 2 2 2 2 2 2 2 2 2 2 2 2 2 2 2 2 2 2 2 2 2 2 2 2 2 2 2 2 2 2 2 2 2 2 2 2 2 2 2 2 2 2 2 2 2 2 2 2 2 2 2 2 2 2 2 2 2 2 2 2 2 2 2 2 2 2 2 2 2 2 2 2 2 2 2 2 2 2 2 2 2 2 2 2 2 2 2 2
left_child=2 9 93 7 5 97 18 11 14 36 51 33 37 16 17 23 -12 62 19 27 21 22 25 42 30 72 39 41 69 49 80 -29 -25 54 82 55 -2 79 -39 53 -14 -5 43 -8 45 -19 48 -27 -24 74 -41 71 -30 -26 85 73 -57 -44 -18 -56 68 -62 96 64 -38 67 -67 -66 -42 -28 -40 -7 -11 -17 -23 -48 94 -78 -21 -9 -22 -46 -35 84 92 -4 -64 88 -53 -34 -80 -85 99 -1 95 -65 -6 -3 -89 -10
right_child=1 4 3 6 8 10 15 12 83 20 13 -13 40 -15 -16 35 58 44 -20 78 24 29 46 32 26 47 28 31 52 -31 -32 -33 89 34 -36 -37 63 38 70 50 60 -43 57 -45 81 -47 75 -49 -50 -51 -52 87 -54 -55 59 56 -58 -59 -60 -61 61 -63 86 76 65 66 -68 -69 -70 -71 -72 -73 -74 -75 -76 -77 77 -79 90 -81 -82 -83 -84 91 -86 -87 -88 98 -90 -91 -92 -93 -94 -95 -96 -97 -98 -99 -100 -101
leaf_value=0.074405467069607475 0.045095273160589235 0.10141458640868156 0.0096641722919088308 -0.0072799842333393927 -0.028858160784802807 0.022561389137144158 0.068950078610494361 0.06801972007287653 -0.030688098384535026 0.061224389645677224 0.041513924366057553 0.094318882530177728 0.089382949979938592 0.067930746875261572 0.029027419791157784 0.057847623435563482 0.0031631695220536537 -0.021282860300088947 0.077441458348205011 0.0045770076834021822 0.031347763362480026 0.076194018421943718 0.0014377793230364797 0.03238481192558583 0.063606610125284152 -0.010874705527190642 -0.012441296495060422 0.018603431541853548 0.02227511180447192 0.007653110925707223 0.055996913965376566 0.02874313985981284 0.082191210284317986 0.057363177361416329 0.086199716445453434 0.019800735057260512 0.042608818291927752 0.10013112076454407 0.083919262430921182 0.037457075094585922 0.031417121196034174 0.019352990441394567 0.036761704001050749 0.017739742838429683 -0.03679553793305506 0.032284412184162323 -0.014883519385339595 0.026180308889939163 0.020488429476859617 0.020003962942081659 -0.004187455785978394 -0.02842296789267177 0.0028159116925521662 0.01424652799883252 0.046384244499684174 0.084329266579555334 0.043442749631582546 0.02458174812374303 -0.033735114594237649 0.061114552630698475 0.065919557049485364 0.094005513737659183 -0.04718169491463943 -0.028737249871719925 -0.026081958782830286 0.012766548946725685 -0.0079259517662925109 0.0081995710653321296 0.061263371841375619 0.013773710452522204 0.070115102429021456 -0.02623227892063193 0.029928683092978178 0.022600861074756388 0.033889058168405525 0.020610654719024655 -0.017807628526671306 0.030628170207238365 -0.036361252806209492 0.040198612500990917 -0.0030281659067018184 -0.00823298630196438 0.044593790267231752 -0.051796131336879984 0.024199538773786292 0.039058736230958305 -0.029203717701779881 -0.044836132875767896 0.0078178319742778068 0.04831784565775199 -0.0085564214750901597 -0.0538737355206119 -0.016301343701898813 0.10231578075346669 -0.032136002251871097 0.0097289755445484176 -0.042994838124934119 0.064879748466487017 -0.018918290298563414 -0.050478573890101235
leaf_weight=27.010761633515358 12.384653545916079 23.663697212934494 20.925745725631714 54.283882468938828 95.935784585773945 13.306757614016535 43.157414987683296 65.503911808133125 15.026394456624983 38.72716274112463 21.02096238732338 50.119203016161919 48.339685827493668 15.044174142181872 9.1257557943463308 38.74729311466217 24.625564008951187 22.790750376880169 14.242723278701304 20.369074992835522 14.72979738563299 33.433662012219429 75.992437779903412 32.94305494427681 20.622487090528011 16.2309545353055 109.98232172429562 457.24468722194433 95.659883297979832 19.281388401985168 25.636264897882938 649.09402988106012 31.012694343924522 648.26045945286751 46.265519857406616 18.619079291820526 12.704077892005442 101.36078630387783 227.49252107739449 16.335786320269108 25.564461961388588 85.245200164616108 598.89162446558475 17.438064247369766 86.187031380832195 11.720101803541182 38.927674487233162 290.68213670700788 305.96126661449671 17.937933281064034 33.64261257648468 73.617612592875957 121.49957032501698 15.210619308054445 480.28973443806171 59.737592220306396 29.533665910363197 186.92742700129747 26.96530532091856 134.70076933503151 301.79024544358253 53.40291653573513 1171.5742973089218 15.805325232446195 14.196371428668497 68.23842503875494 227.66500203311443 478.68552931398153 771.72276963293552 27.760026834905148 336.71377597749233 10.127522617578505 38.034988269209862 23.593453526496887 17.058968439698219 13.815899312496184 12.254486672580244 12.394148319959639 20.045999579131603 31.964234426617622 18.9348454028368 17.603808999061584 116.11306907236576 2742.3932911083102 7.5051949098706237 25.052670896053314 35.040569342672825 39.055722296237946 9.9389561489224416 18.208349823951721 11.72442437708378 14564.706323035061 7.2831863388419142 6264.3319874703884 20.130366191267967 11.54985538125038 39.662407122552395 21.346447184681892 9.0763157010078412 125.7540348097682
leaf_count=135 108 102 110 391 1174 129 254 283 203 281 161 206 204 89 81 211 230 240 81 150 110 215 568 180 152 129 853 3427 755 130 196 4397 175 3180 198 112 109 419 994 123 117 601 3544 106 1057 115 296 2115 2288 120 250 843 961 116 2475 314 158 1147 272 700 1349 239 15711 141 123 582 1985 4128 3529 217 1486 110 267 136 109 103 108 108 191 140 146 216 576 37981 82 131 432 444 114 102 108 204916 88 25081 180 103 485 110 101 1713
internal_value=-0.000871939 -0.0449037 0.076913 0.0498962 -0.0518022 0.00411474 0.0305584 0.0632508 -0.052652 0.0129942 -0.011642 0.0548167 0.0697342 0.0133603 -0.0430555 0.0406925 0.000773058 -0.0435355 0.0220283 0.0213239 0.0190717 0.0232882 0.021049 0.0375434 0.011364 0.0288511 0.00841847 0.0228618 0.00431153 0.0433637 0.0323422 0.0245923 0.0568936 0.0533699 0.0574465 0.057334 0.00332211 0.0773975 0.0798276 0.0249237 0.0647658 0.00895328 0.0355559 0.0551584 -0.0249206 -0.00222637 0.0140642 0.0241449 0.0167447 0.0529027 0.00992491 -0.0258266 0.0115275 0.0443361 0.0482364 0.0616389 0.0718543 0.0339294 -0.0163426 0.0497677 0.0636098 0.0705478 -0.0454162 0.00264222 0.00399396 0.00327969 -0.0030801 0.0071158 0.0603797 -0.00699475 0.0759065 0.000763792 0.0467162 0.0455092 0.0634837 -0.00508881 -0.0120167 0.00652491 -0.0148491 0.0597445 0.0124241 -0.0322324 0.0555276 -0.0534663 -0.0437135 0.0266193 -0.0467048 -0.0305888 -0.0239328 0.0716571 -0.0272492 -0.0535496 -0.0474309 0.102215 -0.0217505 -0.0124881 -0.0334912 0.0869539 -0.0408697 -0.0487823
internal_weight=33720.2 21532.2 12188 5896.64 19240.1 287.789 2411.06 3485.58 18952.3 2292.11 242.779 1521.73 1963.86 87.656 1489.64 1098.81 72.6118 1480.51 1312.25 1298.01 1406.1 906.084 818.373 928.579 500.014 383.675 440.713 1245.87 354.902 87.712 59.3009 1106.34 82.1641 1471.61 810.639 170.231 886.008 763.035 665.567 85.8115 1200.82 139.529 846.415 60.5955 138.302 34.5109 434.697 306.913 381.954 68.4306 49.9784 155.123 217.159 35.8331 660.969 151.612 89.2713 785.819 51.5909 614.991 1152.48 355.193 1342.21 873.624 801.489 788.785 295.903 492.882 797.287 137.742 564.206 23.4343 76.7622 62.3407 50.4926 52.7436 72.1342 24.6486 52.1395 97.4681 33.6646 103.791 764.374 17462.7 155.569 45.9784 1206.61 131.689 83.5566 49.221 31.7704 17307.1 148.064 6291.34 47.4855 27.3552 135.598 45.0101 48.132 140.78
internal_count=342711 285374 57337 32121 267199 2705 15785 16336 264494 18175 2493 7576 8760 752 19511 6439 663 19430 9346 9265 10500 6621 6047 5508 3879 2792 3427 8816 2786 574 452 7824 457 7370 3954 931 7675 3322 2899 641 5438 992 5051 360 1628 355 3255 2244 2856 444 373 1741 1716 268 3416 819 472 4691 502 3175 5234 1588 17802 7567 6927 6818 2567 4251 3646 1070 2480 239 548 347 324 399 640 216 449 423 256 1273 3756 244983 2086 241 16143 1502 957 277 299 242897 2004 25216 424 244 1659 212 545 1916
is_linear=0
shrinkage=0.05


Tree=11
num_leaves=84
num_cat=0
split_feature=13 107 21 0 2 0 19 90 23 38 0 46 52 107 112 23 21 107 17 38 13 100 51 9 2 0 9 107 105 96 53 9 113 54 105 107 63 63 109 2 74 53 67 67 67 67 46 71 50 51 101 51 54 67 113 96 86 2 21 107 13 92 109 113 96 105 69 53 17 51 51 46 86 90 108 11 21 98 0 2 107 107 80
split_gain=42407.1 3624.05 2461.18 768.583 144.064 104.887 70.665 115.292 55.8953 65.1436 52.858 48.4718 45.9713 32.8733 27.0007 26.4407 20.3645 20.0228 17.6792 17.068 14.6428 13.2799 12.8924 12.6214 12.3046 12.0168 12.0043 11.837 12.8304 10.3452 10.2819 9.90294 9.76503 9.69757 9.58649 11.8971 9.44229 8.94858 8.33702 11.62 8.22227 8.13881 7.98354 9.41084 13.4371 7.77325 7.65878 7.62679 7.38907 19.8967 7.23797 6.6219 6.60487 6.55254 6.47889 6.47533 6.30451 6.14198 5.80498 5.7642 6.57899 7.55871 7.17391 7.09036 11.4071 6.20924 5.72989 4.5793 4.39978 4.12006 6.6124 3.93557 3.80587 3.49742 3.49132 3.3566 3.58906 2.36896 2.33757 1.26378 1.03001 0.175484 0.102471
threshold=1.5000000000000002 0.45469725131988531 19.500000000000004 2.6735538244247441 1.8673192858695986 3.1567740440368657 50.500000000000007 6.5000000000000009 1.5000000000000002 35.500000000000007 2.2499048709869389 0.22257608175277713 0.83390802145004284 1.2560814023017886 -0.31225973367691034 1.5000000000000002 15.500000000000002 1.6727219223976137 14.500000000000002 7.5000000000000009 2.5000000000000004 1.3409046530723574 0.5149553418159486 79.500000000000014 0.35611285269260412 2.9700856208801274 81.500000000000014 1.1327700018882754 1.1446306109428408 0.11269841343164445 0.3364779949188233 49.500000000000007 3.1171619892120366 1.0779351592063906 2.1784279346466069 1.2249096632003786 8.2691087722778338 3.6680387258529668 0.2759708464145661 0.56922376155853283 6.5000000000000009 1.986111104488373 8.9212999343872088 10.068366050720217 10.622284889221193 10.536674499511721 0.46195203065872198 7.5601639747619638 0.38961027562618261 0.7858283817768098 1.8476668000221255 0.23076918721199038 1.1249999403953554 10.198268890380861 3.0714797973632817 0.28708791732788091 0.62019231915473949 1.4156160950660708 9.5000000000000018 9.106809616088869 3.5000000000000004 4.5000000000000009 0.00018931170052383098 -8.9010071754455549 0.42807881534099584 1.3034433126449587 8.306488513946535 1.7795138955116274 22.500000000000004 0.81625148653984081 1.3574035167694094 0.30758179724216467 0.27239304780960089 4.5000000000000009 10.862149238586428 2.5000000000000004 90.500000000000014 9.5000000000000018 2.2499048709869389 2.1301832199096684 0.97765636444091808 0.033852115273475654 1.5000000000000002
decision_type=2 2 2 2 2 2 2 2 2 2 2 2 2 2 2 2 2 2 2 2 2 2 2 2 2 2 2 2 2 2 2 2 2 2 2 2 2 2 2 2 2 2 2 2 2 2 2 2 2 2 2 2 2 2 2 2 2 2 2 2 2 2 2 2 2 2 2 2 2 2 2 2 2 2 2 2 2 2 2 2 2 2 2
left_child=1 14 15 6 8 12 7 10 9 20 19 -6 25 21 81 26 32 22 -9 24 57 80 -12 29 -3 37 34 28 -28 -20 -21 -19 54 -14 35 45 -30 -5 39 -37 59 -39 69 46 -45 58 -44 -34 49 -10 -36 -23 53 -27 -15 -13 66 73 -2 60 63 62 -62 64 -17 -65 -52 -63 -59 -29 -71 -54 -42 -4 -25 76 -50 78 -22 -35 -7 -1 -51
right_child=2 3 4 5 11 13 -8 18 48 -11 17 55 33 16 -16 40 -18 31 23 30 77 51 -24 74 -26 52 27 42 36 -31 -32 -33 47 79 50 38 -38 41 -40 -41 72 -43 43 44 -46 -47 -48 -49 75 82 56 -53 71 -55 -56 -57 -58 68 -60 -61 61 67 -64 65 -66 -67 -68 -69 -70 70 -72 -73 -74 -75 -76 -77 -78 -79 -80 -81 -82 -83 -84
leaf_value=0.097128485089800889 -0.0021694051705359193 0.015828085231104554 -0.010580690101559213 0.069959789034426997 0.06869791526156091 0.067967422452459042 0.092974281128765865 0.031964687846187417 0.02847684091396421 0.070160781089381327 0.055150302169358512 0.0065576145189671937 0.038514914129841427 0.05992109523731947 0.039655054874410844 0.052755420578215299 0.091221281636472265 -0.0031221302747825447 0.033155845238374004 0.034960410136724428 -0.048004547193541802 0.09160948089855997 0.0361749244611657 -0.030114713998907267 0.025693877534283427 0.052154296857032947 -0.0066996049627501102 0.016210825804396565 0.013732261117587555 -0.013245339513296497 -0.0068892788394467998 0.028431213445094184 0.065726094506476027 0.068709084298854292 -0.019290657180308618 0.021721432410109764 0.07014918218250292 0.039557991894461152 0.00010662148791731608 0.051410314952671579 -0.0049631295962320222 0.055601894895441352 0.019747561962264515 -0.015403451953224227 0.013825552126846278 -0.022662753469675691 -0.012120524882400997 0.039450935203638182 -0.051307577745261956 -0.030813449250195649 0.018023101704549665 0.070687227251339024 0.069330360954062906 0.036353304054045556 0.048664025989894145 -0.041127768925315084 -0.0086218272524504879 -0.012486673446468555 0.03394432493183188 0.034648692797322106 -0.0015845157762450633 0.011154966422197351 0.026468015976208986 0.017623116408819816 0.0024974080390052973 -0.0038343010700134122 -0.0093524589868439808 -0.025873026212388718 -0.035642269360471011 -0.023793710482588805 0.0079480285192409066 0.038733366111195378 -0.039707048594010835 -0.039745651984135988 -0.0018627627685047069 -0.053640751106761669 -0.018212624561348877 -0.017315316068253567 -0.034156955795054671 0.091082405401222657 0.046997083313933104 0.08069791141966294 -0.04982457977494742
leaf_weight=6165.9474080726504 19.250897347927094 653.70303434878588 12.945239178836344 31.318836003541946 30.183573216199875 34.976232931017876 35.291742451488972 17.448146604001522 9.5357841402292234 11.326404094696043 125.24329467117786 11.045889772474768 19.557431980967522 565.51801703870296 23.999158456921577 14.059607930481432 65.412733525037766 25.121383488178253 16.345057435333729 16.001907110214233 941.30639349669218 187.96509604156017 442.1223690956831 112.57548442482948 651.11799710988998 391.30724881589413 14.883004181087015 12.207578644156454 14.007052071392534 35.109182067215443 89.386177182197571 564.10961449891329 1007.2525751590729 51.159363761544228 14.656014792621134 67.798039719462395 18.503225713968277 846.03344960510731 17.053952261805534 74.272916592657566 17.270280390977859 101.97705779969692 157.01645604521036 77.330191813409328 76.88194414973259 14.826319098472593 19.978981368243694 38.646163687109947 2701.4668268933892 14.783922903239725 345.56167746335268 100.18282373249531 91.303097918629646 105.140321418643 250.66383181512356 15.569955475628374 25.256533846259117 51.914633885025978 22.890294089913368 12.286435298621653 31.494118936359882 13.459706820547582 73.897917427122593 34.669630125164986 43.483133293688297 477.81158550828695 18.846815027296543 17.194151289761066 38.23903426527977 48.785245440900326 22.86107612401247 21.416916757822037 15.223575092852114 311.87255215644836 13.16411269456148 13906.891723975539 11.27214179933071 9.9427581131458265 54.52617534250021 66.440219208598137 41.105426639318466 60.17611476033926 39.330372892320156
leaf_count=24697 142 4894 157 160 177 147 157 142 85 65 711 95 93 2542 138 116 264 152 115 119 13184 765 2701 1236 4400 1897 122 97 110 344 810 3465 4421 234 111 539 148 4471 118 522 145 544 1260 627 619 113 161 177 39068 196 2593 423 433 510 1118 187 198 597 174 104 278 120 618 300 363 4093 154 148 440 395 180 105 136 4118 143 204835 139 113 716 271 177 262 531
internal_value=-0.000777428 0.0692839 -0.0465312 0.0440448 -0.0521018 0.0580564 0.0238939 0.0229574 -0.0523516 -0.0426991 0.025772 0.0267038 0.0486168 0.0651235 0.0967818 0.00866551 0.062352 0.0337155 -0.0140216 0.0192211 -0.0436789 0.0794467 0.0405156 -0.0188361 0.0207827 0.0461141 0.0136607 0.00749028 0.0308099 0.00182737 -3.99143e-05 0.0270645 0.0612599 0.0767171 0.0182149 0.0267732 0.0478137 0.0424093 0.0337603 0.037687 0.00143527 0.0413795 0.0047022 0.00820358 -0.0007744 0.0067199 0.0160227 0.0648227 -0.0531756 -0.0341037 0.0135343 0.0847735 0.051935 0.0489476 0.0565717 -0.0216881 0.0148637 -0.0353479 0.0177102 0.00257972 0.00193528 0.0117528 0.018087 -0.000415045 0.0159748 -0.00231604 0.0165474 -0.0095416 -0.0228399 -0.00891159 -0.0135735 0.0641895 -0.0225689 -0.0386679 -0.0272923 -0.053245 -0.0511839 -0.0470485 -0.0473089 0.0824212 0.0578942 0.0969908 -0.0457818
internal_weight=33070.1 13064.2 20005.9 6814.12 18172.2 4017.38 2796.74 2761.45 18115.4 1432.07 2566.81 56.7994 1725.65 2291.72 6250.12 1833.72 1927.49 1156.6 194.642 1410.21 1420.75 364.23 567.366 177.194 1304.82 1588.5 1082.87 462.455 47.3933 51.4542 105.388 589.231 1862.08 137.157 620.413 216.092 32.5103 979.329 159.125 142.071 750.85 948.011 415.061 331.208 154.212 56.9675 176.995 1045.9 16683.3 63.6501 404.321 288.148 609.168 496.448 816.182 26.6158 389.665 414.971 42.1412 718.356 706.07 136.046 105.392 570.024 57.5427 512.481 364.408 30.6539 90.1537 83.8539 71.6463 112.72 32.4939 324.818 125.74 16619.6 2712.74 1005.78 995.833 117.6 76.0817 6226.12 54.1143
internal_count=342745 63238 279507 38141 264703 18752 19389 19232 264244 19390 17252 459 8718 10034 25097 14804 8522 7029 1980 10223 19325 1512 3412 1838 9294 8120 8383 3719 380 459 929 3617 8258 598 4664 1608 258 5175 1179 1061 6421 5015 3339 2667 1246 429 1421 4598 244854 812 3056 1188 2945 2407 3660 282 2945 5312 316 6140 6036 1164 896 4872 479 4393 2747 268 1037 672 575 538 281 4275 1379 244042 39207 14013 13900 505 324 24959 727
is_linear=0
shrinkage=0.05


Tree=12
num_leaves=112
num_cat=0
split_feature=93 21 107 0 44 21 48 48 0 21 107 2 74 0 11 98 93 9 40 21 24 53 44 49 24 67 2 113 86 0 23 113 109 0 105 94 115 107 108 111 105 76 65 100 107 114 108 107 3 38 67 105 94 105 102 76 71 2 77 71 82 53 94 105 100 108 113 113 108 109 96 2 49 49 93 71 63 65 44 3 105 115 49 109 105 0 82 40 108 86 100 112 67 3 102 94 49 0 67 44 48 3 93 2 42 100 53 53 11 44 101
split_gain=38457.6 3180.57 2892.06 531.381 353.457 136.193 74.8886 65.2 58.7723 54.5662 53.0874 33.4225 23.1139 21.6541 20.8905 19.3669 16.9669 16.2726 16.3842 15.7975 14.8384 14.5702 12.5867 12.2903 11.1452 14.7653 11.0317 11.6345 11.1512 10.6449 10.6385 11.5915 11.4913 10.2327 9.69151 9.23015 10.3846 8.74038 9.68454 8.48461 8.46448 8.74227 8.2857 8.18409 7.88587 8.48226 8.49574 7.87437 7.74063 7.71001 11.7527 7.70509 7.66184 7.42343 6.97818 6.84548 6.83614 6.82043 6.79448 6.79153 6.78903 6.73003 6.72012 8.0437 7.49496 6.57753 6.53057 6.48145 5.88414 6.43643 5.83666 8.34268 7.88956 6.1828 5.80604 5.65223 16.5219 5.63109 5.51927 6.09107 5.3647 5.32745 6.64589 4.94093 4.8419 4.48365 4.39069 4.0495 3.71206 3.68264 3.5199 3.34708 3.16925 2.92419 2.58908 2.50906 2.30385 2.92791 2.21405 2.16873 4.14901 3.16608 2.03726 1.70798 1.61203 1.19416 1.00771 0.869151 0.578197 0.41982 0.371263
threshold=1.5000000000000002 19.500000000000004 0.42473721504211431 2.8617925643920903 0.067117117345333113 53.500000000000007 0.022222221828997139 0.020478053949773315 1.4978661537170412 50.500000000000007 1.1688305735588076 1.8170579075813296 5.5000000000000009 3.3140207529067998 1.5000000000000002 10.500000000000002 2.5000000000000004 80.500000000000014 7.5000000000000009 15.500000000000002 1.5000000000000002 0.61938297748565685 0.047905908897519119 0.074537035077810301 7.5000000000000009 11.227255821228029 0.94870534539222728 -8.9064364433288556 0.16601049900054934 1.2424533367156985 1.5000000000000002 -8.9367198944091779 0.7812807857990266 2.3502402305603032 2.0037852525711064 8.560214042663576 0.0005905164871364833 5.5229971408844003 10.930938720703127 -15.162473201751707 2.081810832023621 46.500000000000007 10.64702081680298 1.3188627362251284 2.0767512321472172 3.3460987806320195 9.4487862586975115 1.4740579128265383 1.9506495594978335 1.5000000000000002 9.0489077568054217 1.900144159793854 9.3461070060729998 3.8631352186203007 1.3123778104782107 36.500000000000007 7.3142652511596689 0.35233062505722051 27.500000000000004 7.4316294193267831 3.5000000000000004 1.986111104488373 7.0729219913482675 2.2338271141052251 8.2648072242736834 8.8048129081726092 -7.4377100467681876 -8.7913246154785138 8.1326489448547381 0.0012670987052842977 0.4434372484683991 0.11557132750749589 0.2113248556852341 0.4999998956918717 2.5000000000000004 6.2289698123931894 7.4796636104583749 10.803272247314455 0.10557275637984277 0.90970999002456676 5.8525702953338632 0.00062303699087351571 0.37499995529651647 0.00073173252167180191 1.4918912053108218 2.9700856208801274 3.5000000000000004 5.5000000000000009 9.0673985481262225 0.12390350922942163 1.4611312150955202 -0.40125221014022822 6.6607737541198739 2.2704048156738286 11.525087356567385 7.5247583389282235 0.23529411107301715 1.4978661537170412 12.225778579711916 0.10557275637984277 0.030395417474210266 0.74754324555397045 3.5000000000000004 1.8420168757438662 0.19923664629459384 0.74471122026443493 0.30053764581680303 1.1220867037773135 3.5000000000000004 0.15401559323072436 2.3393989801406865
decision_type=2 2 2 2 2 2 2 2 2 2 2 2 2 2 2 2 2 2 2 2 2 2 2 2 2 2 2 2 2 2 2 2 2 2 2 2 2 2 2 2 2 2 2 2 2 2 2 2 2 2 2 2 2 2 2 2 2 2 2 2 2 2 2 2 2 2 2 2 2 2 2 2 2 2 2 2 2 2 2 2 2 2 2 2 2 2 2 2 2 2 2 2 2 2 2 2 2 2 2 2 2 2 2 2 2 2 2 2 2 2 2
left_child=2 8 22 6 5 17 9 15 30 20 23 13 29 43 74 16 47 18 34 62 40 -7 -1 90 33 -26 27 53 49 42 39 32 -32 -22 -3 58 -37 38 -30 66 54 -42 52 83 45 46 48 77 -28 50 -29 55 -8 -10 -4 -20 -39 -51 -31 93 75 -45 63 -13 -64 -44 -2 -48 95 -70 81 73 -73 -72 104 80 -77 -6 79 -18 -33 82 -41 -12 105 -21 92 -19 -14 -49 -5 -83 -15 -55 98 -62 97 -76 -89 100 101 -16 -80 -53 107 -25 -87 -9 -101 -98 -107
right_child=1 4 3 10 7 21 12 14 26 -11 11 19 88 86 99 -17 78 87 51 85 24 -23 -24 84 25 -27 44 28 37 35 31 60 -34 -35 -36 36 -38 56 -40 70 41 -43 65 61 -46 -47 67 89 -50 57 -52 103 -54 59 -56 -57 -58 -59 -60 -61 68 -63 64 -65 -66 -67 -68 -69 69 -71 71 72 -74 -75 96 76 -78 -79 102 -81 -82 91 -84 -85 -86 106 -88 94 -90 -91 -92 -93 -94 -95 -96 -97 109 -99 -100 108 -102 -103 -104 -105 -106 110 -108 -109 -110 -111 -112
leaf_value=0.092707058543891441 0.011632937211228322 0.0009580610975897134 0.034554844869171285 0.062973080476786625 0.043084573604985757 0.078490208025439531 0.010572422079555499 -0.038785520788518879 0.02604811618961432 0.095458251967853333 0.0098984099271678221 0.065394873377417839 -0.047057250569995809 0.040265045198712948 0.002460939249873232 0.017018308213708481 0.0076398605971658221 0.0035228635426581079 0.032668700296676997 0.057996861040987252 0.022386681387580345 0.027023230231734099 0.051359156247894701 0.036113507923251499 0.039581862619981423 -0.016425248741613878 0.034299842878668517 0.064209747560989502 0.013841722538530105 0.0079883255842772786 0.05555810939361288 -0.014747161956553718 -0.0021486194889568026 0.033060879538693133 0.059591940112830102 0.022451410460589627 0.056675869057529249 -0.024858161838768971 0.039557223307290897 -0.0067977002472620427 0.016381070116133701 0.039198624142041692 0.0060841243747350943 0.04755503005602213 0.0040274356461694029 0.004068801277544944 0.036326242334977797 0.0036538071014463277 0.067714154929227818 -0.010213579081478765 0.021480849278294127 -0.042181516505027418 0.042294822440798109 -0.035164034059949272 0.055430292288180687 -0.020032306696355702 0.012087769113093451 0.023410082968640444 0.022181828073193955 0.010713602176861068 -0.0145134840174517 0.062267676758248791 0.021007772728155974 0.049850509772122249 0.061032063151686314 -0.038410900648237947 -0.031849032503924894 -0.0061675543861781628 0.016356265413045103 -0.013266460767525938 -0.0042538123043067552 0.048871687880687215 0.015827794743404702 0.024770628342727478 -0.046867924605828254 0.053631309311083931 0.00079476737764290039 -0.0085546259722084558 -0.029310570846035111 -0.031154377796436428 0.012854286926545902 0.0049001604657970274 0.01449052650371966 0.042295660700774722 0.073384781702044197 0.092919525871299299 0.036713202486160106 -0.032524093396257239 -0.0068464008724792198 -0.031342045508504321 0.090187834969365388 -0.026201185435531505 0.060369499170765145 -0.0046450328037650609 -0.00036889251656896502 -0.036141912396996524 -0.046286673825515913 -0.034098102203282431 -0.0064014153938640045 -0.052020484560146442 -0.047907106786221419 -0.038537416769182049 -0.04537137852535382 -0.012599112109337391 -0.014757381739320487 0.066825408730709288 0.07205621766843022 -0.017239692467168818 -0.053550728659442784 -0.050693974219339799 0.046103850935127325
leaf_weight=6144.9067797362804 12.499670371413229 13.754203453660013 78.178379952907562 34.319622233510017 9.3405536934733409 48.591885477304459 289.946109816432 99.955440670251846 16.109452791512012 34.045823708176613 26.116805791854858 434.32540525496006 13.267681956291201 35.984265804290771 8.5415489003062266 18.869607254862785 10.664568960666655 9.7491599246859533 11.042353443801405 41.317087590694427 317.86601724475622 22.929423004388809 25.620200410485268 22.131631091237068 17.648914657533169 28.893692120909691 50.179590627551079 29.58581855148077 490.73183954507113 119.81698364019394 15.849770218133925 92.703581444919109 16.311268925666809 999.58498518168926 13.879261530935763 66.106745347380638 36.528540916740894 23.384713135659695 39.280935510993004 56.741408981382847 62.193110927939415 169.59841361641884 17.381047509610656 1315.790593624115 24.261376716196537 19.399475961923599 18.658214002847672 9.7168998196721059 34.950815871357918 14.79354517161846 40.461169935762882 16.210409410297874 19.432595737278461 21.433091856539249 133.6004730463028 10.519951745867727 23.502254322171211 252.7209479957819 327.94899271428585 21.060437068343163 41.56230928003788 105.13750456273556 29.580041840672493 148.85735063254833 22.753791436553001 13.339675225317476 21.212834775447845 14.871132075786589 26.711758643388748 50.480067543685436 84.40096378326416 19.238401509821415 211.30355738848448 21.769558146595955 172.47332209348679 14.001007817685602 337.48808737844229 8.9775800183415395 40.004303425550461 72.114954948425293 20.044220946729183 12.382944501936434 96.383164294064045 23.852314710617065 104.46268054842949 69.154483288526535 33.252532467246056 108.89139424264431 11.437337450683115 23.092636577785015 148.90155182778835 21.676080428063869 733.01946227252483 13.972910560667513 8.4005616232752782 24.141732878983021 491.32784343510866 105.82869252562523 10.708704628050326 3862.6935515254736 164.16014171391726 7.5981376692652693 172.62305943667889 10.747935093939303 13.319501288235186 30.774621233344078 62.72650933265686 10.393718950450419 11336.268324866891 697.83865548670292 31.153339222073555
leaf_count=24732 104 105 421 140 100 220 2165 1329 111 141 122 1849 129 156 115 169 119 98 105 183 2008 151 130 100 121 204 324 207 3507 832 129 805 136 5565 111 463 251 183 276 469 355 969 137 6193 163 125 121 97 211 113 290 173 147 166 691 101 183 1829 2262 161 372 500 130 641 100 110 177 100 243 449 728 155 1703 183 2516 121 2893 100 539 904 169 102 792 113 457 278 144 1313 113 263 599 176 3148 105 100 215 7202 1531 133 58976 2455 110 2413 104 170 141 257 141 174918 10403 136
internal_value=-0.000924872 -0.043853 0.068304 0.0441961 -0.0511343 0.00400109 0.0277954 -0.0520429 0.0108253 0.0336118 0.0572672 0.0550349 0.0160445 0.0517957 -0.0524957 -0.0308607 -0.0335587 -0.015988 0.00242981 0.0640147 0.0323632 0.0630211 0.0925495 0.0754514 0.0296706 0.00517719 0.018895 0.0168376 0.0183659 0.0173896 0.00305381 -0.00133549 0.0272021 0.0305214 0.0323029 0.0217069 0.0353691 0.014039 0.0158727 0.00809406 0.0404927 0.0332639 0.0103089 0.0479894 0.0310762 0.0356635 0.0406304 -0.00650552 0.0490687 0.0256363 0.0406359 -0.0148421 0.0127916 -0.00226653 0.0480682 0.00689242 -0.0063316 0.0214669 0.0184454 -0.010982 -0.00292692 0.0487152 0.0599032 0.0615823 0.039811 -0.013815 -0.0156343 0.0177366 -0.0123956 -0.00277224 0.00968029 0.013609 0.0189265 0.00186676 -0.0467751 0 0.00314671 0.01854 -0.0381507 -0.0259908 -0.00964832 0.00250821 0.00654793 0.0263392 0.0648433 0.0784002 0.0586593 -0.0261584 -0.0302805 -0.0209796 0.0856971 -0.0148826 0.0595219 -0.024069 -0.0285109 -0.0232386 -0.0477254 -0.0422566 -0.030376 -0.0530822 -0.0454467 -0.0179089 -0.0426228 -0.0320245 -0.0349827 0.0530114 0.0839932 -0.037104 -0.0531677 -0.048942 0.0578958
internal_weight=32348.4 19967.5 12381 6210.43 17621.2 285.425 2756.82 17335.8 2346.26 1841.61 3453.61 3081.87 915.206 2273.15 16970.4 365.404 346.535 213.904 76.1541 808.715 1807.56 71.5213 6170.53 371.743 1363.99 46.5426 1149.36 987.037 914.461 890.501 1196.9 639.294 32.161 1317.45 27.6335 550.401 102.635 576.9 530.013 557.609 443.57 231.792 340.099 1470.9 162.321 138.059 118.66 51.1277 85.1304 337.561 70.047 48.5206 309.379 72.5759 211.779 21.5623 46.887 267.514 447.766 56.4664 607.133 1420.93 635.517 583.183 52.3338 30.7207 33.7125 33.5293 142.896 77.1918 523.896 336.712 230.542 106.171 1591.14 464.237 351.489 18.3181 295.407 82.7795 112.748 187.184 153.125 49.9691 188.522 173.198 802.256 137.75 24.705 32.8095 183.221 34.059 769.004 35.406 128.001 65.704 1467.47 278.302 119.6 15379.3 180.3 16.1397 212.627 26.9583 123.669 84.0596 131.881 110.349 15199 1189.17 61.928
internal_count=342913 285580 57333 32471 267284 2714 17084 264570 18296 10475 15387 13814 6609 10376 259866 4704 4535 2343 699 3438 10334 371 24862 1573 7898 325 8175 7131 6588 6367 10121 5532 265 7573 216 3808 714 4149 3783 4589 2436 1324 2559 6928 1044 881 756 560 535 2439 497 483 2312 543 1112 206 366 1942 3094 432 5267 6693 2720 2490 230 247 281 221 1279 692 4308 2769 1858 911 23292 3988 3014 200 3975 1023 974 1539 1261 235 834 718 3448 1644 242 360 739 278 3304 271 1546 587 21652 4047 1446 236574 2680 225 2952 277 1640 377 535 1470 233894 17605 277
is_linear=0
shrinkage=0.05


Tree=13
num_leaves=82
num_cat=0
split_feature=13 103 25 0 2 0 25 30 23 38 0 53 52 25 2 103 36 0 100 93 112 0 25 103 98 113 95 54 61 65 77 3 36 63 67 63 65 107 112 113 65 23 46 65 101 107 112 76 50 49 65 112 82 9 99 84 0 9 111 111 103 96 9 107 101 9 96 112 9 11 25 3 2 101 63 99 94 9 67 49 63
split_gain=35498.7 3396.56 2426.42 581.016 138.284 70.6065 63.6676 83.5812 61.14 58.3866 45.2294 31.2601 30.4317 30.2035 29.1454 25.6439 23.39 22.1928 20.6668 16.9178 14.4916 13.7034 13.1601 12.565 11.7468 10.4906 9.84724 9.49518 9.23089 8.76656 12.2703 10.1238 9.15308 8.97553 8.57305 10.5083 9.69052 8.48502 8.34935 8.24812 8.35082 7.75112 8.72483 7.06397 6.58634 6.54264 8.27399 6.44939 6.41643 19.7317 6.09764 6.02013 7.78827 5.95718 7.86697 7.60103 5.88255 5.50425 5.49335 9.82628 7.28363 5.44723 5.318 6.51212 9.82622 5.22189 7.20277 5.17717 4.95569 4.47765 8.59395 4.1305 4.02216 4.02 3.6942 3.48532 3.4797 2.835 2.76948 0.980203 0.484901
threshold=1.5000000000000002 0.045877892524003989 19.500000000000004 2.6735538244247441 1.8673192858695986 3.113268375396729 50.500000000000007 6.5000000000000009 1.5000000000000002 35.500000000000007 1.7005987167358401 0.59290647506713878 0.8760964870452882 15.500000000000002 0.56922376155853283 0.97892677783966076 11.500000000000002 2.4414010047912602 0.61293074488639843 2.5000000000000004 -6.6991736888885489 2.3502402305603032 30.500000000000004 1.0613263845443728 8.5000000000000018 3.1171619892120366 6.1886849403381357 1.294599771499634 7.0835430622100839 9.7905869483947772 31.500000000000004 1.9685453772544863 1.5000000000000002 8.9759273529052752 10.995581626892092 9.3679389953613299 11.821656703948976 1.2036114335060122 -0.29689058661460871 -8.8278770446777326 9.1168260574340838 1.5000000000000002 0.20599461346864703 9.0458726882934588 8.8105616569519061 2.3430349826812749 -0.34599030017852778 37.500000000000007 0.38961027562618261 0.25931262969970709 9.8425631523132342 -0.27537927031517023 2.5000000000000004 80.500000000000014 0.23506432026624682 0.33084577322006231 2.2499048709869389 51.500000000000007 -14.925235748291014 -15.056838035583494 6.7717044353485116 0.56903558969497692 76.500000000000014 1.0456117391586306 2.0418692827224736 66.500000000000014 0.49647870659828192 -0.25958567857742304 82.500000000000014 2.5000000000000004 90.500000000000014 2.057420134544373 0.69591727852821361 2.0573234558105473 9.0975689888000506 3.1456598043441777 5.3493192195892343 69.500000000000014 6.6607737541198739 0.11111110076308252 7.599956989288331
decision_type=2 2 2 2 2 2 2 2 2 2 2 2 2 2 2 2 2 2 2 2 2 2 2 2 2 2 2 2 2 2 2 2 2 2 2 2 2 2 2 2 2 2 2 2 2 2 2 2 2 2 2 2 2 2 2 2 2 2 2 2 2 2 2 2 2 2 2 2 2 2 2 2 2 2 2 2 2 2 2 2 2
left_child=1 17 14 6 8 12 7 10 9 19 16 -6 38 15 41 18 27 -1 -7 28 -16 22 -12 -23 -13 44 39 -3 68 30 31 -28 -31 -32 35 -9 74 -34 45 -22 71 42 43 -2 -17 46 -5 -47 49 -10 -45 52 -40 54 61 -56 76 -43 59 -55 -60 -44 65 67 -65 66 -59 -64 -4 70 80 -41 -18 -67 -36 -58 -21 -53 -27 -20 -50
right_child=2 3 4 5 11 13 -8 34 48 -11 21 24 -14 -15 20 25 72 -19 79 56 26 23 -24 -25 -26 78 29 -29 -30 32 33 -33 37 -35 36 -37 -38 -39 51 40 -42 57 53 50 -46 47 -48 -49 69 -51 -52 77 -54 58 55 -57 75 62 60 -61 -62 -63 63 64 -66 73 -68 -69 -70 -71 -72 -73 -74 -75 -76 -77 -78 -79 -80 -81 -82
leaf_value=0.040923088491179732 0.04730605743165206 0.01299022478128483 -0.0048252280287666427 0.041256754654152045 0.064549770336139053 0.033472590161722264 0.082865216084112528 -0.024977113926365441 0.031544598144976545 0.068794857353395952 0.022724736394643019 -0.037987999375135265 0.081584394933311946 0.08364629473404761 0.066325917934570433 0.044330989176546091 -0.035688470720383829 0.0890916211412634 0.088200005735186562 -0.0099532477234610325 0.003976122124791287 0.049580576980520076 -0.0042887587137526544 0.028246991306576263 0.018876404544695136 0.040069276692871067 0.056789759152126064 0.054510964958310565 -0.048952926707206565 0.03200451075944924 0.0037681952964789215 0.020861441159026554 -0.035456275208260245 0.034266632972513894 -0.0037959322944772014 0.033454607781308425 0.015050123931487509 0.0035039978817892978 -0.0092123709677998534 0.079820119903733056 0.017020190528434054 0.032636514184656483 -0.018050148120959168 -0.012686762822781359 0.053772389542496558 0.046623235722081595 0.057317952960186172 0.01426269268612626 -0.026979986617756097 -0.045845827272011169 0.0329991520683919 0.052854954783693675 0.030086199346268536 -0.0019572283523563937 0.025507626493278597 0.0060906548490016659 -0.039667785291744743 0.034295719341655671 0.0024647159791576093 0.03020305552325582 -0.024847346672259372 0.016262586565824997 -0.024383202207733313 0.025451713391374437 0.0026427308015882171 -0.032436359961462692 -0.0047435786048565633 0.012388088011828504 -0.02652428967949216 -0.053229610928161378 -0.0067209842679471776 0.037095072785235397 -0.0046522150954420643 -0.0080050314815111236 -0.036844234278810152 -0.017873305390398938 -0.045748577570782684 0.023520678904307118 0.056790331952691613 0.066500082372024066 -0.050695045084107604
leaf_weight=28.42878919839859 24.668291591107845 758.28674937039614 42.672273561358452 1327.633092045784 25.389099173247814 30.012638911604881 39.38713077455759 14.0169919654727 8.5285000875592214 10.568757347762583 857.94912657886744 15.291687481105326 47.669170469045639 97.539819240570068 15.103485420346258 541.2722814977169 24.98263268917799 6182.8043491244316 94.140258327126503 8.5098767802119237 17.445418380200863 78.187391228973866 46.470713689923286 913.08756881952286 18.183560878038406 46.097875788807869 32.437710903584957 12.860822431743143 34.013183377683163 22.114344194531441 108.76151125878096 57.242581203579903 14.946908183395861 30.057704202830791 10.709560878574846 13.699439138174055 10.806563563644884 90.348824642598629 22.174151077866554 15.392287924885748 20.71460735052824 12.527694076299666 29.23034742474556 13.713377408683302 413.29643332958221 23.697444781661034 99.581009760499001 48.933052033185959 9.3337440118193609 50.522318288683891 12.447153240442274 19.713497832417488 25.388203181326389 47.07408618927002 120.62724979966879 90.586147807538509 48.674623437225819 14.454149082303045 263.96189238876104 45.016080744564533 25.381648354232311 16.909856103360653 33.088936045765877 51.733746662735939 438.75248595327139 20.088742844760418 43.418410368263721 11.764662593603132 76.844827808439732 12683.568235512823 12.220977634191511 18.126027971506119 19.428899370133877 95.429517768323421 74.035308003425598 39.279372237622738 1075.2132624685764 23.953790038824081 1147.4384735375643 42.273369297385216 2462.3428457975388
leaf_count=155 195 5635 479 6454 138 124 171 143 72 58 5543 188 194 392 97 2354 264 25111 379 124 120 440 397 5329 146 196 229 106 463 157 769 402 110 216 113 139 120 657 119 104 142 102 235 111 1793 117 537 244 142 727 100 105 140 383 909 719 653 119 2116 365 210 137 293 450 3768 174 364 105 1025 204824 155 121 195 807 825 526 16119 130 4883 174 38858
internal_value=-0.000795597 0.0620374 -0.0454732 0.0379426 -0.051524 0.0501425 0.0207259 0.0198155 -0.0517964 -0.0413724 0.0216498 0.0243415 0.0420095 0.0556344 0.00877718 0.0543962 0.0117496 0.0888827 0.0739683 -0.0423353 0.0199579 0.025891 0.0213209 0.0300121 -0.00732883 0.0528246 0.0180706 0.0138001 -0.0261217 0.0145046 0.0203463 0.034687 0.00383568 0.0107388 -0.0202236 0.00379655 -0.0272451 -0.00235317 0.0407418 0.0349803 0.0443987 0.00524444 0.00903192 0.0287634 0.0485072 0.041665 0.0424434 0.0256858 -0.0527061 -0.0339989 0.00929974 0.0250276 0.0118394 0.00738255 0.0132536 0.0173287 -0.0444152 0.00159806 0.00335883 0.0138888 -1.25479e-05 -0.00514892 0.000967565 0.00344478 0.00513908 -0.00658753 0.0054585 -0.0144339 -0.0190153 -0.0527749 -0.0504181 0.0595795 -0.0229243 -0.0127004 -0.0329224 -0.0305093 -0.0454909 0.0383005 0.056204 0.0823443 -0.050626
internal_weight=31610.7 13136 18474.7 6924.72 16621.2 4050.81 2873.91 2834.52 16562.3 1335.78 2711.25 58.8643 1638.74 2412.07 1853.57 2314.53 815.559 6211.23 166.426 1325.21 442.691 1895.69 904.42 991.275 33.4752 2148.11 427.588 771.148 153.53 355.91 228.5 89.6803 127.41 138.819 123.268 27.7164 95.5514 105.296 1591.07 71.6783 54.2329 1410.87 689.616 50.8288 954.569 1499.84 1427.21 72.6305 15226.5 59.0508 26.1605 91.2296 47.5624 638.787 257.354 211.213 1171.68 721.258 381.434 92.0902 289.344 46.1402 708.731 535.34 490.486 173.391 57.8726 44.8536 119.517 15167.5 2483.9 33.5183 44.4115 115.518 84.7449 87.954 1083.72 43.6673 1193.54 136.414 2471.68
internal_count=342504 63021 279483 37755 264697 18335 19420 19249 264225 19447 17909 472 8040 10295 14786 9903 6200 25266 677 19389 3124 11709 5940 5769 334 9226 3027 5741 1967 2540 1616 631 924 985 1340 282 1058 767 7846 487 367 11662 5480 406 4147 7352 6991 361 244778 799 211 494 259 5074 2000 1628 17422 6182 3074 748 2326 372 6080 4616 4218 1464 483 398 1504 243979 39155 225 459 981 938 1179 16243 235 5079 553 39000
is_linear=0
shrinkage=0.05


Tree=14
num_leaves=100
num_cat=0
split_feature=13 103 21 0 2 0 23 54 19 3 2 21 90 0 49 0 0 90 13 34 103 100 19 17 0 112 109 36 109 105 74 3 3 63 63 103 113 103 111 19 50 52 101 53 24 100 108 36 67 0 98 108 115 94 53 114 3 9 67 2 98 113 115 94 2 11 38 98 61 21 21 108 76 98 61 109 9 107 112 101 107 103 92 65 65 49 112 61 100 115 15 36 115 112 19 46 54 92 42
split_gain=32519.1 3304.11 2386.66 534.217 126.732 87.3819 62.0006 60.6529 49.6901 52.6496 42.9146 37.227 34.0222 33.5026 33.0022 24.8627 22.9146 16.0456 15.2511 14.5959 13.7009 20.7853 12.8883 26.2599 12.4308 16.0545 10.6576 10.6253 10.6162 10.567 13.2057 10.63 17.1356 15.0697 9.95385 9.47203 9.30735 9.17681 8.63036 8.69681 8.50728 16.9513 8.43533 8.23041 7.62764 7.53659 7.52846 7.2128 7.11306 7.05102 7.04544 6.95474 10.3319 6.89176 6.84244 6.80132 6.67069 6.40352 6.36278 6.34422 10.0039 6.28089 6.1231 6.00869 5.81567 5.20866 8.3063 5.12032 6.1694 6.67955 8.55374 8.04096 6.1587 12.918 7.25869 4.87751 4.80212 6.4031 6.14517 4.73393 8.64718 9.41099 4.63267 4.62912 5.40195 5.56895 4.39925 4.25528 4.0366 3.59006 2.94453 2.55341 1.52796 1.51412 1.41632 0.259327 0.179661 0.162002 0.0393086
threshold=1.5000000000000002 0.045877892524003989 19.500000000000004 2.8617925643920903 1.8673192858695986 2.3502402305603032 1.5000000000000002 1.6132698059082033 24.500000000000004 0.97964861989021312 1.919866740703583 50.500000000000007 5.5000000000000009 3.113268375396729 0.22742946445941928 1.2424533367156985 2.3502402305603032 5.5000000000000009 2.5000000000000004 12.500000000000002 1.0209779739379885 0.71499010920524608 16.500000000000004 17.500000000000004 1.7005987167358401 -0.3430753350257873 0.028066196478903297 7.5000000000000009 0.091756418347358717 2.1784279346466069 3.5000000000000004 2.2579525709152226 1.9109650254249575 8.1858310699462908 9.4823961257934588 7.6741373538970956 -8.8858118057250959 1.2854059934616091 -15.170274734497069 10.500000000000002 0.38961027562618261 0.74198684096336376 1.2906082272529604 0.54606062173843395 4.5000000000000009 4.3250043392181405 4.4262223243713388 4.5000000000000009 6.6607737541198739 1.7005987167358401 8.5000000000000018 8.7858157157897967 0.00057435038615949463 7.8713150024414071 0.61938297748565685 3.3882069587707524 2.2022497653961186 71.500000000000014 10.995581626892092 0.095820643007755293 -1.0000000180025095e-35 -8.7277951240539533 0.69238224625587474 8.6815562248229998 1.4435307979583742 2.5000000000000004 35.500000000000007 1.5000000000000002 8.3289051055908221 12.500000000000002 10.500000000000002 7.1221890449523935 81.500000000000014 -2.4999999999999996 9.0190205574035662 0.0043664800468832263 58.500000000000007 1.0456117391586306 -14.256544113159178 1.7092828750610354 1.4263132810592654 1.5710320472717287 1.5000000000000002 10.786190032958986 10.389114856719972 0.31170834600925451 -14.291780471801756 5.447232961654664 2.1928632259368901 0.00057377142366021882 2.5000000000000004 5.5000000000000009 0.69225582480430614 -0.28900024294853205 54.500000000000007 0.14160401374101642 1.8380365371704104 2.5000000000000004 0.060915276408195503
decision_type=2 2 2 2 2 2 2 2 2 2 2 2 2 2 2 2 2 2 2 2 2 2 2 2 2 2 2 2 2 2 2 2 2 2 2 2 2 2 2 2 2 2 2 2 2 2 2 2 2 2 2 2 2 2 2 2 2 2 2 2 2 2 2 2 2 2 2 2 2 2 2 2 2 2 2 2 2 2 2 2 2 2 2 2 2 2 2 2 2 2 2 2 2 2 2 2 2 2 2
left_child=1 16 15 5 6 8 7 18 24 -10 13 12 22 46 -6 59 -1 49 44 37 21 -15 34 -24 26 43 55 -14 -29 31 35 32 33 -17 -7 38 -32 92 39 -31 41 96 -27 -26 89 88 -5 48 -22 -11 -16 75 -53 -28 -34 -3 -56 -21 -40 60 83 -35 -47 87 -46 66 97 68 69 70 -61 -71 74 -74 -70 -38 78 -78 -48 -33 -81 -82 -19 84 85 -2 -49 -62 -39 -4 -18 -20 -12 -89 -93 -23 -8 -42 -98
right_child=2 3 4 10 14 11 40 -9 9 17 19 -13 27 20 50 29 90 82 91 57 47 95 23 -25 25 42 53 28 -30 30 36 79 54 61 -36 -37 51 45 58 -41 65 -43 -44 -45 64 62 76 86 -50 -51 -52 52 -54 -55 56 -57 -58 -59 -60 67 63 -63 -64 -65 -66 -67 -68 -69 72 71 -72 -73 73 -75 -76 -77 77 -79 -80 80 81 -83 -84 -85 -86 -87 -88 93 -90 -91 -92 94 -94 -95 -96 -97 98 -99 -100
leaf_value=0.032873112957849233 -0.013425560350630424 0.0016131633042135885 -0.021755481091832611 0.010135321737545317 0.058542432944729855 0.031069543201611462 -0.047554530094522547 0.059509867725991629 0.073584094203552261 -0.012378750087810822 0.051592336479654902 0.082254524271327567 0.032866350581697026 0.025224678449058169 -0.041444733681527748 0.072249735393506029 0.08579653150253308 -0.01132356762372002 -0.015893412739354504 0.078477684823731256 0.030690057969436513 0.079993496628328137 0.066733119508883609 0.011328282004421656 0.02876731423880215 -0.0037598604180303918 0.013381017585659558 0.014798357708910441 -0.013988260885203097 0.011350163031635427 0.025425340464071786 0.0096751912545182152 0.037922978619036318 0.04138434133500165 0.017294699846551111 -0.021023536564557174 0.0045910528979028302 0.041659801143599129 0.01497423833088735 0.062724131776719316 -0.043054897795544146 0.034804258572982617 0.029054362997130784 0.0099435427957893559 -0.038131295561219698 0.050041160189591621 0.049574014726631595 0.045008604856327308 0.051387336630141695 0.021219793814391395 0.0074801802884263318 0.017557056602982422 -0.014914264523895807 0.027656237601194313 0.0087193798271367178 0.022967417464788586 -0.018697554874990096 0.05167092388998365 -0.00738470621166098 -0.0011815371346563159 -0.00043878259874060189 0.005294539990287301 0.030279438370401885 0.0018298821718548417 -0.021548934069321679 -0.053017707528024871 -0.0074799075930861107 0.02815298422138492 0.021935038903035588 0.014772331665258487 0.017095257385781833 -0.016696766079482825 0.062119101950693069 0.0098535057598882984 -0.015088069037107294 -0.027481480382800995 0.060143529942927321 0.035410167753879847 0.021280839427195601 0.065582005505560856 -0.0035699105533026441 0.041769661651240311 -0.03054060731692522 -0.02108658933367789 0.034654214114648869 0.0063917193244022886 0.029688027930040901 -0.042522919098988608 0.065341246653847648 0.019967908615457559 0.062989703110728837 -0.046439251088581261 0.074898586718441948 -0.01731576330256623 -0.030383834801008949 0.057877624769719527 -0.017782744367433885 -0.050481136476574297 -0.036054659954179828
leaf_weight=23.693848453462124 45.127386167645454 252.64217954128981 8.7986147329211253 25.305632397532463 29.379333823919296 1275.4657428711653 28.662536520510912 13.566408354789017 16.69891370087862 26.218386188149452 29.865811243653297 32.176982641220093 28.34426985681057 28.064175203442574 12.704112619161608 19.818013690412045 6097.2800576537848 53.391586266458035 10.169033929705618 150.03829057514668 53.554770916700363 86.691914781928062 65.658156342804432 33.112863264977932 72.079140730202198 19.599370732903481 349.40970700234175 59.454790413379669 65.958730012178421 17.016821771860123 25.32741916924715 16.95748720318079 16.113517813384533 19.97076465934515 157.2205673456192 17.17260929197073 14.683361925184725 37.240552097558975 422.29307501763105 17.418469376862049 96.625154390931129 7.1458834595978251 437.76975091546774 312.55234918743372 289.2144822999835 182.70268669724464 186.916748046875 230.72623153030872 1307.5334323495626 33.954183332622051 13.896274648606775 49.557667270302773 45.475355200469494 116.57650605589151 167.92904821038246 42.592759065330029 23.917315430939198 44.485947787761688 32.900503627955914 178.70404845476151 11.55222277343273 30.412255443632603 65.715027883648872 22.514689408242702 77.239652276039124 12103.278505586088 12.555250752717255 22.02400691062212 22.649312317371368 25.050311975181103 97.330676756799221 83.692574895918369 15.806166380643843 41.692870050668716 27.702956646680832 45.307161204516888 30.678898572921753 645.82619389891624 26.432893440127373 23.744017571210861 16.076586909592152 33.605313017964363 94.531557336449623 19.037067115306854 11.788258165121077 145.16133741289377 81.500808134675026 28.324159443378445 128.24047547578812 8.7944797426462156 37.353799864649773 848.49091307446361 80.739889055490494 13.363470368087293 29.13823951035738 27.253648087382317 8.9337881691753882 2272.9413979128003 11.995037488639353
leaf_count=130 407 1900 110 120 163 6887 445 92 75 248 121 132 175 116 165 141 25079 495 161 611 229 349 349 178 448 120 2515 439 518 121 190 127 116 145 876 140 115 155 3124 126 1539 59 2751 2003 4210 765 872 996 5561 248 123 376 340 836 1239 324 174 191 244 1504 101 225 276 198 944 204722 164 186 194 216 819 725 135 355 239 341 140 3049 122 169 114 242 1171 170 103 1280 348 251 536 110 155 13357 326 119 398 112 112 37525 183
internal_value=-0.00080519 0.0587739 -0.0449549 0.0352461 -0.0512406 0.0215972 -0.0515067 -0.0408134 0.0139603 -0.00798105 0.049256 0.0297011 0.0286194 0.0463079 0.0232122 0.00850715 0.0854812 -0.0150538 -0.0419602 0.0603178 0.0503067 0.0660911 0.0308708 0.0487058 0.0170476 0.02126 0.0123423 0.00604976 -0.000248985 0.0135619 0.00983381 0.0204178 0.0153678 0.036509 0.0295846 0.0139606 -0.00172732 0.0554599 0.0152684 0.0391485 -0.052447 -0.0311751 0.0276187 0.013595 -0.033227 0.0514548 0.0382955 0.0489031 0.050615 0.00647308 -0.0164951 -0.0064285 0.00192493 0.0170509 0.00797304 0.00482811 0.00513107 0.0728405 0.0133173 0.00190634 -0.00388281 0.0205754 0.0450666 -0.0193822 -0.0347654 -0.0525263 -0.0499938 0.00526666 0.00414089 0.00112973 0.00528445 -0.00925439 0.0146294 0.0256046 0.00152549 -0.0195482 0.0390667 0.0366771 0.0462882 0.0353461 0.0408289 0.0272282 -0.0238546 0.00147725 0.00379175 0.00157162 0.0412024 -0.0283397 0.0604939 -0.000444773 0.0856747 -0.0456644 0.0694691 -0.0355561 -0.0459703 0.0756112 -0.0416208 -0.05021 -0.0304118
internal_weight=30904 13153.3 17750.7 6994.92 15883.5 3545.41 15827.5 1285.41 1828.02 224.795 3449.51 1717.39 1685.22 2730.49 55.9797 1867.22 6158.33 208.096 1271.85 719.029 1815.32 142.01 1531.46 98.771 1603.22 842.001 761.221 153.758 125.414 1055.7 687.152 368.544 278.161 70.201 1432.69 506.801 180.351 524.504 489.629 34.4353 14542.1 56.7372 457.369 384.631 384.047 413.899 915.16 1673.32 1361.09 60.1726 26.6004 155.024 95.033 465.986 207.96 295.235 191.846 194.524 455.194 811.522 296.869 50.383 248.418 75.7545 366.454 14485.4 2382.12 514.653 492.629 384.778 276.035 108.743 107.851 57.499 50.3523 59.9905 889.855 676.505 213.35 90.3834 73.4259 49.6819 147.923 221.114 202.077 190.289 312.227 53.2399 165.481 17.5931 6134.63 887.798 110.606 41.6876 877.629 113.946 49.5914 2369.57 20.9288
internal_count=342440 63047 279393 37683 264582 22688 264131 19382 13134 2237 14995 9554 9422 12014 451 14811 25364 2162 19290 2981 7711 577 8290 527 10897 5322 5575 1132 957 7809 5117 2692 2040 511 7763 3755 1362 2179 3615 247 244749 799 2871 2451 5374 1732 4303 7134 5790 496 288 1172 716 3351 1529 2224 1413 802 3368 7002 2629 370 1041 669 5154 243950 39228 4373 4187 3264 2323 941 923 490 433 456 4183 3189 994 652 525 356 1666 1960 1790 1687 1344 471 691 220 25234 13916 447 370 13755 461 740 39064 295
is_linear=0
shrinkage=0.05


Tree=15
num_leaves=102
num_cat=0
split_feature=13 103 21 112 44 48 21 32 54 2 0 0 44 36 0 0 42 21 53 53 103 102 107 113 2 93 103 112 9 53 0 52 105 86 92 44 115 32 108 100 53 36 105 67 108 65 2 100 103 63 69 112 67 71 23 54 21 115 113 65 115 28 67 77 48 103 108 100 53 49 112 2 111 44 112 3 107 103 65 0 102 115 46 53 93 63 69 46 113 80 9 100 108 69 23 63 100 98 49 52 32
split_gain=29885.1 3228.07 2235.21 466.824 164.987 63.2741 60.1362 76.8736 55.4705 52.2858 36.9029 24.1508 22.5637 28.2393 20.8844 19.1987 17.1996 14.1223 15.6582 12.2443 12.0311 11.5767 11.5482 16.5342 10.9532 10.9218 10.6783 10.6039 10.1446 9.97451 9.93643 9.8045 9.60631 9.08425 9.0199 8.38591 16.2118 11.1325 8.33094 11.3645 8.74794 8.16027 8.14917 7.99846 7.80784 7.72136 11.2396 14.55 7.84156 13.7194 8.13518 7.75473 7.60245 8.51964 7.55463 7.41081 6.95423 6.80118 6.78176 9.36727 6.65701 6.45531 9.70201 7.41213 6.25145 6.2473 6.10418 8.15758 6.41543 6.0591 7.70966 5.98846 5.97442 5.87104 5.39312 5.30829 4.97387 7.29132 4.50239 4.39835 4.26767 3.87113 3.7113 3.76592 3.6811 3.43948 3.13203 3.03121 2.90406 2.77468 4.07936 2.63906 2.58636 2.35636 2.19162 2.10551 1.79022 1.6704 1.66395 1.58907 0.143276
threshold=1.5000000000000002 0.045877892524003989 19.500000000000004 -6.9058229923248282 0.067117117345333113 0.034636637195944793 49.500000000000007 13.500000000000002 1.4315953254699709 1.795088589191437 2.1383330821990971 3.2384861707687382 0.10557275637984277 31.500000000000004 2.4414010047912602 2.3502402305603032 0.16597796231508258 15.500000000000002 0.30053764581680303 0.61152571439743053 0.94903376698493969 11.416773319244387 1.4830502867698672 -7.2563734054565421 1.4435307979583742 2.5000000000000004 1.1109342575073244 -0.269219160079956 37.500000000000007 0.7224249839782716 2.9174053668975835 0.83263304829597484 5.4934494495391855 0.18009009212255481 1.5000000000000002 0.21413874626159671 0.00060339210904203366 7.5000000000000009 6.938798427581788 0.56956601142883312 2.7029832601547246 4.5000000000000009 1.3700635433197024 11.562066555023195 8.1326489448547381 9.3343849182128924 0.36818796396255499 1.8564281463623049 3.8098526000976567 8.5555357933044451 7.6476211547851571 -0.27994626760482783 9.5347428321838397 6.2289698123931894 2.5000000000000004 1.2358288764953616 7.5000000000000009 0.00037136735045351093 -8.7312340736389142 9.6719188690185565 0.69241526722908031 2.5000000000000004 9.7072620391845721 71.500000000000014 0.14285712689161303 2.4530187845230107 5.6327698230743417 5.5982213020324716 0.30053764581680303 0.53158244490623485 -0.2769376933574676 0.95594832301139843 5.7467627525329599 0.10050505027174951 -0.34912073612213129 1.825700104236603 1.0716480016708376 1.2750296592712405 6.683730125427247 2.2499048709869389 2.1228599548339848 0.00059324986068531882 0.41030062735080725 0.81673029065132152 3.5000000000000004 7.599956989288331 7.1502244472503671 0.37482394278049475 3.1171619892120366 1.0000000180025095e-35 78.500000000000014 2.3505017757415776 11.102596282958986 6.8648154735565194 1.5000000000000002 8.0126810073852557 2.4622206687927251 12.500000000000002 0.22456373274326327 0.79932886362075817 12.500000000000002
decision_type=2 2 2 2 2 2 2 2 2 2 2 2 2 2 2 2 2 2 2 2 2 2 2 2 2 2 2 2 2 2 2 2 2 2 2 2 2 2 2 2 2 2 2 2 2 2 2 2 2 2 2 2 2 2 2 2 2 2 2 2 2 2 2 2 2 2 2 2 2 2 2 2 2 2 2 2 2 2 2 2 2 2 2 2 2 2 2 2 2 2 2 2 2 2 2 2 2 2 2 2 2
left_child=1 14 16 9 8 12 7 10 84 11 21 65 13 24 -1 34 32 26 -19 -10 91 42 27 -24 99 79 96 -12 78 -15 55 44 35 43 71 36 58 76 52 93 57 -23 -5 45 -17 48 51 -48 49 -18 -50 -47 53 87 85 -20 -34 -41 -2 -60 -30 80 -63 -64 -42 66 67 -3 -68 70 -39 -9 75 -26 -55 -28 -37 -78 -22 98 -58 -82 83 -54 -4 -7 -84 -35 -74 90 -27 -13 -36 95 100 -40 -11 -91 -14 -6 -87
right_child=2 3 4 6 5 54 -8 15 19 17 22 20 25 29 -16 31 33 18 30 -21 28 41 23 -25 73 89 72 -29 60 -31 -32 -33 56 38 92 37 -38 69 39 40 64 -43 -44 -45 -46 46 47 -49 50 -51 -52 -53 82 74 -56 -57 61 -59 59 -61 -62 62 63 -65 -66 -67 68 -69 -70 -71 -72 -73 88 -75 -76 -77 77 -79 -80 -81 81 -83 86 -85 -86 94 -88 -89 -90 97 -92 -93 -94 -95 -96 -97 -98 -99 -100 -101 -102
leaf_value=0.036154439464388947 0.0015897391642416591 0.032067723665507912 -0.01266915121562829 -0.0032983714065840902 -0.04053155429102516 -0.014563868255395266 0.075641333808602107 -0.020119846498138 0.072020924052602936 0.047979643878240191 0.035099906448067854 0.048031630083206503 -0.035812051011070656 0.051431260179079646 0.08276025014987981 -0.016440706060777171 -0.001556731521721358 0.081775499447759872 0.01245016823102516 0.01937278419587516 0.041066447636514611 0.045330597473964666 0.02451839404219178 0.0023450334158985433 -0.02119155573987877 -0.010457782047871088 0.038080402257749155 0.013659581279640221 0.044857580160729604 -0.0094445650177366319 0.064225896116298004 0.035537155877394221 0.027106165223593954 -0.00073949137376269332 -0.029713628739823517 0.00032108730788427906 0.078389624025646767 -0.0043585374353314497 -0.023928649118193219 0.033712233758519373 0.047562412683715971 0.0069949276708811299 0.0140551574789703 0.039339570875604871 0.010531054668759147 -0.015225893134719488 -0.011324549384382595 0.034240576842273621 0.028844561120438473 0.03487432488459094 -0.0075748460571458415 0.013277896106654589 -0.0061207582775594732 -0.0016709005932310417 -0.052753839307381603 0.052829219201648937 0.018812263508869491 0.0016836521489520008 0.059884029413454713 0.0083074655799204623 0.026539702061951467 -0.0099624237209328826 0.0054189504175501833 0.056681634545604757 0.011791777751095673 0.013493046437836366 0.020525490665837563 -0.0009433775031575611 0.039127819731662003 -0.023081698894029116 0.036094935569260855 0.0084466784590822349 0.037577680779128014 0.020513571849748169 0.033106066316851916 0.050412498578924429 0.046615263209328656 0.018792477192843358 0.07180017544934314 0.011549679168494238 -0.017723540261312988 0.00096721078166043444 -0.018329635965063797 -0.032347116572465771 -0.050110282089705985 -0.027543440948758602 0.012790060767234664 -0.03411407940423343 0.058532200493138759 -0.047994591707906098 -0.041431156749967585 0.076588062702484028 0 -0.034785535430594407 -0.049412785000755965 0.0035995710571604736 0.073561937939622096 -0.025344737587848987 -0.0041877727629872933 -0.024148566413130117 -0.04144479513225402
leaf_weight=28.147449754178524 27.160599365830421 89.737477704882622 15.150439508259298 70.410634830594063 201.62494352832437 9.7554303444921953 44.931470811367035 29.994867578148842 29.769444838166237 24.797203496098518 425.97450470924377 26.978671967983246 14.156997114419942 12.028850462287666 6021.6197946965694 38.465855918824673 126.47287186980247 100.959367826581 25.035083532333374 20.268136762082577 27.350101172924042 47.710175812244415 1065.244626738131 92.722937881946564 72.309978812932968 13.254967913031576 217.35734771192074 71.579264111816883 916.41540141403675 12.159848704934118 80.111709088087082 24.655440829694271 28.899708606302738 14.172953851521017 85.463653914630413 28.411574549973011 14.84319109469652 39.597248770296574 11.731479294598104 15.691278189420698 16.642870776355267 21.122198008000851 1135.0909597724676 19.654709286987782 79.789238832890987 99.477057695388794 27.842581287026405 42.176355764269829 95.328470811247826 30.80377884209156 17.079267434775829 29.615513481199741 21.613310165703297 19.69438348710537 12239.66251058504 22.953036077320576 14.707821950316427 516.2799139469862 17.355583064258099 18.542774185538292 63.536125391721725 19.761333703994751 13.665355280041695 15.132837265729904 45.97300761193037 30.861210279166698 55.634857401251793 22.704693093895912 1454.7417084947228 21.843041636049747 14.929555937647818 42.081538423895836 33.278213754296303 8.0852549970149976 22.355514720082283 230.67036692798138 27.926399298012257 172.01060033589602 57.77898608148098 9.9087481424212438 54.796523347496986 52.369043216109276 14.767599932849409 47.183782584965229 14.269287407398222 21.019499890506268 14.392210833728312 12.959697589278219 199.26636564731598 659.94196910411119 252.92875390127301 46.789527669548988 8.2296965643763524 18.013106808066368 1488.9060172960162 12.816900879144667 70.683164268732071 15.511213369667528 7.3093594163656226 28.30946209281683 76.12136697396636
leaf_count=145 192 413 182 510 3104 153 193 304 131 100 2361 110 191 126 25162 306 991 409 118 140 114 326 6009 533 906 200 907 394 3829 137 328 124 196 121 1067 196 101 284 103 133 133 151 7870 155 606 821 217 325 759 243 137 244 185 165 216627 104 106 4362 119 131 268 151 106 116 380 155 253 105 6659 166 109 335 139 103 187 953 186 1165 240 101 389 383 124 402 185 325 121 109 822 10841 4075 188 100 158 25658 113 284 233 101 412 1231
internal_value=-0.000991331 0.0557341 -0.044559 0.0328063 -0.0509029 -0.0512804 0.0189813 0.0181575 0.0205369 0.0447447 0.0206577 0.0411523 -0.0406039 -0.0290566 0.0825541 -0.00552659 0.00694762 0.0546395 0.0662409 0.0520739 0.0468793 0.0142156 0.0255931 0.0227568 -0.0331282 -0.0445127 0.0510812 0.0320858 0.0453529 0.0216747 0.0531157 0.00781442 0.0140815 0.00371585 -0.0170546 0.0187167 0.033404 0.014784 0.000432481 0.0030536 0.00487182 0.034109 0.0130305 0.00908399 0.00157818 0.0076728 0.000144033 0.0161246 0.013163 0.00577763 0.0231963 -0.00853278 -0.00943841 0.00310514 -0.0522842 0.0329817 0.00506091 0.00273926 0.0210848 0.034912 0.0437225 0.00106075 0.0162435 0.034159 0.0223456 0.0371633 0.0375944 0.0253896 0.0384703 -0.00160392 0.00720905 -0.0034733 0.0485676 -0.0165763 0.0170919 0.044599 0.020283 0.0230465 0.0629236 -0.0141698 -0.0050316 -0.00861056 -0.0183111 -0.0245565 -0.0327024 -0.0486297 -0.00276965 -0.0179819 0.0558363 -0.045489 -0.0399934 0.0674425 -0.0271781 -0.0214212 -0.048819 -0.00979242 0.0678659 -0.0475465 -0.0264561 -0.0387273 -0.0390028
internal_weight=30228 13130.9 17097.1 7081.11 15222.5 15143 3283.47 3238.54 79.4573 3797.64 2929.86 2792.53 1307.53 334.518 6049.77 308.68 1874.69 1005.11 229.059 50.0376 1138.85 1274.33 1655.52 1157.97 310.33 973.012 776.053 497.554 1065.08 24.1887 128.1 142.911 581.953 1292.74 165.77 382.621 77.9021 304.718 804.288 637.149 594.587 68.8324 1205.5 488.451 118.255 468.796 199.112 70.0189 269.684 157.277 112.408 129.093 167.139 69.1825 13835.5 47.9881 199.333 531.971 63.059 35.8984 979.952 170.433 48.5595 28.7982 62.6159 1653.68 1622.82 112.442 1510.38 76.3698 54.5268 72.0764 680.572 80.3952 42.0499 448.028 228.349 199.937 85.1291 31.3751 121.873 107.166 97.9569 68.7971 29.4197 1595.8 29.1598 27.1327 232.545 941.637 266.184 73.7682 93.6934 42.5615 1586.05 24.5484 95.4804 675.453 21.4664 229.934 97.1409
internal_count=342940 62994 279946 37687 265162 264524 21189 20996 638 16498 18154 12334 20530 4788 25307 2842 14784 4164 959 271 4749 8857 9297 6542 4525 15742 3205 2755 4451 263 550 1036 4096 10688 1806 2649 543 2106 6796 5382 5008 477 8380 3892 912 3737 1607 542 2130 1234 896 1065 1414 582 243994 222 1447 4495 442 250 4097 1251 373 222 513 7585 7430 518 6912 559 393 639 2821 1009 352 1860 1547 1351 354 393 878 772 832 587 367 27367 245 230 961 15349 4275 298 1167 374 27214 216 384 11074 292 3516 1556
is_linear=0
shrinkage=0.05


Tree=16
num_leaves=99
num_cat=0
split_feature=93 103 21 44 44 54 32 0 0 21 0 19 48 90 2 48 103 71 21 48 40 0 40 114 2 93 52 32 38 93 77 77 65 80 94 3 63 77 77 34 111 113 77 96 82 109 71 2 82 63 44 2 96 84 65 101 44 107 103 109 32 34 61 63 115 107 76 109 71 65 3 53 53 54 103 53 46 94 84 23 61 107 63 114 0 113 42 46 71 98 3 2 44 13 102 95 53 30
split_gain=27828.7 3653.97 1258.83 622.673 150.564 135.726 119.989 70.612 53.4124 49.4588 43.2546 36.7416 36.1779 31.8991 27.7832 25.6788 25.4233 20.0427 14.3063 12.5292 11.843 10.8513 10.5554 10.2188 10.168 18.4499 9.2646 9.22191 8.7321 8.14414 7.87688 12.4834 11.2907 7.60005 8.20839 12.6068 10.6105 11.6287 11.0719 7.56349 16.0604 10.3166 7.70386 7.46218 7.39551 7.39312 6.86191 6.50072 6.32569 6.31927 6.16918 9.08863 5.46642 6.67433 6.95087 8.34418 7.95525 6.87794 6.55937 6.40826 10.4306 8.64125 7.93092 12.7212 8.99179 5.23759 5.11169 5.96489 5.92576 4.95548 4.94207 4.89035 6.50659 4.88729 4.24292 4.10564 3.59941 3.54906 3.30755 3.26554 2.91246 4.98328 3.72368 2.67505 2.5952 2.45378 2.14416 1.51406 3.28747 1.77975 1.272 1.24021 2.23781 1.16864 0.578193 0.359808 0.194389 0.0400742
threshold=2.5000000000000004 0.045877892524003989 19.500000000000004 0.040270268917083747 0.08842144533991815 1.6132698059082033 12.500000000000002 3.0201274156570439 1.7005987167358401 51.500000000000007 2.1383330821990971 16.500000000000004 0.020478053949773315 7.5000000000000009 1.4435307979583742 0.034636637195944793 1.2228041887283327 6.5225839614868173 53.500000000000007 0.099872115999460234 5.5000000000000009 3.3140207529067998 29.500000000000004 3.1836198568344121 0.095820643007755293 1.5000000000000002 0.8760964870452882 4.5000000000000009 14.500000000000002 1.5000000000000002 27.500000000000004 6.5000000000000009 10.588892936706545 1.5000000000000002 5.1200873851776132 2.1865618228912358 9.2726087570190447 62.500000000000007 31.500000000000004 5.5000000000000009 -8.3439002037048322 -7.2563734054565421 64.500000000000014 0.11269841343164445 3.5000000000000004 0.0064674036111682662 10.059181213378908 0.35233062505722051 7.5000000000000009 8.8355698585510272 0.10856469348073007 1.7349351644515993 0.3991869986057282 0.33084577322006231 10.608474254608156 7.4280807971954355 0.33248299360275274 1.5321781039237978 4.0279855728149423 0.47963634133338934 5.5000000000000009 8.5000000000000018 6.4695682525634775 9.304685592651369 0.00062928872648626577 1.4545594453811648 56.500000000000007 0.020628834143280986 7.1800503730773935 10.769425392150881 1.0912584662437441 0.42967033386230474 0.63702240586280834 0.99999991059303295 1.7123926877975466 2.226495742797852 0.21960458159446719 9.2533440589904803 0.33084577322006231 2.5000000000000004 4.91925072669983 1.8609494566917422 8.1029300689697283 3.4025325775146489 4.0342013835906991 -8.8352150917053205 0.28426213562488561 0.25036872923374182 10.33929491043091 12.500000000000002 1.403691351413727 1.0495442748069765 0.047905908897519119 2.5000000000000004 10.454422950744631 6.4694440364837655 0.30053764581680303 4.5000000000000009
decision_type=2 2 2 2 2 2 2 2 2 2 2 2 2 2 2 2 2 2 2 2 2 2 2 2 2 2 2 2 2 2 2 2 2 2 2 2 2 2 2 2 2 2 2 2 2 2 2 2 2 2 2 2 2 2 2 2 2 2 2 2 2 2 2 2 2 2 2 2 2 2 2 2 2 2 2 2 2 2 2 2 2 2 2 2 2 2 2 2 2 2 2 2 2 2 2 2 2 2
left_child=1 10 19 7 5 14 8 9 24 13 -1 16 20 26 91 50 17 45 48 33 -8 23 -7 -18 25 27 28 -5 -3 71 31 -26 -32 34 66 36 38 -38 -36 40 42 46 -10 -22 -43 -9 -41 -42 77 -35 51 78 -21 59 55 57 -57 -55 -56 60 86 -62 64 -64 -61 -45 68 -68 -2 -50 -15 -14 -73 -27 -72 87 -12 -16 83 90 81 -31 -82 -6 -23 -69 -54 88 -52 -89 95 -4 -93 -92 -94 -17 -13 -95
right_child=2 3 4 6 15 22 12 11 39 -11 76 96 29 70 18 79 21 -19 -20 52 43 84 -24 -25 30 73 -28 -29 -30 80 32 -33 -34 49 35 -37 37 -39 -40 41 47 44 -44 65 -46 -47 -48 -49 69 -51 75 -53 53 54 58 56 -58 -59 -60 62 61 -63 63 -65 -66 -67 67 85 -70 -71 74 72 -74 -75 -76 -77 -78 -79 -80 -81 82 -83 -84 -85 -86 -87 -88 89 -90 -91 93 92 94 97 -96 -97 -98 -99
leaf_value=0.014259803019125529 0.033168950821972312 0.031972387211344391 -0.044919836607797185 -0.00027861338918094077 -0.030855988879197688 0.078234568370477944 0.032957180433560336 0.043927659556397478 0.061349608726013687 0.07796393454946754 0.080239942443671344 0.080389402028262696 0.01555121237034926 0.010210518718987305 -0.016578821090677695 -0.0280092310549735 0.01265610905648808 0.01965919589846607 0.036544335064897841 0.025567976351735158 0.020707656615831103 0.045801967381398336 0.02743176440917959 0.038903769151120156 0.01057497176691103 -0.0047319325312044566 0.060514587338666728 0.024915926268518955 0.0063129252696587593 -0.034387232232749469 0.011309682963726433 -0.010861081514386365 0.032945472414895725 -0.024830172513507762 0.025282807435503707 0.056904335717046818 0.008762257318753781 0.049954870884675977 -0.0028933322025284508 0.02075721799017971 -0.01345912977341888 0.0037462151768706438 0.032662766145346821 0.0085605796013937981 0.028469872905436705 0.062879499021626525 0.041733767487275211 0.019545334507805073 -0.0013536745956505834 0.013770628327237364 -0.042277834269420125 0.010755149238248371 -0.0082850802897168185 -0.0055653020994656938 -0.041814051094332449 -0.029782726425790104 -0.0019541509446598382 0.017416270633548749 0.0019416469535314747 0.014639202922037934 0.029924897553208457 0.00056348729969599122 0.036955382802659087 -0.0051950453849347843 -0.023641855653965531 -0.015765160361814478 0.018549348163438697 -0.032780105289264262 -0.0045923019390111258 -0.039658690669377522 -0.040784228780516352 -0.03855456647706966 0.0030799917750487897 -0.023313002151446785 -0.0019654444416236315 -0.0023052247082344375 0.055377547416207346 0.020647671089472769 -0.045309167146578247 -0.052618948919592679 -0.00080778750162894999 0.00036947464681703955 -0.038160593388520986 0 0.033291534839368087 -0.0052856886247931471 -0.032115761589654408 -0.048168493620027113 -0.0064771498637754797 -0.022998815892872931 -0.030086091863919875 -0.0055449410039289347 -0.039763504462207472 -0.022928853812011905 -0.015880034168289869 -0.050314079741740896 0.061821862953672237 -0.046344609128930313
leaf_weight=26.127265270799398 21.796367846429348 1516.0800004154444 127.08468188717961 68.781436942517757 59.187372874468565 28.941091652959585 28.036159835755825 87.269875854253769 35.327391296625137 57.137973248958588 5887.2654729932547 66.688263848423958 13.571422256529329 17.035184599459171 9.7074501141905802 10.010499764233826 41.690577566623688 38.273627325892448 14.712794572114943 23.271844446659088 26.4814807549119 1252.4200939536095 20.102361112833023 934.73274837434292 213.67492908239365 92.883661925792694 28.961963526904583 73.590020962059498 35.744155526161194 20.758507493883371 638.82969306781888 97.490018215030432 66.471175599843264 20.457985326647758 59.15226386487484 21.797283992171288 31.028358109295368 41.1354715898633 80.108147174119949 1496.9592665359378 16.905876070261002 152.39003848284483 104.67032371461391 30.142657965421677 36.88286929577589 312.06318637728691 41.194166108965874 77.273641496896744 13.032776422798632 18.836439490318298 284.44247801974416 10.062554273754357 20.939661972224712 55.02285560965538 20.31687843054533 35.80341874808073 86.041612409055233 74.598601013422012 13.197328172624109 40.886389225721359 29.747666388750076 130.63401938229799 57.374670498073101 24.677785106003284 22.516823701560497 70.938347384333611 14.110403165221213 14.967314854264254 17.426591299474239 26.514346696436405 13.98605836927891 17.454005844891071 17.373370155692101 58.597741529345512 14.246773064136503 6.1387060210108748 31.406683444976807 13.202154412865637 63.138191312551498 11666.09382995218 7.7033957093954077 18.113375891000032 121.71043500676751 8.39758078381419 69.031771510839462 19.461502909660343 21.292016595602036 577.61782036349177 7.8450832180678836 12.741138145327566 32.403222113847733 8.4775525331497175 33.237073760479689 6.3976912759244433 7.4487717784941188 1237.5488410703838 48.530870795249939 128.49069125205278
leaf_count=188 156 7383 2031 495 924 154 182 358 205 236 25066 273 106 135 107 178 182 163 107 194 188 5156 139 4065 1662 810 121 530 226 295 4798 752 517 162 432 157 231 305 593 9109 106 957 607 292 240 1270 255 435 149 149 4760 116 158 481 178 308 736 643 115 316 233 1082 460 199 176 684 102 109 127 318 125 172 176 534 136 104 134 152 1007 216325 111 257 1855 124 283 141 175 9892 129 199 546 111 511 110 112 22321 197 2281
internal_value=-0.000699205 0.0500125 -0.0471173 0.0283187 -0.0509099 -0.0158606 0.012918 0.0406866 0.01598 0.0324792 0.0798396 0.0455096 -0.0139222 0.0308044 -0.0306575 -0.0516587 0.0442852 0.0556085 -0.00534439 0.00663979 0.0044032 0.0420896 0.059041 0.0378144 0.00813777 -2.13975e-05 0.0319912 0.0127986 0.0313945 -0.0270672 0.0105029 0.00380705 0.0134285 0.0141178 0.0166604 0.0215486 0.0174814 0.0329181 0.00914561 0.0212032 0.0298251 0.0200037 0.040546 -0.00210512 0.00880241 0.0589426 0.0213656 0.0133982 -0.015994 -0.00625514 -0.0437633 -0.0329133 0.00249681 0.00157448 -0.00406657 -0.00111193 -0.0104752 0.00763252 -0.0249532 0.00621933 0.000399982 0.00629805 0.0141705 0.024293 0.000657913 -0.00839456 0.00341428 -0.00721501 0.016595 -0.0277896 -0.0101198 -0.00838206 -0.0182406 -0.0121431 -0.0226193 -0.0454123 0.0801238 0.00441461 -0.0364343 -0.0522743 -0.0322605 -0.0185318 -0.0360483 -0.0271948 0.0451945 -0.0183863 -0.021218 -0.0456964 -0.0413889 -0.0477018 -0.049373 -0.0415459 -0.0315553 -0.0429255 -0.0363481 -0.050177 0.0735493 -0.0455717
internal_weight=29552.5 14122.9 15429.6 8178.1 14413 302.461 3644.21 4533.89 3271.92 1683.19 5944.8 2850.7 372.283 1626.05 253.418 14110.5 2735.48 437.607 77.1695 1016.6 155.599 2297.88 49.0435 976.423 1310.32 293.853 1580.79 142.371 1551.82 216.685 1016.47 311.165 705.301 360.278 320.984 233.222 211.424 72.1638 139.26 1961.6 234.177 1727.43 139.998 127.562 189.273 399.333 1538.15 94.1795 62.4567 39.2944 1029.57 140.786 656.322 633.05 284.981 251.466 121.845 129.621 33.5142 348.069 202.613 160.382 145.456 82.0525 63.4032 101.081 87.7622 48.5392 39.223 39.5471 45.268 48.3988 34.8274 151.481 28.2328 888.785 5918.67 22.9096 130.723 13080.9 168.286 38.8719 129.414 67.585 1321.45 34.4288 42.2317 882.647 292.288 590.359 1414.85 176.248 49.1634 167.292 40.6858 1247.56 115.219 134.888
internal_count=343052 72027 271025 46639 262907 3891 26330 20309 22012 8362 25388 11947 4318 8126 3598 259016 11477 1791 833 8118 1346 9686 293 4247 10098 2369 7730 1025 7609 2972 7729 2414 5315 2664 2353 1718 1561 536 1025 11914 1353 10561 812 1164 1197 1628 9364 541 726 311 17255 2171 5454 5260 2461 2168 1044 1124 293 2799 1648 1315 1151 659 492 976 635 352 283 467 396 454 348 1344 261 15084 25200 259 2055 241761 2518 552 1966 1048 5439 250 333 14980 4889 10091 25436 2765 734 2937 623 22499 470 2391
is_linear=0
shrinkage=0.05


Tree=17
num_leaves=87
num_cat=0
split_feature=93 103 21 44 44 34 54 1 52 93 48 48 1 19 103 98 100 111 48 30 53 2 107 21 9 40 1 2 67 53 19 108 103 114 2 44 44 3 54 111 103 113 105 109 115 46 44 19 17 108 108 109 94 65 105 82 52 82 48 49 108 93 111 69 93 107 65 101 67 11 42 53 95 54 2 49 1 61 50 113 53 15 113 3 108 67
split_gain=25719 3508.45 1184.18 535.395 138.871 112.077 61.158 55.4841 52.6244 49.5093 45.3404 44.0767 39.3673 34.2535 27.2023 18.5626 18.562 17.7757 17.6702 16.6503 15.2035 13.8098 12.9906 12.8561 24.3754 12.5495 11.6656 11.4542 11.2113 10.7258 10.6341 19.9895 10.3477 9.47889 9.04563 12.1539 8.95172 10.127 11.6975 9.64122 8.7192 8.48276 8.30754 8.26299 8.18212 8.05527 8.01745 9.99969 7.44014 8.79916 8.03042 7.3396 7.32261 8.27294 7.31665 6.58652 7.26416 6.46253 6.79129 7.75933 7.40927 6.42048 6.29772 10.2794 6.25475 6.23744 5.56951 5.42936 4.88485 4.69285 4.66053 4.58741 4.46134 4.00306 3.91284 4.30822 3.82447 3.70656 3.23879 3.13691 2.73922 2.31303 1.52926 1.30483 1.22854 0.582244
threshold=2.5000000000000004 0.045877892524003989 19.500000000000004 0.040270268917083747 0.067117117345333113 16.500000000000004 1.6306020021438601 17.500000000000004 0.8760964870452882 1.5000000000000002 0.02334665693342686 0.033445188775658614 3.5000000000000004 16.500000000000004 1.0355904102325442 10.500000000000002 0.52522137761116039 -15.369168281555174 0.020478053949773315 2.5000000000000004 0.70608803629875194 1.8673192858695986 1.4740579128265383 50.500000000000007 79.500000000000014 6.5000000000000009 33.500000000000007 1.1662442684173586 9.7072620391845721 0.3364779949188233 7.5000000000000009 8.0362987518310565 2.2467461824417119 3.2491383552551274 0.095820643007755293 0.18163490295410159 0.21413874626159671 2.1115887165069585 1.0759614706039431 -8.3862776756286603 0.78495165705680858 3.3457616567611699 1.9683406352996828 0.0004181370022706688 0.0006828947225585581 0.24962462484836581 0.10557275637984277 72.500000000000014 6.5000000000000009 9.7076926231384295 9.2841000556945819 0.7007637917995454 8.4261636734008807 9.5407896041870135 2.081810832023621 4.5000000000000009 0.55190372467041027 3.5000000000000004 0.099872115999460234 0.55684751272201549 6.2295262813568124 11.500000000000002 -14.973466396331785 5.3941774368286142 1.5000000000000002 1.8347029089927676 11.313562870025637 1.4504414796829226 10.952362537384035 2.5000000000000004 0.056079665198922164 2.226495742797852 8.8975005149841326 1.1076254248619082 1.0495442748069765 0.22222220152616504 6.5000000000000009 7.1663007736206064 0.60983431339263927 -7.3021340370178214 0.30053764581680303 8.5000000000000018 -8.8810057640075666 1.5120227336883547 8.4405369758605975 10.536674499511721
decision_type=2 2 2 2 2 2 2 2 2 2 2 2 2 2 2 2 2 2 2 2 2 2 2 2 2 2 2 2 2 2 2 2 2 2 2 2 2 2 2 2 2 2 2 2 2 2 2 2 2 2 2 2 2 2 2 2 2 2 2 2 2 2 2 2 2 2 2 2 2 2 2 2 2 2 2 2 2 2 2 2 2 2 2 2 2 2
left_child=1 10 17 7 6 12 21 8 23 19 45 15 34 14 16 46 -9 -2 22 -7 -17 68 25 24 43 -11 41 78 29 -14 31 -30 -31 -32 35 64 37 38 52 -39 -18 -16 -37 -3 57 -1 47 76 50 -50 -36 -28 53 -19 -29 56 -40 58 60 -60 -38 70 63 -59 -5 -26 -24 -64 -4 83 -22 81 73 84 -70 -76 -6 79 -21 -20 -15 -48 -79 -13 -46 -85
right_child=2 3 4 5 11 9 -8 13 -10 18 -12 69 28 80 26 20 40 36 77 27 61 -23 66 -25 65 -27 51 54 30 32 33 -33 -34 -35 48 42 44 39 55 -41 -42 -43 -44 -45 72 -47 71 -49 49 -51 -52 -53 -54 -55 -56 -57 -58 62 59 -61 -62 -63 67 -65 -66 -67 -68 -69 74 -71 -72 -73 -74 -75 75 -77 -78 82 -80 -81 -82 -83 -84 85 -86 -87
leaf_value=0.077865189910211574 0.056813730741741952 0.013732525974776998 0.00028391978719586599 0.021794912396933111 -0.039913899095554997 0.061022813357838927 0.054532931782943765 0.020059117910621611 0.078395196463069694 0.057763488809608937 0.0067962481463377054 -0.049676287908655414 0.051267832994228359 0.075408331964990111 0.036676945387436682 0.043709005034551857 0.077816379465016045 0.030976712289459186 -0.028954209209249477 -0.031147340809837977 0.021871177598360561 0.018833835119860046 -0.027096361917355694 0.062073124523066972 -0.043060798166301789 -0.0029057986602458088 0.048962056813030196 0.0025603841871465983 0.049308630899997416 0.021183666156133575 0.005589532356233334 0.012687328165259299 0.041612955329389877 0.017858149119033547 0.018789407368547457 0.015100899539192487 0.042916686443917551 0.013616469939878565 0.0030180305662606249 0.067457782427589097 0.053460767503234974 0.055471584972508425 -0.011314166378108987 0.029360302611734102 -0.016015774552576068 0.045563266213971165 -0.03875372997932354 0.009678293934178319 0.0013902826398253694 0.018381322519783926 0.006441405643700506 0.034526799811995419 0.051228015497951855 -0.016472614758448315 0.031877238658262586 0.018049443013248526 -0.038995791270037938 0.044446751528220169 -0.00042610541890359679 0.015004191543592262 0.010838655226612469 -0.042695127443538122 0.020618276226862325 -0.005620598003624507 -0.0068176710724739608 0.0054941642868479596 0.0057158239165656603 -0.011531747371451241 -0.04738937251420193 -0.052546778078836731 -0.025567996087340797 0 0.005880662476320229 0 0.0038330033462999321 -0.031581553062347507 -0.02170578606215327 -0.013149873080937693 -0.0037008415055464596 -0.0033523432839893739 0.054611823261688335 -0.047080818204100851 -0.044206159388420117 -0.018052714770368069 -0.04115983156350865 -0.040022772044630367
leaf_weight=5736.3457117378712 15.02269311994314 97.273255214095116 11.53021292388439 77.387169018387794 149.42399373278022 13.936772011220453 35.799953304231167 32.363889008760452 53.395153023302555 11.249956041574476 23.234643619507551 2036.719637144357 33.759610429406166 74.126657798886299 2052.7724652439356 9.0349554829299432 72.958295658230782 19.626874975860119 101.69988729804754 13.797609157860277 8.9848764091730136 17.056393414735794 50.948125422000885 27.312058597803116 12.929038390517237 24.469151973724365 451.81096674501896 43.462395466864109 61.670776382088661 988.56559313833714 275.09460473060608 97.030071794986725 67.941683769226074 382.2995196506381 396.30516726523638 35.069401323795319 20.058232821524143 19.835385501384735 18.696466110646725 15.068271107971666 138.53931424021721 68.8934256285429 155.76015051454306 1300.748230099678 12.519790768623354 28.1233881264925 179.86718676611781 11.907834727317093 300.22250652313232 101.46221040189266 204.417620241642 139.25921705365181 16.32358830422163 14.691106066107748 42.359725207090378 15.519006960093973 19.835951507091522 14.729238986968992 338.66246478259563 105.27607255429029 136.14080594480038 19.511145900934935 12.885779865086077 26.311504706740379 23.777092002332211 11.057720571756361 15.933193795382975 141.73640045523643 31.174781747162342 10510.123231761158 8.6865791566669923 5.6174146905541411 17.43543816357851 13.522408626973627 11.070616811513899 27.688818331807852 47.055342257022858 6.8983125276863566 41.596385091543198 15.031291980296372 60.92417049407959 627.44900063797832 65.359186962246895 9.6042728498578054 18.450596913695335 32.046387694776058
leaf_count=24946 113 491 140 546 2500 76 163 132 222 100 171 38358 186 307 8692 91 298 141 1504 141 99 126 537 115 140 264 1837 273 360 5857 1683 570 404 2305 2916 297 143 142 135 103 567 284 1295 6377 101 122 3101 155 2294 762 1491 567 122 111 270 115 146 117 2797 837 1004 302 114 231 199 124 159 1184 431 204481 135 95 138 104 109 343 635 110 361 218 248 11177 1036 173 149 580
internal_value=-0.0008991 0.0476051 -0.0468708 0.0266426 -0.0507022 0.0123288 -3.54806e-05 0.0379965 0.0300226 -0.0110894 0.0774401 -0.0511997 0.0156041 0.0418526 0.0406762 -0.0412294 0.056977 0.00530818 -0.0232011 0.0116134 -0.00959259 -0.0204847 -0.00624865 0.0281544 0.0274312 0.0174916 0.0391765 0.00607693 0.0201773 0.0235312 0.0156495 0.0273091 0.022564 0.0127638 0.00884555 0.00105614 0.00443819 0.0161244 0.00797532 0.0389568 0.0623983 0.0373307 -0.00632787 0.028296 0.00249978 0.0777212 -0.0426351 -0.0331041 0.0110996 0.0057593 0.0146307 0.0456739 0.0249474 0.0105459 0.017444 -0.00799035 -0.0190111 0.00388067 0.00645603 0.00324881 0.0153904 -0.0239955 -0.00395681 0.0130468 0.0149712 -0.021279 -0.0191793 -0.00861605 -0.0290291 -0.0520394 -0.00110236 -0.0450005 -0.0147596 -0.0229933 -0.0339065 -0.021452 -0.0358012 -0.0322303 -0.011354 -0.0258264 0.0668028 -0.0453132 -0.0417046 -0.049433 -0.0325127 -0.0359921
internal_weight=28832.3 14029.6 14802.7 8241.87 13790.4 3647.51 134.321 4594.36 1502.72 446.742 5787.7 13656 3200.76 3091.65 2956.6 1067.54 243.861 1012.35 291.589 155.153 46.2176 98.5208 102.6 1449.32 1422.01 35.7191 2712.74 141.216 1906.36 1090.27 816.095 158.701 1056.51 657.394 1294.4 291.994 997.325 139.597 104.693 34.9037 211.498 2121.67 190.83 1398.02 857.729 5764.47 1021.32 208.387 1002.41 401.685 600.723 591.07 50.6416 34.318 85.8221 54.0514 38.5324 795.801 600.138 443.939 156.199 37.1826 195.663 41.0407 101.164 23.9868 66.8813 154.622 81.4644 12588.5 17.6715 812.934 61.9282 44.4928 69.9342 38.7594 196.479 188.989 55.394 116.731 135.051 807.316 72.2575 2078.37 30.9704 41.6507
internal_count=343095 71854 271241 46615 263194 26214 1312 20401 7469 5049 25239 261882 21165 12932 12377 18290 997 8047 3928 1121 627 1149 1060 7247 7132 364 11380 1045 11365 6447 4918 930 6261 3988 9800 2337 7934 1015 770 245 865 8976 1592 6868 6919 25068 17663 3290 7463 3056 4407 2404 374 252 543 396 281 6427 4781 3634 1147 536 1646 348 745 264 696 1298 1023 243592 234 14373 492 354 883 452 3135 2868 502 1722 555 14278 1146 39111 250 753
is_linear=0
shrinkage=0.05


Tree=18
num_leaves=107
num_cat=0
split_feature=15 103 48 96 19 96 48 1 21 3 44 2 92 54 21 49 1 15 80 19 40 84 23 54 94 3 108 95 21 13 15 9 103 114 1 99 93 65 94 99 63 86 3 65 114 95 103 114 114 101 97 99 4 3 113 108 108 52 95 21 108 2 44 3 2 48 113 76 107 65 65 108 103 54 114 94 107 108 9 99 65 113 65 65 65 1 63 103 94 69 46 95 65 99 46 52 113 46 23 96 95 2 48 95 48 108
split_gain=23617.8 3616.83 624.531 522.021 365.163 135.989 90.8086 72.2909 70.9919 67.779 43.6292 42.3642 26.7433 25.6011 29.6116 26.6318 19.5361 17.6622 16.3496 15.6862 15.5041 14.9126 13.9958 12.3301 15.8848 11.2016 10.9359 10.0196 9.91037 9.95999 9.84991 9.68115 9.52065 8.68117 8.5066 8.99321 8.22183 8.0705 8.06937 8.60019 7.85051 7.79228 7.56923 7.56818 8.20707 7.55205 7.53724 7.4689 7.40403 7.38862 7.37545 8.39067 7.25538 8.54631 7.14324 7.13553 10.7633 6.94939 6.93476 6.74924 6.73956 6.67138 6.62812 6.54073 6.39604 6.55435 6.13507 7.55187 6.0869 5.94232 7.89615 7.8303 5.66095 5.45716 5.05737 8.66199 6.90951 5.05697 4.90452 4.88323 4.60086 4.55804 4.52241 4.47811 4.28019 4.23109 6.448 4.12931 4.08841 3.66586 3.69743 3.58283 3.35301 2.94399 2.78047 2.47471 2.14754 3.5057 2.01592 2.69096 1.94452 1.86442 1.80223 1.6688 1.23102 1.1366
threshold=5.5000000000000009 0.045877892524003989 0.020478053949773315 0.11269841343164445 19.500000000000004 0.18834459781646731 0.020478053949773315 4.5000000000000009 50.500000000000007 1.6360502839088442 0.095491390675306334 1.6399091482162478 1.5000000000000002 1.5619516968727114 19.500000000000004 0.22742946445941928 20.500000000000004 7.5000000000000009 1.0000000180025095e-35 15.500000000000002 1.5000000000000002 0.33084577322006231 2.5000000000000004 0.99999985098838817 8.6223158836364764 2.2022497653961186 9.6909933090209979 5.1319086551666269 92.500000000000014 1.5000000000000002 2.5000000000000004 77.500000000000014 0.96326717734336864 3.2801222801208501 8.5000000000000018 11.6638240814209 3.5000000000000004 7.534217596054078 7.7087337970733651 2.9362475872039799 10.815275192260744 0.37221671640872961 1.1302399635314944 10.628561973571779 3.39252781867981 10.896578788757326 0.78495165705680858 3.3088876008987431 3.4081344604492192 1.7621586322784426 0.5962963104248048 1.0000000180025095e-35 1.0000000180025095e-35 2.084622979164124 -8.5964331626892072 9.0511918067932147 8.4202184677124041 0.88939857482910167 6.7151348590850839 29.500000000000004 8.6580266952514666 0.86629262566566478 0.10856469348073007 2.8847850561141972 0.31054693460464483 0.14285712689161303 3.1171619892120366 48.500000000000007 1.5419493317604067 7.6657907962799081 7.534217596054078 4.4262223243713388 1.5616230368614199 1.1684396862983706 3.4521678686141972 9.0132398605346697 1.6103754639625552 8.5405387878417987 73.500000000000014 10.330032825469972 8.6001105308532733 -8.8810057640075666 11.639806747436525 9.9872250556945819 10.548418045043947 2.5000000000000004 10.914378166198732 1.3532573580741885 6.5754871368408212 7.4254667758941659 0.47259758412837988 8.3671236038208026 9.3343849182128924 3.3430384397506718 0.53033089637756359 0.85773810744285595 -7.2291591167449942 0.25036872923374182 1.5000000000000002 0.18834459781646731 6.9373285770416269 1.6949475407600405 0.12480528652668001 11.645127296447756 0.028571427799761299 8.9460277557373065
decision_type=2 2 2 2 2 2 2 2 2 2 2 2 2 2 2 2 2 2 2 2 2 2 2 2 2 2 2 2 2 2 2 2 2 2 2 2 2 2 2 2 2 2 2 2 2 2 2 2 2 2 2 2 2 2 2 2 2 2 2 2 2 2 2 2 2 2 2 2 2 2 2 2 2 2 2 2 2 2 2 2 2 2 2 2 2 2 2 2 2 2 2 2 2 2 2 2 2 2 2 2 2 2 2 2 2 2
left_child=1 7 5 11 41 8 20 88 17 12 28 16 61 14 54 -15 63 31 36 32 26 23 98 24 -11 74 55 -28 29 82 -9 84 49 34 35 -22 42 -36 46 -40 48 50 -16 44 -35 -25 -27 -45 -23 -13 51 64 80 -54 77 56 -5 59 -33 -21 68 -8 -17 69 65 -4 87 -68 -19 70 -3 -71 -62 -38 75 -18 -76 -7 -57 -29 -53 -14 83 -6 -2 100 -87 -34 -1 90 -52 92 -43 -74 -93 -83 101 -98 99 -12 -31 -20 -42 -101 -24 -10
right_child=2 3 4 6 10 13 9 30 105 21 22 19 81 15 18 62 25 60 96 57 33 40 104 45 -26 38 27 79 -30 85 -32 58 66 43 37 -37 73 -39 39 -41 102 91 -44 47 -46 -47 -48 -49 -50 -51 89 52 53 -55 -56 78 -58 -59 -60 -61 72 -63 -64 -65 -66 -67 67 -69 -70 71 -72 -73 93 -75 76 -77 -78 -79 -80 -81 -82 95 -84 -85 -86 86 -88 -89 -90 -91 -92 94 -94 -95 -96 -97 97 -99 -100 103 -102 -103 -104 -105 -106 -107
leaf_value=0.011982350640307567 0.047903269255121256 0.02386851804976594 0.035393390139891526 0.037173537649516683 0.0063353351611533104 0.005220556471404761 -0.0087566000078463952 0.075814340782971834 0.050164360481618958 0.017882673971406263 -0.0098986972343774165 0.031615057213425946 -0.0064257142185022076 0.060107689968355041 0.015131075721174479 0.0064250996588144345 0.037004589515486401 0.0025271141717249333 -0.043155436025468494 0.058176739346224984 0.0071928522265203689 0.0025881720849134744 -0.034471155588838419 0.0087645778545352698 0.067744235061733105 0.067137816963019861 -0.0087789329899469418 0.0096424403697463659 0.015725113579729201 -0.026351761084642635 0.046351048944818563 0.024144539953062562 0.047115915997118479 0.021646924752230456 0.003681082516678215 0.039481534626972035 0.00069493008123668043 0.020767587911858423 0.032523190603006416 0.061977749234103353 -0.036971267907138547 -0.014050554000124952 -0.015495342060673878 0.0095753329849184322 0.0004776734803204005 0.038872602195282095 0.037685146712075915 0.043311112536548076 0.029584490746886599 0.067721698883621201 -0.018604389249396485 -0.016400519044937011 0.019397011622028445 0.062688342900486679 -0.013397664318971042 0.032994188779457014 0.01011490146495239 0.070593174231938061 -0.01846138336533432 0.02834242408123204 -0.013640172202434079 0.033050264398360223 -0.040437210705846188 0.054777979286083536 -0.028210160139975682 -0.011426489240685761 0.03469307536659974 0.046913783906092098 -0.041403081122413983 0.0017764571546848877 -0.0040875338739931877 0.030698928982555596 0.036688102713159518 -0.035864254998707878 0.0043193419728244156 0.010749482580588894 0.031051280437134079 0.043115567406007055 0.072293823841029836 0.038597891427431016 0.013563733998915504 -0.045239594003598518 0.0062767485161735834 -0.028509236470480415 0.020072260382799748 -0.034347858196981385 0.0064413336880160717 0.032100564787504116 -0.025363051067283211 -0.030663138561880507 0.016472270847333513 -0.0089910249965417643 0.018723084186023833 0.0015334168534319372 -0.039775049346435914 -0.013671845409446944 0.0060177601105384912 -0.035369625835361955 -0.048752042402015701 -0.04478178632508252 -0.046956891201445673 -0.01435551457427736 -0.0087007735057432461 -0.01751095819362708 -0.05222268356065693 0.074274419481449902
leaf_weight=12.838189512491228 33.313827022910118 207.29813031852245 11.604182422161104 162.85338930785656 9.4257411211729032 19.047228842973709 19.591126456856728 5609.2053301334381 27.056427381932735 195.75095039606094 7.4389581419527522 24.761908873915672 10.951191894710062 18.90001530572772 27.017007123678923 15.826965469866993 305.49919682741165 11.793292187154295 132.40711110830307 62.276228487491608 369.22281305119395 741.75023895129561 24.604485355317593 1358.0362732373178 16.443175315856934 24.771000862121582 29.766588777303696 29.219117298722267 9.0122691765427572 22.226490806788206 38.775718204677105 17.264568999409676 68.52943080663681 690.69804218038917 81.276327222585678 21.729937952011824 11.69931899756193 561.26941491663456 43.79234267771244 95.139798507094383 12.192354887723925 14.296020776033403 66.637466795742512 23.403028029948473 50.137135781347752 20.00785705447197 638.58547508716583 72.8381237834692 24.927699960768223 66.671425506472588 12.353304650634529 13.698594860732554 48.53927019611001 15.121625587344168 17.287052020430565 21.484795778989792 50.557872205972672 82.546162843704224 17.859752327203751 36.50685815513134 20.986624717712402 15.835430309176443 11.89197216555476 24.500209718942642 17.80526377633214 15.754269272089003 206.88115902245045 551.73700146377087 19.246073089540005 24.9792705103755 27.599236607551575 894.8961688131094 12.065697342157366 55.878183241933584 41.393060773611069 37.921049237251282 62.16131953895092 16.957770995795727 21.165049567818642 33.318965837359428 77.394681617617607 88.169369801878929 12.756114941090344 74.258291326463223 31.906498335301876 60.989372253417969 10.488953441381453 305.62379541993141 13.292462363839148 13.016640070825813 14.895934440195559 21.000601947307587 13.803760178387163 11.972034960985182 12.143902402371166 9.417794503271578 7.1812269762158421 11.576050117611883 1254.7554992809892 626.08538983017206 149.02902086079121 8.9613296240568143 13.659406065940855 9.4627427458763105 10666.31461520493 51.886431358754635
leaf_count=106 167 930 97 831 113 124 169 24964 121 1335 120 100 177 100 273 118 1275 105 2212 258 2372 6012 437 9717 105 101 154 152 113 383 178 110 278 3909 436 140 180 3060 181 394 98 120 774 138 278 145 2621 439 204 273 105 107 381 115 116 109 261 346 120 154 178 115 159 109 139 140 844 2241 167 116 124 4045 99 819 171 160 259 113 109 170 609 1507 164 963 162 1035 173 1259 108 112 122 187 117 104 105 145 111 193 24659 11576 2689 115 117 175 217118 230
internal_value=-0.000958291 0.0442746 -0.0472935 0.0237837 -0.049688 -0.000423106 0.0126888 0.0752422 0.0282573 0.00619583 -0.0509555 0.0375038 -0.0269318 -0.0178699 -0.0222274 0.0165422 0.0334352 0.0103434 -0.0279449 0.0444834 0.0200687 0.00821725 -0.0514435 0.0110098 0.0222417 0.0378683 0.0298364 0.0145585 -0.0331399 -0.0345312 0.0756262 0.0239963 0.0422933 0.0182218 0.0150781 0.00915705 -0.0163642 0.0186354 0.0415259 0.0532112 0.00259107 0.00466216 -0.00645603 0.0220573 0.0202316 0.00925076 0.038949 0.0354827 0.003535 0.058719 0.00874158 0.0126874 0.0181975 0.03104 0.0118883 0.035188 0.0309251 0.0587465 0.00233872 0.0478396 -0.00765462 0.0102434 -0.0143813 0.0286884 -0.00595664 0.00889326 0.0408828 0.0436693 -0.0250576 0.0280558 0.0205364 0.0299286 0.00454894 -0.0295125 0.0311638 0.0341938 0.0206753 0.0243457 0.0545168 0.0257682 0.00875702 -0.0391307 -0.0202278 -0.0244247 0.0351953 -0.040014 -0.0282159 0.0350545 -0.00699863 -0.010362 8.16022e-05 -0.0110034 0.0018443 0.0206893 -0.0217925 -0.0425471 -0.0392837 -0.0197585 -0.0472082 -0.0440736 -0.0445926 -0.0415697 -0.0236958 -0.0444336 -0.0521876 0.0672249
internal_weight=28168.8 14253.9 13914.9 8579.74 13238.3 676.62 4745.67 5674.11 255.351 2526.73 12936.8 3834.07 143.965 421.269 374.65 46.619 2428.54 176.408 321.358 1405.53 2218.94 2382.77 12588.7 1590.24 212.194 1249.26 348.366 92.3047 348.186 339.174 5647.98 100.345 1224.2 1870.57 1033.5 390.953 161.232 642.546 802.289 138.932 792.53 301.428 93.6545 837.076 740.835 1378.04 663.356 96.2412 766.678 91.4333 240.184 199.918 154.754 63.6609 53.2921 256.061 213.411 181.329 35.1243 98.7831 76.0637 35.4266 27.7189 1179.27 45.1637 27.3585 1132.77 758.618 31.0394 1154.77 234.897 919.875 45.0244 67.5775 446.975 343.42 103.554 36.005 42.6498 62.5381 91.0933 108.538 96.4401 83.684 65.2203 242.734 71.4783 374.153 26.1307 40.2659 27.2492 61.2443 28.0998 24.0377 33.1445 97.5872 160.126 18.7573 1897.74 642.987 171.256 141.368 25.8518 635.548 10690.9 78.9429
internal_count=343143 73999 269144 48643 262174 6970 32404 25356 1563 19846 259718 16239 2113 5407 5030 377 10486 1212 4677 5753 12558 17733 254085 11302 1440 5162 1786 476 5633 5520 25142 559 4995 10772 6008 2512 2046 3496 3297 575 6431 2456 1047 4764 4187 9862 2722 577 6216 373 1927 1588 1212 496 353 1310 1092 758 230 412 653 284 277 5324 376 237 4622 3085 272 5215 1054 4161 381 999 1865 1435 430 237 218 322 716 1829 1240 1076 329 4280 1208 1537 214 339 227 529 237 203 292 1652 2631 304 36530 11871 3072 2327 215 11751 217555 351
is_linear=0
shrinkage=0.05


Tree=19
num_leaves=82
num_cat=0
split_feature=93 103 21 0 42 98 0 32 21 0 0 21 52 103 69 49 23 67 38 100 90 0 0 103 46 52 65 67 115 49 115 61 99 105 67 103 112 5 80 101 74 93 94 32 113 96 82 52 115 99 23 63 113 38 105 115 100 114 23 0 52 97 0 108 13 108 103 49 52 19 50 96 13 53 13 19 40 114 71 84 84
split_gain=21908.1 3351.06 1103.82 486.901 117.895 82.5501 75.8569 59.0264 69.3834 47.4105 36.4409 34.7883 31.663 25.766 18.9182 18.907 18.598 18.2108 17.8863 16.2832 13.8833 13.6116 11.5607 9.73637 9.39338 12.9887 10.4843 9.10857 10.0012 9.0496 8.73307 8.31693 8.08685 7.97004 7.48784 7.38074 9.73131 12.9125 12.208 8.70084 9.26115 7.30341 8.37125 7.57924 7.06341 7.04776 7.02003 6.76978 6.75643 6.38974 5.89664 6.30494 10.0771 9.60293 5.69474 6.43342 5.599 5.10283 4.76794 4.67666 7.00756 4.74326 4.49356 4.34933 4.79517 3.98851 3.51418 3.0939 2.92976 4.31809 2.29955 5.75843 2.16986 2.14981 1.93528 1.4883 1.32763 1.05324 0.702951 0.660067 0.455333
threshold=2.5000000000000004 0.045877892524003989 19.500000000000004 2.5249279737472539 0.056079665198922164 11.500000000000002 3.0201274156570439 13.500000000000002 50.500000000000007 2.1383330821990971 1.7005987167358401 15.500000000000002 0.8760964870452882 0.97892677783966076 3.7188020944595341 0.18315234780311587 2.5000000000000004 13.307682037353517 18.500000000000004 0.5103253722190858 5.5000000000000009 2.2499048709869389 3.3140207529067998 1.6395990848541262 0.21753918379545215 0.68118375539779674 9.5407896041870135 11.992977619171144 0.69230863451957714 0.24679434299468997 0.0006631327560171486 8.623322010040285 1.9692077636718752 2.0613130331039433 11.885159492492678 1.2016427516937258 -0.3086958229541778 1.5000000000000002 1.0000000180025095e-35 0.91428673267364513 2.5000000000000004 1.5000000000000002 10.328561782836916 6.5000000000000009 -7.121217966079711 0.23205128312110904 3.5000000000000004 0.75685060024261486 0.00058575900038704287 1.0525668263435366 1.5000000000000002 9.1711597442626971 -8.7781596183776838 3.5000000000000004 8.5546922683715838 0.00059627532027661811 2.0567910671234135 -4.7556996345520011 1.5000000000000002 1.4978661537170412 0.80073529481887828 0.41421568393707281 2.4414010047912602 10.69074058532715 2.5000000000000004 11.051412105560305 1.3331373333930971 0.11111110076308252 0.76204994320869457 42.500000000000007 0.49450543522834783 0.34498016536235815 2.5000000000000004 0.30053764581680303 8.5000000000000018 24.500000000000004 7.5000000000000009 3.1978065967559819 7.8722498416900644 0.48212005198001867 0.10582306981086732
decision_type=2 2 2 2 2 2 2 2 2 2 2 2 2 2 2 2 2 2 2 2 2 2 2 2 2 2 2 2 2 2 2 2 2 2 2 2 2 2 2 2 2 2 2 2 2 2 2 2 2 2 2 2 2 2 2 2 2 2 2 2 2 2 2 2 2 2 2 2 2 2 2 2 2 2 2 2 2 2 2 2 2
left_child=1 9 30 7 5 15 12 10 14 -1 31 13 24 19 20 18 17 59 66 -8 33 68 32 -24 27 46 -27 28 -5 -7 34 41 -15 -9 44 39 38 -38 -37 -12 -41 42 -3 -43 50 -23 -26 49 -11 -33 51 53 -53 -2 55 -52 -47 -32 65 75 72 -62 -22 64 -59 -16 -4 -21 76 -70 71 74 -61 -13 -18 79 -17 -66 -68 -6 -77
right_child=2 3 4 6 16 29 11 8 -10 48 35 73 -14 22 58 21 70 -19 -20 67 62 45 23 -25 25 26 -28 -29 -30 -31 57 47 -34 -35 -36 36 37 -39 -40 40 -42 43 -44 -45 -46 56 -48 -49 -50 -51 54 52 -54 -55 -56 -57 -58 63 -60 60 61 -63 -64 -65 77 -67 78 -69 69 -71 -72 -73 -74 -75 -76 80 -78 -79 -80 -81 -82
leaf_value=0.0031787399569932306 -0.0017265917169095786 0.011368146369511009 0.0064232655529611899 0.023016566778790177 -0.038630404635884463 0.063923820968206022 0.018952813325909944 -0.0044927721913583917 0.063484352346870096 0.040458980730969221 -0.0053623913553202595 0.073227671858757878 0.064602655582264412 0.019045240837789031 -0.026762430184441573 -0.01714029297963331 0.0026770310393280294 0.035701589990650248 0.056875496517896633 0.069111543152053104 -0.017520530939288095 0.013652124761412577 0.04349833444771968 0.034940169681704915 0.021136957455649179 0.029164505840648627 -0.01062242326897945 0.051623710919987312 0.034262322949470896 0.014862750362993941 0.018267164715361977 -0.017243452065401219 0.033471767670520285 0.042079236558348818 0.037025385840562239 0.014537800536187249 0.02935790841059506 0.013083622716554744 0.0014813058018785371 0.033279844405393423 0.013202885201516745 0.0071187527777425222 -0.022857038590493955 -0.0039602444535799695 -0.030275129096456872 -0.041687827459781439 0.035467145744801205 -0.034476498362071777 0.073839848836953909 0.0057707084605502917 -0.00043186712404780984 0.00055273153423545946 0.028311247115179097 0.016717541555890694 -0.023692897966944595 0.014938729721412483 -0.014357205751688426 0 -0.045554311003838666 -0.030405780859368438 0.020485316778458232 -0.028461771236566836 0.0072351099100809411 0.006748678399093426 -0.016542747239378108 0.0037343640948456765 -0.041391214925910642 0.049216370101864054 -0.034208261237316899 0.0052873864288738772 -0.052022963834789604 -0.048111335359874233 -0.04412729876905605 0.053004256024275789 -0.026906549880906253 -0.045016209642074284 -0.042659470326165135 -0.034129219997848313 -0.01256570549423419 -0.017133656704674771 -0.049409783280163176
leaf_weight=24.360990107059479 185.30694209039211 561.29532785713673 7.7087133489549187 575.01816434413195 25.792168509215117 20.617913097143173 28.043572381138802 15.121835220605133 27.321627967059612 22.398283913731575 23.205279920250177 67.004027560353279 50.596784859895706 119.39297057688236 112.91458102315664 9.3225288689136487 8.2543959505856055 5.5931357182562342 9.6000833660364133 96.145781636238098 97.571862254291773 13.3134468793869 702.51802477240562 796.73142990469933 796.3560309112072 22.079158946871758 53.947152838110924 41.532383784651756 330.66672818362713 19.524072989821434 12.893004626035689 44.465864010155201 972.28523914515972 19.698411960154772 17.000611022114754 729.15079065784812 213.4762998111546 300.74938256666064 239.96051536127925 161.6732484176755 96.446894485503435 367.47284185886383 16.909463614225388 262.94127322360873 12.609195619821547 28.710989270359278 101.82994398474693 17.163349721580744 5493.3610854744911 85.636861450970173 347.64519953727722 52.663290791213512 88.354766882956028 111.43604212999344 20.186260260641575 82.796629257500172 61.957590658217669 23.363732159137726 37.41160698607564 54.365780115127563 6.9653011821210411 10.264090038836001 20.975749172270298 19.434434309601784 23.340365543961525 10.827386122196911 9.1718316785991174 58.518170401453972 21.551276963204149 8.7915560901164991 10110.690092325211 60.397249173372984 313.49476561695337 56.740716278553009 11.405281502753494 394.52180203050375 269.31657842174172 29.025890626013279 6.4250080436468116 10.764703352004288 1081.1715203933418
leaf_count=174 1355 3881 105 2776 502 93 114 120 123 97 142 286 212 505 1584 169 127 42 70 396 1107 152 2833 3231 3875 110 322 199 1462 192 95 366 4108 146 134 4374 1256 1812 1507 924 605 2924 117 2285 105 419 531 155 25076 663 2956 386 651 815 169 683 890 174 707 943 97 190 185 152 187 146 136 239 378 101 215710 1221 6231 234 210 7798 4987 235 91 205 21755
internal_value=-0.000936911 0.043276 -0.0460153 0.0232281 -0.0500822 -0.0257743 0.0334191 0.00888458 -0.01079 0.0734097 0.0110472 0.0385861 0.0257991 0.0373794 -0.0175444 -0.0319906 -0.0510549 -0.0462779 0.00404496 0.0558189 -0.00481599 -0.0348903 0.0360437 0.0389965 0.0247224 0.0211515 0.00114402 0.0283454 0.0271833 0.0416968 0.0038368 0.00486473 0.0319314 0.0222282 0.00542887 0.0157837 0.0143285 0.0199249 0.0113225 0.0233044 0.0259362 0.00623619 0.0102934 0.00248352 0.00476105 -0.0186598 0.0228292 -0.00627304 0.0737171 -0.00212586 0.00531977 0.00944612 0.0181299 0.00521546 0.00127108 0.00254317 -0.0236578 -0.00948644 -0.0294403 -0.0465528 -0.0407924 -0.00808422 -0.0130213 -0.0135751 -0.01895 -0.0240014 -0.0194373 0.0621931 -0.0402037 -0.0227407 -0.051939 -0.0404513 -0.0422582 0.0647803 -0.0147036 -0.0479712 -0.0419377 -0.0271553 -0.0322459 -0.033488 -0.0482888
internal_weight=27477.7 13871.9 13605.7 8331.8 12579.7 486.012 4869.41 3462.39 341.843 5540.12 3120.55 2897.38 1972.03 2773.64 314.521 445.87 12093.7 1902.93 32.9056 182.708 153.368 412.964 2590.93 1499.25 1921.43 974.212 76.0263 947.217 905.685 40.142 1026.06 1355.88 1091.68 34.8202 917.999 1764.66 1483.34 514.226 969.111 281.325 258.12 1208.62 578.205 630.414 900.998 103.982 898.186 147.266 5515.76 130.103 888.389 437.761 141.018 296.743 450.628 430.442 90.6686 108.057 161.154 1897.34 385.09 17.2294 118.548 95.1644 75.73 123.742 23.3056 154.664 308.982 30.3428 10190.7 80.0569 367.861 123.745 19.6597 1512.25 278.639 52.3663 15.5968 36.5569 1475.69
internal_count=342820 71909 270911 46562 262814 7783 21433 25129 4118 25347 21011 11946 9487 11426 3995 7498 255031 37763 402 749 1558 7096 10677 6064 9275 4838 432 4437 4238 285 8097 10391 4613 266 7254 10620 8949 3068 5881 1671 1529 9207 3998 5209 7120 1461 4406 1184 25173 1029 7015 3207 1037 2170 3808 3639 1309 843 2437 37721 7461 287 1292 748 596 1730 332 635 5635 479 217268 1558 7174 520 337 30260 5156 422 227 707 29553
is_linear=0
shrinkage=0.05


Tree=20
num_leaves=94
num_cat=0
split_feature=15 103 44 44 21 19 1 23 1 1 19 19 1 103 49 52 93 44 3 65 71 84 15 44 67 82 21 53 53 96 108 103 67 115 95 108 107 103 114 80 103 32 49 108 115 94 36 99 82 108 115 91 103 82 77 115 30 1 17 114 17 113 65 61 15 52 93 103 42 11 108 113 54 113 46 49 67 2 77 1 40 95 65 113 21 17 103 67 107 95 67 103 32
split_gain=20495.4 3327.44 588.752 448.079 442.437 76.8186 65.9413 63.0387 62.4414 61.9722 49.6775 34.4194 25.4924 20.7557 18.7312 18.5066 18.5062 16.3675 18.625 15.808 14.2469 13.3191 13.2536 10.3809 24.4297 10.204 10.1407 12.8729 11.1878 9.93658 9.30559 9.05006 9.44281 8.69011 8.32307 8.16085 8.10438 9.75064 7.92248 7.8005 7.3038 7.14272 7.1148 7.07239 6.78705 6.69363 6.68265 6.63421 6.57397 6.32058 6.14255 5.9416 5.59388 5.56712 5.36471 5.25172 7.51006 5.10858 6.98658 4.99547 6.25936 4.66117 4.34543 4.2838 4.24544 4.14051 4.0431 4.00996 3.94524 3.85739 3.73332 3.61866 4.21718 6.59032 4.89854 3.58431 3.11954 3.03247 2.98087 2.72953 2.70487 2.51233 2.30113 2.29381 2.29188 2.09737 2.67389 1.98558 1.75614 1.52573 2.2317 1.34673 0.159384
threshold=5.5000000000000009 0.045877892524003989 0.067117117345333113 0.040270268917083747 19.500000000000004 50.500000000000007 4.5000000000000009 1.5000000000000002 18.500000000000004 4.5000000000000009 21.500000000000004 15.500000000000002 8.5000000000000018 1.2016427516937258 0.14285712689161303 0.8760964870452882 1.5000000000000002 0.10557275637984277 0.90970999002456676 10.588892936706545 6.2289698123931894 0.33084577322006231 2.5000000000000004 0.095491390675306334 13.04841470718384 2.5000000000000004 32.500000000000007 0.57247900962829601 0.749149650335312 0.1702898591756821 10.452538013458254 0.97892677783966076 10.261773109436037 0.0006828947225585581 7.0385203361511239 9.7404541969299334 1.7607248425483706 1.701510548591614 3.3234131336212163 1.0000000180025095e-35 0.4549481868743897 6.5000000000000009 0.23076922446489337 9.2020311355590838 0.69237592816352855 9.3461070060729998 1.0000000180025095e-35 0.56814667582511913 8.5000000000000018 7.8835594654083261 0.00057834811741486203 2.5000000000000004 1.6293612718582156 7.5000000000000009 23.500000000000004 0.00056377376313321303 5.5000000000000009 6.5000000000000009 18.500000000000004 -4.6429715156555167 4.5000000000000009 -8.7720904350280744 10.109888553619387 7.2505609989166269 3.5000000000000004 0.81291666626930248 2.5000000000000004 1.5233432650566103 0.12254524603486062 2.5000000000000004 7.8305864334106454 -7.2033998966217032 1.0759614706039431 -8.6825270652770978 0.43599383533000952 0.30711473524570471 11.660795211791994 0.74220478534698497 33.500000000000007 7.5000000000000009 3.5000000000000004 6.4694440364837655 11.172806262969972 -8.6825270652770978 37.500000000000007 18.500000000000004 1.7916493415832522 13.498595237731935 1.0073366761207583 7.3020684719085702 11.505728244781496 2.0446097850799565 24.500000000000004
decision_type=2 2 2 2 2 2 2 2 2 2 2 2 2 2 2 2 2 2 2 2 2 2 2 2 2 2 2 2 2 2 2 2 2 2 2 2 2 2 2 2 2 2 2 2 2 2 2 2 2 2 2 2 2 2 2 2 2 2 2 2 2 2 2 2 2 2 2 2 2 2 2 2 2 2 2 2 2 2 2 2 2 2 2 2 2 2 2 2 2 2 2 2 2
left_child=1 6 5 8 25 12 83 17 15 10 21 13 29 20 -7 31 77 18 -6 49 47 40 -8 24 89 30 27 33 43 55 35 32 70 39 48 51 37 -33 44 -11 -5 -27 78 -29 -15 -30 -38 -10 82 -14 -42 61 76 -51 -40 -2 -57 68 -59 66 -61 -4 -31 -53 -18 79 -23 -28 -20 87 -3 72 73 -43 -74 -58 -36 -12 -16 81 -13 -19 -21 -1 -81 86 -64 -25 -66 90 -9 -87 -91
right_child=2 3 4 9 7 14 22 23 11 26 16 80 19 38 42 -17 64 65 57 34 -22 59 -24 69 -26 41 67 28 45 62 -32 36 -34 -35 52 -37 46 -39 54 -41 50 71 -44 -45 -46 -47 -48 -49 -50 53 -52 63 -54 -55 -56 56 75 58 -60 60 -62 -63 85 -65 88 -67 -68 -69 -70 -71 -72 -73 74 -75 -76 -77 -78 -79 -80 84 -82 -83 -84 -85 -86 91 -88 -89 -90 92 -92 -93 -94
leaf_value=0.0070984803242881995 0.024163415258312365 0.032287151009355593 -0.018450242008175133 -0.022042653551259811 0.020798221354757521 0.074609363166129539 0.072214315136285206 -0.03814060705123682 0.030309654687264834 0.031263426841929377 -0.007546267459407007 0.073018681151385489 0.0025353094706526557 0.032242282545602019 0.050636189281643235 0.059457187359308473 -0.0010949316368612345 -0.013555720405454833 -0.038495452641322488 0.010882726214794594 0.016064843754681913 0.0014028135900598197 0.039151807111501673 -0.04896328978078706 0.031657507130223909 0.031707346827185026 0.0085542816539112051 -0.0013910580080567598 0.015407226553136045 0.0036549762959695482 0.048209106151219858 0.021270314606416069 0.011345087791512319 -0.0026846430640496098 -0.014201699057485273 -0.022268135864600701 0.049536744084424551 0.0038534419909816808 0.023372933651611548 0.013382287406315556 0.0062594028129542081 -0.0028313125014061817 0.0033589203263515509 0.016174073363312138 0.018742453074116743 0.028004988915776491 0.025631702749774034 0.052530507098338286 -0.009758556604826692 0.050962401462864661 0.01317703616242185 0.015793859912989993 -0.033503723207100891 0.014556340695882661 0.036208414843889945 0.023649663448602136 -0.0278812243843541 0.023933565911040535 -0.023520228984080363 -0.010007267077793345 0.0019970348382173896 0.013781355558691536 0.0047453285727080312 0.044092011796960283 -0.011134405703328486 -0.0020197524700663059 0.040464801417334349 -0.024780698092901492 -0.018389315206408473 -0.052011190652199439 0.063207783198389517 -0.024256729656443553 -0.023919938370436683 0.025615582143284091 0.0002601685935499341 0.0055594146142370765 0.017910819154994772 0.023657727911537585 0.022582679245653728 -0.019551359591794975 0.049730502686408079 -0.043736301305915978 0.037081870126291376 -0.021105299355062446 -0.045031143297799538 -0.042084450794857918 -0.031047879345190117 -0.016616342530948066 -0.043575297885900005 -0.049488096179100188 0 -0.02207485171256315 -0.032833389686533564
leaf_weight=12.126803152263166 13.707483153790234 24.807856187224388 16.933559156954288 17.210407540202141 17.734413180500269 37.917947232723236 5361.8015539497137 7.9803755879402143 48.374426245689392 272.60866659879684 14.251668833196165 66.561000347137451 17.194316066801548 301.97303076088428 28.685661550611258 36.855855822563171 7.753259450197219 9.6195733658969385 151.11287240684032 21.185868635773659 37.356394156813622 13.882654495537283 37.520785611122847 1725.8311266042292 11.236385859549044 14.106211535632609 14.451097287237642 158.2779742591083 1179.4497403614223 9.1470817737281305 18.651325479149818 696.05397252738476 22.330550312995911 25.368464216589928 16.044227413833145 14.570679500699041 32.196191638708115 93.290284246206284 101.19819201529026 85.617806937545538 732.20892073214054 61.572394110262394 19.592527016997337 87.367964271456003 153.2333722859621 119.96479500830173 660.17012365907431 314.66310462355614 21.425530709326267 31.819695331156254 590.23139380291104 51.11141162365675 22.101685158908367 18.973181612789631 1821.734535574913 11.706972047686575 29.918189246207476 7.5170565135776988 56.36234226077795 130.91504372656345 601.39982744306326 27.030965477228165 8.9769271947443503 19.633929438889027 6.6042995974421492 7.0991904474794856 12.452742129564284 19.043664891272783 36.714330282062292 9131.0158098265529 32.341992989182472 17.392988741397858 32.352592930197716 28.386274226009846 52.756640590727329 9.5434509217739087 11.780751794576643 13.638351932168005 22.396576553583145 34.804540444165468 41.490214437246323 641.29112851992249 17.168228305876255 13.442832969129084 15.37572545558214 39.166412074118853 8.8937434703111631 7.6418054625391951 75.84538846090436 57.379250336438417 6.6697129383683205 21.852901756763458 20.282246463000774
leaf_count=102 153 113 133 134 180 161 25144 158 196 1519 123 288 113 1248 129 154 116 178 2741 122 155 111 175 37121 132 106 126 931 6955 117 139 3230 102 146 134 111 151 435 432 541 5327 490 133 521 634 707 3084 1286 126 190 4183 360 193 128 7450 107 329 88 769 1023 4940 212 120 154 126 131 104 154 628 204430 147 144 253 227 415 118 97 97 103 561 174 12766 102 109 265 570 125 122 1410 1183 131 339 399
internal_value=-0.000641559 0.0409142 -0.046597 0.0216774 -0.0486281 0.010236 0.0716178 -0.0502617 0.0326526 0.00988831 0.00414855 0.0370603 -0.00177334 0.0359369 0.0464148 0.0246575 -0.0271876 -0.0379151 -0.027027 0.0110319 0.0466892 0.00593508 0.0719973 -0.0513559 -0.0342699 0.00636903 0.0163586 0.0168355 0.0147565 -0.0166811 0.016325 0.0237732 0.0404893 0.0250932 -0.000688956 0.0111485 0.0228298 0.0192357 0.0340941 0.0270912 0.0089307 -0.000779123 0.0299133 0.00487605 0.0277963 0.0166089 0.0268624 0.0497339 0.0116746 0.0296956 0.00936586 0.0157118 -0.0155957 0.0383621 0.0355569 -0.00157854 -0.00915616 -0.0305393 -0.0173621 0.000624973 -0.000151402 0.00094781 -0.0274859 0.0245383 -0.0380655 -0.0419777 0.0214178 -0.0103626 -0.034795 -0.0515131 0.0511252 -0.00343854 -0.00112512 0.00630861 -0.00907104 -0.0196423 -4.39453e-05 0.00780104 0.0395216 -0.0423629 0.064971 -0.0433378 0.0238153 -0.00770765 -0.0286325 -0.0312218 -0.0135766 -0.0488409 -0.0413412 -0.0427792 -0.0225494 -0.0357799 -0.0459694
internal_weight=26827.4 14088.1 12739.4 8663.18 12300.2 439.199 5424.89 11945.7 4484.63 4178.54 2216.39 2886.58 330.607 2778.53 108.593 1598.05 118.093 977.631 269.441 177.693 400.394 2098.3 5399.32 10968 103.548 354.499 1962.15 1928.66 1545.06 152.913 147.932 1561.19 79.4804 383.595 109.706 129.281 1481.71 789.344 2378.14 358.226 1339.65 206.567 70.6748 245.646 455.206 1299.41 692.366 363.038 59.7796 67.9872 1322.44 114.71 49.9267 50.7929 1922.93 64.8761 51.1686 251.707 63.8794 758.65 732.315 43.9645 88.0371 70.7453 90.2029 708.19 26.3354 33.4948 187.827 10864.5 57.1498 192.461 175.068 89.9587 85.1092 39.4616 27.825 27.89 51.0822 701.091 108.051 650.911 38.3541 25.5696 50.1803 78.89 17.8707 1733.47 82.4497 92.3116 14.6501 61.0193 77.6615
internal_count=342539 74103 268436 48573 264727 3709 25530 261983 19279 29294 17694 11863 3183 11401 526 7416 1872 18307 4406 1205 1637 15822 25319 243676 2003 2744 11600 11320 9114 1978 1109 7262 362 2206 774 970 6900 3665 9764 2060 9644 1635 365 1452 1882 7662 3235 1482 350 431 9510 859 424 318 7882 707 554 4226 857 6178 5963 345 1271 514 1652 13901 215 280 3369 241673 260 1529 1385 717 668 447 231 220 232 13770 462 12944 224 211 826 1154 245 37243 1536 1871 289 909 1582
is_linear=0
shrinkage=0.05


Tree=21
num_leaves=89
num_cat=0
split_feature=92 103 25 0 48 54 13 17 48 0 25 25 30 49 52 11 25 103 2 102 9 108 46 96 0 67 2 53 3 50 108 52 108 52 9 108 109 95 111 114 46 103 0 94 46 105 53 94 3 71 54 49 109 115 113 113 17 74 67 99 95 2 63 63 105 103 109 34 107 76 112 2 92 34 63 0 96 11 53 49 2 82 53 2 115 95 82 82
split_gain=19012.9 3192.41 933.353 427.257 110.103 81.3508 76.5595 92.6038 53.0196 50.6425 39.0586 30.3314 28.0642 25.4222 25.142 22.8365 20.4293 18.0469 15.1315 13.0236 12.4206 11.9936 11.9765 11.6653 11.5051 10.27 9.70648 9.52685 9.40269 8.916 8.85223 8.69924 8.05113 10.1762 7.0046 7.98459 9.05397 6.93516 6.64927 8.9027 6.62638 6.37862 6.30188 6.15419 5.96888 5.89057 8.15296 7.2926 5.88017 5.78803 16.6688 9.56407 8.57705 6.66812 7.79863 6.93179 6.8273 5.71393 6.25602 5.47983 5.87139 4.73662 3.99931 3.86347 3.8411 3.8174 4.38003 3.79057 3.71697 3.65032 3.56964 3.54991 2.65651 2.81544 3.31968 2.54506 2.30559 2.07321 1.69063 1.34959 1.31679 1.53148 1.30848 1.77899 1.03291 0.401454 0.364061 2.30942
threshold=2.5000000000000004 0.045877892524003989 19.500000000000004 2.6735538244247441 0.020478053949773315 1.5402702093124392 1.5000000000000002 11.500000000000002 0.020478053949773315 3.113268375396729 50.500000000000007 49.500000000000007 5.5000000000000009 0.22742946445941928 0.83390802145004284 1.5000000000000002 15.500000000000002 1.2016427516937258 0.095820643007755293 0.37500001490116125 79.500000000000014 10.772964477539064 0.21960458159446719 0.28436657786369329 1.7005987167358401 11.885159492492678 1.0028752684593203 2.4330357313156132 1.2943241000175478 0.6122446358203889 8.6580266952514666 0.87447479367256176 10.649744987487795 0.58147779107093822 49.500000000000007 6.3947188854217538 0.22356043010950091 7.5321149826049814 5.752751588821412 3.3810083866119389 0.1673669517040253 0.87224885821342479 2.2499048709869389 6.5754871368408212 0.23916655033826831 1.1565384268760683 2.2742946147918706 6.689300775527955 2.8847850561141972 8.4280633926391619 1.0624999403953554 0.59999993443489086 1.0774909257888796 0.0006631327560171486 -8.8510107994079572 -8.7598209381103498 7.5000000000000009 3.5000000000000004 10.830638885498049 2.4479832649230961 8.7293276786804217 1.8673192858695986 8.8818531036376971 8.0126810073852557 2.4231878519058232 1.5808235406875613 0.69724363088607799 6.5000000000000009 1.4263132810592654 88.500000000000014 -0.39063784480094904 0.2739872038364411 3.5000000000000004 35.500000000000007 11.749121189117433 1.4978661537170412 0.41633333265781408 3.5000000000000004 0.30053764581680303 0.18087868392467502 0.80095681548118602 15.500000000000002 1.30048543214798 1.4156160950660708 0.00059187598526477825 10.492506027221681 23.500000000000004 25.500000000000004
decision_type=2 2 2 2 2 2 2 2 2 2 2 2 2 2 2 2 2 2 2 2 2 2 2 2 2 2 2 2 2 2 2 2 2 2 2 2 2 2 2 2 2 2 2 2 2 2 2 2 2 2 2 2 2 2 2 2 2 2 2 2 2 2 2 2 2 2 2 2 2 2 2 2 2 2 2 2 2 2 2 2 2 2 2 2 2 2 2 2
left_child=1 8 25 6 5 42 11 18 22 14 29 12 24 -7 34 63 17 19 27 67 30 -22 -1 -15 28 45 40 44 -3 37 -14 -26 33 -19 38 36 -36 -9 39 -5 -20 -21 79 -31 -8 46 47 -2 -37 53 51 52 -51 54 56 -56 -47 71 -59 84 62 77 -61 75 -34 68 -67 -11 -16 -55 -71 -52 73 74 -65 -6 -62 86 -18 -4 -74 -82 85 -84 -44 -81 -17 -88
right_child=2 3 4 9 15 13 7 10 -10 16 -12 -13 20 23 65 61 78 32 26 41 21 -23 -24 -25 31 -27 -28 -29 -30 43 -32 -33 64 -35 35 48 -38 -39 -40 -41 -42 -43 59 -45 -46 49 -48 -49 -50 50 57 -53 -54 69 55 -57 -58 58 -60 60 76 -63 -64 72 -66 66 -68 -69 -70 70 -72 -73 80 -75 -76 -77 -78 -79 -80 82 81 -83 83 -85 -86 -87 87 -89
leaf_value=0.070609607030557228 0.028228008048419174 -0.027389084450303081 -0.014194981714039899 0.027079992664995795 -0.030641511373280386 0.060515362853171689 0.0086039418421032434 -0.0065654695120456429 -0.002872584820421463 0.0394017836295339 0.056906852252953125 0.058775633934600668 -0.0095923334990591236 0.025122990640423577 0.041819230848516721 -0.049951754421927258 0.067759980859456906 0.017276566312684007 -0.0115768293842446 0.064784045172652419 -0.023283179224008327 0.028709752268246444 0.036265515882398978 -0.033698759962294988 0.016281322947817055 0.037187227885417423 0.036947831857560801 0.025284614857493528 0.010333163514855977 0.0046618030714975561 0.027206794706612608 0.046324485196647641 0.044683730212414313 0.033249558497409015 0.027732844450733419 0.023386228152040302 0.0050445162826218857 -0.029112975664850112 0.013127702326413741 0.056555728053399604 0.0088920917001941418 0.045584289104326103 -0.043163129693717966 -0.040820777945952652 -0.019240274815815823 -0.0012288610352234157 0.049063264564391224 -0.016000041124831166 0.047203112006270496 0.021743472600939198 -0.040539978283033157 0.056830705156393518 -0.019496165805261256 -0.033234510902714155 -0.010556096030245803 0.0021654455616025923 0.023276094239528394 0.018782148995622638 -0.020231869208184969 -0.020855923054148504 -0.012917765022633277 -0.0043904210753355965 0.017960125100996677 -0.040013163230236598 0.024962251858739657 0.047402235473175562 0.017438369153789431 0.016669725688773739 0.073155220665431911 -0.016384901190781159 0.012019031793716205 -0.0063265104664448181 -0.048515471452223582 -0.0054062980362390789 -0.00027201720219266029 0.0069456938540170491 -0.045608955528847792 -0.052071036088963865 0.046245563819477711 -0.044839110104462905 -0.043074785068261436 -0.022027670303767732 -0.0039443596577713414 -0.037957744680241323 -0.013842118192228584 -0.025624591776048901 -0.01569488732871005 -0.04552324705992411
leaf_weight=5198.322704333812 16.035039074718952 15.325263801962135 8.1441673040389997 69.561291262507439 9.2872787304222566 32.088470213115215 22.449265241622925 60.617468129843473 24.416417613625526 38.429936021566391 12.430211912840603 36.102258689701557 28.181814581155777 16.64641094207764 32.988081827759743 2566.5737960897386 53.914553731679916 114.18189610540867 39.819364838302135 78.11716490983963 91.258394256234169 11.14462863281369 31.590841755270958 14.204316210001705 1945.9886773973703 19.984213963150978 28.6837103292346 16.26918537914753 805.2011588960886 7.1621756069362155 34.708941258490086 23.74992847442627 228.85778819024563 1709.9250914156437 66.488765001296997 1289.1719199866056 131.12634970247746 84.326632339507341 33.080251976847649 48.120767086744308 840.11076301336288 195.8701848834753 23.876403782516721 129.4510785266757 96.875176604837179 49.505614183843136 13.998530544340609 18.252589330077171 27.405968874692917 72.985088288784027 15.528587490320207 15.495111882686613 13.705257348716257 19.64809811860323 159.17099667340517 317.583097204566 62.56087489426136 24.607947245240211 15.353410318493841 8.3133118227124232 16.375239290297035 6.0999403893947592 18.599035896360874 248.11522390693426 37.879112005233765 35.531815633177757 24.047309279441833 45.461667910218239 26.742111176252365 33.639421813189983 14.470356374979017 16.316890873014927 378.31446415185928 7.5831344984471789 5.9068007357418528 6.3202999532222739 9.6290505081415159 7436.4044501073658 38.101360902190208 106.0291524939239 359.56117474660277 15.878273919224737 8.4964633807539958 7.7704262360930434 6.779452644288539 12.673523783683775 11.684200279414652 38.01290176063776
leaf_count=25090 129 162 120 312 186 158 208 875 198 155 70 156 229 112 140 58873 241 469 300 329 1062 126 141 189 10834 153 179 140 5688 95 268 115 928 6931 300 5832 595 1319 142 209 6095 794 354 2475 874 387 109 146 121 573 132 117 109 154 1254 2511 488 196 125 112 238 99 264 5010 154 151 102 184 113 265 117 123 8163 143 118 119 157 174705 162 1926 7681 314 166 148 100 239 251 798
internal_value=-0.000693606 0.0393321 -0.0460362 0.0206604 -0.0499102 -0.0192897 0.00954906 -0.000385 0.0700713 0.0317746 -0.0251074 0.013994 0.013414 0.0304053 0.0252535 -0.0507063 0.0363327 0.035409 0.00659184 0.0460268 -0.00651268 -0.0171957 0.0704145 -0.00195742 0.0146009 0.00299912 0.00892257 -0.00888021 0.00956775 -0.0290459 0.0107222 0.0166836 0.0335552 0.0322702 0.0236116 0.0225197 0.0128798 -0.0199154 0.034182 0.0397768 0.00793634 0.0514176 -0.0332405 -0.0383391 -0.0138772 0.00214832 0.0188676 0.00472054 0.0239427 0.00113205 0.00920436 0.022076 0.0148896 -0.00100801 0.000700139 -0.0020807 0.0124897 -0.00905332 0.00336186 -0.0214183 -0.0108823 -0.0514557 0.00514972 -0.0433211 0.0420756 0.0475064 0.0361972 0.0277094 0.0574606 -0.01569 -0.00753496 -0.0243828 -0.0437143 -0.0382319 -0.0391352 -0.0155616 -0.0272137 -0.0514826 0.059843 -0.0397813 -0.0455242 -0.0423024 -0.0410789 -0.0225878 -0.037938 -0.0432162 -0.0497773 -0.039371
internal_weight=26187.4 13909.2 12278.2 8654.86 11379.4 289.625 4329.86 1338.2 5254.33 4325 293.988 2991.66 2955.56 62.9392 1784.26 11089.7 2540.74 2448.72 1044.21 357.879 165.294 102.403 5229.91 30.8507 2790.27 898.841 908.614 135.594 820.526 281.557 62.8908 1969.74 2090.84 1824.11 1664.96 1514.19 197.615 144.944 150.762 117.682 879.93 273.987 226.686 136.613 119.324 878.857 48.2862 34.2876 1316.58 830.571 173.992 102.185 86.6903 656.578 588.821 476.754 112.066 71.8068 39.9614 83.5725 52.9166 10058.8 26.9123 1030.97 266.737 119.309 59.5791 83.8916 59.7302 67.7579 48.1098 31.8455 1015.36 261.605 254.022 15.6076 26.0043 10052.7 92.0159 143.114 753.754 375.439 134.97 16.2669 30.6559 118.703 2616.27 49.6971
internal_count=342894 75063 267831 49634 260743 4283 31270 12630 25429 18364 4834 18640 18484 459 8017 256460 10347 9944 7796 1462 1685 1188 25231 301 16799 7088 6574 1222 5850 4764 497 10949 8482 7400 7511 6848 895 2194 663 521 6395 1123 3824 2570 1082 6935 384 275 5953 6551 1375 799 682 5176 4640 3765 875 576 321 1225 771 234726 376 21734 1082 506 253 339 253 536 382 255 21429 5271 5128 305 395 234627 403 2599 16158 7995 2479 314 454 2165 59922 1049
is_linear=0
shrinkage=0.05


Tree=22
num_leaves=99
num_cat=0
split_feature=93 107 34 0 48 48 38 34 34 2 48 0 44 107 80 107 30 93 93 2 94 65 105 11 114 9 67 100 86 34 49 80 2 90 67 17 112 71 44 99 114 15 2 112 107 48 112 63 108 77 99 100 76 17 86 49 113 113 69 15 52 77 71 67 99 76 11 34 9 100 53 99 48 99 5 107 105 52 76 71 105 52 30 9 94 63 49 108 92 67 63 93 0 40 46 98 102 24
split_gain=17621.7 2957.3 1040.26 362.162 130.397 67.9567 66.6673 65.7072 38.7624 30.8722 26.7325 19.7572 17.8594 17.787 17.1884 16.7396 16.5006 14.5411 14.1008 13.3347 12.7156 12.2849 12.0833 10.7746 10.3717 9.67969 9.69724 9.52984 8.72041 8.32303 10.0652 7.71 8.5356 7.66954 7.93789 7.61843 8.28916 13.8127 7.50529 7.43361 7.30897 7.10445 7.08807 8.05079 8.3057 7.77676 7.29262 6.86959 7.5883 7.41272 6.62634 6.12127 9.66426 6.03501 5.84965 5.75255 5.73128 6.5704 6.15162 5.58653 6.2306 5.52499 5.42061 5.34355 5.33595 5.108 4.98588 4.94568 4.49005 4.45983 4.36849 4.35998 3.39223 3.96596 3.19895 3.32926 3.1721 3.00949 4.15811 2.72538 2.71093 2.45312 3.91746 2.45857 2.17725 1.9416 1.63873 1.55776 1.50225 1.43176 1.33346 1.23245 1.65152 1.23075 3.00038 0.677751 0.441942 0.00802412
threshold=2.5000000000000004 0.14408370852470401 18.500000000000004 2.8617925643920903 0.020478053949773315 0.020478053949773315 30.500000000000004 16.500000000000004 36.500000000000007 1.9469751715660097 0.040057305246591575 3.3140207529067998 0.083722744137048735 1.1688305735588076 1.0000000180025095e-35 1.2560814023017886 5.5000000000000009 7.5000000000000009 1.5000000000000002 1.8673192858695986 8.560214042663576 9.1912641525268572 3.2289003133773808 1.5000000000000002 -4.0632128715515128 79.500000000000014 11.074532508850099 0.58268094062805187 0.12390350922942163 11.500000000000002 0.12499998882412912 1.0000000180025095e-35 1.5222908258438113 7.5000000000000009 11.361080169677736 11.500000000000002 -0.34599030017852778 7.089773654937745 0.13363095372915271 10.687539577484133 3.1836198568344121 2.5000000000000004 0.25195258855819708 -6.6607460975646964 2.3430349826812749 0.14705882221460345 -0.26275914907455439 9.0588107109069842 8.1562361717224139 61.500000000000007 11.438854694366457 4.3250043392181405 41.500000000000007 79.500000000000014 0.27239304780960089 0.41471256315708166 -7.1934845447540274 -7.2741730213165274 9.2426118850708026 5.5000000000000009 0.69179204106330883 90.500000000000014 7.8392374515533456 9.767703056335451 1.5400873422622683 79.500000000000014 2.5000000000000004 19.500000000000004 27.500000000000004 2.0567910671234135 0.37715516984462744 11.408496379852297 0.040057305246591575 2.2110177278518681 4.5000000000000009 0.91840130090713512 1.4803959131240847 0.56419414281845104 71.500000000000014 8.1008753776550311 1.7824801802635195 0.80073529481887828 5.5000000000000009 78.500000000000014 6.3293375968933114 9.5098085403442401 0.14285712689161303 7.628700017929078 2.5000000000000004 9.3553066253662127 10.683810710906984 3.5000000000000004 2.2499048709869389 7.5000000000000009 0.20599461346864703 13.500000000000002 0.63921535015106212 4.5000000000000009
decision_type=2 2 2 2 2 2 2 2 2 2 2 2 2 2 2 2 2 2 2 2 2 2 2 2 2 2 2 2 2 2 2 2 2 2 2 2 2 2 2 2 2 2 2 2 2 2 2 2 2 2 2 2 2 2 2 2 2 2 2 2 2 2 2 2 2 2 2 2 2 2 2 2 2 2 2 2 2 2 2 2 2 2 2 2 2 2 2 2 2 2 2 2 2 2 2 2 2 2
left_child=1 12 35 5 6 8 19 14 16 11 31 27 -1 96 20 74 22 -8 33 38 21 -7 24 -22 -3 26 -18 -5 -27 51 87 32 81 34 -9 42 37 -37 65 70 71 -42 56 44 -44 47 55 49 -49 -45 -24 68 -53 -19 -21 -47 57 58 64 60 -16 -59 -32 -63 -2 79 67 85 -15 -39 -17 -29 73 -20 75 -13 -67 78 -38 -4 -58 83 -83 -6 -82 -12 -10 -31 -33 -41 -74 92 -40 94 -90 -95 -11 -69
right_child=2 3 4 9 10 7 17 18 86 13 66 15 -14 29 59 39 25 53 72 54 23 -23 50 -25 -26 28 -28 40 -30 30 62 88 -34 -35 -36 36 77 69 91 89 41 -43 43 45 -46 46 -48 48 -50 -51 -52 52 -54 -55 -56 -57 80 61 -60 -61 -62 63 -64 -65 -66 76 -68 97 -70 -71 -72 -73 90 -75 -76 -77 -78 -79 -80 -81 84 82 -84 -85 -86 -87 -88 -89 93 -91 -92 -93 -94 95 -96 -97 -98 -99
leaf_value=0.069110731818172372 -0.011438466574849687 0.011038196952400818 -0.021464458319450416 -0.0019569127574817313 0 0.012248710320334213 0.050747277366268301 -0.0083376259536062057 0.070694088044338049 0.045732237774114233 0.0090957090511461763 0.064950771994070247 0.02574396767757416 0.023741050703291723 -0.0042214614986912369 0.026685498764875512 0.029628613989366157 0.023932461462695162 -0.031266626573870408 -0.01794180009414556 0.024853011937876725 0.00094522622067968836 0.0086524762279723832 -0.015315733788699014 0.020465071068541618 0.020535847889923065 -0.0024970310017847601 0.001430989975000598 -0.02458621411092057 0.038832788787175651 0.014079378330668073 -0.016367547474218432 0.020553359178579547 -0.034066636283992958 0.028306204265603603 0.046333851727753367 -0.029469688737450064 -0.039780775526912837 -0.038203868571451083 0.037584959308143928 0.02905995204212225 0.020002419375951597 0.053506704523762418 0.014235586976256501 0.0026807900478113683 0.0064529550853809382 0.026885415432264949 0.0048306716322262244 0.029607359541104241 -0.0029972566068849384 0.026395422579931379 -0.00026467853076690749 0.031828398598394869 -0.023840362972619905 0.025175221729986166 -0.01532992727030341 -0.038632543104203554 -0.0044721285753120338 0.028248218988825687 0.027797005265561021 0.0082088434346817389 0.052947316577200643 0.044768224756712882 0.0063971351691884532 0.0019026487525163984 0.0095908191068371663 -0.051753015812747299 -0.020912695193450993 0.045989997474038868 0.00051765234589696229 0.034363480677655656 0.027530632938699753 -0.041208020502206233 -0.012349055674557734 0.028625044963041885 0.045378218416173594 -0.018107127982963909 -0.04055900854027171 0.0094137751989569196 -0.043468073716260922 -0.022854850750090069 -0.031965946411864822 0.014275172505800158 -0.037504143262979524 0.00600539690431846 -0.029713698953726494 0.042612073646688599 0.061434110734759996 -0.041020207022242516 0.053387509659988432 -0.011456644911431628 -0.045897975050396361 -0.0040123311082465099 -0.046624649291575809 -0.0063264605106056193 -0.029606304191829594 0.06531222121950446 -0.048385699119470799
leaf_weight=4952.928470376879 117.04759514331818 373.62024130672216 36.515250321477652 28.041511848568916 4.8899795971810809 741.17283353209496 33.750654973089695 33.135845772922039 27.116793863475323 26.135590255260468 5.2344521470367891 48.271732464432716 26.918785322457552 36.033163785934448 370.50551176071167 449.25382436811924 36.520144023001194 11.664318934082987 58.399493604898453 14.21720800176263 206.72689883410931 358.7401162199676 545.51883091032505 16.847327634692192 1543.4171717315912 12.095238141715525 59.624980144202709 47.052595391869545 49.374430254101753 23.341477736830711 31.227710992097855 7.7496669255197039 5.8002290874719611 12.367552176117895 24.129002712666988 12.133394178003071 14.157334595918655 9.5182387083768862 7.9924417585134488 73.923741772770882 1468.3732530474663 281.30010792613029 17.407186467200518 113.7655569948256 15.026728734374045 45.040401633828878 15.717447504401205 55.453561592847109 73.72781989723444 133.575812920928 58.169068805873394 25.319461241364479 235.74982339143753 11.779348369687794 14.13758324459195 84.284855410456657 11.543251506984232 14.326729722321032 15.020492061972616 16.118625462055206 136.59153992682695 13.585639104247095 31.576385721564293 12.135590329766272 200.36200610548258 11.380024798214434 8202.9286823086441 4.4671662822365752 137.72098881006241 16.859545964747667 425.13902294635773 23.614970460534096 47.474292282015085 62.272106327116489 25.724428951740265 114.32060784101486 50.43629352748394 19.363225419074297 10.728693779557943 35.451118484139442 11.348307855427267 9.7770742997527105 6.2160650044679633 251.15578059479594 11.493965618312357 4.5469091907143593 23.084962204098701 85.883883118629456 23.221722070127726 47.047011628746986 6.6705929636955252 84.323585104197264 7.4063806645572186 558.20940691977739 10.143708247691391 19.27509056404233 77.455288231372833 1542.0548009127378
leaf_count=24674 1013 2010 575 117 99 4974 156 286 120 110 103 218 156 145 2946 1807 244 107 942 140 1357 2473 3150 133 7818 118 448 199 536 102 130 152 84 149 212 116 136 101 156 297 6168 1222 117 807 113 363 124 394 525 959 344 102 950 110 115 657 103 122 127 128 1024 113 133 104 1676 181 201973 97 554 165 1711 100 911 988 105 473 766 228 99 566 100 179 117 5231 102 98 109 376 478 189 133 1711 124 12425 216 394 349 36278
internal_value=-0.000855573 0.0382523 -0.0449217 0.0204253 -0.0494574 0.011355 -0.0178052 0.00456187 0.0165523 0.0320943 -0.0504015 0.0298487 0.0688861 0.0415808 0.00779366 0.0349683 0.0157091 0.0304518 -0.0197109 -0.0284967 0.0108238 0.00857743 0.0166898 0.0216998 0.0186431 0 0.00987098 0.0265391 -0.0152712 0.0380743 0.0478568 -0.0418454 -0.0342741 -0.000502469 0.00726079 0.00276845 -0.011626 0.00507052 -0.0324102 0.0322471 0.0269848 0.0276278 0.00403484 0.00770937 0.031413 0.00613037 -0.00362935 0.0099159 0.0192255 0.0049269 0.0104398 0.0340299 0.0286941 0 0.00340597 -0.00768011 -0.000953974 0.000855499 -0.00145317 0.000100835 -0.00083924 0.0196205 0.0303489 0.0329145 -0.00301631 -0.0240168 -0.0511799 -0.0481057 0.0416758 -0.0150231 0.0304825 0.0106822 -0.0272358 -0.0218576 0.0489301 0.0517906 -0.0127437 -0.0260658 -0.0127453 -0.0331059 -0.02005 -0.0355859 -0.0137388 -0.0368238 -0.00844671 -0.00961067 0.0595851 0.057286 -0.0451387 0.044391 -0.03813 -0.0430489 -0.0241664 -0.0454464 -0.0314854 -0.0461521 0.0611907 -0.0483331
internal_weight=25560.4 13542 12018.3 8562.2 10974.7 4819.69 319.054 2091.15 2728.54 3742.51 10655.7 3032.06 4979.85 710.444 1846.7 1183.68 2678.34 57.1943 244.449 261.86 1323.49 1099.91 2520.73 223.574 1917.04 157.615 96.1451 1848.38 61.4697 606.853 172.029 896.439 277.839 69.6324 57.2648 1043.62 82.7604 38.5112 233.505 995.364 1820.34 1749.67 960.863 553.999 32.4339 521.565 145.043 376.523 129.181 247.341 603.688 434.823 261.069 23.4437 28.3548 129.325 406.864 372.478 332.43 523.216 507.097 40.048 62.8041 25.7212 317.41 133.783 9759.23 1556.3 173.754 26.3778 874.393 70.6676 174.816 120.672 188.317 162.592 61.8163 44.2493 24.886 71.9664 34.3855 272.039 15.9931 256.046 22.8423 9.78136 50.2018 109.225 618.6 120.971 54.1449 99.7224 15.3988 610.85 33.3654 577.484 103.591 1546.52
internal_count=342935 71940 270995 47110 262631 31553 4707 16656 14897 15557 257924 12606 24830 2951 13035 4800 14668 373 3621 4334 8937 7447 13322 1490 9828 1346 692 7806 654 2492 741 19375 5710 647 498 8364 845 382 4079 4004 7689 7390 7519 4059 230 3829 1144 2685 919 1766 3494 1751 1052 217 255 1020 3460 3155 2816 4098 3970 339 263 217 2689 2088 238549 36576 699 266 3518 299 2974 1930 796 691 947 463 235 1141 305 5626 296 5330 202 201 229 478 13665 486 1044 1991 280 13513 694 12819 459 36375
is_linear=0
shrinkage=0.05


Tree=23
num_leaves=95
num_cat=0
split_feature=24 103 44 0 19 19 34 44 0 11 0 19 52 9 69 103 44 21 96 67 51 9 21 99 53 108 67 44 46 61 113 44 34 99 96 0 17 2 46 111 111 34 9 112 76 9 103 2 82 108 113 94 103 103 71 40 9 112 69 69 67 21 44 67 0 2 44 76 94 103 114 115 96 46 114 112 86 114 77 97 19 36 23 19 113 112 17 17 115 51 113 2 51 101
split_gain=16354 3224.44 504.031 398.643 162.333 70.6715 68.8625 75.8772 65.5283 57.4265 39.5067 25.4393 24.4732 22.2766 22.0526 21.4476 20.4782 21.2125 15.3987 14.2705 13.8308 11.6767 11.3726 11.0999 9.31542 8.79275 8.64882 8.34303 8.32665 8.0807 17.5741 8.35624 7.70535 7.52044 7.51588 7.47247 7.97128 7.32479 6.82729 6.59197 6.46595 6.38794 6.16965 19.6678 6.28498 12.4935 6.31726 6.1348 6.04833 6.04504 5.79465 5.73156 5.71019 5.57999 5.35644 5.2494 4.95067 4.87272 4.84617 7.35733 4.78726 8.08387 4.6105 9.43601 4.24314 4.21171 4.17887 4.14274 4.04469 3.62616 3.59526 3.34307 3.30834 3.95295 3.21189 3.18816 2.91108 4.46809 4.3642 2.89095 3.90798 2.63674 2.46708 2.4251 2.0058 1.91776 1.88457 3.56366 1.07423 0.744031 0.628642 0.624716 0.276112 0.212602
threshold=6.5000000000000009 0.045877892524003989 0.067117117345333113 2.6735538244247441 19.500000000000004 50.500000000000007 16.500000000000004 0.083722744137048735 1.8688348531723025 1.5000000000000002 3.3140207529067998 15.500000000000002 0.88939857482910167 78.500000000000014 4.2031991481781015 1.0863469839096072 0.10856469348073007 90.500000000000014 0.14550264924764636 11.074532508850099 0.74999958276748668 80.500000000000014 16.500000000000004 2.3393989801406865 0.54606062173843395 9.2020311355590838 11.992977619171144 0.21413874626159671 0.27769909799098974 10.474741458892824 -7.2291591167449942 0.21413874626159671 25.500000000000004 0.62860509753227245 0.70638945698738109 2.9174053668975835 14.500000000000002 1.0801751017570498 0.1766968369483948 -15.090248584747313 -15.038291931152342 12.500000000000002 41.500000000000007 -14.326401710510252 17.500000000000004 74.500000000000014 2.4530187845230107 1.2017872333526614 3.5000000000000004 5.6327698230743417 -8.717071056365965 9.4340143203735369 1.6604064702987673 1.6913231015205386 9.1798534393310565 5.5000000000000009 81.500000000000014 -0.28593966364860529 5.517928123474122 7.4254667758941659 6.6607737541198739 2.5000000000000004 0.10557275637984277 13.351094722747805 2.1383330821990971 0.61041006445884716 0.35429851710796362 52.500000000000007 9.3461070060729998 0.91887581348419201 3.2585220336914067 0.69227936863899242 0.35740354657173162 0.21753918379545215 3.2759802341461186 -0.33510872721672053 0.22176685184240344 3.3443523645401005 82.500000000000014 0.41885964572429663 34.500000000000007 3.5000000000000004 4.5000000000000009 21.500000000000004 -8.8127050399780256 -14.326401710510252 64.500000000000014 73.500000000000014 0.69235649704933178 0.46153841912746435 -8.7846407890319806 1.3035773038864138 1.4130251407623293 3.5411041975021367
decision_type=2 2 2 2 2 2 2 2 2 2 2 2 2 2 2 2 2 2 2 2 2 2 2 2 2 2 2 2 2 2 2 2 2 2 2 2 2 2 2 2 2 2 2 2 2 2 2 2 2 2 2 2 2 2 2 2 2 2 2 2 2 2 2 2 2 2 2 2 2 2 2 2 2 2 2 2 2 2 2 2 2 2 2 2 2 2 2 2 2 2 2 2 2 2
left_child=1 8 5 6 27 13 14 12 28 16 11 42 21 19 22 33 17 38 -7 -2 -10 23 34 -8 -20 -23 50 65 -1 31 -31 40 47 -12 53 36 -13 83 68 -34 -16 60 43 52 45 -44 -46 74 58 -33 84 -49 -5 -3 55 -39 79 -36 -29 66 71 -62 63 91 -40 75 -60 -45 -6 -35 -50 -17 73 -58 -15 -4 78 -78 -41 80 -18 -71 86 -9 -21 -37 -64 -88 -87 -85 -72 -11 -74 -38
right_child=2 3 4 10 9 18 7 37 20 62 15 35 -14 32 29 41 56 -19 24 26 -22 25 -24 -25 -26 -27 -28 48 -30 30 -32 49 39 69 57 85 93 54 64 76 -42 -43 44 67 46 -47 -48 51 70 -51 -52 -53 -54 -55 -56 -57 72 -59 59 -61 61 -63 82 -65 -66 -67 -68 -69 -70 81 90 -73 92 -75 -76 -77 77 -79 -80 -81 -82 -83 -84 89 -86 88 87 -89 -90 -91 -92 -93 -94 -95
leaf_value=-0.034586239975834369 0.041689838463868562 0.014378954752669532 0.020407733344983057 0 -0.020917286405866476 0.061432886552980605 -0.010222520345082784 -0.01794036629457085 0.067917074712352449 -0.044762642483658639 0.024705361162650558 0.049037723452273023 0.065298437586809074 0.0019884711423664245 -0.004176841187922874 0.0041422551359302975 -0.008660250290740721 0.047629134128810688 0.045467426671956232 -0.0089648803901862216 0.032767416602611878 -0.022109396843220677 0.046019408515628281 0.031523243346370071 0.0014281762544168675 0.0085268513818868765 0.029940591112102923 -0.014957379707837493 0.01597259768076233 0.052434502227418911 -0.013087348015859366 -0.011434315252222124 0.018917852993362481 0.063364789959072576 -0.012684463387191262 0.059724806936973768 0.0091331077719799102 0.00088625365548148738 -0.034943570557785054 -0.0015025984793210006 0.010010376017476431 0.057868725245508082 0.019333280525847773 0.072973494251154278 0.02349156297452942 -0.014400045808405804 0.0022668405828443639 -0.0069393275064988883 -0.0037473366738374949 0.0026519068613144797 0.0076127336161907685 0.038105171335539527 0.029113937359936278 0.0095131512788989153 0.021092235301938055 -0.036898308132172611 -0.01501340121927347 0.018224029502775765 0.005485422389723312 -0.011419489433292559 0.057557231344392057 0.031708219493472904 -0.049666811035915033 0.004102558723007764 -0.018140552932262591 0.032839547490643918 0.045661933862598821 0.038504097240488706 0.023870316403633643 0.031872413296255196 -0.043105956573935539 0.027068367910897662 -0.046775778129278127 -0.040172838920477259 -0.033146091552328553 -0.012562992130768306 -0.038485038421969736 -0.00011670868959783143 -0.033930413920029365 -0.042363158563568752 -0.036652387533488588 0.056782058306699516 -0.051874810037154898 -0.030792575055474048 -0.037074000982627628 0.049740505577574694 -0.000503362816936685 -0.041125101635946119 0.030035422902403103 -0.045872874818425231 -0.019052447558805974 -0.014301950278120205 -0.021537173515916809 0.018743858199059354
leaf_weight=12.726411305367948 30.823313236236572 1307.8152262717485 12.647946622222664 31.633146345615387 8.8173034042119998 58.240148216485977 21.826179247349501 15.274091176688669 4886.0214174762368 95.549110766500235 28.347344428300858 28.462597697973251 16.480132065713406 11.193722996860744 88.951984919607639 28.85791651904583 30.848323930054903 7.8140941634774199 21.215498805046082 15.840107500553133 33.390234418213367 49.384914621710777 23.242339607328176 49.509773653000593 26.725619625300169 41.659493464976549 19.068453304469585 24.326852403581142 17.406982325017452 24.241219699382782 15.823320109397171 80.623918388038874 7.6125252954661837 86.495227813720703 49.31560805439949 52.685032069683075 22.679690927267075 13.439608208835123 204.09410412982106 27.017700508236885 690.97786028310657 25.609736949205399 142.1309702694416 25.603307440876961 2122.3679865598679 32.421180635690689 37.052095606923103 11.85292497649789 18.70624753460288 1021.6645332090557 29.312157288193703 13.723063483834265 35.895370379090309 1136.2266798317432 6.6392832882702342 24.112893372774124 20.797640863806009 15.407054781913756 12.937016889452936 18.532690141350031 32.938865795731544 1328.4182737022638 2669.1189635396004 10.787617970257996 56.145930539816618 22.838471904397011 14.096259031444786 26.153648048639297 8.331285532563923 37.241407632827759 12.133835390210153 39.549204930663109 568.00594037771225 216.67663326486945 12.108644306659697 13.521950602531431 52.369828123599291 9.4528527818620187 16.244011834263802 31.834263999015093 22.721317324787378 27.199069291353226 6349.19033620134 29.617830704897642 12.902167927473782 30.410264432430267 6.921123754233121 36.506087977439165 28.423686310648918 102.30479134991765 11.284947644919155 4.5061428360640994 6.2408281899988642 22.995175018906593
leaf_count=130 192 7372 99 132 147 257 131 198 25078 2242 115 124 80 147 629 116 587 51 96 125 155 462 142 287 172 394 128 187 139 186 125 642 107 377 344 231 100 160 4096 343 4765 114 645 108 9103 153 161 108 164 8073 173 122 149 6747 95 394 443 110 104 150 132 5329 67495 182 806 143 114 111 128 154 111 159 13190 4867 167 107 719 146 193 703 473 114 164057 607 97 131 154 792 121 2291 100 76 146 100
internal_value=-0.000882657 0.0347674 -0.0468623 0.0170923 -0.0488953 0.00998479 0.00723556 -0.0134352 0.0672402 -0.0496699 0.0282111 0.0243823 0.00990569 -0.00364121 0.00895994 0.0343578 -0.0391297 -0.0270923 0.0442337 0.0137835 0.0676906 0.00367659 0.0120276 0.0186658 0.0219074 -0.00807202 0.00192054 0.000852484 -0.00569159 0.00490777 0.0267779 0.00441598 -0.0153634 0.0509316 0.0116814 0.0423253 0.0286798 -0.0352074 -0.0294779 -0.0224786 0.0083746 0.032259 0.0229953 0.0344348 0.0223847 0.0129416 0.0231338 0.00102395 -0.00661324 0.00159841 -0.00763727 0.0176325 0.0158866 0.0121282 -0.0161989 -0.0236049 -0.0428938 -0.00492964 0.00232913 0.0119531 0.0317331 0.0324037 -0.0510208 -0.0389848 -0.0314813 0.0178044 0.0280847 0.0573184 0.00047542 0.0554999 -0.0212494 0.0178363 -0.0441889 -0.0381193 -0.0167658 0.00325288 -0.0257953 -0.0329181 -0.0146311 -0.0299188 -0.0213895 0.0435904 -0.0511604 -0.040626 -0.0231265 0.0508073 -0.0494569 -0.0351066 0.0413698 -0.0429464 -0.033761 -0.0437208 -0.0465757 0.0146258
internal_weight=24939.3 14047.7 10891.6 9098.11 10515.9 375.703 4824.54 370.249 4949.55 10354.9 4273.57 2638.91 178.86 269.521 4454.29 1634.66 1182.33 285.203 106.181 107.946 4919.41 162.38 2532.01 71.336 47.9411 91.0444 77.1229 161.026 30.1334 1922.28 40.0645 1882.22 161.575 179.283 2508.76 185.656 74.1375 191.388 277.389 112.697 779.93 1455.37 2453.26 119.285 2333.97 174.552 2159.42 48.8784 112.018 1102.29 58.0544 25.576 67.5285 2444.04 44.1918 37.5525 897.125 64.7227 69.8928 45.566 1429.76 1361.36 9172.58 110.843 260.24 49.0084 27.0333 51.757 17.1486 150.936 42.125 68.4071 811.721 237.474 23.3024 26.1699 105.084 61.8227 43.2617 85.4039 53.5696 64.4405 9061.74 147.197 28.7423 111.519 2712.55 43.4272 58.834 131.923 23.4188 100.055 574.247 45.6749
internal_count=342921 77715 265206 52213 261914 3292 34234 5099 25502 260635 17979 11369 1354 2767 29135 6610 25637 5228 525 715 25233 1274 14715 418 268 856 523 1279 269 14420 311 14109 2052 760 14573 807 324 3745 5177 1508 5394 5850 10562 500 10062 798 9264 544 930 8715 395 230 281 14119 649 554 20409 454 555 368 5736 5461 234998 2500 4902 349 218 219 275 645 375 275 18646 5310 314 206 1401 865 536 1763 1060 268 232498 3096 222 483 68441 946 252 2898 211 2318 13336 200
is_linear=0
shrinkage=0.05


Tree=24
num_leaves=106
num_cat=0
split_feature=30 103 48 44 19 96 32 0 0 21 13 48 0 103 2 46 44 54 67 109 36 21 84 9 9 0 103 5 19 65 114 92 44 109 19 98 54 113 77 113 113 17 2 94 65 102 94 101 74 17 111 113 23 46 103 100 107 109 111 101 109 103 97 108 9 109 17 9 65 53 53 99 21 36 17 53 101 86 17 17 3 76 94 53 32 54 13 108 61 86 65 54 2 32 74 2 2 96 103 107 82 97 2 113 46
split_gain=15178.7 3123.22 422.917 331.637 227.699 87.093 79.6907 60.8213 49.0306 44.2053 42.4585 33.9267 29.2819 25.4761 22.8962 14.2172 13.8848 17.3756 13.718 16.1008 13.3983 12.6596 11.5891 9.91962 9.10029 9.09346 8.79341 12.385 8.03867 8.6612 8.0498 7.61627 7.57844 14.0818 11.0671 7.79692 7.52113 7.49834 7.3706 7.2162 7.16535 7.14462 6.92118 8.1105 7.81523 6.67339 7.38672 6.6503 6.64356 6.59861 6.50582 6.16224 5.92077 5.88693 5.66392 16.7725 5.5138 12.5419 6.95416 5.31725 7.4146 5.2577 5.19899 6.14313 5.14989 5.04581 4.89792 4.85469 4.73137 4.67274 4.48603 4.22946 4.11981 4.0765 3.59253 3.23716 3.19547 3.19395 3.18636 2.79006 7.54001 2.67773 2.63383 2.55308 2.50783 2.41669 2.37777 2.18771 2.16833 1.91046 1.5676 1.43179 5.42058 1.11813 0.973046 0.888821 0.884089 2.55244 0.839988 1.86616 0.635459 0.632358 0.588759 0.208623 0.159792
threshold=5.5000000000000009 0.045877892524003989 0.020478053949773315 0.040270268917083747 19.500000000000004 0.22401433438062671 11.500000000000002 1.8688348531723025 3.1984648704528813 50.500000000000007 1.5000000000000002 0.037094369530677802 1.7005987167358401 1.2016427516937258 2.1301832199096684 0.23345498740673068 0.10557275637984277 1.4315953254699709 11.074532508850099 0.085148699581623091 6.5000000000000009 15.500000000000002 0.14017543941736224 77.500000000000014 81.500000000000014 2.4414010047912602 1.5233432650566103 3.5000000000000004 15.500000000000002 9.3343849182128924 3.2158616781234746 2.5000000000000004 0.17634101957082751 0.0240576695650816 14.500000000000002 1.5000000000000002 1.2705517411231997 3.3457616567611699 18.500000000000004 -8.7130231857299787 3.2947605848312382 18.500000000000004 0.28258724510669714 7.7087337970733651 9.7905869483947772 9.2726879119873065 6.4573817253112802 1.7092828750610354 3.5000000000000004 18.500000000000004 -8.3148336410522443 -8.9064364433288556 3.5000000000000004 0.25036872923374182 0.97892677783966076 0.61293074488639843 1.9325942993164065 0.31481009721755987 -15.106681823730467 2.7722761631011967 0.71946281194686901 0.78495165705680858 0.42582418024539953 9.4655070304870623 49.500000000000007 0.042394481599330909 7.5000000000000009 81.500000000000014 7.2502591609954843 0.3364779949188233 1.1422619223594668 2.1144465208053593 23.500000000000004 31.500000000000004 9.5000000000000018 0.7224249839782716 4.213977813720704 0.41588050127029424 9.5000000000000018 21.500000000000004 1.1476429700851443 28.500000000000004 9.9112238883972186 0.92277878522872936 15.500000000000002 1.2869248986244204 1.5000000000000002 8.4202184677124041 6.4695682525634775 0.24908759444952014 10.966670989990236 1.1827458143234255 1.537744998931885 3.5000000000000004 32.500000000000007 0.82348385453224193 1.496068060398102 0.37221671640872961 2.1847319602966313 2.5355492830276494 3.5000000000000004 0.21240601688623431 1.3665027022361758 -7.1934845447540274 0.22257608175277713
decision_type=2 2 2 2 2 2 2 2 2 2 2 2 2 2 2 2 2 2 2 2 2 2 2 2 2 2 2 2 2 2 2 2 2 2 2 2 2 2 2 2 2 2 2 2 2 2 2 2 2 2 2 2 2 2 2 2 2 2 2 2 2 2 2 2 2 2 2 2 2 2 2 2 2 2 2 2 2 2 2 2 2 2 2 2 2 2 2 2 2 2 2 2 2 2 2 2 2 2 2 2 2 2 2 2 2
left_child=1 7 5 8 39 9 12 66 14 18 26 22 32 47 54 -9 17 49 23 25 87 37 53 -2 62 38 27 -8 36 -30 -31 -11 33 50 35 -34 51 40 -20 42 -15 -21 67 -44 -45 46 -41 93 -35 -7 -5 -14 86 73 55 -3 58 -58 -56 -28 -61 -49 63 -12 -39 74 -1 -4 -63 88 -38 -57 -71 83 -48 82 -36 94 -69 80 -16 -19 -51 -6 -25 -77 -13 -18 -26 -27 -43 92 102 -10 -55 -88 100 -98 103 -100 -24 -97 -22 -93 -102
right_child=2 3 4 6 11 16 10 15 13 31 24 52 28 21 79 -17 20 81 19 41 91 -23 96 84 69 89 59 -29 29 30 -32 -33 34 48 76 -37 70 64 -40 45 -42 90 43 44 -46 -47 65 61 -50 75 -52 -53 -54 77 56 71 57 -59 -60 60 -62 68 -64 -65 -66 -67 -68 78 -70 72 -72 -73 -74 -75 -76 85 -78 -79 -80 -81 -82 -83 -84 -85 -86 -87 95 -89 -90 -91 -92 98 -94 -95 -96 101 97 -99 99 -101 104 -103 -104 -105 -106
leaf_value=0.01176081227982359 0.048783498697643146 0.0038438118718109784 -0.036442214767713456 0.0024236303655850145 -0.02739086625652128 0.0061264485320638683 0.043949804884804961 0.066700444075082424 0.034238900504493956 0.060956582678553174 0.02897155534992122 -0.0066631935240553291 0.0020735100450670067 0.027941051797608196 0.012871724171685923 0.02943506782346746 -0.014321315027254434 0.0073926799889584534 0.020190920015821765 0.0070970994315217167 -0.046550595977567659 0.055421262797709217 -0.016055181028520986 0.019105164381789014 0.014613437211595876 0.014892805541738666 -0.02994369644382976 -0.0048843424108002036 0.062179039080964033 0.045167021285642289 0.003141623551157264 0.028117851997785732 0.002099715464762337 0.011854452556433213 -0.030447979809801524 0.0320416893149209 0.0062404430334694408 0.028373737166293544 -0.034882379408805918 -0.013369999788110241 0.012206616515699929 -0.019217486159179068 -0.016917159470966399 0.041531066725963163 -0.0023675528839448151 -0.010999603952281493 0.031635079070230561 0.061970189885504803 0.031600051544592986 -0.021585803728688503 -0.021100799636310508 0.012822299615610733 -0.051614116665705451 -0.039698821959199188 -0.009988135602209151 0.060019758273099272 0.032277299952024836 0.017558877628388824 0.01775900568388241 0.012786573824731166 -0.019130888859028489 0.055768313829093231 -0.030939609791181284 -0.023639539636915775 0.055987294547056282 0.04836744560633921 -0.028513081091104894 0.0074507049639789954 0.037181345366421585 -0.0048857423854338795 -0.021598093262008698 0.032894601476773221 -0.041651789648768492 0.009941679665522056 0.0024140270615845907 -0.041972632932280138 -0.0059829717504339226 0 -0.020507786930826621 0.060261455853936524 0.050340460468918158 0.038227193268545102 0.0081820810600963401 -0.0019111594936499826 -0.011726517542878326 -0.01151954972926077 -0.049017403070805501 0.012558141675231692 -0.024608569667715456 0.043413308068366789 -0.043606986911961014 -0.046378421868944253 0.0087811318554006212 0.016550434969284804 -0.011205016782837829 -0.019771476755064892 0.0021235712223203378 -0.041080589807589829 -3.6876224225448339e-05 -0.036459359324477116 -0.038088857348316886 -0.044836512378415981 -0.022546563132356048 -0.026183436405822266 -0.046430918000333554
leaf_weight=13.886213585734369 22.095694649964571 41.13060374557972 21.576262377202511 197.28999690711498 107.01551645621657 19.193340834230185 25.311226278543472 4714.9994012862444 24.649837121367455 50.394735351204872 12.323962498456241 4.5407218858599654 145.83407492935658 1641.1844405680895 23.317515254020691 30.032518684864044 12.226749274879696 15.966586444526911 9.3369971662759799 12.034564819186924 12.056018117815258 44.078108191490173 5.049202647060155 10.643646452575924 5.7212634682655317 15.38665232807398 16.252021569758654 24.01281988248229 14.548004027456043 16.590796738862991 33.03025233745575 35.805293306708336 1241.4583498165011 295.7130168415606 30.267995055764914 20.702029168605804 30.292556151747704 41.429576843976974 12.254911892116068 12.920857846736906 81.530314072966576 16.588123887777328 23.335429936647415 18.455115772783756 19.480938885360956 22.490753758698702 18.588180907070637 59.04662549495697 50.431441053748131 21.429919552057985 32.941991120576859 2022.0519212707877 6886.4479748122394 163.76414990052581 21.555307365953922 28.235322616994381 236.28955275565386 408.64273994043469 1548.2586941532791 45.831012558192015 28.03652323409915 60.780219554901123 12.584905765950678 7.7042133398354045 41.932414889335632 17.792318139225245 13.169383049011229 18.728765156120062 155.55348272621632 9.1668454930186254 24.77406794577837 53.356933578848839 138.7674345523119 7.787195097655057 24.369220949709415 31.427873130887747 26.643750116229057 5.8011233061552039 18.693390045315027 28.289489388465881 38.934271469712257 14.457843348383904 9.4377526529133302 12.006207212805746 12.742877084761856 11.158368550240992 1625.8358196206391 15.333129823207853 5.2409665547311306 14.501054987311361 24.840121127665043 68.259761933237314 7.7243657559156409 27.11280819773674 5.5079784803092471 7.3250841423869124 5.0788988247513753 6.3374208062887192 5.8757986016571513 9.9842338636517507 72.901755902916193 394.94953808560967 13.04071184620261 10.839655958116053 400.93543918803334
leaf_count=99 127 181 185 1447 2083 197 160 25003 100 226 151 58 863 6599 100 139 88 117 114 95 251 204 114 84 94 108 134 194 90 116 241 195 9764 2004 331 159 172 166 139 109 327 155 182 135 149 180 143 265 373 280 241 11580 186473 3564 106 124 1051 1814 6832 366 223 252 189 99 168 137 152 158 644 126 152 230 3135 135 203 497 285 117 171 128 168 115 118 239 138 171 42418 129 113 96 263 1450 149 111 131 168 93 148 121 202 1584 10135 273 186 9465
internal_value=-0.000955851 0.0332817 -0.0464977 0.0161243 -0.0487892 -0.00229336 0.00648635 0.0660496 0.0255629 0.0199195 -0.0170713 -0.0499195 0.00835823 0.0310315 0.0206387 0.0664761 -0.0212135 -0.00840825 0.00336387 -0.00652947 -0.0311176 0.0286919 -0.0397318 0.0258836 -0.0322664 0.0131211 0.00384775 0.0205362 0.0121673 0.0295944 0.0183014 0.0481445 0.00375074 0.00853015 0.00164746 0.00263619 0.0116402 0.0279886 -0.0108694 0.00187651 0.0272135 -0.0254748 -0.00620362 0.00539957 0.019502 0.0120249 0.0192662 0.0440408 0.014884 -0.0191889 -0.00101393 0.0121058 -0.0508165 -0.0315511 0.0196505 0.0303734 0.0190316 0.0230293 0.0173625 -0.0053637 0.000399927 0.047258 -0.0074125 0.00803219 0.0431257 0.0265232 -0.00796043 -0.0182543 0.0427974 -0.0371882 -0.00634774 0.0433158 -0.0395124 -0.022647 0.015924 -0.0259273 -0.0196134 -0.0376967 -0.00651051 0.0453067 0.0370958 0.0234663 -0.012218 -0.0249594 0.00220951 -0.0348836 -0.0480731 0.000165442 -0.00404086 0.0304625 -0.035087 -0.0378658 -0.0255785 0.0258886 -0.0389368 -0.0481559 -0.0446367 -0.0230712 -0.0415451 -0.0247108 -0.0450564 -0.04448 -0.0364287 -0.0442738 -0.0452927
internal_weight=24333.7 13890.9 10442.8 9118.83 9927.72 515.037 4513.52 4772.09 4605.31 236.625 330.953 9711.28 4182.57 2177.3 2428.01 4745.03 278.412 123.072 150.425 104.942 155.34 1850.15 792.185 45.4822 191.51 51.4796 139.444 49.324 2287.12 64.1691 49.621 86.2 1895.45 576.376 1319.07 1262.16 2222.95 1806.08 21.5919 216.431 1722.71 53.4628 120.27 61.2715 37.9361 96.1613 73.6706 327.143 346.144 92.6473 230.232 2167.89 8919.1 301.882 2337.47 122.723 2214.75 644.932 1569.81 90.1196 73.8675 275.38 32.6131 20.0282 83.362 60.7497 27.0556 58.9984 216.334 158.897 55.0666 81.5923 147.934 126.809 42.9574 73.4539 56.9117 175.073 37.4222 90.5413 62.2518 30.4244 30.8677 119.022 23.3865 42.5862 2032.65 27.5599 10.9622 29.8877 41.4282 127.781 32.8211 51.7626 169.272 2028.11 490.303 11.4163 94.9595 15.86 478.886 402.275 25.0967 79.0994 473.837
internal_count=342526 77765 264761 52372 258677 6084 32802 25393 19570 1740 4984 256925 27818 8836 10734 25142 4344 1495 1319 970 2849 7464 17673 349 3907 457 1077 354 13214 447 357 421 14604 4065 10539 9923 12767 7260 253 1752 6926 513 980 466 284 772 592 1372 2377 1263 1688 12443 239252 6269 10338 535 9803 2865 6938 723 589 1161 439 250 334 483 251 514 896 3468 324 354 3261 2457 346 1066 616 3812 329 396 268 232 398 2322 222 668 52779 217 207 204 418 2632 673 211 3695 52721 11404 241 1959 323 11163 10303 524 1636 11049
is_linear=0
shrinkage=0.05


Tree=25
num_leaves=100
num_cat=0
split_feature=24 103 48 0 21 96 32 44 21 0 44 44 103 49 69 21 100 24 109 23 94 3 101 3 109 61 94 36 111 103 65 113 111 50 49 103 54 115 65 36 108 46 53 53 103 77 0 86 94 67 48 9 109 95 100 109 67 82 65 111 76 49 108 113 108 103 54 80 77 99 95 13 65 67 67 67 105 98 48 108 76 13 13 44 77 67 103 97 48 48 9 97 0 74 95 92 114 42 50
split_gain=14338.1 2947.6 493.542 319.625 121.478 100.387 90.3255 57.8713 50.7651 48.9034 48.422 34.5023 26.2183 20.7284 18.3113 16.599 14.6763 13.0788 19.0983 12.6323 12.4461 11.8906 11.2567 11.2487 10.2946 16.2952 9.60519 9.92777 9.51916 9.896 9.02937 8.97786 8.73313 10.9488 8.66018 8.16901 8.04119 7.91757 8.76131 8.23504 7.87244 7.60577 7.43071 7.42056 7.40344 7.27072 7.11866 6.55403 7.97801 6.5064 6.32484 6.21659 11.5759 11.9952 8.11442 6.66905 9.9079 6.22088 6.10444 6.07235 7.49023 5.9538 5.81474 5.76647 5.70522 5.51937 5.86157 4.94449 5.2588 4.92939 4.68321 4.64086 6.42003 5.03553 4.48089 4.14499 4.13045 4.02001 3.81916 3.64276 3.39217 3.1081 2.89164 3.1355 3.51473 2.79571 2.66199 2.46553 2.37997 2.92683 1.91778 1.65086 1.52711 1.1922 1.01446 0.9919 0.297412 0.208584 0.0401642
threshold=6.5000000000000009 0.045877892524003989 0.020478053949773315 2.5249279737472539 21.500000000000004 0.23205128312110904 11.500000000000002 0.08842144533991815 50.500000000000007 3.113268375396729 0.10557275637984277 0.067117117345333113 0.85605520009994518 0.18315234780311587 4.2031991481781015 15.500000000000002 0.53989875316619884 7.5000000000000009 0.098864018917083754 2.5000000000000004 5.889113426208497 1.6360502839088442 3.1230254173278813 1.68536913394928 0.0028641915414482359 10.455558300018312 11.774788379669191 4.5000000000000009 -15.047775268554686 1.5616230368614199 6.8866286277771005 -7.3957893848419181 -15.098690032958983 1.0627154707908633 0.27769485116004949 1.5903942584991457 1.1263297796249392 0.69237592816352855 9.2641615867614764 5.5000000000000009 9.4811778068542498 0.16609195619821551 2.7029832601547246 0.88847428560256969 1.34339314699173 14.500000000000002 1.4978661537170412 0.16601049900054934 7.5915515422821054 11.178431034088137 0.042274795472621925 74.500000000000014 1.0038702487945559 9.055702209472658 6.0696420669555673 0.68788325786590587 8.3916954994201678 1.0000000180025095e-35 12.352620124816896 -8.3698806762695295 36.500000000000007 0.14285712689161303 8.7858157157897967 -7.2741730213165274 7.8305864334106454 2.1346427202224736 1.1684396862983706 1.0000000180025095e-35 32.500000000000007 2.3110491037368779 10.169994831085207 1.5000000000000002 11.558873653411867 10.995581626892092 10.856162548065187 13.254636764526369 1.4362351298332217 11.500000000000002 0.025105042383074764 8.6003417968750018 36.500000000000007 2.5000000000000004 2.5000000000000004 0.30695371329784399 23.500000000000004 11.12960195541382 1.8161026239395144 0.21240601688623431 0.034636637195944793 0.031249999068677429 63.500000000000007 0.21825397014617923 1.2424533367156985 2.5000000000000004 6.4694440364837655 2.5000000000000004 3.3778471946716313 0.10880326852202417 0.38961027562618261
decision_type=2 2 2 2 2 2 2 2 2 2 2 2 2 2 2 2 2 2 2 2 2 2 2 2 2 2 2 2 2 2 2 2 2 2 2 2 2 2 2 2 2 2 2 2 2 2 2 2 2 2 2 2 2 2 2 2 2 2 2 2 2 2 2 2 2 2 2 2 2 2 2 2 2 2 2 2 2 2 2 2 2 2 2 2 2 2 2 2 2 2 2 2 2 2 2 2 2 2 2
left_child=1 7 5 6 47 8 14 93 17 23 46 44 16 -7 28 37 -11 40 22 81 -9 85 45 31 42 -26 27 -15 32 30 -30 41 43 -34 50 -31 -33 38 -14 -39 64 62 -23 -3 -8 -19 71 48 -4 -20 70 55 53 -53 -54 57 -57 -25 65 60 -46 -10 -5 82 -2 87 -67 68 -29 -50 -13 72 73 -6 -38 95 -22 -69 -21 -63 -51 88 -49 -84 -85 -16 -61 -48 89 -12 -17 -81 -83 -1 -94 -73 -92 -90 -80
right_child=2 3 4 9 10 13 11 20 61 12 19 34 15 26 21 90 -18 18 49 78 76 24 -24 51 25 -27 -28 67 29 35 -32 36 33 -35 -36 -37 74 39 -40 -41 -42 -43 -44 -45 59 -47 58 63 69 80 -52 52 54 -55 -56 56 -58 -59 -60 86 -62 79 -64 -65 -66 66 -68 77 -70 -71 -72 75 -74 -75 -76 -77 -78 -79 98 91 -82 92 83 84 -86 -87 -88 -89 97 -91 96 -93 94 -95 -96 -97 -98 -99 -100
leaf_value=0.065648456666014529 0.01318215974202195 -0.00034368426046840371 -0.01563488828764004 0.047174787738564032 0.0018898597776498512 0.035608688581370361 0.025460307271304668 0.037314564569491969 0.06720856508194635 0.017426016563224171 -0.029361316653816388 -0.030477467159274629 0.02759885310293177 0.008304950338890036 -0.045556831725514606 0.066062281202962911 0.063258382152322087 0.031623427044931596 0.00034663376131798993 -0.012550172838162545 -0.032490461872302777 -0.0024844081678705057 0.051218581991936664 0.029838689247737499 0.006565472449683616 0.050632622372713078 0.014359487638889799 -0.032633356862387754 -0.0073658623978837719 -0.012342126665176664 0.0157497637098396 0.0179956236525264 0.051046456798872111 0.0061828384394191872 0 0.0079698867765614061 0.064780795502407562 0.025329755047577604 0.036789113798633553 0.0086770650469080775 -0.00036660352591072389 -0.0020215200870466483 0.018313669000225113 0.023065666368639302 0.028804498020075606 -0.0083713481426785537 -0.011167415807550794 0 0.0041449881905731949 -0.014797970249518348 -0.048704789923583895 0.011436801818436926 0.011983566943362483 -0.024750020370204157 0.056476707903493122 0.028759214048529796 0.010507756299023997 0.019899737591867441 0.026137626339578446 -0.035435379943442057 -0.0098119027237414374 0.016288568486898487 0.010268906867151284 0.014320082810150953 0.054785343824957033 0.036113706330189857 -0.015810150404703616 -0.040489488091707382 -0.0081719536019759231 0.041115888210150144 0.012783936663106434 -0.031099741645807144 0.021156047484137925 -0.039151357831502712 0.03742356848490349 -0.0052393728658647644 0.0048099638614892241 0 -0.023351544074195187 0.055836781941932589 -0.044881582152599589 -0.047967712097651605 -0.038932299147871149 -0.029905227654661665 0.0011179135009501216 -0.00645085603366485 -0.0068338659388468247 -0.033733910341913691 -0.015366836354088248 0.013279014067474363 0.049962235374557733 0.029781798838461666 -0.0098879168800655518 0.044162514442994266 -0.043128512043905956 -0.043783376468324031 0.031615631374285309 -0.0408615301865441 -0.051218540138340922
leaf_weight=4544.5331656932831 16.191841397434473 53.28624477237463 18.152789145708084 21.850133970379829 9.5674147345125657 13.047253534197806 23.648949638009071 21.328622981905937 34.641849517822266 24.418251991271973 6.597029969096182 86.176322590559721 1115.3737793415785 16.071101702749729 12.486858334392311 26.133238539099693 85.939881309866905 14.59360810741782 20.823292437940836 8.2143721245229226 11.940118115395309 517.55041762068868 14.989522751420735 197.8385159522295 1337.3580521941185 19.931619111448526 12.72399654984474 50.232819471508265 43.366516813635826 50.303323600441217 735.06878833472729 38.337604209780693 42.728853829205036 21.075992234051228 16.714013509452343 1035.4964426867664 28.139132685959339 771.52060085535049 376.36239302158356 86.458458378911018 19.534394711256027 31.842019990086555 45.280760496854782 87.32414935529232 19.529879484325647 36.797119379043579 19.146513868123293 17.79242505133152 18.632542107254267 19.660670198500156 73.960941404104233 283.42447666823864 21.216866627335548 23.346724033355713 21.985165297985077 94.114778712391853 372.07459898293018 1098.6264260411263 5.3753238730132571 15.740338522940872 29.398205377161503 17.881840527057648 23.211466558277607 16.063393201678991 20.833449080586433 5.9810824282467392 18.251751743257046 111.83525575324893 42.78304636105895 18.092326313257217 5.5961313582956782 46.508662730455399 6.7500065676867953 25.175761848688126 64.948976650834084 9.6411120109260064 14.992946941405533 6.2531329765915862 5.0170794315636149 25.235486045479774 25.168007608503103 741.4648117646575 19.475062914192677 14.704495813697575 19.333916213363409 8.610524617135523 19.150171060115099 62.800681795924902 4.92592300847173 6.3673383332788944 23.7404815107584 19.922672495245934 4.1225366778671733 21.877231180667877 524.8532142713666 142.51644771173596 22.959835425019264 19.246890816837549 7637.3963006809354
leaf_count=24928 103 310 149 100 136 121 174 129 161 100 138 1524 4496 112 191 125 385 159 195 181 97 4072 125 866 9764 144 140 787 238 296 4274 163 246 142 136 6303 120 3113 1519 350 121 170 348 529 163 328 292 148 153 210 1815 1364 102 117 107 417 1655 4893 80 123 240 91 107 142 127 107 345 2313 635 139 109 992 100 402 280 188 123 48 122 114 261 19572 184 137 177 147 163 1266 109 134 110 111 99 111 13429 3450 106 453 216166
internal_value=-0.000677367 0.0324086 -0.0462695 0.0159762 -0.0489234 0.000238199 0.00604303 0.0649861 0.0204856 0.0247688 -0.049624 -0.0208304 0.0295896 -0.0226233 0.00799555 0.0284603 0.0535764 0.0051536 -0.00344031 -0.0503445 0.00993726 0.00449378 0.0152166 0.0194877 0.00491906 0.00727513 -0.0260334 -0.0284189 0.0112711 0.0101224 0.0144375 0.0306992 0.021549 0.0368627 -0.0339833 0.00700394 0.0386961 0.0276875 0.0299589 0.0236814 0.024958 0.0164265 -0.000749216 0.014214 0.00156787 0.00337179 -0.0311085 -0.00295932 0.0103186 -0.0223716 -0.0374133 0.0183564 0.0120984 0.00854335 0.0359848 0.0195819 0.0142942 0.0214568 -0.0200087 -0.00538515 0.00580202 0.0494604 0.0293224 -0.0114452 0.0380727 -0.0227692 -0.00124777 -0.0313005 -0.0217963 0.0235189 -0.0275691 -0.0360669 -0.0192807 -0.0279632 0.0466951 -0.0393521 -0.0122162 -0.0383359 -0.0511684 0.0382171 -0.0328099 -0.0454629 -0.0175623 -0.0232291 -0.0126992 -0.0315266 -0.0209406 -0.0288767 -0.0282051 -0.00852225 0.0521958 0.0458833 -0.0459257 0.0655622 -0.042917 -0.0409845 0.0424143 -0.0372571 -0.0512061
internal_weight=23759.7 13768.3 9991.39 9153.65 9452.17 539.22 4299.78 4614.67 286.274 4853.86 9309.92 289.915 2532.91 252.947 4009.87 2422.55 110.358 188.592 132.032 8958.21 48.2617 1941.22 66.3803 2320.96 1920.12 1357.29 239.899 227.175 2068.65 1864.24 778.435 208.329 204.415 63.8048 182.447 1085.8 131.426 2349.72 1491.74 857.979 56.5597 76.9036 562.831 140.61 107.468 51.3907 351.715 142.247 54.8777 65.652 165.733 2112.63 349.973 306.771 43.202 1762.65 466.189 1296.46 111.555 83.8186 48.9281 97.6818 45.0616 87.3693 37.0253 106.18 24.2328 211.104 93.0159 36.7249 91.7725 240.159 41.4932 34.7432 93.0881 198.666 26.9331 118.088 7650.63 63.04 44.8287 1307.58 71.3059 53.5135 34.0384 21.0974 34.8905 81.9472 37.1372 12.9644 72.8336 45.1582 1270.44 4566.41 528.976 189.025 46.7003 24.1728 7642.41
internal_count=342856 77604 265252 52216 258990 6262 31451 25388 2106 20765 257761 4447 10304 4156 27004 9819 485 1629 1278 250403 349 14666 612 10461 14328 9908 4035 3895 12338 11111 4512 940 1227 388 3584 6599 563 9478 6015 3463 351 377 4420 839 863 487 7358 1229 441 666 3448 9521 1690 1481 209 7831 2072 5759 2090 689 403 477 207 788 230 2010 452 3783 1422 292 1633 5268 638 538 400 4630 220 2361 216469 316 471 33934 646 498 314 338 286 1558 834 272 341 225 33100 25039 13528 4442 216 562 216288
is_linear=0
shrinkage=0.05


Tree=26
num_leaves=98
num_cat=0
split_feature=30 103 93 44 21 19 44 21 44 34 36 93 44 0 0 52 103 26 21 113 5 2 67 65 67 2 2 67 113 109 32 53 109 2 94 74 61 107 111 98 2 2 99 112 94 115 109 2 71 9 109 107 108 94 82 3 86 94 113 99 98 9 95 49 61 111 105 30 98 30 111 9 53 98 9 2 44 113 99 98 67 105 15 103 94 95 40 80 2 67 11 50 3 71 50 21 71
split_gain=13216.9 2900.78 374.789 253.581 116.371 110.999 88.7048 77.7453 70.132 55.8713 52.4595 42.7513 42.4632 40.8828 29.0226 22.1238 21.2328 18.8952 14.2168 12.8575 11.368 9.07173 9.88528 8.2571 8.81175 7.98729 7.92068 10.4355 8.48319 13.1281 8.56121 7.94151 7.85608 7.78703 7.73884 9.98276 9.34141 7.56726 7.52576 7.44204 7.42562 7.32374 7.21651 6.69598 8.91843 6.65446 9.70949 7.47002 6.64607 6.59683 6.5605 9.36086 7.98144 6.49798 8.56744 6.44277 6.43778 6.33332 6.17359 8.52439 6.17325 5.95501 5.80452 7.96873 6.15974 5.76343 5.63999 5.62996 5.30283 5.0972 4.90733 4.77684 4.39406 4.02721 3.71544 3.70986 4.61744 3.56445 4.31432 3.34663 3.06119 3.05942 3.00509 2.8806 2.74434 2.64119 2.79031 2.44722 2.06097 1.76101 1.74475 1.65854 2.07145 1.45587 1.42497 0.855978 0.221259
threshold=5.5000000000000009 0.045877892524003989 3.5000000000000004 0.040270268917083747 50.500000000000007 19.500000000000004 0.091372914612293257 23.500000000000004 0.083722744137048735 18.500000000000004 32.500000000000007 2.5000000000000004 0.067117117345333113 3.1984648704528813 1.2424533367156985 0.8760964870452882 0.97892677783966076 1.5000000000000002 15.500000000000002 -8.7207984924316388 4.5000000000000009 1.1104168891906741 11.44792699813843 7.2502591609954843 8.2972893714904803 1.6399091482162478 0.94870534539222728 9.1115999221801776 -8.9064364433288556 0.52046647667884838 4.5000000000000009 0.61938297748565685 0.61576646566391002 0.45718923211097723 8.5922570228576678 5.5000000000000009 5.8322050571441659 1.4740579128265383 -8.3631663322448713 11.500000000000002 1.3375130891799929 1.606344521045685 10.590694904327394 -0.34030887484550471 6.4573817253112802 0.00057834811741486203 0.067453879863023772 1.0495442748069765 6.134575843811036 72.500000000000014 0.68788325786590587 1.9325942993164065 10.251886367797853 8.6526875495910662 2.5000000000000004 0.52141711115837108 0.084219858050346388 6.1926896572113046 -8.7660007476806623 0.86499521136283886 5.5000000000000009 82.500000000000014 6.0134949684143075 0.3961350172758103 6.2788591384887704 -8.4133129119873029 6.4340045452117929 3.5000000000000004 3.5000000000000004 7.5000000000000009 5.6584465503692636 55.500000000000007 1.986111104488373 -1.0000000180025095e-35 80.500000000000014 1.0364144444465639 0.10557275637984277 -8.7948184013366681 2.6654906272888188 -1.4999999999999998 10.31888008117676 1.7684333920478823 2.5000000000000004 1.6194079518318178 6.8944318294525155 7.4636871814727792 8.5000000000000018 1.0000000180025095e-35 1.3774834871292116 11.505728244781496 3.5000000000000004 1.2840267419815066 1.3904437422752383 7.8889963626861581 0.28571422398090368 25.500000000000004 7.8722498416900644
decision_type=2 2 2 2 2 2 2 2 2 2 2 2 2 2 2 2 2 2 2 2 2 2 2 2 2 2 2 2 2 2 2 2 2 2 2 2 2 2 2 2 2 2 2 2 2 2 2 2 2 2 2 2 2 2 2 2 2 2 2 2 2 2 2 2 2 2 2 2 2 2 2 2 2 2 2 2 2 2 2 2 2 2 2 2 2 2 2 2 2 2 2 2 2 2 2 2 2
left_child=1 8 4 13 9 43 10 14 82 34 25 21 33 15 23 45 20 39 42 -10 88 67 65 62 79 85 28 57 29 -16 -30 -29 -27 -11 48 72 -37 -24 -26 75 80 91 70 44 -4 46 47 -3 -2 -48 51 -47 -52 54 -46 -12 89 -28 84 -60 -58 -56 63 -5 -64 -23 74 -9 -69 -6 -18 -44 -36 -21 -50 95 -77 93 -79 -25 -14 -71 -1 -17 -45 -7 -87 -82 -15 -35 94 92 -13 -42 -19 -8 -86
right_child=2 3 5 7 69 6 17 11 19 12 55 41 40 16 26 83 18 90 -20 73 -22 22 37 24 38 32 27 31 30 -31 -32 -33 -34 56 35 36 -38 -39 -40 -41 77 -43 71 58 53 50 49 -49 66 -51 52 -53 -54 -55 61 -57 60 -59 59 -61 -62 -63 64 -65 -66 -67 -68 68 -70 81 -72 -73 -74 -75 -76 76 -78 78 -80 -81 87 -83 -84 -85 96 86 -88 -89 -90 -91 -92 -93 -94 -95 -96 -97 -98
leaf_value=0.064625808880557842 0.028185531515632491 0.034593957614180638 -0.02360957603094142 0.019428207977079819 0.070945652499683959 -0.0024528689945879653 -0.02544737865541017 0.0090429733971248358 0.033645324113990169 -0.039191202103225999 0.011305075167708461 -0.039305911165276618 0 0.033984292805934457 0.037932440603014886 0.058045020988431506 0.020148603199956934 -0.010351894257313398 0.054432454542299592 0.00041400132427533114 0.018072871001826665 -0.025034924023283903 0.051645886665811325 -0.034425653865074075 0.0040988674999894569 -0.025291442682822098 0.017021599258714989 0.028039189318407244 0.014832684606181659 -0.004614908695509466 0.0085423389193910668 0.0085156364827656001 0.034559337813076067 -0.039517712069777687 0.020296338712169293 0.06453611111187775 0.00871425412040654 0.0089127458103264237 -0.005397895922552045 0.010447742111379875 -0.014162515624012315 0.004846221363047294 0.039944066646697134 -0.006634266264307697 0.058714910375701895 0.018107122595073872 -0.0070707480105045963 0.010576438726546029 -0.03266707081016311 0.01211220890167115 0.016912195218746876 0.027354844146664337 0.0018381972466628136 -0.0084892969424114513 0.032649841203088156 0.052291636685223922 -0.011560732723759362 0.055101910482907503 -0.025355578322919001 0.028988669543249426 0.0081993174534774494 -0.012490267981852654 0.056600644417416537 -0.021757686212643023 0.0093852089829414582 0.0056242773810829764 0.016013956205587428 -0.032936235378504763 -0.0023367325984064479 0.054700182180775395 0.026385513683094761 0.024405576488842801 -0.014824738434787705 -0.035420678914146471 -0.0015331489488068391 -0.013460036993181317 -0.039797365023649556 -0.02238216690261334 0.0092945125283631098 -0.0092197310323942367 -0.033260232700920773 0.024434415722873346 0.042327645796454788 0.030228276114958638 -0.024968469403983149 -8.6213264822697296e-05 -0.041020202926213306 -0.044477136812223088 0.056939879871471949 -0.0089556373980021007 -0.051461902050568935 -0.049568376654544263 -0.016075413035260448 -0.04461668051839638 -0.048921262931302265 -0.04637968324136825 -0.046627780357100301
leaf_weight=4396.4105789810419 13.889257047325371 55.911907576024532 17.140056885778904 34.111634783446789 22.273380633443594 6.2573280893266192 13.056154403835533 18.079926140606403 19.500144515186548 15.161319989711044 18.288163091987371 53.596893686801195 4.6084774732589713 23.064230844378471 18.685717925429344 36.448561072349548 489.36782969534397 3.9719298146665087 45.050401970744133 15.020168464630844 32.221259251236916 22.106423750519753 15.556199397891758 19.373631872236729 709.21418010815978 11.812318336218597 22.215658374130726 72.769160639494658 803.92221137136221 176.25570747256279 1737.2803196124732 191.01853226497769 7.8154997266829005 12.33400294557214 16.641932342201471 18.260726362466816 13.671252984553574 30.370676804333925 293.26024139672518 5.6459371484816065 9.5499065257608908 8.3827828802168352 151.01300357282162 12.131733380258082 12.697290398180483 1085.0080554895103 84.653046935796738 82.907650679349899 20.633321456611156 91.379197061061859 494.27965605631471 386.42391949146986 109.04773171246052 17.252945721149445 12.429035119712355 23.77038349583745 64.523203495889902 27.19840894639492 12.286639276891949 13.57272247225046 96.910422444343567 13.742229185998438 13.881042003631594 15.937424063682554 14.934462256729601 41.668432582169771 14.679699480533598 37.900623440742493 23.632246717810631 17.203773185610771 1235.7652253061533 95.96293218433857 15.846234455704687 13.688341971486805 18.41870166733861 20.892336018383503 308.54240332171321 23.695917338132858 17.070021566003561 45.118638768792152 139.23045226931572 27.646548788994551 28.957946285605431 23.190599888563156 13.303653407841923 4.9359542727470389 72.966543544083834 150.99790509045124 98.051793038845062 10.391186289489267 5853.4416733272374 55.715755790472031 17.314972724765539 13.631082274019716 1759.5650598667562 590.28028793632984 11.555870115756987
leaf_count=24977 98 270 143 249 106 140 337 187 132 251 114 1182 110 99 107 165 1970 60 217 129 132 173 109 161 5649 140 114 373 4600 1128 10920 1052 91 109 122 120 114 218 2337 81 153 97 607 107 96 4653 404 404 141 446 2149 1662 475 136 99 155 753 140 111 108 925 117 109 126 115 297 110 631 302 89 4968 386 112 95 148 421 7836 397 281 339 3325 148 147 106 112 106 1602 3763 445 103 174421 1533 381 216 50814 15906 101
internal_value=-0.000817328 0.0308592 -0.0457588 0.0147049 -0.0119548 -0.0486518 -0.0493526 0.00627827 0.0638432 -0.0181059 -0.0104776 -0.0172452 -0.0250189 0.0229419 0.00810475 0.0184787 0.0279574 -0.0500122 0.0265427 0.00352886 0.0460658 -0.00179562 0.00743463 0.00130819 0.000134434 -0.0295283 0.0106535 0.0182296 0.00977307 -0.000227207 0.0105438 0.0140672 -0.000224833 -0.00638649 0.0109916 0.0231879 0.0423991 0.0247737 0.00130684 -0.0429853 -0.0352725 -0.0385779 0.0258596 -0.00372603 0.00640317 0.0176979 0.0107622 0.0205876 -0.000733695 0.00284909 0.0187371 0.0205679 0.0142155 0.0161189 0.0271992 0.0357022 -0.00333709 0.039184 -0.0155625 0.00282792 0.000206352 0.0091937 0.0167647 0.00586766 0.0341349 -0.00518107 -0.00895261 -0.0145399 -0.0216781 0.0501561 0.0246411 0.0341306 0.00297343 -0.0172515 -0.0188294 -0.0433357 -0.0382259 -0.0188387 -0.00902239 -0.0175536 -0.0386897 0.0376541 0.0644965 0.0483991 -0.0282877 -0.0361221 -0.0386032 -0.039329 0.0531192 -0.0273757 -0.050868 -0.0415538 -0.0342222 -0.0340988 -0.0488489 -0.0460075 -0.0374965
internal_weight=23207.4 13612.8 9594.62 9139.25 757.269 8837.35 8701.24 4519.5 4473.58 690.145 145.846 324.325 558.104 4619.75 4195.18 2449.25 2170.5 8555.4 2017.16 48.2087 153.337 189.315 109.702 1145.83 1066.97 103.788 3049.35 313.202 2736.14 194.941 2541.2 263.788 19.6278 199.32 132.041 64.4201 31.932 45.9269 1002.47 938.417 358.784 135.01 1972.11 136.112 73.2616 2389.61 314.852 138.82 67.621 176.032 2074.76 1471.43 603.327 56.1215 38.8686 42.0585 184.159 49.4141 62.8506 25.8594 161.434 26.1713 78.8646 50.0491 28.8155 63.7749 53.7317 79.6128 61.5329 67.1237 1725.13 246.976 32.4882 28.7085 39.052 932.771 329.435 63.9469 40.7659 64.4923 294.837 44.8503 4425.37 59.6392 36.9913 84.1598 77.9025 290.228 121.116 22.7252 7616.98 126.628 70.9119 23.181 1763.54 603.336 24.8595
internal_count=342715 77667 265048 52187 11694 253354 252224 32629 25480 11351 2348 5110 10386 19558 27519 10734 8824 249876 8148 356 676 1917 797 9085 8486 2079 18434 1679 16755 1235 15520 1425 231 2141 965 468 234 327 7986 24581 8245 3193 7931 1130 591 10463 1524 674 497 850 8939 6315 2624 448 312 269 1890 254 539 219 1678 216 599 375 224 470 399 1120 933 343 6938 993 234 224 289 24500 8257 1047 678 500 7198 237 25124 271 320 1848 1708 7088 544 212 225295 3096 1563 369 50874 16243 213
is_linear=0
shrinkage=0.05


Tree=27
num_leaves=109
num_cat=0
split_feature=30 103 48 44 19 32 44 42 48 21 2 93 103 84 67 15 19 6 107 9 3 109 109 3 111 108 103 100 54 19 9 101 108 49 111 9 107 105 91 19 49 63 2 2 9 9 113 23 112 21 71 19 96 53 107 115 96 36 49 112 111 103 103 114 67 40 109 105 71 53 53 2 115 100 111 108 38 38 76 101 96 108 48 54 23 113 30 48 115 115 2 115 3 54 44 98 3 113 54 96 54 54 2 9 107 112 86 63
split_gain=12405.5 2822.05 377.873 254.772 203.23 78.6855 65.9126 62.4132 50.3391 34.0913 33.6607 28.9166 18.4632 17.4895 15.3699 14.458 13.5223 12.8305 12.715 12.4266 12.405 14.1766 12.1734 10.5471 10.5378 10.2592 10.0079 10.0929 9.72562 9.58037 8.92111 9.97545 10.2657 8.65554 8.48784 8.40552 8.33826 8.6846 8.33463 8.22797 10.8794 8.36409 8.13772 7.80525 7.50714 7.27832 9.70906 7.06215 7.04945 7.04264 6.99432 6.95982 6.70847 6.94386 6.60356 6.57319 6.53138 9.08501 6.20881 6.19842 6.16652 7.76956 6.06766 5.99909 5.90001 5.87481 5.70057 12.9167 6.42491 5.66568 5.49989 5.24747 5.05494 5.00151 4.91677 5.54731 5.29202 4.62522 4.58163 9.16636 4.24136 4.23736 4.07445 3.82005 3.74316 3.39938 3.22772 3.0754 2.56385 4.35178 2.48855 2.43908 2.37299 2.26769 1.70097 1.62158 4.21314 1.27862 0.798306 0.695161 1.4711 1.26628 0.587551 0.581414 0.421139 1.19696 0.453528 0.363878
threshold=5.5000000000000009 0.045877892524003989 0.020478053949773315 0.040270268917083747 19.500000000000004 11.500000000000002 0.067117117345333113 0.16597796231508258 0.037094369530677802 50.500000000000007 1.6399091482162478 2.5000000000000004 1.701510548591614 0.077677227556705489 11.074532508850099 1.5000000000000002 15.500000000000002 1.0000000180025095e-35 1.682971775531769 82.500000000000014 1.7217150926589968 1.0038702487945559 0.085148699581623091 1.7217150926589968 -5.0351660251617423 9.5303802490234393 0.97892677783966076 0.65535870194435131 1.1790292263031008 38.500000000000007 60.500000000000007 3.1230254173278813 7.8305864334106454 0.24999995529651645 -8.4160008430480939 26.500000000000004 2.4529170989990239 1.3034433126449587 1.5000000000000002 15.500000000000002 0.15438786149024966 8.0126810073852557 2.1301832199096684 1.6216892600059511 78.500000000000014 72.500000000000014 -8.8675413131713849 3.5000000000000004 -0.23784112930297849 32.500000000000007 6.134575843811036 21.500000000000004 0.384968250989914 0.4743421077728272 1.737067759037018 0.00058076102868653845 0.35740354657173162 31.500000000000004 0.14285712689161303 -0.36481025815010065 -15.056838035583494 5.905139923095704 1.2443023324012759 3.9157375097274785 9.4761462211608904 13.500000000000002 0.00018931170052383098 1.2352564334869387 9.9544615745544451 0.16843971610069278 0.76490327715873729 1.1216048598289492 0.00038669037166982895 1.3188627362251284 -8.3731503486633283 7.1632885932922372 2.5000000000000004 2.5000000000000004 27.500000000000004 8.5231580734252947 0.20256410539150241 9.0334858894348162 0.035714285448193557 1.6132698059082033 1.5000000000000002 -8.7533717155456525 3.5000000000000004 0.03846153803169728 0.00060565478634089242 0.00064852743525989364 0.33006206154823309 0.69236966967582714 2.3259208202362065 1.1856158375740053 0.10050505027174951 13.500000000000002 0.51514378190040599 -8.5964331626892072 1.1684396862983706 0.33180429041385656 1.5966327190399172 1.0624999403953554 1.100502669811249 81.500000000000014 1.4163506627082827 -0.30183520913124079 0.11200716719031335 10.46325206756592
decision_type=2 2 2 2 2 2 2 2 2 2 2 2 2 2 2 2 2 2 2 2 2 2 2 2 2 2 2 2 2 2 2 2 2 2 2 2 2 2 2 2 2 2 2 2 2 2 2 2 2 2 2 2 2 2 2 2 2 2 2 2 2 2 2 2 2 2 2 2 2 2 2 2 2 2 2 2 2 2 2 2 2 2 2 2 2 2 2 2 2 2 2 2 2 2 2 2 2 2 2 2 2 2 2 2 2 2 2 2
left_child=1 7 6 10 48 17 9 33 13 14 15 19 39 56 44 26 34 18 20 49 -5 -22 28 43 52 35 27 -3 -16 -30 31 38 -33 -1 -8 -14 37 -28 -19 41 91 62 -37 98 -2 46 -20 84 59 55 -21 63 53 -18 -47 -7 57 65 -11 60 72 64 -12 -32 -62 -6 71 -68 -69 -27 -71 -17 -4 -73 76 -76 -61 -77 79 -24 97 -42 -53 -55 94 -51 -9 -52 103 -90 -78 -41 -29 -80 -10 99 -97 -60 -13 100 -15 -101 -86 -58 105 -54 -106 -96
right_child=2 3 4 5 8 11 16 86 47 58 12 23 25 95 22 66 24 30 45 50 21 -23 78 -25 -26 69 36 92 29 -31 51 32 -34 -35 -36 42 -38 -39 -40 40 81 -43 -44 -45 -46 54 -48 -49 -50 85 87 82 104 83 -56 -57 88 -59 80 74 61 -63 -64 -65 -66 -67 67 68 -70 70 -72 73 -74 -75 75 77 90 -79 93 -81 -82 -83 -84 -85 102 -87 -88 -89 89 -91 -92 -93 -94 -95 107 96 -98 -99 -100 101 -102 -103 -104 -105 106 -107 -108 -109
leaf_value=0.063664114294181937 0.039514815577362 0.0088084386609753734 -0.029791360382639593 0.05188610792716894 -0.016552423905416995 0.033064419282121699 -0.015394651105750883 0.0076364874906043601 0 0.061177784840903617 0.040016303590340307 -0.031758914040417342 -0.0018820708994355254 -0.03810911421980847 -0.024517022663541162 0.01876978722601436 0.024886972799947202 0.047627952827067471 0.031532419449379435 0.017046784362433485 0.012667358132002407 0.041395909680901323 -0.035192234336170553 0.02600288105757171 0.031421456734324713 0.010054857397738958 0.00057591581759731123 0.058868757225661907 0.041063642225135283 -0.010298300432097974 0.0051133038829483104 -0.018268282061700551 0.016110429556940042 0.034217357770304678 0.032434639844997129 0.016018401431283118 -0.00014582146462099304 0.022664564445789646 0.0079139585167186648 0.057098386588315092 0.036596227176373917 0.0087929051539305508 0.034632164542970204 0.0058660401305104673 -0.0019471061560702146 -0.014638444364716003 0.0079078420245432702 -0.051321492741287625 0.033405581849195252 0.0036318741919595175 -0.016889542442020608 0.0072287190306745937 -0.01176045218635377 -0.025645653285482746 0.0045493021058993352 0 -0.012988733958046296 0.036340302895284532 0.025230143541366608 -0.0016137590098434106 0.051702352998675864 -0.013784766663240137 0.028759812656742802 -0.022398475365167383 0.012884232733545331 -0.041645373764383792 0.047673850203314216 0.014867067512636287 0.0351279867994908 0.038515866485400764 0.012930448118203285 -0.01923337613356596 0.0061691744895806047 0.0098824142216897351 -0.023319390723146913 -0.009162044684279308 -0.043873375929062326 0.028346518040522895 -0.015166968984991577 0.025254184310786194 0.0097431809797506493 0.0054422506040708108 -0.03503153036016992 0.0031997242579953999 -0.047954224498959953 -0.028238698391978363 -0.023913895431266891 -0.040749812239264008 0.0048334864226815856 -0.036173208163147459 -0.0121576193889785 0.032915959679162908 0.035815208092263628 -0.047970879584105147 -0.035049556922959538 -0.038809185539689199 0.014329283911040365 0.047151118869766501 -0.046385543666421947 -0.0093764058116364846 -0.0040822859982605339 -0.045263147131318293 -0.039906658565793944 -0.041787337470496094 -0.017966773904411436 -0.039946077583392858 -0.046466802020069066 -0.0088531777152339019
leaf_weight=4270.8416104018688 28.394747249782085 24.083717077970505 15.54278442263603 22.044370122253895 129.96641198173165 30.736865416169167 17.453488409519196 13.805883940309288 5.480396110564473 24.285907797515392 195.18137814104557 35.679424673318863 49.115202844142914 109.3391844406724 14.980170764029024 32.109295971691608 6.563401084393262 35.770137183368206 54.021782390773296 10.901949055492876 666.58581856638193 45.236764013767242 12.153889548033478 5.3300882354378691 6.553122963756322 30.192704081535339 46.87084886431694 32.975266963243484 21.998860411345959 13.553153961896895 2575.41579817608 27.531034402549267 83.79027558863163 32.144870713353157 16.559041708707809 305.60328061133623 42.678225085139275 1529.250527203083 22.582158155739307 88.133248075842857 22.952669374644756 43.034512281417847 75.492043197154999 8.2155577205121499 16.28430974110961 49.095038115978241 219.62347148358822 5984.2607246376574 13.404623243957756 16.488112971186641 61.529788326472044 7.2978500463068512 10.456547725945713 126.40709900483489 384.84095440804958 28.66165779158473 4.575300231575965 5.615918267518281 22.43473581969738 22.930054537951946 14.033654883503912 15.185249276459215 450.9424684792757 18.385071016848087 33.523393534123898 29.532445389777422 31.268473342061043 1276.2912594787776 40.608763642609119 147.95699472725391 28.199052937328815 30.911236263811588 21.170954000204802 25.306331664323807 13.910473689436911 12.518389858305456 20.224321290850639 18.335868079215288 10.763712029904129 10.039249926805494 21.309728518128395 22.391821578145027 15.918587956577538 11.598459951579569 1657.6862217262387 14.021380636841057 15.470581982284783 19.449993401765823 10.216954566538336 13.373357415199278 12.195786260068415 22.984995469450951 41.120219439268112 20.663906257599592 15.276754461228849 8.4569952972233278 4.6185610592365256 25.007946968078613 82.33632342889905 4.0826456621289244 4.3464208096265784 323.40849025920033 93.341307897120714 74.361318439245224 5.3466907367110243 9.5698202662169916 44.53208763897419 3.9974944554269305
leaf_count=25144 173 100 123 126 2645 224 110 94 82 117 839 823 197 2595 130 152 75 238 290 126 3521 241 111 44 72 123 195 141 175 121 18287 188 563 156 101 1244 177 6304 149 410 105 175 321 96 163 271 1182 186964 109 118 739 90 234 2308 2123 199 113 89 106 185 106 124 1812 139 263 682 137 5632 180 611 116 136 170 113 113 100 184 152 101 98 117 102 304 104 49402 99 175 345 256 337 93 104 178 191 377 198 88 109 2138 110 92 8808 2661 1885 116 223 1007 100
internal_value=-0.000778103 0.0297087 -0.0455839 0.0140015 -0.0480071 0.00557892 -0.00314546 0.0629631 -0.0492182 0.0154815 0.0222464 -0.018531 0.0284917 -0.036364 0.000493692 0.0192957 -0.0208368 0.00737403 0.01121 -0.00545326 0.0158278 0.0145903 -0.00996129 -0.0362613 -0.0253426 0.0219096 0.022419 0.0381355 0.00741622 0.0215893 0.00538125 0.016471 0.0073897 0.0634585 0.00799594 0.0173506 0.0214252 0.0220152 0.0330094 0.0333872 0.0441798 0.0308318 0.0198531 -0.0392432 0.0246141 0.00638332 0.0127545 -0.0504054 0.000185713 0.00762857 -0.0182781 0.00464941 -0.0273295 -0.0206593 0.00231251 0.0175749 -0.0258607 -0.0192651 0.0389633 -0.0022284 0.0065029 0.0159455 0.0322604 0.00490161 0.0257736 -0.0216054 0.0155361 0.0163436 0.0155387 0.0311724 0.0346202 0.0030322 -0.00936487 -0.00603744 -0.0109686 0.00117752 -0.0207396 0.0131 -0.0262754 -0.007559 0.0298352 0.0220923 -0.0217104 -0.0231414 -0.0472719 -0.0113395 -0.00906373 -0.0233785 -0.0359555 -0.0187875 -0.0333026 0.0526901 0.0471717 -0.0382422 -0.0245925 -0.0424251 -0.0198104 0.0380804 -0.0425013 -0.0430033 -0.0369651 -0.044891 -0.0475655 -0.0405158 -0.0402602 -0.0275388 -0.0442201 -0.0311293
internal_weight=22701.2 13509.4 9191.82 9177.14 8694.91 4541.49 496.91 4332.26 8481.94 241.87 4635.65 313.351 1482.18 721.894 148.832 3153.47 255.04 4228.14 1441.45 181.79 733.867 711.823 104.153 131.561 221.027 636.559 1716.98 98.1792 50.5322 35.552 2786.69 169.674 111.321 4302.99 34.0125 430.211 1618.8 1576.12 58.3523 845.621 156.463 689.158 381.095 126.231 44.6791 707.581 273.645 7760.04 212.976 89.908 91.8817 2617.02 214.474 144.569 433.936 59.3985 267.642 165.115 93.0383 199.571 99.456 62.7423 646.124 2593.8 47.557 159.499 1436.5 1348.17 1316.9 206.349 176.156 88.3269 36.7137 56.2176 100.115 44.7647 55.3502 30.8543 53.6208 22.1931 68.7524 45.3445 23.2164 138.006 1775.78 30.5095 29.2765 80.9798 102.527 23.5903 32.4201 111.118 74.0955 31.4276 24.7546 454.252 13.0756 47.4427 118.016 441.177 113.686 327.491 1751.03 78.9366 69.9051 20.0264 49.8788 19.2742
internal_count=343104 77836 265268 52267 259206 32663 6062 25569 257484 1712 19604 4951 6159 17898 1263 13445 4350 27712 7754 1850 3888 3762 927 3101 4139 2612 7095 419 426 296 19958 1138 751 25300 211 1762 6676 6499 387 3547 721 2826 1565 3057 336 3866 1472 239586 1722 640 1210 18820 4067 2487 2394 423 6007 3416 449 1613 786 493 2651 18426 369 3327 6350 5949 5812 850 727 401 293 249 827 365 462 252 501 209 332 207 394 2412 52622 217 269 1084 2591 593 277 514 319 292 559 11891 286 215 2961 11605 2687 8918 52063 1998 1580 457 1123 477
is_linear=0
shrinkage=0.05


Tree=28
num_leaves=93
num_cat=0
split_feature=30 107 48 0 19 0 3 25 48 92 25 52 0 107 15 25 84 100 93 93 0 32 86 34 74 11 115 109 109 67 53 86 30 67 51 107 46 52 28 5 80 95 113 19 107 3 99 94 63 24 36 53 9 98 61 53 17 107 108 91 77 53 46 74 4 26 13 53 77 67 46 115 113 15 53 98 93 77 76 92 69 69 95 92 3 52 3 94 25 97 53 98
split_gain=11481.5 2694.65 387.986 256.274 203.925 57.4092 70.3349 52.5055 51.6979 39.3119 37.6631 31.7215 29.9253 24.472 24.4281 23.7171 17.7689 16.3523 15.5692 13.2506 13.2169 12.2779 11.1327 9.81721 12.177 8.95253 8.77587 7.88306 8.53118 7.78561 7.75108 7.75396 8.13624 7.32257 7.3015 7.15497 7.01669 6.75598 6.50684 6.37927 6.35414 6.29242 6.28745 6.30894 6.18095 6.33111 6.1462 7.69421 7.45705 5.92197 5.78189 5.46998 5.17732 4.80186 4.74653 5.84397 4.78549 4.71314 5.10078 4.59304 4.56888 4.65584 4.45327 4.3912 4.10969 3.81076 3.72359 3.767 3.53676 2.99518 2.91154 2.64137 2.46463 2.40543 2.37377 2.32537 4.29439 2.05159 1.76805 1.56068 1.39826 4.09014 1.32785 1.25135 1.24046 1.42118 1.10688 0.783502 0.466774 0.403873 0.1707 0.035268
threshold=5.5000000000000009 0.033852115273475654 0.020478053949773315 2.9700856208801274 19.500000000000004 1.7005987167358401 1.6360502839088442 92.500000000000014 0.035714285448193557 2.5000000000000004 16.500000000000004 0.88939857482910167 2.5249279737472539 0.97765636444091808 27.500000000000004 50.500000000000007 0.14017543941736224 0.74471122026443493 2.5000000000000004 2.5000000000000004 3.5694335699081425 11.500000000000002 0.49509803950786596 23.500000000000004 3.5000000000000004 2.5000000000000004 0.00060565478634089242 0.7007637917995454 0.75557038187980663 11.112125873565676 1.8355855941772463 0.36180344223976141 6.5000000000000009 9.8905162811279315 1.4999991059303286 1.0456117391586306 0.41030062735080725 0.70116642117500316 1.5000000000000002 8.5000000000000018 1.0000000180025095e-35 8.5427455902099627 -7.3021340370178214 12.500000000000002 1.1327700018882754 1.7504769563674929 2.3110491037368779 9.1359343528747576 10.554171085357668 6.5000000000000009 6.5000000000000009 1.2445626854896548 70.500000000000014 10.500000000000002 7.124035358428956 0.42967033386230474 20.500000000000004 2.4529170989990239 8.3145589828491229 2.5000000000000004 11.500000000000002 1.0905365347862246 0.47259758412837988 2.5000000000000004 1.5000000000000002 1.5000000000000002 1.5000000000000002 0.9364357888698579 78.500000000000014 12.243460178375246 0.1120772957801819 0.00058162581990472983 -7.2563734054565421 7.5000000000000009 1.5843496322631838 11.500000000000002 12.500000000000002 36.500000000000007 70.500000000000014 1.5000000000000002 9.4557332992553729 9.605410575866701 6.7151348590850839 7.5000000000000009 1.3774809837341311 0.72343844175338756 1.5120227336883547 3.807328581809998 118.50000000000001 0.31009615957736975 0.30053764581680303 3.5000000000000004
decision_type=2 2 2 2 2 2 2 2 2 2 2 2 2 2 2 2 2 2 2 2 2 2 2 2 2 2 2 2 2 2 2 2 2 2 2 2 2 2 2 2 2 2 2 2 2 2 2 2 2 2 2 2 2 2 2 2 2 2 2 2 2 2 2 2 2 2 2 2 2 2 2 2 2 2 2 2 2 2 2 2 2 2 2 2 2 2 2 2 2 2 2 2
left_child=1 12 7 5 30 6 19 9 16 15 13 18 39 17 88 22 37 -5 26 54 57 33 23 24 -2 79 34 64 -29 -25 49 32 65 -20 -7 42 -28 66 -23 -1 46 -34 43 -8 51 -46 71 73 -49 59 -42 -37 90 72 55 -3 -56 63 -59 78 69 -62 74 -15 -22 77 67 -6 -61 -39 -19 91 -52 -48 -51 84 -77 -32 -4 -10 86 -82 -21 -68 89 -86 -81 -84 -9 -18 -12 -11
right_child=2 3 4 10 8 11 35 14 25 40 52 -13 -14 20 -16 -17 75 70 21 82 27 38 -24 29 -26 -27 36 28 -30 -31 31 -33 41 -35 -36 44 -38 60 -40 -41 50 -43 -44 -45 45 -47 47 48 -50 62 53 -53 -54 -55 56 -57 -58 58 -60 68 61 -63 -64 -65 -66 -67 83 -69 -70 -71 -72 -73 -74 -75 -76 76 -78 -79 -80 80 81 -83 87 -85 85 -87 -88 -89 -90 -91 -92 -93
leaf_value=0.033637575888809799 -0.022209915053362252 0.020150324915683585 0.016641558747566589 0.01471407095891188 0.016529684421628912 0.010339405912085899 0.0051030209444018568 0.06001785499476469 -0.011924126966123362 -0.048200615032559881 0.062249397052741663 0.056477576334959562 0.062794567429076728 0.0218069346692027 -0.0071514433978649428 0.056907973532988959 -0.036230927895992922 0.058158929946186412 -0.0039187748281181468 -0.0076048885722421224 0.033525881559052867 0.0021252529764389395 0.044902604404478012 0.011400086875986233 0.030234538426925223 -0.05105863978560269 0.013282561274183478 0.0016359051283854357 0.026947895296329238 -0.017175677771612937 -0.0082705335941148667 -0.034249016354740015 0.035851244947106335 0.012480507869226467 0.00039223958933900892 0.048640370365574004 0.0251655143162848 -0.03629294708754259 -0.038380536516589243 -0.010172377461374811 0 -0.0048638311296604307 -0.031209373216641297 -0.031262430463322326 0.032503358508957754 0.003404569690851165 -0.0036257854070656267 0.025938658515238106 -0.0187795467345118 -0.025977844621131976 -0.042115256229341182 0.0031829957458081887 0.025976822026583791 0.0079112931096290591 -0.038924339258214341 -0.017248178577327026 0.007072192383199576 0.022902928444157401 -0.0063939725207401701 0.01106228616201382 -0.013388963878260449 0.031309437586013865 0.016772549324811915 0.011001010189526976 0.012460066303113167 0.0009201487610229792 -0.038700645261990026 -0.02930089901689268 0.046713289990665999 -0.0043747312970880995 0.034843375781627446 -0.006916842613736345 -0.016066932119485813 -0.040972040573715389 0.0020301407820229856 0.0053381692793672518 -0.042707338258599584 -0.03598140576112837 -0.0084941756812026547 -0.04682147130251673 -0.0032842562839811187 -0.040751824244040676 -0.014808255958859465 -0.0074009962223698144 -0.032772750138062551 -0.00033549120780166291 -0.029620495518724727 -0.046186050473290823 0.039033595014515088 -0.04537873665963793 0.046713281062371624 -0.024155198028804933
leaf_weight=14.926318705081941 14.064785063266752 15.699895635247229 12.153911486268044 40.166569098830223 6.6285802945494643 1983.1215141564608 58.300607986748219 32.47948544472456 5.3897429294884196 12.297811400145298 60.749417468905449 36.605098396539688 4016.0193021297455 2127.3839848786592 23.403471242636442 19.19061766564846 68.781047854572535 85.678438156843185 143.44306008890271 3.8339156582951537 460.27192763984203 14.083926472812889 11.649506628513334 29.917243026196957 37.005578301846981 6204.6245454978198 1320.0831532068551 50.262728527188301 103.71161210536957 96.291749395430088 13.909699231386186 21.842205267399549 18.178123835474253 126.13296980038285 205.83468899875879 13.155876949429514 140.83185487985611 37.808197047561407 27.75957497023046 15.25226018950343 12.669149436056612 16.993213966488838 23.925436489284039 13.356372229754923 17.507049262523651 1767.0305930227041 7.7531259134411838 23.634498074650764 13.249838680028914 17.025089625269178 84.162672322243452 13.39799891412258 21.798187047243118 4.9886606819927684 22.986233439296488 24.917474038898945 6.3659571669995776 24.60012449324131 32.575400948524475 13.832384161651133 92.971172485500574 4.6844416037201873 16.066156603395939 107.27278956770897 28.46028833091259 24.153396651148796 98.082029599696398 8.3562110736966115 18.476890403777361 10.503021802753208 29.553889483213425 9.3632131777703744 14.474353235214947 11.884619936347006 11.394952584058045 8.0809912271797639 7.7948590070009223 17.194930247962475 12.487770400941372 1148.7091223187745 9.5870679803192598 47.2210658416152 4.8427181784063569 4.9516510665416709 15.987642429769041 5.0052761733531943 22.448885265737772 81.825555527582765 22.954857252538204 294.27629856020212 43.283835351467133 8.0802580900490266
leaf_count=94 103 198 100 170 108 10718 464 157 96 211 323 169 24573 8659 196 87 1650 441 946 98 1879 164 111 286 263 203131 6318 205 424 978 101 196 138 871 1121 103 704 869 596 122 121 137 195 116 168 13175 97 342 210 153 1936 104 97 51 369 376 94 100 133 108 1990 106 131 445 116 196 2535 135 138 240 128 147 315 208 99 157 201 126 104 34997 292 1431 126 134 427 121 602 2283 105 8274 199 129
internal_value=-0.000893778 0.0283771 -0.0451952 0.0135262 -0.0477414 0.00747065 0.000699421 -0.00190898 -0.0490128 -0.00913 0.0249351 0.0109677 0.0624208 0.0238144 0.03505 0.00608213 -0.0354155 0.0432464 0.0105234 -0.0309283 0.0227604 -0.000175615 0.000459346 -0.00275745 0.0153795 -0.0502178 0.0114387 0.0291902 0.018845 -0.0102693 0.000419823 -0.00852956 -0.00175106 0.00374406 0.00940952 0.00338877 0.0144596 -0.0249974 -0.0249144 0.0117471 -0.0247386 0.0165126 -0.00981428 -0.00204058 0.00409864 0.0037227 -0.0138851 -0.0037397 0.00950804 0.0104022 -0.0324251 0.0274574 0.051772 -0.0362712 -0.0139437 -0.00235223 -0.0287656 0.020935 0.00630403 0.0208928 -0.0173623 -0.0107028 -0.00305383 0.0213004 0.0323614 -0.0136811 -0.0340204 -0.00876159 0.032914 -0.0298953 0.0527894 -0.0317405 -0.0386906 -0.0280042 -0.0148751 -0.0421483 -0.0193265 -0.0248467 0.0037644 -0.0459227 -0.046049 -0.0348474 -0.0435095 -0.0374199 -0.0429869 -0.0260215 -0.0465386 -0.0448279 0.0527614 -0.0438293 0.0566361 -0.0414331
internal_weight=22132.1 13327 8805.12 9280.81 8315.6 6065.04 2067.15 489.515 8101.89 410.678 3215.77 3997.9 4046.2 3089.94 78.8378 208.119 663.911 155.399 3961.29 160.472 2934.54 311.42 188.929 177.279 51.0704 7437.98 3649.87 642.707 153.974 126.209 213.709 112.272 90.4294 269.576 2188.96 1906.67 1460.92 263.985 41.8435 30.1786 202.558 35.1713 95.5824 71.657 1811.09 1784.54 86.2634 56.5221 36.8843 101.437 116.295 26.5539 125.831 103.626 69.9696 40.6174 29.3522 2291.83 57.1755 56.951 145.967 97.6556 44.4862 2234.66 488.732 55.258 118.018 14.9848 32.3093 48.3112 115.232 29.7413 98.637 19.6377 28.42 399.926 15.8759 31.1046 24.6417 1233.36 1227.97 56.8081 90.5022 103.034 384.05 20.9929 1171.16 86.6683 55.4343 363.057 104.033 20.3781
internal_count=342860 77584 265276 52795 259223 39476 17869 6053 257496 5595 13319 21607 24789 12700 458 1828 16947 739 21438 3544 11961 2577 1741 1630 366 240549 18861 2624 629 1264 1727 894 698 1817 11839 14325 7022 6117 760 216 3767 275 775 580 13550 13343 1344 857 552 833 2423 207 619 2302 1037 574 463 9337 233 450 3205 2096 383 9104 1995 423 2912 243 246 1109 569 487 2251 305 252 10830 358 227 204 37418 37322 1723 2507 2669 10472 548 35599 2409 262 9924 522 340
is_linear=0
shrinkage=0.05


Tree=29
num_leaves=102
num_cat=0
split_feature=30 103 48 21 0 44 42 48 32 21 44 52 0 103 46 80 93 19 72 21 109 67 100 96 46 109 112 3 114 94 108 113 46 95 109 99 115 9 93 103 54 103 23 86 2 44 23 108 5 103 115 109 65 114 105 74 86 108 113 65 111 46 9 109 71 21 52 102 114 99 67 111 3 86 21 93 103 30 52 113 96 65 103 2 74 71 52 109 44 93 34 44 42 115 19 82 109 95 115 95 23
split_gain=10680.1 2686.12 377.418 232.773 177.883 65.3229 48.9429 47.9007 46.2137 41.009 40.0463 27.8023 21.304 19.1814 17.864 16.3201 13.5268 12.9922 12.2853 10.979 10.4696 14.596 10.3693 10.241 10.1229 9.67871 9.32806 9.20617 8.19717 9.98756 9.98495 9.00323 8.17641 8.54229 12.3898 8.13646 8.07765 7.96846 7.8265 7.79768 7.70971 7.66836 7.6143 7.52219 6.89372 7.88747 6.83416 6.48185 6.34232 6.16612 6.08112 5.8986 5.9171 5.72352 5.65611 5.55566 5.48646 5.47324 5.38589 5.2676 4.97492 6.50908 6.20152 6.1971 5.36671 4.78018 4.65392 4.41005 4.70341 4.05312 4.04765 3.93942 4.73068 3.91237 3.90181 3.77557 3.41681 3.36684 3.26125 2.92771 2.88511 2.76252 2.74064 2.69962 2.59547 2.51448 2.43928 4.44499 4.36704 2.26812 2.58519 1.96422 1.8348 1.5964 0.982015 1.01455 0.936718 0.787908 0.599917 0.350673 0.283925
threshold=5.5000000000000009 0.045877892524003989 0.020478053949773315 19.500000000000004 2.5249279737472539 0.08842144533991815 0.16597796231508258 0.040057305246591575 11.500000000000002 51.500000000000007 0.095491390675306334 0.92414754629135143 2.9700856208801274 1.0209779739379885 0.27259552478790289 1.0000000180025095e-35 1.5000000000000002 16.500000000000004 1.0000000180025095e-35 16.500000000000004 0.091756418347358717 11.195532321929933 0.71499010920524608 0.20256410539150241 0.18210405856370929 1.3166875243186953 -0.36481025815010065 1.874359726905823 3.2419503927230839 8.4602208137512225 8.6195545196533221 -8.7437782287597638 0.1673669517040253 10.492506027221681 0.00010390903844381684 1.6742885112762453 0.00062017983873374771 77.500000000000014 2.5000000000000004 1.5710320472717287 1.0425724387168886 1.5616230368614199 2.5000000000000004 0.19796823710203174 1.3774834871292116 0.047905908897519119 1.5000000000000002 11.130370140075685 2.5000000000000004 0.78495165705680858 0.00057834811741486203 1.7562036514282229 10.885971069335939 3.3152470588684086 1.9164345264434817 1.5000000000000002 0.26008129119873052 11.241810321807863 -8.7629351615905744 9.2641615867614764 -8.3748955726623517 0.498062014579773 42.500000000000007 0.0004181370022706688 9.2389178276062029 31.500000000000004 0.7942219376564027 11.351200103759767 3.3185844421386723 10.845930576324465 10.261773109436037 -8.3664798736572248 1.1623880267143252 0.28513357043266302 30.500000000000004 3.5000000000000004 1.4946372509002688 6.5000000000000009 0.61452057957649242 -8.9233117103576642 0.56903558969497692 11.392198085784914 1.4946372509002688 0.9074595868587495 4.5000000000000009 9.5253281593322772 0.75596481561660778 0.062358891591429717 0.08842144533991815 2.5000000000000004 35.500000000000007 0.095491390675306334 0.060915276408195503 0.00057910761097446095 25.500000000000004 3.5000000000000004 0.68935400247573864 10.539150238037111 0.00057689117966219794 5.8278863430023202 4.5000000000000009
decision_type=2 2 2 2 2 2 2 2 2 2 2 2 2 2 2 2 2 2 2 2 2 2 2 2 2 2 2 2 2 2 2 2 2 2 2 2 2 2 2 2 2 2 2 2 2 2 2 2 2 2 2 2 2 2 2 2 2 2 2 2 2 2 2 2 2 2 2 2 2 2 2 2 2 2 2 2 2 2 2 2 2 2 2 2 2 2 2 2 2 2 2 2 2 2 2 2 2 2 2 2 2
left_child=1 6 5 25 8 9 14 15 16 20 18 12 60 22 98 24 17 51 44 47 23 37 -14 48 50 28 82 57 30 35 54 40 36 43 -35 80 59 -22 39 -26 -31 -20 83 -34 45 -10 67 -15 -2 -24 -5 52 -3 -37 -4 -32 -28 66 -50 -18 61 64 -62 -64 -6 -43 75 68 -12 -59 -48 72 -25 -40 -21 91 -46 -39 -8 -23 -30 -81 -11 92 -57 -77 94 97 -89 -85 -91 -7 -9 -73 -17 -96 -13 -88 -1 -94 -44
right_child=2 4 3 7 11 27 78 42 10 26 46 96 13 19 -16 86 32 -19 41 74 21 79 49 71 38 -27 56 -29 29 31 55 -33 33 34 -36 53 -38 77 73 -41 -42 65 100 -45 76 -47 70 -49 58 -51 -52 -53 -54 -55 -56 84 -58 69 -60 -61 62 -63 63 -65 -66 -67 -68 -69 -70 -71 -72 93 -74 -75 -76 85 -78 -79 -80 81 -82 -83 -84 89 -86 -87 87 88 -90 90 -92 -93 99 -95 95 -97 -98 -99 -100 -101 -102
leaf_value=0.040512615410155051 0.044218876503857037 0.0084881391800795663 0.013468469568849482 0.032761943613025639 0.01218830185114381 -0.03845182053276941 0.011025713767045052 -0.011614302113099748 0.019314564512990712 0.067177666168171737 -0.034654350582861808 0.060564247281870071 0.013811779441966746 0.018519234231204842 0.0088520966598368677 -0.016062587470738503 -0.0011037498058253574 0.043564315296918635 0.05706996465179684 0.04692090451680811 0.036739797306888838 -0.00061169602381586465 0.054461812030095563 0.027696092911383557 -0.036160560581856065 -0.035072916890801629 0.035094349351297231 0.0075377972349121043 -0.049118399373105574 0.024573198353461525 0.026167259331462529 0.047377418309868413 0.0076100139882317348 -0.012640766378824603 0.031846760700879405 -0.019421179383646542 0.02121643052595619 0.012227807818086918 -0.037348735541305106 0.0030487970849669092 -0.022439531588374376 0.03245897145041305 -0.049098791386338353 0.001225183047472505 0.024466800679392581 -0.022111585269909542 0 0.027857346700255272 0.031535817308426931 0.032720354441797411 -0.021924540790935074 -0.018876977780070532 0.021581463667036848 0.016857077131338601 0.050989309958713036 -0.02253310004974414 0.0019159440649231035 0.029170491206704952 -0.005310629003329158 -0.031599352801845219 0.035063279174712129 -0.015233382118164971 0.0028175720228792206 0.016024965615643188 -0.010690800961744851 -0.0098737405880211515 0.0099559040498403539 0.012603838168438956 -0.0045833835095083928 -0.020882972201420782 -0.04828647993066533 -0.041568219883972878 -0.017991120167093026 -0.018542686075177069 0.020129276560630373 -0.040919774721769525 -0.0017009457224440975 -0.025423101909423179 -0.022098135287739573 -0.04046511904731348 -0.012966692436318228 -0.012044269561773298 0.038330132766973932 0 0.0054639334512885064 -0.012973256049656655 -0.046592675751342877 0.017308616133672117 -0.025083888921921718 -0.040106182032224047 -0.012540592912291744 -0.012985855064933965 -0.014810987545695485 -0.0073850594179127168 -0.011321761300741518 -0.044496080913775007 0.03729186998939605 -0.018283452730880532 0.062047241285221412 -0.04686783262300636 -0.051312700166288486
leaf_weight=16.909426420927048 20.963519591838121 1688.0032142549753 20.865962103009224 10.188613232225181 460.24915803223848 10.170056477189062 12.993797548115255 5.6680612638592711 12.721274346113203 22.002284467220306 45.005749888718128 35.828532725572586 47.059952825307846 2590.4618589133024 16.87489552795887 6.482403587549924 23.563690844923258 26.206455744802952 12.85124111920595 50.562294691801071 15.708815567195414 8.9982130341231805 62.141740754246712 9.5744672566652316 18.114514451473951 13.298350997269152 27.335848286747932 18.795508116483688 14.797095067799093 15.5161619335413 13.45284494012594 13.628639012575148 719.73677100986242 19.949615325778723 57.840047165751457 18.77569305896759 12.938457805663345 9.2605045177042502 152.89050975255668 34.162587694823742 16.375096201896667 10.591572787612678 1503.9249623771757 1295.3612581044436 20.612639166414738 58.649636533111334 4.3270164448767892 211.24521704018116 15.080878876149653 104.12437038123608 7.4360764510929576 17.349548578262329 91.441564112901688 21.94150771945715 23.224875763058662 17.684336654841903 23.443646673113108 5.9589752033352834 22.93670404329896 37.32754285633564 39.928070232272148 23.395415350794792 99.220116451382637 1125.072114624083 25.553235113620758 13.213513266295193 5.6968320533633223 7.1052921861410132 19.887837894260883 7.273529689759016 63.097124483436346 8.3231954872608203 9.9843967184424383 42.516497539356351 25.340701058506966 93.563263464719057 26.727522525936365 11.532199606299399 13.499617746099828 34.982560973614454 11.89334901422262 14.824421886354683 33.577574573457241 3.6651359908282748 12.891747131943701 11.915290325880049 31.387443326413631 6.5058484897017506 24.095445271581411 113.45505432784557 12.217920070514081 38.079206768423319 3.4811973571777335 7.723897658288478 4.3423573076724997 402.49122194387019 20.742120146751404 6.9892945811152449 3954.6358447745442 627.99950687587261 4717.3348389398307
leaf_count=84 140 9771 162 190 2207 156 101 176 137 117 868 175 193 10496 82 171 170 147 102 239 95 98 295 125 312 109 152 118 127 121 104 100 5058 159 407 152 105 78 4005 578 135 89 50651 9602 139 715 64 856 122 452 139 103 526 175 179 141 136 116 177 328 171 116 450 4963 128 142 94 139 425 139 1882 107 123 1047 120 2148 197 149 143 380 107 174 169 89 102 255 814 129 677 3496 379 596 87 108 117 11767 100 199 25066 19897 162440
internal_value=-0.000863771 0.0271848 -0.0448106 -0.0474295 0.012295 -0.0020877 0.0613045 -0.0488535 0.00484053 0.0125822 -0.014206 0.01878 0.0183591 0.0208779 0.0617546 -0.0366003 0.00625515 0.00943148 0.00321235 0.0197772 -0.00134133 -0.0129826 0.0354371 0.010304 -0.0262585 0.00389889 0.037207 -0.0247611 0.00676671 -0.00208856 0.0180715 0.0156059 0.0035734 0.0041569 0.0202883 -0.0142622 -0.0125881 0.0113813 -0.0288663 -0.0109813 0.000210616 0.0279437 -0.0501549 0.00351459 -0.00459454 -0.0143449 -0.0335149 0.0192414 0.0229233 0.0413201 0.00925622 0.00889217 0.0091842 0 0.0344793 0.000826462 0.0204624 -0.0283692 0.00969486 -0.0202687 0.0139495 0.00967201 0.0156509 0.0149675 0.0109351 0.00937371 -0.0309155 -0.0217853 -0.0259009 0.0016538 -0.0451486 -0.0104121 0.00427859 -0.0334801 0.038669 -0.0325761 0.00988965 -0.00851137 -0.0057749 -0.0281785 -0.0349109 -0.0328003 0.0513904 -0.0448893 -0.0107135 -0.0380825 -0.0421696 -0.0312295 -0.0153721 -0.036565 -0.0376844 -0.0195521 -0.0464736 -0.0277226 -0.0438517 -0.0442094 0.0533871 -0.0425694 0.0619734 -0.0467424 -0.0507911
internal_weight=21657.7 13220.3 8437.4 7949.7 9205.43 487.706 4014.91 7735.35 4284.51 296.253 294.79 4920.92 4864.35 3090.94 3988.42 747.603 3989.72 1823 155.367 2877.61 189.894 95.3067 213.326 94.5871 265.309 214.346 106.359 191.453 201.047 112.928 88.1198 45.5199 2166.72 2092.89 77.7897 67.4076 73.8297 36.5015 247.684 52.2771 31.8913 36.6563 6987.75 2015.1 118.711 71.3709 139.423 2801.71 58.9811 166.266 17.6247 1796.79 1779.44 40.7172 44.0908 44.0289 50.7795 172.657 38.0176 60.8912 1773.42 509.198 1264.22 1224.29 485.802 23.8051 159.425 71.9989 64.8936 13.2325 67.4241 35.606 19.5589 195.407 75.903 153.728 47.3402 20.7927 26.4934 58.8052 26.6904 49.807 55.5799 766.487 30.5761 105.479 482.294 68.978 30.6013 129.338 125.673 48.2493 637.149 16.0471 413.316 406.834 56.5707 38.3767 3971.55 631.481 6221.26
internal_count=342858 77712 265146 259074 52236 6072 25476 257360 31275 2450 4899 20961 20686 12651 25232 20145 26376 10547 1521 11711 1876 974 940 902 6271 1714 574 3622 1605 917 688 356 15829 15226 566 561 603 322 5942 890 256 333 237215 14660 1188 852 3378 11352 439 747 329 10400 10297 327 341 347 288 3504 299 498 8035 2451 5584 5413 2335 231 3249 1432 1293 255 1946 463 248 5052 359 3155 336 227 244 652 234 554 286 24124 243 2403 13874 1819 806 3964 3875 752 20160 215 12055 11884 275 1013 25150 19984 213091
is_linear=0
shrinkage=0.05


Tree=30
num_leaves=102
num_cat=0
split_feature=30 103 13 0 21 0 21 23 21 50 52 34 0 3 93 3 0 103 52 98 3 74 97 97 2 113 77 11 94 105 98 109 52 71 100 105 103 100 80 2 65 109 109 115 21 103 52 74 109 103 2 109 109 2 13 94 107 23 113 109 69 9 103 77 46 112 3 38 74 76 2 9 92 54 111 108 53 49 72 61 49 95 105 109 2 52 107 2 3 107 114 100 2 65 107 94 38 61 17 24 84
split_gain=10027.8 2568.57 366.943 171.373 127.929 65.3824 63.8232 62.4174 53.3719 44.9536 35.4955 29.1159 26.119 25.5226 17.5781 32.3053 17.0561 16.8739 16.6885 13.8152 13.4965 11.9227 11.554 11.1991 10.0483 9.98225 9.29511 9.09533 8.87749 8.31723 7.9324 11.8878 7.77774 7.40205 7.24975 7.35974 7.78773 7.17554 7.10743 7.10122 7.08822 6.99498 7.64125 6.91979 6.78801 6.7161 6.56028 6.38736 6.36846 6.33769 6.25235 9.26031 7.50244 6.21008 6.18689 10.2156 7.96887 5.98747 5.9793 5.95276 5.69565 5.65957 5.4779 5.4013 5.37521 5.21552 5.15158 4.93078 4.36122 4.25486 4.16069 3.7536 4.02044 3.65961 3.61056 3.60505 7.04856 3.52123 3.0687 3.20725 3.06356 2.75487 3.67671 2.71181 2.23626 3.64409 2.15787 1.8428 1.46078 1.32917 4.27597 1.36481 1.31211 1.26468 1.25221 1.19401 0.89592 0.735256 0.631591 0.454946 0.315927
threshold=5.5000000000000009 0.045877892524003989 2.5000000000000004 2.9174053668975835 19.500000000000004 2.4414010047912602 51.500000000000007 1.5000000000000002 16.500000000000004 0.5357140600681306 0.7667919695377351 18.500000000000004 2.1383330821990971 1.5120227336883547 1.5000000000000002 1.68536913394928 3.3140207529067998 1.1569178700447085 0.88939857482910167 11.500000000000002 0.52109909057617199 6.5000000000000009 0.49193547666072851 0.3717105239629746 1.1216048598289492 -8.7207984924316388 89.500000000000014 2.5000000000000004 11.743895530700685 1.0722852945327761 4.5000000000000009 0.085148699581623091 0.85773810744285595 8.6294789314270037 1.3188627362251284 1.4583824276924136 1.1342925429344179 0.71499010920524608 1.0000000180025095e-35 2.0999084711074834 10.608474254608156 1.6523452401161196 1.114101827144623 0.00058575900038704287 92.500000000000014 0.94903376698493969 0.7271421253681184 2.5000000000000004 0.50983315706253063 1.8035552501678469 0.25195258855819708 0.4685508012771607 0.87908682227134716 1.2128536701202395 3.5000000000000004 7.1558060646057138 8.8903460502624529 1.5000000000000002 3.191580176353455 0.0037238665390759711 9.2426118850708026 64.500000000000014 1.1907358169555666 23.500000000000004 0.43599383533000952 -6.5708529949188224 2.1341063976287846 3.5000000000000004 1.5000000000000002 68.500000000000014 0.45718923211097723 84.500000000000014 4.5000000000000009 1.242833733558655 -8.324612617492674 8.695005416870119 0.52985739707946788 0.2113248556852341 1.0000000180025095e-35 7.2077746391296396 0.51298919320106517 8.8434939384460467 5.589881658554078 0.99255210161209118 1.1322896480560305 0.78593888878822338 1.4263132810592654 1.8170579075813296 1.488777816295624 1.4642214179039004 3.3778471946716313 8.713388919830324 1.0292179584503176 11.802843093872072 1.9820952415466311 10.491977691650392 19.500000000000004 10.18638324737549 9.5000000000000018 38.500000000000007 0.78174602985382091
decision_type=2 2 2 2 2 2 2 2 2 2 2 2 2 2 2 2 2 2 2 2 2 2 2 2 2 2 2 2 2 2 2 2 2 2 2 2 2 2 2 2 2 2 2 2 2 2 2 2 2 2 2 2 2 2 2 2 2 2 2 2 2 2 2 2 2 2 2 2 2 2 2 2 2 2 2 2 2 2 2 2 2 2 2 2 2 2 2 2 2 2 2 2 2 2 2 2 2 2 2 2 2
left_child=1 5 6 7 50 25 11 14 54 10 19 21 38 49 18 22 34 37 41 71 99 26 32 24 -12 -1 69 44 -22 63 75 33 -16 -32 53 48 -37 -18 57 -8 -33 42 -3 -26 84 -39 66 -7 -36 89 65 62 -53 -15 56 68 59 60 -48 -9 -13 -31 -52 -17 -28 -4 -19 -43 -56 -2 -27 72 -6 -51 96 83 -77 -55 95 -80 -64 82 -67 -14 97 -86 -24 -29 92 90 -5 -91 -40 -59 -66 -10 -25 -11 -83 -21 -73
right_child=2 3 4 13 9 47 39 8 78 27 23 12 30 16 15 29 17 46 -20 20 28 -23 86 74 43 70 64 87 -30 61 31 40 -34 -35 35 36 -38 45 88 -41 -42 67 -44 -45 -46 -47 58 -49 -50 73 51 52 -54 77 55 -57 -58 93 -60 -61 -62 -63 80 -65 94 81 -68 -69 -70 -71 -72 100 -74 -75 -76 76 -78 -79 79 -81 -82 98 -84 -85 85 -87 -88 -89 -90 91 -92 -93 -94 -95 -96 -97 -98 -99 -100 -101 -102
leaf_value=0.030150353865608815 -0.033919805535910688 0.010198699151068136 0.012568478420073595 0.052654914296182458 -0.025820659171892385 0.061338229200514786 0.014748092355826867 0.0024915520128733341 -0.04871266553527763 -0.046531049900435467 -0.022256506145396308 -0.017830048355229 -0.041074956964157743 0.022687292840897825 -0.011616220321184458 -0.034869829207023376 0.011397706145364964 0.010702142372758404 0.047122861695292423 -0.014780550799526266 -0.0057791824041709405 0.045902975694756994 -0.014141387620433056 -0.044767146061877622 0.062931395534486775 -0.032477764329146251 0.037988836241409529 -0.050753122616394308 0.058882382517451343 0.015496017927213444 0.031361668968692684 0.011937410778473878 0.031522584246454814 -0.0059718668704323253 0.041575925000922942 0.03097571707891919 0.015136864887523881 0.052665337003694662 -0.042871548456406325 0.05064969825913386 -0.023700936464989632 -0.025982877817253641 0.021789854725659915 0.0089806665431646435 0.017793342316814582 0.031125025588265527 0.017312643752720354 0.027255807697057134 0.014805007075973823 0.033635720311391344 0.01896506269785966 0.04640664751019382 -0.00085014220593369503 0.0042349957233461921 -0.02429712868788865 0.038078696662434505 0.031665603152189935 -0.041128230989584347 0.024852240247289659 -0.0087345475656403423 0.026325342298187494 0.0063565031379937955 -0.0014864357319504648 0.00059719082672491188 0.01267296438851198 -0.022319084392391664 0.035817992752069289 0.0075796853375980858 0.0063240639016168658 -0.00077298337758959412 0.0030875044690634092 -0.044447559565490589 -0.044448646871489805 0.0069974553115759149 0.0034613154145443029 0.030812969408071385 -0.018751871570557094 -0.01748726437716935 0.012158260379593893 -0.035258498123857764 -0.029369587224458971 -0.01926500220545669 0.0089505565906212864 -0.002851314463638871 -0.037179479098763062 0.0041749142214861151 -0.044827995018707684 -0.0073100852500268196 -0.0055375508327061632 0.042535047765522867 0.021447729342594687 0.064053817870265622 -0.026229263395302654 -0.0040025216998538331 -0.0066512856700135549 -0.013052042845658016 -0.0088398605280881181 -0.033907510825123728 -0.042416735968967646 -0.044415358073921829 -0.013704815346288491
leaf_weight=18.611035585403442 16.037188354879618 3105.9757811427116 13.70777492970228 22.144866541028023 91.102059023454785 3801.2071956396103 24.036097913980484 174.79484532028437 71.527929259464145 924.3737565651536 8.6581281609833223 117.58470204100013 18.996564179658893 27.904443845152855 125.77909826859832 17.350657686591148 25.788421183824539 27.66222009062767 30.180877879261971 4.869323609396818 13.942884927615525 17.781925737857819 10.443266123533247 10.640077717602255 11.373780187219383 14.842946458607914 17.357069116085768 5617.4004820231348 6.637909021228551 194.69468939304352 40.073227856308222 19.575810175389051 9.8424777761101705 18.285824630409479 55.708789065480232 84.098318815231323 1333.7993997037411 76.228438213467598 83.275949141010642 41.478462159633636 39.579327315092087 20.862313896417618 150.67644515633583 13.070724144577978 3.3157852478325358 96.485997974872589 733.83373114466667 18.234613001346588 42.784410119056702 35.959500327706337 13.519798293709753 18.090119838714603 13.89572563767433 45.23339918255806 12.979054167866705 22.491292998194695 13.71026825159788 34.69288444891572 452.90184253454208 351.63960620760918 6.3046521060168734 1405.3279841728508 20.027803644537926 23.569370828568935 15.827789627015592 22.397722586989403 126.32013843953609 19.750606529414654 57.433917932212353 23.207802783697844 15.150098375976084 389.16584047488868 56.439332107082009 22.768027797341347 7.1352831386029711 7.8750181272625914 28.551579087972641 29.209814697504044 4.9177714977413398 6.5954736284911633 19.925698459148407 12.630706414580347 13.86204957962036 7.0548388287425032 63.13991018012166 5.0262620933353892 31.162155423313379 3.5278188809752455 4.6368838325142852 51.00226366519928 30.595178067684174 25.331809103488922 29.59344045445323 3.4633982107043257 14.238736920058725 4.5950543079525223 3.9274334385991088 37.354237362742424 12.125267229974268 14.279186621308325 3.4267389178276053
leaf_count=127 110 16288 115 108 2375 25028 139 1484 1974 30940 152 2392 262 115 1755 120 106 111 140 50 220 131 192 291 108 131 125 202349 86 1200 326 171 91 164 228 348 5451 373 2201 200 395 111 778 103 64 411 2951 101 175 158 103 135 108 184 104 177 108 1024 1826 2824 128 9415 153 156 101 198 507 107 464 168 104 11748 1604 104 149 85 407 120 119 190 150 109 120 103 2018 131 579 98 113 236 146 117 581 99 102 134 86 1245 118 367 103
internal_value=-0.000780272 0.0262696 -0.0445755 0.0119067 -0.0476731 0.0604557 -0.00787899 0.00675106 -0.00701137 -0.0486444 -0.0356819 -0.0133426 -0.0187565 0.0209363 0.00868203 0.00471314 0.0198465 0.0236437 0.0108446 -0.0393095 -0.0100668 0.0103106 -0.0154651 0.0025463 0.0206613 0.00253432 0.00223791 -0.049871 0.0172065 0.00691068 -0.00378705 0.00381147 -0.00810199 0.0196403 0.0162111 0.0170815 0.0161151 0.0373716 -0.0282875 0.0382522 -0.011739 0.0104882 0.0107478 0.0366559 -0.0451234 0.041061 0.0215642 0.0611889 0.0304435 0.0389064 -0.00337262 0.00574535 0.0264596 0.0031584 -0.00188979 0.00989849 -0.00395762 -0.0210109 0.0202262 -0.00499166 -0.0152152 0.00748834 -0.00684718 -0.0149068 0.0169912 -0.0138396 0.0315171 -0.00973488 0.000151606 -0.0153137 -0.0149041 -0.0414081 -0.0333892 0.0239059 -0.0242025 -0.0179896 -0.00697798 -0.0043337 -0.043241 -0.0151696 -0.0161932 -0.0200916 -0.0102192 -0.0318056 -0.0453613 -0.0339624 -0.0381176 -0.0507296 -0.0378469 0.0453019 0.0358294 0.0509014 -0.0389967 -0.0382894 0.00332351 -0.0469827 -0.037433 -0.0461047 -0.0327608 -0.0389849 -0.0442578
internal_weight=21158.6 13080.1 8078.5 9212.06 7448.99 3868.05 629.509 5866.3 720.685 7288.81 634.669 563.995 459.544 3345.76 5145.62 1818.17 3157.96 1539.22 3327.45 579.863 39.7293 104.451 177.227 54.8054 33.1026 48.6041 86.6686 6654.14 20.5808 1640.94 179.992 117.514 135.622 58.3591 1618.74 1516.39 1417.9 198.503 279.552 65.5146 59.1551 3297.27 3256.65 24.4445 1033.21 172.714 1340.72 3819.44 98.4932 187.802 160.183 85.4591 31.9858 102.348 633.049 92.9043 540.145 162.046 1186.74 526.434 123.889 1600.02 53.4733 40.92 47.4236 74.7235 153.982 40.6129 70.413 39.245 29.993 540.134 147.541 58.7275 21.7028 62.478 36.4266 74.4432 87.6362 11.5132 39.9535 61.0157 36.2598 26.0514 1029.89 68.1662 41.6054 5620.93 117.506 129.074 52.74 76.3341 112.869 38.1563 30.0665 76.123 14.5675 961.728 24.756 19.1485 392.593
internal_count=342899 77776 265123 52285 255596 25491 9527 38510 7578 254287 17442 9188 8451 13775 30932 13508 12906 6285 17424 16553 723 737 2617 889 363 362 606 236845 306 10891 1913 1056 1846 490 6621 6202 5799 890 6538 339 566 17284 17066 211 34398 784 5395 25129 403 869 1309 649 243 419 5161 745 4416 3643 4777 4308 2520 10615 406 276 328 660 618 218 568 278 235 15830 3979 262 526 857 492 304 2417 309 303 545 318 365 34334 2149 771 202447 2895 607 254 353 2782 1123 203 2108 377 32185 227 417 11851
is_linear=0
shrinkage=0.05


Tree=31
num_leaves=93
num_cat=0
split_feature=15 103 44 112 19 48 0 13 3 25 26 2 103 52 46 96 34 90 0 52 109 61 111 40 103 107 5 72 9 2 25 2 3 53 5 102 53 71 95 107 2 46 49 103 50 102 51 101 9 72 82 32 108 53 76 92 2 113 0 44 109 34 61 103 19 113 71 15 3 95 53 102 95 46 40 93 102 105 9 44 11 50 2 95 2 44 2 63 67 2 67 46
split_gain=9378.08 2531.34 359.625 194.467 97.4183 72.1284 60.954 52.0347 80.1006 37.5137 25.6998 21.7659 18.1253 16.2761 15.9202 14.7052 14.2364 13.2452 10.3009 9.84005 9.70441 9.54514 8.73419 8.4751 8.1853 8.67859 8.03713 8.03543 7.80951 7.64376 7.41578 10.3248 12.6887 7.47501 7.30541 7.17368 7.10367 10.2563 7.02727 7.00227 6.90487 10.75 7.13741 6.77205 6.72514 7.88042 7.78298 7.30055 6.96501 6.09916 5.87705 5.85595 5.83331 5.77604 5.71346 5.23465 5.22206 5.04015 5.0039 5.63805 5.78882 4.96398 4.74953 4.67591 4.59006 4.4667 4.12009 4.021 3.77736 3.75257 3.56494 3.47992 3.44119 3.40844 3.2262 4.27978 3.05701 2.92915 2.89975 4.32521 2.89537 2.02023 1.65658 1.48097 1.41104 0.580227 1.6135 0.571383 0.395305 0.374255 0.612122 0.239504
threshold=6.5000000000000009 0.045877892524003989 0.10557275637984277 -6.9058229923248282 19.500000000000004 0.020478053949773315 1.8688348531723025 1.5000000000000002 1.68536913394928 51.500000000000007 1.5000000000000002 1.6743527650833132 0.96326717734336864 0.88939857482910167 0.27259552478790289 0.20256410539150241 21.500000000000004 9.5000000000000018 1.2424533367156985 0.92414754629135143 0.83463662862777721 7.1663007736206064 -15.206282615661619 4.5000000000000009 1.701510548591614 1.725647032260895 5.5000000000000009 1.0000000180025095e-35 72.500000000000014 1.496068060398102 6.5000000000000009 1.0718144774436953 2.5408500432968144 1.4973118305206301 3.5000000000000004 2.5253285169601445 0.55646631121635448 6.134575843811036 6.4694440364837655 1.6408634185791018 0.99794369935989391 0.3629883229732514 0.49999992549419409 1.4018661975860598 2.1428537368774419 11.939866065979006 1.9999991655349734 11.010218620300295 65.500000000000014 1.0000000180025095e-35 3.5000000000000004 19.500000000000004 10.649744987487795 0.7224249839782716 23.500000000000004 2.5000000000000004 1.1322896480560305 3.2192538976669316 2.2499048709869389 0.091372914612293257 0.8918227255344392 10.500000000000002 9.5567536354064959 1.9097192883491518 9.5000000000000018 -7.4377100467681876 7.6947026252746591 8.5000000000000018 1.9109650254249575 9.770088195800783 1.8027777671813967 1.0000000180025095e-35 6.9373285770416269 0.1766968369483948 21.500000000000004 2.5000000000000004 10.108669757843019 1.4583824276924136 78.500000000000014 0.13660287111997607 3.5000000000000004 0.64285710453987133 1.1454987525939944 9.6054234504699725 1.0495442748069765 0.10856469348073007 0.79513397812843334 11.10235643386841 10.13247060775757 1.6743527650833132 13.729286670684816 0.21753918379545215
decision_type=2 2 2 2 2 2 2 2 2 2 2 2 2 2 2 2 2 2 2 2 2 2 2 2 2 2 2 2 2 2 2 2 2 2 2 2 2 2 2 2 2 2 2 2 2 2 2 2 2 2 2 2 2 2 2 2 2 2 2 2 2 2 2 2 2 2 2 2 2 2 2 2 2 2 2 2 2 2 2 2 2 2 2 2 2 2 2 2 2 2 2 2
left_child=1 6 5 11 50 9 64 13 21 15 38 30 34 18 -8 20 -7 -11 36 24 28 23 65 -9 25 -14 -24 -26 -2 55 31 32 33 -3 -13 -30 37 -5 67 -34 43 52 -43 -32 46 47 48 -46 -10 -38 61 -25 -42 74 -33 62 85 -56 83 60 -60 -4 76 -45 -1 -20 -52 -6 70 -55 -63 -48 -22 -57 75 -19 -18 -66 79 -58 88 -75 -80 -17 87 86 -40 -23 -12 90 -90 -87
right_child=2 3 4 7 10 16 14 8 44 17 80 12 19 -15 -16 58 29 53 22 -21 72 84 26 51 27 -27 -28 -29 35 -31 40 54 39 -35 -36 -37 49 -39 56 -41 41 42 -44 63 45 -47 71 -49 -50 -51 66 -53 -54 69 57 73 78 -59 59 -61 -62 68 -64 -65 77 -67 -68 -69 -70 -71 -72 -73 -74 81 -76 -77 -78 -79 82 -81 -82 -83 -84 -85 -86 91 -88 -89 89 -91 -92 -93
leaf_value=0.014484389703297905 0.045580731573081554 -0.0096065426021464048 0.023748273865384962 9.4413127667635854e-05 0.030347911661425295 0.022837911073660382 0.060556686092591808 0.016793871234575947 0.015242430569879726 0.061310163564153447 -0.015744091156690714 0.055451154350614984 0.023669940650254899 0.047271894092266648 0.0074935028513512447 -0.04335575678684099 -0.027817248414088804 0.032283023014944713 0.007970032565960173 0.047965904630710994 -0.0017779309567056084 -0.048599441088380067 0.010665173432430841 -0.029470837828169311 0.015377734597225939 0.041362184503196238 0.0017958114446924318 0.036134303551946377 -0.0033017858116137461 0.022883082999706914 0.0048922030564186487 0.044839014846792091 0.029413074257838703 0.021035966075506826 0.018993326911440896 0.026327022372929693 0.0022599130067241691 -0.034357958482014193 -0.036298126457788994 0.011944750316602125 0.013813409235855041 -0.011059477672227818 0.01791049837296925 0.055327756337321655 -0.0035331510085154535 -0.036001016976113763 0.00056217186903769281 0.022171206332603818 0.0031069818064812672 0.0222819851112156 -0.0019073429676395885 0.013171612369335273 0.023747426809458922 0.018225649559669488 0.020440070858573953 0.0015230017226735852 0.024888133082910373 0.032484525096194268 -0.026708036124254427 0.022851033226012056 0.01412311606966264 0.02411484281198965 0.019562762593001014 0.020425407763249921 -0.040732015268465996 -0.020617602495126803 -0.032794960545051752 -0.02766081160145601 -0.018260814260229463 -0.019458945052064643 -0.0071723377963017936 -0.026289574536739919 -0.036961836309838507 -0.032205872527739703 0.038886823013950453 -0.0023558815600629259 -0.0040771344524462424 -0.0023048919202189092 -0.0080228802207964276 -0.028491620745439955 -0.051039992924670818 -0.047013661237683496 -0.036048825635578256 -0.0075353109904735044 -0.0071452134682462231 -0.034871136294503349 0.0037909794329795566 -0.01334085486067544 -0.047890575326381267 -0.015652395118056158 -0.012528102828660952 -0.044673155608037404
leaf_weight=11.992541916668417 14.200506702065466 76.657280430197716 21.497762307524681 70.124043010175228 4.7498957160860282 12.532535176724194 3658.1579243093729 11.216562187299131 131.07932367920876 25.785729773342609 3.7373840175569049 64.898188009858131 524.54370702803135 25.653650678694248 15.077535241842268 22.637903247028593 71.519771471619606 16.206241950392723 20.20847112685442 38.90169720351696 14.858435928821565 67.126867553219199 2559.9557788148522 108.31947560422122 480.41923470795155 84.994062438607216 287.5320251584053 52.434341281652451 57.966636329889297 5.6466284729540339 19.662606505677104 31.69271756708622 99.113917648792267 25.142606891691685 21.161761686205864 29.444759845733643 335.07601002603769 29.349852297455072 4.180546808987855 149.55621293187141 1302.2652259021997 67.503845155239105 29.140508279204369 25.208507377654314 450.36144357174635 16.188145060092211 18.67415377497673 27.865055873990059 1162.3006753474474 41.770491145551205 21.454411420971155 7.5187346115708342 173.43054021149874 11.510814972221853 541.87227734923363 5.2747455053031436 4.5334252566099158 113.98918749392033 39.370973382145166 8.4437441714107973 9.647602900862692 14.988332543522118 5.6309379562735549 21.061340807005763 9.5006128977984208 34.927943728864193 22.303031109273434 4.1791982222348452 23.970499008893967 11.880696594715117 18.495231729000807 29.013988345861435 13.015162419527767 115.42947976849973 33.310058489441872 16.588203456252813 18.619165495038033 10.455506030470131 7.3720263559371224 8.5735178142786008 4607.9252720028162 49.949782617390156 208.29283018968999 4.8960100412368766 3.461477341130375 48.177867420017719 3.3148691672831774 3.3688134774565688 1406.924897717312 3.6466396208852521 3.2449749466031781 535.29916326515377
leaf_count=84 71 321 158 478 109 175 25013 163 856 135 133 327 2173 120 73 445 1475 78 110 196 114 2009 13694 2400 1948 349 1572 221 484 81 101 129 407 107 91 231 2356 264 132 619 5378 285 123 124 3713 133 134 222 8339 302 191 155 718 108 2204 127 98 465 489 129 129 120 117 148 106 189 204 119 185 94 142 206 145 3041 154 124 369 115 233 228 174515 1654 6039 103 79 1514 100 99 50967 98 93 17628
internal_value=-0.00087811 0.0247612 -0.0450867 0.0109403 -0.0483159 -0.00837034 0.0597463 0.00480809 -0.00150938 0.00751382 -0.0491065 0.0193934 0.0248247 0.00858889 0.0603447 -0.00483025 -0.0267528 0.0303326 0.00827139 0.0231373 0.00571351 -0.031355 0.00938988 -0.022435 0.0222213 0.0262488 0.0097745 0.0175347 0.0129372 -0.0291864 0.0168053 0.0201629 0.0130219 -0.00174606 0.0470795 0.00684206 0.0014265 -0.0103311 -0.0405566 0.0190818 0.0146553 0.0139526 -0.00208224 0.0305799 0.00177664 -0.00319052 0.00361686 -0.00194994 0.00436082 0.00458518 -0.00401866 -0.0264848 0.0150106 0.0204339 0.0237521 -0.0304492 -0.0410372 0.022618 -0.020829 -0.0116501 -0.0182932 0.00404274 -0.0202913 0.0407903 -0.00837708 -0.0100296 -0.0184368 0.0021651 -0.00357755 -0.000532056 0.00698045 -0.0158749 -0.0195955 -0.0358652 0.027848 0.0151336 -0.0231696 -0.0226338 -0.0337897 -0.00868424 -0.0502703 -0.0371206 -0.0351989 -0.0380491 -0.045796 -0.0437333 -0.0197812 -0.0473665 -0.0477098 -0.0477704 -0.0478297 -0.0439724
internal_weight=20681.2 13089.9 7591.23 9384.74 6976.86 614.367 3705.18 5441.09 2036.49 329.763 6854.15 3943.65 1267.35 3404.6 3673.24 214.482 284.603 115.282 3378.94 1181.29 129.486 201.012 2902.62 127.055 1142.39 609.538 2847.49 532.854 101.612 272.071 2676.3 1038.02 350.47 101.8 86.0599 87.4114 476.32 99.4739 828.673 248.67 1638.27 1572.34 96.6444 65.9325 1835.48 494.415 1341.07 478.226 1293.38 376.847 122.709 115.838 1475.7 89.496 687.554 266.424 819.744 655.861 84.9962 57.4623 49.0186 78.9518 95.7699 46.2698 31.9487 55.1364 43.7574 8.92909 57.4541 23.3915 33.4836 47.6881 27.8736 170.654 66.1045 32.7944 90.1389 19.9561 228.772 13.1069 6025.48 165.379 215.665 27.5339 73.9572 590.972 7.49542 70.4957 1417.55 1413.82 1410.17 583.477
internal_count=342496 79418 263078 54027 253006 10072 25391 37593 18508 3033 252006 16434 5305 19085 25086 2340 7039 693 18965 4887 1045 4905 15565 2718 4691 2522 15266 2169 786 6864 11129 4252 1454 428 418 715 3400 742 26200 1026 6877 6504 408 373 13603 4068 9535 3935 9195 2658 1000 2555 6096 558 2798 6783 25972 2669 1295 747 618 605 1961 272 305 299 395 228 447 202 262 340 259 4822 356 202 1844 221 6598 326 225806 4695 6272 548 2187 19374 232 2108 51291 51158 51060 19142
is_linear=0
shrinkage=0.05


Tree=32
num_leaves=100
num_cat=0
split_feature=15 103 44 0 21 44 21 21 13 93 23 49 0 52 46 103 0 107 32 21 50 21 32 9 108 23 0 49 32 100 28 53 108 113 38 84 46 94 65 103 99 13 65 65 99 103 38 3 86 105 108 36 103 103 9 65 74 94 114 108 103 86 102 91 114 103 3 113 99 102 108 72 102 111 74 105 17 44 65 53 9 99 36 32 49 49 95 53 108 114 46 82 115 49 50 94 0 42 99
split_gain=8772.19 2402.61 358.215 172.34 106.467 63.4299 57.114 46.1713 70.4266 35.537 31.6171 24.5368 23.6199 19.2285 16.7591 15.7566 13.3299 16.2213 11.7746 10.9769 10.7648 9.05425 8.06035 7.94188 7.9243 7.87284 7.74714 7.21687 7.15889 7.05447 6.96287 6.86669 6.75322 6.58661 7.46013 6.46105 9.29233 8.74903 6.35067 6.17739 6.59125 5.88056 5.82195 5.81205 7.45051 5.62265 5.50871 5.49735 5.44445 5.43911 5.30994 5.30928 5.70731 4.96698 4.90135 4.77152 4.76996 4.66946 4.66593 4.6266 4.54965 4.51877 4.39884 4.35865 4.21141 4.17123 3.79326 6.46984 4.8989 5.83284 3.70732 4.44302 3.65878 3.62138 3.61703 3.52193 3.51144 4.29443 3.34549 3.13802 3.00489 2.94671 2.92827 2.86301 2.76649 2.55841 2.28343 2.23498 2.21654 2.09518 1.90481 1.31396 1.15792 1.00401 0.915791 0.839005 0.449728 0.402661 0.121096
threshold=6.5000000000000009 0.045877892524003989 0.10557275637984277 2.6735538244247441 19.500000000000004 0.08842144533991815 53.500000000000007 23.500000000000004 1.5000000000000002 1.5000000000000002 1.5000000000000002 0.23076922446489337 3.3140207529067998 0.88939857482910167 0.069570478051900878 1.0863469839096072 2.1383330821990971 1.6727219223976137 14.500000000000002 15.500000000000002 0.30612237751483923 9.5000000000000018 19.500000000000004 80.500000000000014 9.250979423522951 3.5000000000000004 1.4978661537170412 0.14285712689161303 15.500000000000002 0.71499010920524608 2.5000000000000004 1.1814262866973879 4.9180445671081552 -8.8675413131713849 4.5000000000000009 0.33084577322006231 0.20599461346864703 8.0213398933410662 9.1168260574340838 1.2016427516937258 1.5963522195816042 2.5000000000000004 9.8938050270080584 10.462043762207033 1.823742210865021 1.5616230368614199 9.5000000000000018 0.52141711115837108 0.27239304780960089 4.7983872890472421 8.4002189636230487 1.0000000180025095e-35 2.4530187845230107 0.4549481868743897 80.500000000000014 8.3515777587890643 2.5000000000000004 10.686630249023439 3.2491383552551274 10.23548460006714 0.96326717734336864 0.24908759444952014 11.591003417968752 3.5000000000000004 3.3719596862792973 1.7446350455284121 1.4142128229141238 3.1749989986419682 10.590694904327394 9.743965148925783 9.100682735443117 1.0000000180025095e-35 11.893441200256349 5.6584465503692636 2.5000000000000004 1.3479537367820742 64.500000000000014 0.129171296954155 10.966670989990236 0.7992805838584901 81.500000000000014 0.80870303511619579 3.5000000000000004 12.500000000000002 0.4999998956918717 0.19999999552965167 10.847892284393312 2.2742946147918706 10.90828847885132 3.2640520334243779 0.21753918379545215 4.5000000000000009 0.00060565478634089242 0.23529411107301715 0.38961027562618261 12.260987758636476 1.7005987167358401 0.060915276408195503 7.2756154537200937
decision_type=2 2 2 2 2 2 2 2 2 2 2 2 2 2 2 2 2 2 2 2 2 2 2 2 2 2 2 2 2 2 2 2 2 2 2 2 2 2 2 2 2 2 2 2 2 2 2 2 2 2 2 2 2 2 2 2 2 2 2 2 2 2 2 2 2 2 2 2 2 2 2 2 2 2 2 2 2 2 2 2 2 2 2 2 2 2 2 2 2 2 2 2 2 2 2 2 2 2 2
left_child=1 5 6 7 24 56 9 16 14 22 30 27 13 43 -9 29 35 19 31 32 48 -7 50 28 39 76 42 -8 -16 -14 64 46 -18 34 -19 53 37 -37 -38 -4 -41 45 -20 51 81 63 89 -29 -13 85 78 84 -53 -3 -35 -55 -1 -46 -42 -25 -31 -26 -47 -10 65 93 67 -17 69 -68 -52 -72 79 -70 -67 -23 95 -78 -2 -28 -60 -45 -62 -32 -5 -49 -43 90 92 -11 -85 -44 -22 -6 -27 97 -96 -12 -15
right_child=2 3 4 12 10 21 11 8 41 18 25 20 15 98 23 66 17 33 26 -21 88 75 -24 59 61 94 72 47 -30 60 83 -33 -34 54 -36 36 38 -39 -40 40 58 86 91 44 57 62 -48 49 -50 -51 70 52 -54 55 -56 -57 -58 -59 80 -61 82 -63 -64 -65 -66 74 68 -69 73 -71 71 -73 -74 -75 -76 -77 77 -79 -80 -81 -82 -83 -84 87 -86 -87 -88 -89 -90 -91 -92 -93 -94 -95 96 -97 -98 -99 -100
leaf_value=0.059950982396415456 -0.015222691642270324 -0.017772853793092087 0.032951025821169246 0.029208959059118973 -0.012543169090424007 0.026768867181801222 0.057060308339068992 0.059404445298981791 0.0078741358370189498 -0.0055106073593686345 -0.034700423682054969 -0.0046420161199087406 0.012464046076520845 0.051927171929634745 0.0034258907035326319 0.014167588846210012 0.034092023362696781 0.0087485363953198371 0.018453141977154058 0.04693727984578594 -0.042429337658328937 -0.033207547470442772 -0.02266146759824321 -0.01170434192191867 -0.0011522229685522907 -0.011382292955910263 -0.012951410673406709 -0.0020430426989944774 0.034031959646228925 0.050329910808673051 0 0.037492515436182754 0.012125264732671512 0.001003533580155198 0.039213037149899356 0.014558456613093716 -0.0056264933220203407 -0.017329811392937034 0.0026494957263372108 -0.023444452260685936 0.026411559015131487 -0.046584234356633829 -0.010450089735962072 0.015080754110934541 0.028892816747901451 -0.039538438802481785 0.019682915514980529 0.027204689369292184 0.037052289835284941 0.0064820671092152594 0.042843171817426945 0.013570653234832392 -0.0060445437810442825 0.010061350361295178 0.013155140662911622 0.0042723010341121003 0.030178655749766404 0.010670520498105089 0.010948206141121242 0.014156919362059492 0.017733062685786827 -0.034779074585912444 0.0047005596312195402 -0.027634193228909289 0.015961170030479324 0.020603038297468866 0.02075264756206905 0.051438305307859478 0.012918393517511432 0.010317976478040877 0 0.032288401322382851 0.010847811973546881 0.031919641550372232 -0.018074315890605992 0.00029848171634569551 0.014005535933157377 -0.037794818049675077 0.015527686200945337 -0.02725180082065793 -0.020466260684684313 -0.0074798498175105326 0.042924035473844012 -0.025027038538159796 0.0086705252180343632 0.060042990259704679 0 0 0.00057654874860080892 -0.044675403011904223 -0.04044772476803829 -0.038730549998482272 -0.0089534408053911045 -0.040283808753900842 -0.050719584962538533 -0.015491629599236147 -0.017887081202005127 -0.046527397828755666 0.033427632679006128
leaf_weight=3500.6013597995043 18.49585634469986 20.787982854992151 16.149601079523563 82.518374398350716 6.970196681097149 22.466963723301888 26.692148182541132 13.385901078581808 18.164753470569853 7.4699454233050364 36.270806655287743 16.768908560276035 26.177778422832489 29.505129680037498 51.09716135263443 23.831243276596069 36.254494994878769 111.56928127259016 3.7108258120715609 23.773218609392643 16.18410160206259 12.089791597798468 15.801304962486027 73.599988296627998 18.94068019092083 3.1325070392340413 76.765883136540651 14.075616639107464 30.244111139327288 81.197188600897789 4.7926800809800616 9.3686875291168672 805.64400805532932 645.06216568127275 23.905615083873272 172.20363076031208 443.68862594850361 22.994745437055826 480.60550713725388 19.900057576596737 21.400687143206596 83.738344006240368 6.6268193293362847 29.03416708111763 186.84322442114353 49.137930931523442 8.247051887214182 20.115139216184616 12.203873261809347 15.851853836327789 16.496836289763451 2263.6358586549759 36.196831375360489 501.38544015586376 94.250912822782993 1278.4349257834256 19.476345725357533 48.536104246973991 14.490397967398168 20.803425054997206 32.32198391854763 21.556736469268799 5.5377715025097123 13.754781380295752 6.105884162709116 6.3106530923396376 1074.8982939571142 27.065695241093636 35.86156103014946 162.96021066606045 25.099281311035156 17.716518133878708 8.1006336826831085 150.00062111020088 24.505918558686972 17.117350596934557 5.4981271103024465 7.9886545166373253 14.26771045848727 97.294213410466909 12.828290760517119 25.599252209067345 23.658424004912376 35.202756896615028 24.259568810462952 14.465727841481565 3.0370901040732852 3.9414542671293011 4.3650433532893649 7.2674609739333391 312.36175092495978 129.46460728161037 5.0997620448470107 26.768625002354383 4737.2229435872287 5.0959947332739821 4.0654402878135434 1323.7831653095782 19.424943044781685
leaf_count=24928 130 157 130 340 166 127 144 63 354 109 1231 137 109 156 283 106 180 591 98 131 415 114 127 692 142 95 1309 79 181 414 142 82 4110 3355 124 1160 3357 160 3743 173 159 2694 183 125 797 1094 142 121 106 158 112 9469 153 3276 533 8724 115 206 113 188 142 182 113 285 163 168 4345 127 145 658 176 125 141 608 642 158 117 199 113 1894 105 108 105 1016 102 117 95 114 107 111 9882 3738 141 689 187927 187 145 49327 101
internal_value=-0.000553775 0.0240908 -0.0444659 0.0108291 -0.0478122 0.0589948 -0.00768388 0.00450199 -0.0126436 -0.016296 -0.0486854 0.0194329 0.018073 0.0152097 0.00840131 0.0228479 0.00584137 0.00930797 -0.0239301 0.0141612 -0.00682585 0.00368303 0.0086706 0.00399029 -0.00204251 -0.0496173 -0.0268127 0.0351235 0.0153366 0.0377106 -0.035171 0.00437847 0.013142 0.00447785 0.0145678 0.00376804 0.000773291 0.0106476 -0.0013151 0.00656693 -7.2022e-05 -0.0355338 -0.0358176 0.0146222 0.0214174 -0.0252655 -0.0101807 0.0248047 0.0135516 0.032333 0.0144315 0.0137863 0.0132538 0.00562222 0.00258967 0.00591582 0.059802 0.0252689 0.00969073 -0.00576881 0.0422693 -0.0198928 -0.0348739 -0.00768145 -0.0198545 -0.023679 0.021158 0.0350832 0.0206168 0.0194012 0.0231859 0.0141926 -0.0196113 0.0284396 -0.00925581 -0.0141898 -0.0459052 -0.016722 -0.00144628 -0.0211664 -0.00375383 0.00441412 0.0293956 -0.0380846 0.0248198 0.0431437 -0.045064 -0.0386058 -0.0296894 -0.0277827 -0.0390288 -0.0375551 -0.0359647 -0.0356144 -0.050679 -0.0461675 -0.0506992 -0.0462579 0.045994
internal_weight=20261.6 12978.3 7283.3 9406.59 6675.28 3571.75 608.016 5023.06 362.501 462.194 6550.02 145.822 4383.53 2745.55 189.131 1637.97 4660.56 1740.46 354.316 865.672 54.6217 51.6741 107.878 175.745 125.266 6123.06 321.963 91.2005 81.3413 163.355 426.96 32.3531 841.899 874.788 135.475 2920.1 1119.49 195.198 924.294 84.769 68.6194 173.371 139.802 2696.62 290.013 86.5952 22.9845 64.5083 28.9728 50.4327 92.0762 2406.61 2299.83 1800.61 739.313 1779.82 3520.08 235.379 48.7194 94.4034 137.178 40.4974 54.6757 31.9195 70.6613 64.5554 1474.62 50.8969 1423.72 1237.86 59.3126 42.8158 182.161 185.862 30.8166 29.2071 1378.64 13.4868 32.7636 174.06 27.3187 54.6334 55.9804 356.299 106.778 34.5809 86.7754 351.506 25.6489 14.7374 347.565 136.091 21.2839 33.7388 4744.42 1365.15 4741.29 1360.05 48.9301
internal_count=342730 79401 263329 53959 253214 25442 10115 35643 6042 8590 252210 1525 18316 11557 1407 6759 29601 9024 7807 4421 906 399 783 1344 1004 239228 7363 619 464 770 12982 444 4290 4603 715 20577 8420 1320 7100 680 550 4635 4019 11300 1236 1846 362 475 243 396 656 10064 9622 12157 3888 12000 25043 1003 377 880 661 324 1207 639 1828 1665 5989 233 5756 5003 413 301 3344 753 810 272 51061 316 243 3203 218 233 247 11154 442 238 2789 11012 663 220 10898 3921 556 855 188167 50745 188072 50558 257
is_linear=0
shrinkage=0.05


Tree=33
num_leaves=92
num_cat=0
split_feature=24 103 48 93 21 44 54 1 11 52 48 96 103 21 93 4 1 53 3 54 48 100 86 2 21 52 101 46 101 2 2 44 53 52 103 108 76 108 21 103 107 21 99 102 2 44 3 108 113 113 63 96 52 77 63 53 54 84 51 2 15 15 69 52 53 53 96 86 103 115 111 94 94 115 103 63 2 2 100 48 63 5 103 49 115 42 11 1 53 77 53
split_gain=8088.6 2445.07 312.168 171.786 105.971 74.5831 54.1514 48.2577 46.2044 32.0629 22.8567 18.6865 15.5448 15.4953 15.2751 15.1375 14.1954 12.8639 12.3139 10.5569 9.47797 9.12213 8.99121 8.12623 7.98883 7.79349 7.50493 8.82546 7.16887 7.04127 6.9953 9.27381 6.80672 6.57317 6.44578 6.95971 8.07154 6.77772 6.18202 6.05211 5.97731 5.93775 5.87265 11.7374 12.8314 5.85533 5.78246 5.73437 8.38993 6.79418 5.62524 5.50663 5.58625 5.36646 5.33593 8.10851 6.40532 4.97693 5.90619 4.6224 4.30216 3.82999 3.81137 3.3767 3.75057 3.24433 2.98968 4.85549 4.56322 6.81802 2.97201 2.86239 2.85706 2.85082 2.59165 2.39504 2.00689 1.78779 1.55332 1.49371 1.36552 1.35724 1.21252 0.948521 0.645973 0.353538 0.310961 0.299282 3.09244 0.244149 0.0793325
threshold=7.5000000000000009 0.045877892524003989 0.020478053949773315 1.5000000000000002 21.500000000000004 0.083722744137048735 1.5402702093124392 25.500000000000004 2.5000000000000004 0.88939857482910167 0.040057305246591575 0.23205128312110904 0.93369507789611828 19.500000000000004 2.5000000000000004 5.5000000000000009 8.5000000000000018 0.7224249839782716 1.6360502839088442 1.1428570151329043 0.11111110076308252 0.71499010920524608 0.24908759444952014 1.3963115811347964 53.500000000000007 0.71408730745315563 1.1584510803222658 0.33234857022762304 1.5841195583343508 0.29641841351985937 1.496068060398102 0.12440476194024087 0.251315787434578 0.69179204106330883 1.4483097791671755 10.433401107788088 90.500000000000014 8.5203180313110369 9.5000000000000018 0.83926865458488475 0.64071920514106762 123.50000000000001 2.3110491037368779 8.391850948333742 0.91741308569908153 0.091372914612293257 1.2943241000175478 6.2295262813568124 -8.7501325607299787 -8.9295949935913068 11.643586635589601 0.3991869986057282 0.82626661658287059 69.500000000000014 10.874316215515138 0.57247900962829601 1.1790292263031008 0.13079115748405459 0.63850376009941112 1.8420168757438662 2.5000000000000004 7.5000000000000009 7.0733180046081552 0.85773810744285595 0.59290647506713878 0.251315787434578 0.40437485277652746 0.49509803950786596 2.0083045959472661 0.00057689117966219794 -8.3748955726623517 9.6740508079528826 5.5423219203948983 0.0005038127419538797 1.7789589166641238 9.1340909004211444 1.1216048598289492 1.1322896480560305 7.2006642818450937 0.028571427799761299 7.4796636104583749 9.5000000000000018 1.6102862954139712 0.39031714200973516 0.00070760541711933922 0.16597796231508258 3.5000000000000004 2.5000000000000004 0.68801230192184459 44.500000000000007 0.45534290373325353
decision_type=2 2 2 2 2 2 2 2 2 2 2 2 2 2 2 2 2 2 2 2 2 2 2 2 2 2 2 2 2 2 2 2 2 2 2 2 2 2 2 2 2 2 2 2 2 2 2 2 2 2 2 2 2 2 2 2 2 2 2 2 2 2 2 2 2 2 2 2 2 2 2 2 2 2 2 2 2 2 2 2 2 2 2 2 2 2 2 2 2 2 2
left_child=1 5 6 7 20 60 11 9 13 16 23 24 21 29 42 -7 47 73 45 32 26 -9 -21 63 54 33 27 -5 39 -4 57 -32 -18 40 37 46 -37 59 -17 -28 -22 -19 61 44 -44 -10 -36 48 -3 -49 -30 52 -25 -39 55 -2 -57 58 -16 -14 -1 -15 -45 64 -6 89 67 68 71 -70 -53 -13 -40 -8 -27 -74 80 -59 -76 86 -12 -82 -75 84 -68 -63 -47 90 -89 -11 -81
right_child=2 3 8 4 10 15 17 12 18 65 76 66 34 14 30 38 19 41 -20 22 25 -23 -24 51 -26 74 28 -29 50 -31 31 -33 -34 -35 35 36 -38 53 72 -41 -42 -43 43 62 -46 79 -48 49 -50 -51 -52 70 -54 -55 -56 56 -58 77 -60 -61 -62 85 -64 -65 -66 -67 83 -69 69 -71 -72 -73 75 82 78 -77 -78 -79 -80 87 81 -83 -84 -85 -86 -87 -88 88 -90 -91 -92
leaf_value=0.059418919035178867 -0.031489238885824687 -0.015362174007486877 -0.032836870651669868 -0.0014735460061975946 -0.033116902701950023 0.048562033697776688 0.02164661287180257 0.011130129012171055 -0.0017661344092794445 0.040954198347695737 -0.0073693050566050848 -0.016967944631433758 0.024715648150011413 0.00070757035966548449 -0.0085703601247355144 0.011694642857477205 -0.0085280635583591669 0.01854144083323217 -0.0017143320980238298 0.014014928068992002 -0.028049560122832946 0.049361344596585248 0.027535692134192526 -0.0035264725572693393 0.03109173734704317 -0.0020471062133468935 0.0030344531174358673 0.04736615224397573 0.0048059719056359335 0.0098935289216869858 0.039114138441575297 -0.037032636068707069 0.011532972016859599 0.025126271148642205 0.040118624397681983 0.013272626193857238 0.036546332554085639 0.028708194852720664 0 -0.031490187400506166 -0.00033083032377799715 -0.029956353296345592 -0.016718651769896814 -0.038459742005763325 0.072438803430461982 -0.029644371468899568 0.015269176457902073 -0.0084457342975224579 0.0073415196591146235 0.0084826525276592967 0.031372548479140706 -0.036920169082041529 0.032841405523729696 0.011790164448195355 -0.029193289478649073 -0.015756529012905123 0.012512815198130378 -0.045556358661098695 -0.038565611579630406 0.040752407220428118 0.034996880867099379 -0.040362348346617075 0.0023673680696146776 0.0079198535336388494 -0.014793122232752712 0.026289246512433247 -0.042184840711559007 0.014756643328061217 0.029971054943453864 -0.024874740948075728 0 -0.037954754106267211 -0.050183383270781069 0.056531078031178399 -0.043997191606554763 -0.012166380295737791 0 -0.034565790782622778 -0.015677422253289164 -0.022788124946857728 -0.045681410037483369 -0.0088257199122612987 0.033445601995511665 -0.0055912253314466262 -0.01187787040805505 -0.013928103623576334 -0.004904316449922036 0.0045764019843066153 -0.042499958977139179 0.064783098273939618 -0.050497309988731601
leaf_weight=3368.0621311068535 16.190463151782751 68.501629292964935 14.508299894630907 15.019841227680443 74.123298985883594 11.245725788176058 20.539566734805703 22.023261442780495 6.7443233765661708 19.137361451983452 3.8204651437699786 37.909026691690087 129.8954760581255 7.2563035842031232 19.003011984750628 14.974112227559088 41.304618343710899 13.454287994652988 13.611772779375313 366.64742014557123 18.381156660616398 72.323518052697182 194.47056306898594 46.573459703475237 16.718466430902481 11.792359374463556 24.357532700523734 20.749154213815928 1345.5670966245234 22.510164268314838 5.4349500313401204 7.8854526598006487 2966.679006293416 23.355312004685402 23.720876932144165 66.601324811577797 97.256430253386497 78.770827174186707 8.0692862924188393 23.482314497232437 949.92572483420372 9.3814550600945932 6.5296948347240669 14.965736247599127 7.0130584575235844 6.9273908585309965 915.52222570776939 60.404555298388004 95.284050464630127 1276.4628348834813 18.936248037964106 13.976791217923166 11.957928109914063 130.40025688707829 16.918868266046047 25.440787587314844 75.509314201772213 803.19827955029905 420.30549511313438 87.593385443091393 27.588927200064063 29.386639229953289 7.8253585416823617 6.8183182701468459 55.001733373850584 20.008915632963181 32.516103401780128 7.9868419431149951 8.3722014240920561 11.758379377424715 7.9089924208819857 39.942431192845106 11.423058934509756 28.181102365255356 12.609077811241152 9.1575528364628536 3.0520041435956946 74.160450607538223 13.677209895104168 5.0578851103782645 124.09436834044755 4.0660312175750724 23.534630376845598 3.5038838852196923 4.3982388935983172 4.7835645526647559 3.5842484924942255 3.2632739953696754 25.331207670271397 21.419345855712891 4860.3135368525982
leaf_count=24975 130 424 132 104 1682 62 114 92 158 100 105 792 537 157 588 90 175 152 136 1597 158 382 856 500 98 100 166 140 8814 166 86 256 12841 191 109 270 395 334 72 162 7420 97 148 309 131 203 3691 370 570 7638 121 183 94 544 181 256 744 29799 14596 372 166 605 162 103 1312 100 916 140 184 254 97 842 135 149 108 135 92 2523 114 206 4424 152 129 88 116 149 121 125 1012 115 201994
internal_value=-0.00079613 0.0222231 -0.0451646 0.00922394 -0.00111581 0.0583049 -0.00183915 0.0135558 -0.0478301 0.0111678 -0.0267535 -0.012381 0.0210757 -0.0398118 -0.0406531 0.000284834 0.0107243 0.0306818 -0.0501675 0.012444 0.00252992 0.0408553 0.0187796 -0.0164199 0 -0.00112855 0.00513681 0.0273556 0.0045386 -0.00722036 -0.0419257 -0.00447447 0.0112501 -0.000249604 0.0198104 0.0177051 0.0273532 0.0251491 -0.0131394 -0.0141515 -0.000909891 -0.00159003 -0.0183792 -0.00313902 0.0314058 -0.0502992 0.0159704 0.00661907 -0.0021468 0.00770169 0.00521602 -0.00357536 0.00437184 0.0183678 -0.00417276 -0.000151291 0.00516456 -0.0422915 -0.0373244 0.031455 0.059239 -0.0309361 -0.0247495 -0.0238234 -0.0256478 0.0469733 -0.0250093 -0.0198714 -0.0229745 -0.00110577 -0.0241741 -0.0283754 -0.0263869 0.0408416 -0.0228889 -0.0356959 -0.0428753 -0.0446993 -0.0312636 -0.0503633 -0.043794 -0.0447049 0.0474522 -0.0370483 -0.039439 -0.0376834 -0.023707 -0.0504112 -0.0368349 0.0556385 -0.0504776
internal_weight=19796.1 13034.2 6761.86 9583.67 2829.25 3450.52 392.256 6754.43 6369.6 5130.32 351.393 297.165 1624.11 1444.77 1407.75 54.8697 5069.75 95.091 4924.83 3569.1 2477.85 94.3468 561.118 216.361 150.778 1029.74 1448.11 35.769 1412.34 37.0185 1329.99 13.3204 3007.98 991.662 1529.76 1103.1 163.858 426.66 43.624 47.8398 968.307 22.8357 77.7604 36.3338 13.5428 4911.22 939.243 1500.65 163.786 1336.87 1364.5 80.4172 58.5314 209.171 134.059 117.141 100.95 1316.67 439.309 217.489 3395.65 41.4265 22.7911 135.943 129.125 60.5656 146.387 105.969 97.982 20.1306 21.8858 77.8515 28.6499 72.2553 38.0786 20.5806 135.033 877.359 26.2863 4904.48 131.981 128.16 51.7157 40.4182 36.9143 34.1702 10.5116 4893.97 28.5945 40.5567 4865.37
internal_count=342633 83489 259144 57854 26342 25635 5382 31512 253762 24786 8744 4741 6726 49807 49509 494 24471 641 203955 15469 17598 474 2453 3971 1409 8091 9507 244 9263 298 47848 342 13016 7769 6252 4465 665 1787 432 328 7578 249 1661 750 279 203819 3800 9002 994 8008 8935 874 594 878 1311 1130 1000 47506 15184 909 25141 911 471 3097 2994 315 3332 2212 2072 438 280 1634 342 392 322 270 4773 32322 222 203661 4681 4576 278 1120 1032 754 324 203337 1137 215 202200
is_linear=0
shrinkage=0.05


Tree=34
num_leaves=92
num_cat=0
split_feature=15 103 23 0 96 21 15 13 3 3 54 21 21 50 51 80 52 94 11 103 100 0 93 94 13 15 2 71 46 108 100 101 109 21 36 101 63 99 100 103 69 96 115 36 82 54 112 77 2 109 65 46 82 36 94 109 54 67 115 77 100 112 63 103 101 93 2 95 112 96 17 107 107 19 107 99 51 95 54 115 111 61 111 2 114 32 67 61 52 40 109
split_gain=7563.02 2306.17 335.306 136.281 87.961 59.7712 55.54 37.1376 64.6896 27.4203 28.6927 25.3424 21.9044 18.5169 19.6852 16.5076 14.1388 14.1379 11.7079 11.512 20.2756 10.7431 10.0549 9.71771 9.56034 9.34209 8.19224 7.84309 7.8264 9.60434 7.68257 8.69227 7.51477 7.50159 7.47258 7.32688 6.9791 6.96868 6.93713 6.89321 6.72933 6.72192 6.60213 6.33865 6.4169 5.90989 5.98463 5.46348 8.02955 12.9319 7.04668 5.34005 4.95167 4.94319 4.93589 7.21577 4.79 4.40565 4.3172 4.30175 4.26406 4.08807 3.82092 3.44742 3.38301 3.33815 3.39483 3.13423 2.99361 2.93968 2.82915 2.6149 2.55539 2.55041 2.37259 2.20118 2.19812 2.03809 1.88715 1.84935 1.86855 1.60983 1.57547 1.47625 1.24229 1.22238 1.00242 0.70983 0.16565 0.0404343 0.0305212
threshold=6.5000000000000009 0.045877892524003989 1.5000000000000002 2.9174053668975835 0.1702898591756821 19.500000000000004 3.5000000000000004 1.5000000000000002 1.68536913394928 1.488777816295624 1.5402702093124392 19.500000000000004 50.500000000000007 0.49450543522834783 0.81818178296089183 1.0000000180025095e-35 0.8760964870452882 11.519689083099367 2.5000000000000004 0.97892677783966076 0.55436381697654735 1.2424533367156985 3.5000000000000004 9.0132398605346697 2.5000000000000004 7.5000000000000009 0.66407513618469249 7.2885329723358163 0.26194280385971075 10.508087158203127 1.3188627362251284 2.2433655261993413 1.0774909257888796 32.500000000000007 18.500000000000004 2.3725774288177495 8.5555357933044451 10.085221767425539 0.20362066477537158 1.6102862954139712 5.4603900909423837 0.2736185491085053 0.00056777789723128091 10.500000000000002 3.5000000000000004 1.2975847721099856 -6.9058229923248282 23.500000000000004 1.269897520542145 0.091756418347358717 11.392198085784914 0.21960458159446719 3.5000000000000004 36.500000000000007 8.6526875495910662 0.52046647667884838 1.1123737096786501 11.195532321929933 0.00060776309692300867 34.500000000000007 0.87928083539009105 -6.5187733173370352 9.1711597442626971 1.5233432650566103 2.7981954813003544 2.5000000000000004 0.88022321462631237 10.896578788757326 -0.269219160079956 0.18834459781646731 12.500000000000002 2.1693128347396855 0.7854917347431184 43.500000000000007 0.94943585991859447 2.2869635820388798 0.69230756163597118 7.8921625614166269 1.2316636443138125 0.00033227074891328817 -4.9792616367340079 10.148038864135744 -8.4326887130737287 1.8420168757438662 3.2880567312240605 14.500000000000002 10.769235610961916 7.3716118335723886 0.80658715963363659 23.500000000000004 0.13324435800313952
decision_type=2 2 2 2 2 2 2 2 2 2 2 2 2 2 2 2 2 2 2 2 2 2 2 2 2 2 2 2 2 2 2 2 2 2 2 2 2 2 2 2 2 2 2 2 2 2 2 2 2 2 2 2 2 2 2 2 2 2 2 2 2 2 2 2 2 2 2 2 2 2 2 2 2 2 2 2 2 2 2 2 2 2 2 2 2 2 2 2 2 2 2
left_child=1 6 4 7 12 27 26 16 24 10 15 19 25 14 17 22 21 76 53 20 -5 43 34 84 40 59 -1 36 30 32 60 -32 -30 42 -6 -35 -4 52 -10 -12 56 -19 -23 44 -3 46 -40 48 75 -50 57 -28 62 65 90 -56 -9 -49 -24 -2 -21 -29 -11 -18 -54 66 -15 86 82 -17 -42 -47 -22 -71 -74 -27 -7 -14 -16 -80 -81 -67 -63 88 -8 -45 -26 -78 89 -20 -13
right_child=2 3 5 11 9 13 23 8 38 37 39 54 77 18 78 69 63 41 83 28 72 33 58 -25 67 47 51 61 29 -31 31 -33 -34 35 -36 -37 -38 -39 45 -41 70 -43 -44 85 -46 71 -48 50 49 -51 -52 -53 64 -55 55 -57 -58 -59 -60 -61 -62 68 -64 -65 -66 81 -68 -69 -70 73 -72 -73 74 -75 -76 -77 87 -79 79 80 -82 -83 -84 -85 -86 -87 -88 -89 -90 -91 -92
leaf_value=0.023866574438051257 0.0052575068378835962 -0.0017477247175211369 -0.0074678046102269434 -0.005536192028450077 -0.01432967421716949 0.0020715504526158581 -0.0098179512503398375 0.02550624765400061 -0.024359262793772266 0.0056644562216719291 0.040970691843859118 0.039028057768772592 0.051853147641269706 -0.030121996680700466 -0.0054739350808623959 -0.0055556086563310026 0.049630173822359958 0.071914746619571104 -0.048893280091163734 0.020719897707089457 0.053988930983501493 0.0043983465321263881 -0.034195329896346875 0.027287405979011782 -0.025839774432805288 -0.038062534378450155 0.058821920911161923 0.0080821776036129559 0.0075061235827416153 0.030205607328635836 0.037144434667595316 0.016750340473683217 -0.020375334837673134 0.020944296270631768 0.022109284991794473 -0.016824255948496489 0.039976618099835153 -0.023539900794475072 0.029078569839663539 -0.0025900801869590852 0.0015565682168312191 0.0040146957538869368 0.0096907380941069418 -0.041434210641306389 0.012786924795450422 -0.0042641683209867004 0.0024998569294828145 -0.0057778764639445082 0.049294710509197939 -0.017129540506065619 0.012554671363668399 0.026551162679745471 0.015223083092480456 0.0055219969304855059 0.043552038549046754 0.0065193835547970591 -0.011681402278734224 -0.042045438681144472 -0.013342402195164849 0.034938505374202171 -0.0014847872108939904 -0.016106683679057477 0.043373746020474099 0.019941210018841797 -0.02244929125962828 -0.044943856204393486 0.016555495209169054 0.0033385970808650213 -0.0014605159964348625 -0.039322764544636304 -0.035528560392663402 -0.034990354350788469 0.021133696998761248 -0.02335720004856021 0.038194758744233323 0.00040585998803637478 -0.0089667560868245885 0.02765999802987798 -0.0014146629325798958 -0.045813942897768911 -0.0025556999467139141 -0.030034965657142101 -0.046604727809893887 -0.0034190178447077654 -0.037493779535067939 -0.010652372149726756 -0.045530820688181393 -0.043302712592429134 -0.021265649005570261 -0.051091662709952294 0.057853456472013322
leaf_weight=20.761911824345589 26.073141783475876 360.25222562253475 14.176562495529653 33.891982316970825 128.47617928124964 4.8089590836316409 9.8924194052815455 9.2017665691673738 22.899588696658611 12.4363597817719 14.968332625925539 22.092223942279816 26.139484837651253 14.141539186239244 4.7556005530059329 8.6842602044343931 20.884802602231503 6.6773508526384813 1502.0160578060895 26.809134051203728 23.229496240615845 773.97113943845034 112.72800661996007 11.929201262071727 18.048158707097173 7.6364343985915166 3238.5978073850274 11.673077896237372 261.42414537072182 42.337888449430466 53.803444758057594 2569.9456927031279 25.01625968515873 15.201356858015059 14.23418361134827 53.224832981824875 13.959928341209887 12.608070416375993 20.036762110888958 18.996759120374918 5.1620047241449347 7.5184783264994621 2634.6081150360405 8.415879078209402 94.436457093805075 15.911297127604486 1756.7396613582969 15.136602111160753 16.256569016724828 11.165273834019898 13.362151067703961 17.510990917682648 11.109487446025016 4.3969240412116042 31.866834193468094 23.892348676919937 42.721741354092956 21.48982884734869 37.495087072253227 24.351865220814943 88.063175737857819 11.530794724822043 16.923213373869658 26.672851800918579 9.7015558257698995 856.03522900119424 3.8112280759960404 3.3194846007972947 10.894546926021578 288.26398814469576 39.137950371950865 12.903841629624365 40.814265444874763 39.860854610800743 82.509468168020248 5.3701188713312149 3.9099532254040223 27.644790448248386 3.2324114274233571 70.412282709032297 3.2854550611227742 35.408173196017742 12.225071609020231 2.3577060755342236 11.067073864862321 8.5013493336737138 69.714728876948357 7.8655287250876427 4.6667036041617385 3146.5894817188382 33.669132634997368
leaf_count=119 165 2452 120 139 2439 52 92 145 186 92 116 120 137 451 185 175 100 35 65017 110 122 4193 3221 98 484 147 25008 96 1071 173 221 10440 104 99 213 353 113 145 131 168 96 167 13186 99 680 107 12943 169 133 105 155 94 150 103 158 119 707 247 1001 154 360 100 135 133 122 33792 95 100 100 9421 1054 100 191 1088 387 96 110 136 115 2443 106 1378 115 72 114 114 2399 226 180 137701 181
internal_value=-0.000738575 0.0219386 -0.0438013 0.00926189 -0.0157435 -0.048284 0.0578083 0.00475035 -0.000778038 -0.0237366 -0.026723 0.0173271 0.0139949 -0.0488673 -0.0279423 -0.0291456 0.00754079 0.00567794 -0.0492804 0.0165018 0.0288667 0.00720304 -0.0202117 -0.00629827 -0.0286461 0.00341028 0.0584573 -0.00355721 0.0157574 0.00834876 0.0166381 0.0171933 0.00494291 0.00816319 -0.0104337 -0.00802141 0.0165663 0.00756723 0.00209237 0.017246 -0.0170588 0.0404106 0.00849441 9.95427e-05 0.00128124 0.00245332 0.00282948 -0.00612254 0.00723584 0.0224175 -0.0170164 0.0586637 0.0160345 -0.043702 0.0407373 0.028445 -0.00437279 -0.0281364 -0.0292398 0.0203792 0.00381173 -0.0161254 0.0287763 0.0343017 -0.00221916 -0.0439597 -0.0191862 -0.0403046 -0.024554 -0.0367622 -0.0310795 -0.0194042 0.0368658 -0.0375287 0.0329503 -0.0230908 -0.0243852 0.0406868 -0.0406049 -0.0425029 -0.0441079 -0.0444143 -0.0340331 -0.0503588 -0.0264048 -0.0286359 -0.0420957 -0.0349564 -0.0503793 -0.0503995 0.0517874
internal_weight=19358.6 12681.1 6677.46 9371.33 921.113 5756.35 3309.76 6011.97 2015.8 726.486 663.708 3359.37 194.626 5681.89 112.466 629.743 3996.17 30.7803 5569.42 3247.84 180.445 3948.61 292.933 32.8887 187.306 140.842 3276.87 74.46 3067.4 328.778 2738.62 2623.75 286.44 3477.01 142.71 68.4262 28.1365 62.7787 1828.49 33.9651 96.2235 14.1958 3408.58 471.606 454.689 1805.59 1776.78 90.417 40.4284 27.4218 49.9886 3256.11 50.1706 913.793 111.521 55.7592 51.9235 36.6264 150.223 50.425 114.872 46.3235 29.3596 47.5577 20.811 909.396 17.9528 91.0824 34.6504 336.809 44.3 28.8151 146.553 328.125 123.324 13.0066 16.5844 53.7843 81.6857 76.9301 73.6977 891.443 23.7559 4655.63 20.9595 16.9172 87.7629 11.7755 4653.27 4648.61 55.7614
internal_count=342284 79282 263002 53757 20130 242872 25525 39861 18452 18486 17842 13896 1644 242228 3439 17558 21409 590 238789 13318 839 21176 6874 304 4985 1371 25221 644 12479 1348 11131 10661 1175 17831 2652 452 233 644 13467 284 2002 202 17379 3345 3132 13281 13074 1052 481 238 571 25102 499 35819 578 277 852 416 4222 319 470 411 227 233 272 35716 546 2983 315 10684 1150 207 700 10509 578 243 388 273 2849 2664 2549 35170 215 202970 206 213 2883 336 202898 202718 301
is_linear=0
shrinkage=0.05


Tree=35
num_leaves=97
num_cat=0
split_feature=24 103 44 44 32 44 54 21 11 23 2 103 100 61 0 49 21 5 2 13 108 100 44 115 19 105 2 115 61 101 21 67 2 103 100 103 3 74 54 113 61 94 108 46 34 76 38 97 71 40 67 21 54 74 77 44 90 65 54 113 2 21 24 108 101 32 103 96 11 99 113 44 95 103 38 53 49 108 113 2 114 108 65 95 97 65 94 67 67 67 111 5 28 76 67 50
split_gain=7159.04 2243.72 284.528 142.111 78.1394 68.9718 60.8338 42.8535 31.9248 28.7426 25.5838 23.4894 22.5028 19.0769 17.6072 16.0581 14.4427 13.2028 12.8844 10.9772 10.6888 9.28655 8.9807 8.75996 8.63064 15.1388 10.6562 8.56504 9.00679 8.4222 8.04482 10.6986 8.00269 7.86902 7.70457 7.5175 7.17523 7.15965 7.13565 6.73854 6.73175 7.37049 6.7221 6.377 6.10332 5.98409 5.81085 5.78681 5.71552 5.6046 5.57664 11.0351 5.1384 5.11647 5.0938 4.76775 4.76347 4.7072 4.52022 5.17258 4.38741 4.02754 3.94208 3.81659 6.87561 3.77389 3.77162 4.0614 3.74958 3.60004 3.57559 3.40364 5.66406 6.80662 4.40474 3.35117 3.32897 3.20224 3.17597 3.03541 3.01761 2.93268 2.91106 2.69738 2.55682 1.92482 2.14244 1.62056 1.50012 1.21272 0.909053 0.605511 0.604472 0.571037 0.563956 0.512777
threshold=7.5000000000000009 0.045877892524003989 0.10557275637984277 0.040270268917083747 12.500000000000002 0.08842144533991815 1.5513722300529482 19.500000000000004 1.5000000000000002 1.5000000000000002 1.6216892600059511 0.97892677783966076 0.61293074488639843 5.447232961654664 3.3140207529067998 0.22742946445941928 25.500000000000004 6.5000000000000009 2.2375404834747319 2.5000000000000004 7.4980111122131357 1.3188627362251284 0.10856469348073007 0.00039305313839577144 7.5000000000000009 2.7363826036453252 0.84648555517196666 0.00037034980778116738 6.7425506114959726 11.416528701782228 50.500000000000007 11.433929920196535 1.2017872333526614 1.34339314699173 1.3873354792594912 0.59179401397705089 1.6360502839088442 3.5000000000000004 2.0305360555648808 -7.2563734054565421 9.2560420036315936 11.564042568206789 8.7137970924377459 0.23710826039314273 19.500000000000004 44.500000000000007 4.5000000000000009 0.62202382087707531 7.2885329723358163 5.5000000000000009 6.6607737541198739 2.5000000000000004 1.2975847721099856 2.5000000000000004 8.5000000000000018 0.18163490295410159 7.5000000000000009 11.392198085784914 1.1183473467826845 -8.7408123016357404 1.1322896480560305 30.500000000000004 3.5000000000000004 8.4002189636230487 2.3070749044418339 2.5000000000000004 2.2467461824417119 0.4212701171636582 3.5000000000000004 8.6261053085327166 -8.7470378875732404 0.055867666378617294 8.5745668411254901 1.6293612718582156 10.500000000000002 0.55646631121635448 0.38377965986728674 8.5405387878417987 3.1393185853958134 1.8420168757438662 3.3006174564361577 10.287755489349367 12.511435985565187 6.4694440364837655 0.44913792610168463 9.8425631523132342 9.0610136985778826 13.729286670684816 11.562066555023195 11.317504405975344 -8.2798233032226545 9.5000000000000018 2.5000000000000004 56.500000000000007 10.13247060775757 0.42857129871845251
decision_type=2 2 2 2 2 2 2 2 2 2 2 2 2 2 2 2 2 2 2 2 2 2 2 2 2 2 2 2 2 2 2 2 2 2 2 2 2 2 2 2 2 2 2 2 2 2 2 2 2 2 2 2 2 2 2 2 2 2 2 2 2 2 2 2 2 2 2 2 2 2 2 2 2 2 2 2 2 2 2 2 2 2 2 2 2 2 2 2 2 2 2 2 2 2 2 2
left_child=1 5 6 11 13 53 10 48 19 22 16 12 45 24 18 38 -2 -7 21 58 88 46 29 27 25 26 -5 28 -15 54 31 52 39 65 -23 -14 55 -27 93 -26 41 -17 -34 -38 -11 -3 -13 -29 -4 70 78 -52 -22 -1 -6 -25 -50 -33 -9 -60 82 -61 -19 64 -37 77 84 -68 79 -67 -24 72 74 -74 -18 -31 -64 -16 -35 87 -20 -65 92 -51 -62 -73 -87 94 -12 -82 91 -46 -21 -8 -10 -70
right_child=2 3 7 4 9 17 15 8 68 44 20 14 35 23 33 40 71 62 80 60 30 34 49 36 32 37 -28 47 -30 75 -32 57 42 50 -36 63 43 -39 -40 -41 -42 -43 -44 -45 90 -47 -48 -49 56 83 51 -53 -54 -55 -56 -57 -58 -59 59 61 66 -63 76 81 -66 69 67 -69 95 -71 -72 85 73 -75 -76 -77 -78 -79 -80 -81 89 -83 -84 -85 -86 86 -88 -89 -90 -91 -92 -93 -94 -95 -96 -97
leaf_value=0.058275404732610447 0.028297199936901763 0.022969074632240776 0.018772152570128486 0.020030373700271824 -0.029249459368108369 0.041697877286843939 0.054914576236594716 -0.037534717060062783 -0.012885826569597339 0.0083902973541961079 -0.042090346549633173 -0.007722092696430905 0.059974743869049607 -0.021982274126961035 0.043752609201390451 -0.017756982809019776 -0.0013615880485982725 0.0046158552404941934 0.050718583159174546 -0.025935132608126778 0.0072037209606911319 0.039031464934976924 0.029830469675847449 -0.0042268339241620786 0.0057270472723562164 0.0032164534390026474 -0.015607423085081019 -0.022215508380808255 0.029626633027920408 0.044779367919904334 0.037281165119322161 -0.029252711794666993 0.0044052732032924171 0.014281272994682315 0.011608514682374836 0.042307636860407949 0.0076891111603287115 0.031740169455461924 0.011089646234941171 -0.0033749541074420356 -0.039877241285480876 0.034376912319873491 0.038912905008566173 0.00013012629885120661 -0.046142054680740452 -0.0059792013589770009 0.015437558757524015 0.0029868595376002635 -0.034454567256015117 0.005321363539698064 0.049087778591815408 0.016708714921992791 0.045876601714943913 0.028126076810712476 -0.0042442943128011305 -0.043210796419922967 0.0023476425075927435 0.0017824345837917897 -0.014913451559689806 0.064540545122958037 -0.027509608806313396 0 -0.04446665783681264 0.047279065879327835 0.011467584043134279 0.015602626572470342 0.013971473232188029 -0.033500458964505493 -0.017004597649283651 0.031728979025465946 -0.017901782265281854 0 -0.029092055559063093 0.024891026205819095 -0.036173821736901542 0.0020297625961108907 -0.0061805513365210769 0.022986207228182471 -0.0086418722937230581 0.0038867645095012082 0.013519370052391164 0.022934956575502409 -0.0016947067318584799 -0.033419672033952012 -0.044002462315662502 -0.042865199163363787 -0.028554258352598318 -0.0074625845089128177 -0.013427817004074914 0.033165167580723888 -0.013158408543176263 -0.011122564040171756 -0.042542655765617943 0.033153789215531242 -0.04703464561375361 -0.050602721167447719
leaf_weight=3103.2252087816596 10.490314230322836 27.447660721838474 18.680705599486828 389.47926376014948 22.735120508819818 13.470816645771263 31.937694055959582 4.5298031996935633 3.3661805689334861 5.0639719851315013 10.613127842545511 99.572090372443199 34.543878868222237 11.697934720665215 51.318390414118767 11.501154586672788 13.226706981658934 17.369989521801472 20.065537214279175 17.505105270072818 29.772992100566626 24.972631998360157 5.9135331511497498 19.525792114436626 1773.2826167512685 419.14735304564238 20.779823541641235 99.518505988642573 21.912142720073462 9.5677655488252658 17.531157521530986 24.60833689942956 27.197667447850108 25.57713508605957 2648.6264140494168 30.067573845386505 370.60011698305607 21.889761924743652 19.38688543997705 227.22148051671684 7.9104613233357659 12.578277617692946 30.664903396740556 1126.9036231078207 92.040861072018743 44.5649683624506 35.406171046197414 28.118221363052726 14.694537900388239 3.9693281520158044 26.250980719923973 1129.0944094657898 11.548214562237261 19.560053043067455 143.6791008785367 12.866638129577039 17.834930136799812 21.585428092628717 7.5101599227637061 4.2140493094921077 107.1459927149117 3.915765855461359 10.77889481931925 58.073261804878712 49.142414025962353 110.36482834815979 9.4066594541072828 6.0939706340432158 3.9369500800967208 58.07369926571846 6.7149788141250593 4.5602805987000457 8.1183012053370494 13.247929763048885 33.73524871841073 8.960944361984728 12.943340949714182 43.531843438744545 32.43561826646328 2.3665537573397151 20.815925568342209 24.016683340072632 5.2263667751103631 58.891853095963597 43.300457386299968 46.229255789890885 158.57240221649408 3.8263718634843817 13.033247884362934 21.560516148805618 4.7022254578769198 3.1499885059893122 335.50021630339324 17.820617143064737 1284.416727501899 3796.3727245777845
leaf_count=24969 102 118 146 2096 355 82 193 123 137 77 114 423 189 93 218 174 196 96 110 597 281 106 114 325 10599 2374 103 792 192 94 113 250 170 103 11203 133 2529 134 103 1431 174 105 207 8501 3660 190 158 234 121 84 107 4595 96 122 1576 396 151 214 184 109 3388 101 218 272 236 469 291 209 148 248 150 110 141 219 509 108 100 184 131 54 105 110 175 1658 1523 1376 4599 117 134 110 183 125 12720 115 55362 174367
internal_value=-0.000697429 0.0207287 -0.0447307 0.00864971 0.00277551 0.05713 -0.00919983 -0.0479604 -0.048374 -0.0194274 -0.0176532 0.0149651 0.0293636 0.00454676 0.0140659 0.0252958 -0.0258955 0.00117873 0.0117621 -0.0365493 0.000812692 0.011244 -0.0103587 0.000316711 0.00700047 0.0112443 0.0181507 -0.010705 0.0112077 -0.00428124 0.00779758 0.00125033 0.00523354 0.0185219 0.0118901 0.0381051 0.00149425 0.00475754 0.0386211 0.00468647 -0.00364757 0.00950398 0.0233826 0.00201331 -0.0413728 0.00516196 -0.00147091 -0.0166158 -0.00215801 -0.0247447 0.0167562 0.0175157 0.0194738 0.0581034 -0.00795077 -0.0212338 -0.0147691 -0.014941 0 0.0127937 -0.0379383 0.0377635 -0.0128701 0.0328507 0.0238669 0.0264802 -0.0302911 -0.00541271 -0.0496244 0.0214525 0.00453596 -0.0281196 -0.0174338 0.00337944 -0.026921 0.0263043 -0.0255833 0.0348318 0.00140186 -0.0467628 0.0340977 0.0408158 -0.0413119 -0.030751 -0.0327098 -0.0314109 -0.0321213 -0.0468677 -0.0284333 0.0245349 -0.0440809 -0.0452772 -0.0418605 0.0485144 -0.0469682 -0.0505773
internal_weight=18966.9 12759.1 6207.85 9581.72 4966.2 3177.35 518.008 5689.84 5638.63 365.39 416.873 4615.52 267.856 4600.81 4347.67 101.135 288.18 54.563 2871.02 544.349 128.693 2808.58 260.433 1691.14 2909.66 851.296 410.259 161.247 33.6101 184.943 105.046 87.515 2058.37 1476.65 2673.6 195.844 1529.9 441.037 69.1452 2000.5 31.9899 24.0794 57.8626 1497.5 104.957 72.0126 134.978 127.637 51.2102 75.4897 1213.36 1155.35 41.3212 3122.79 166.414 32.3924 32.5295 46.1938 20.1698 15.64 524.179 8.12982 41.0922 161.3 79.21 263.289 165.947 15.5006 5094.29 168.439 12.6285 277.69 68.3282 21.3662 46.962 18.5287 23.7222 94.8502 58.0128 1293.98 62.442 82.0899 358.232 62.8612 150.446 209.362 204.802 1291.61 23.6464 42.3764 99.8931 95.1908 353.005 49.7583 1287.78 3800.31
internal_count=342806 83465 259341 57878 38360 25587 9318 250023 249605 8184 8454 19518 1248 30176 18270 864 7252 496 12215 19420 1202 11890 4139 13062 17114 4707 2199 1311 285 2133 954 841 12407 6055 11309 940 11751 2508 411 12030 453 279 377 11030 4045 308 581 1026 418 2006 4936 4702 377 25091 1931 721 272 464 517 394 18903 210 414 751 369 1119 5411 500 230185 717 264 7150 1065 360 705 202 318 402 234 55670 325 382 13492 1742 4911 6085 5975 55616 248 215 3968 3785 13317 308 55499 174515
is_linear=0
shrinkage=0.05


Tree=36
num_leaves=102
num_cat=0
split_feature=24 103 44 0 32 44 3 34 11 48 2 42 0 0 103 52 61 72 113 93 114 44 95 103 107 113 86 13 3 71 9 109 102 71 107 113 94 86 15 52 107 3 109 82 111 115 107 65 94 113 15 34 108 71 34 94 113 9 99 67 5 109 5 63 3 54 67 65 53 11 107 69 46 9 109 94 3 99 94 53 2 82 53 2 77 17 109 67 2 69 53 65 107 48 108 114 96 2 69 67 65
split_gain=6641.93 2197.33 294.214 121.436 75.4852 63.5166 58.802 45.7477 30.3145 25.936 25.8021 20.792 19.81 15.122 14.2385 10.0479 9.91573 9.90635 10.1242 9.32454 8.98186 10.7274 8.80647 10.0009 8.55338 11.2262 8.37287 8.26099 8.04291 8.59286 8.03065 7.90945 8.40061 7.80822 7.80362 7.80246 9.54635 8.3499 7.72213 7.47691 6.93399 7.71186 6.82841 8.37099 6.69844 6.57447 6.25336 6.08789 7.97635 6.35277 5.99744 5.8662 5.79765 5.7154 5.61229 6.59243 6.85228 5.49413 7.03922 5.21363 5.04722 8.15024 6.06957 5.0473 4.92362 4.89709 4.79472 4.63628 4.61921 4.56597 4.441 4.3604 4.06964 3.97471 3.88852 3.77822 4.68482 3.69968 3.37767 3.21854 3.19567 2.93068 2.90321 2.88394 4.40006 2.72998 2.47204 2.05161 1.89993 1.5396 1.34444 1.65788 1.17919 1.15626 1.04747 1.71028 1.36458 0.786343 0.85715 0.524582 0.0114799
threshold=7.5000000000000009 0.045877892524003989 0.10557275637984277 2.4414010047912602 12.500000000000002 0.083722744137048735 0.90970999002456676 16.500000000000004 1.5000000000000002 0.042274795472621925 1.919866740703583 0.048199767246842391 1.4978661537170412 3.1984648704528813 1.34339314699173 0.79932886362075817 6.2151780128479013 1.0000000180025095e-35 3.191580176353455 1.5000000000000002 3.4754471778869633 0.22163555026054385 9.3636045455932635 1.4388095736503603 1.4642214179039004 -8.7629351615905744 0.24908759444952014 2.5000000000000004 1.6360502839088442 6.6404378414154062 41.500000000000007 0.16296536475420001 3.0409445762634282 7.2082676887512216 1.9325942993164065 -8.7533717155456525 9.5892210006713885 0.65833333134651195 2.5000000000000004 0.62481230497360241 1.0073366761207583 2.1220784187316899 0.34090769290924078 1.0000000180025095e-35 -15.369168281555174 0.00059187598526477825 2.0985091924667363 10.184216976165773 9.0132398605346697 3.1490237712860112 2.5000000000000004 16.500000000000004 6.2295262813568124 6.2289698123931894 24.500000000000004 9.4130892753601092 -8.7629351615905744 77.500000000000014 3.0848872661590581 13.51511335372925 2.5000000000000004 0.085148699581623091 5.5000000000000009 10.173799037933351 1.9109650254249575 1.1570723652839663 11.195532321929933 9.8938050270080584 0.7336021661758424 3.5000000000000004 1.8347029089927676 5.6290140151977548 0.20599461346864703 80.500000000000014 0.03287861309945584 8.6526875495910662 1.5120227336883547 1.9692077636718752 9.3461070060729998 0.4743421077728272 1.6743527650833132 7.5000000000000009 0.64747309684753429 0.88869690895080578 29.500000000000004 17.500000000000004 0.74932107329368602 10.830638885498049 0.80095681548118602 9.605410575866701 0.45534290373325353 11.014407157897951 1.5027936697006228 0.028571427799761299 10.489816665649416 3.3810083866119389 0.23205128312110904 1.1104168891906741 9.7153415679931658 13.729286670684816 12.433994293212892
decision_type=2 2 2 2 2 2 2 2 2 2 2 2 2 2 2 2 2 2 2 2 2 2 2 2 2 2 2 2 2 2 2 2 2 2 2 2 2 2 2 2 2 2 2 2 2 2 2 2 2 2 2 2 2 2 2 2 2 2 2 2 2 2 2 2 2 2 2 2 2 2 2 2 2 2 2 2 2 2 2 2 2 2 2 2 2 2 2 2 2 2 2 2 2 2 2 2 2 2 2 2 2
left_child=1 5 6 4 16 50 11 33 27 19 13 22 67 34 75 59 20 18 74 26 35 -22 86 -24 25 -21 71 65 29 -18 -20 32 53 -4 40 37 -37 -3 -7 -40 41 -5 43 -36 -30 -42 -44 48 -33 -49 -1 -11 -46 -15 55 87 -57 58 -29 83 61 63 82 -56 -35 -9 -63 -8 -64 80 -34 -6 78 -26 -16 76 -12 -78 -59 -19 90 -67 -62 100 -85 -28 -2 -14 -74 94 91 -10 -31 -71 95 -69 -96 98 -53 -92 -13
right_child=2 3 7 10 9 38 12 8 69 51 14 15 54 31 17 -17 28 79 30 24 21 -23 23 -25 73 -27 85 57 44 92 -32 47 70 64 42 36 -38 -39 39 -41 45 -43 46 -45 52 -47 -48 49 -50 -51 -52 97 -54 -55 60 56 -58 72 -60 -61 62 66 68 -65 -66 81 -68 89 -70 93 -72 -73 88 -75 -76 -77 77 -79 -80 -81 -82 -83 -84 84 -86 -87 -88 -89 -90 -91 99 -93 -94 -95 96 -97 -98 -99 -100 -101 -102
leaf_value=0.05784702013947312 0.057823313957491566 0.0008782648714945031 0.026530867732551956 0.00562552639924533 -0.022537768681300367 0.028085939564938475 0.012542598404687605 -0.032118593730299565 -0.034365126830360006 0.0086357668063126482 0.055094714611089779 -0.04678808653172542 0.0008701642109751437 0.016087615467911289 0.02161511311636936 0.02614557422245168 0.026673313425147484 0.050492249946874485 0.01443525630905328 0.039398086812755195 0.055552517468154095 0 0.042923351943260468 -0.0091678645692290176 0 -0.01570292610155502 0.0377909741568647 -0.032735027095492468 0.030646804243907134 -0.0094193941176426068 0.035378702615611428 0.017954577485669542 0.0058723775470278352 0.0013416675137807969 0.041079405167935144 0.0064230157952399926 0.022287549861829931 0.014830538701843105 0.0050676192662495179 -0.041417441286904971 0.0026542832278792631 0.031260965847773874 0.016343848161313467 0.016221863206725043 -0.0087953248531659547 0.0089944343322738204 0.0050280489606277694 0.051367620783796412 -0.0059186468962099704 0.017199896628083626 0.029507246723360872 -0.0451520350893942 0.0014957507435823354 -0.003359902425193489 0.038208966186260108 0.048606992857842819 -0.0010011512431322071 -0.031076660958517535 0.042509786784586459 0.022356849193715597 -0.0099985877435534859 0.005930299633000677 0.01528305842184789 -0.0051570070575014748 -0.036949135357329785 0.031991655627549839 -0.02156814485833751 -0.041243369893495224 -0.018041542648575333 -0.008284860791876637 -0.01410931101077482 0.010720935762931363 -0.044102560737384389 -0.029031804413979463 0.0065925324313232132 0.016986604758038568 0.012505986078055998 0.036904374911919911 0.0040334798154947008 0.021995958637832626 -0.0055904103023825882 -0.01298445459105578 -0.038892235035989021 -0.030463913046363967 0.012597200201126589 0.0073005616579200185 0.028717735113761651 -0.031006107553815554 -0.035855937960144239 -0.0068630354797774617 -0.046771587287450317 0.0072710654450449889 -0.042612141221804345 -0.050590488211061116 -0.0048299220363631672 -0.0055803201625723581 -0.033011192807636876 -0.0069837616043644151 -0.0068154572116563856 -0.012758016270725651 -0.016974873147960163
leaf_weight=2964.5042542815208 30.832443580031395 1156.8017006963491 16.802887951955199 56.429408729076385 27.177640181034803 18.244401395320892 4.1106959190219632 7.80863696523011 3.6575549058616152 4.8581780381500712 34.709977462887764 10.089806573465465 8.3452741038054246 336.11239536106586 53.083210535347462 17.616889679804444 5.2816048804670599 27.838237553834915 104.48211655020714 11.88353751786053 17.845446024090052 16.412835624068975 15.00477779842913 19.384097615256906 13.518145762383936 28.305661868304014 14.052243739366533 5.7185529973357898 16.897508911788464 5.1695179119706181 89.22278043627739 961.05995872616768 75.182065203785896 19.866557482630014 39.173814684152603 1261.9867090340704 102.13492971286178 116.99028889276087 24.4796983897686 11.421446505933998 575.86471040174365 64.210650742053986 219.9222217425704 272.85086877644062 154.03555091284215 1466.824797436595 284.60114990547299 27.214942499995232 34.990026071667671 32.646710529923439 25.037663144990802 98.6517947409302 1134.9268482513726 41.081386104226112 13.302344607189299 11.27437984198332 14.327046472579239 14.91963970474899 3.9578502662479877 5.5256771966814986 13.807477032765744 21.048251850530505 14.157497456297277 11.040114449337123 12.349654115736483 7.5850980058312398 51.9224007204175 94.922057293355465 28.934626908972859 2.8269124310463658 41.980919659137726 13.440383926033972 203.19296752847731 95.323661463335156 239.33937618136406 31.056230917572975 23.330167427659035 81.358121976256371 10.445730803534387 23.542673006653786 5.7729372140020123 4.5547805447131395 41.203200874850154 11.498653288930656 9.3431958444416505 17.545271951705217 18.614820556715131 9.1311574671417457 265.61926026642323 5.951373651623725 1221.2301649339497 3.0610121116042137 19.710908871144056 3625.0198747795075 8.7855969313532132 4.6887785624712697 11.262194393202661 2.7010985929518929 2.6990811936557284 3.2832178547978392 3.6881454028189173
leaf_count=24880 173 7344 133 251 183 90 95 208 161 40 185 277 89 1377 230 132 109 139 427 209 106 107 84 120 200 649 98 179 119 150 388 3949 314 177 169 7789 633 757 179 227 2755 278 967 1212 1162 6233 1258 111 142 134 157 3963 8427 165 153 131 164 510 116 101 197 328 241 131 105 183 864 2994 607 101 169 123 8053 2236 1014 150 101 382 334 103 179 116 750 219 176 125 105 122 9574 175 55003 131 493 174741 233 146 392 93 106 103 93
internal_value=-0.000869204 0.0196593 -0.0444249 0.00789251 0.00170203 0.0566561 -0.00805559 -0.0478297 -0.048267 -0.0212189 0.0130158 0.0191572 -0.0185827 0.0116165 0.0219118 -0.00376014 0.00359977 0.0177906 0.0154567 -0.0111889 0.00535746 0.0303248 0.0348527 0.0141263 -0.018288 0.00118135 0.00339983 -0.0365097 7.46704e-05 -0.0248176 0.024331 0.0156363 0.0103157 4.99924e-05 0.00951509 0.00501238 0.00764133 0.00218348 0.002714 -0.0105216 0.00792178 0.0195682 0.0137018 0.0195562 0.000685083 0.0072152 0.0100142 0.0180996 0.0170983 0.0337725 0.0576279 -0.0410751 0.000249388 0.0139382 -0.00986378 0.00614689 0.0219575 -0.037759 0 -0.0175927 -0.0134639 -0.00513688 -0.0214218 0.0189964 -0.0140308 -0.00405394 -0.0135423 -0.0342404 -0.00672301 -0.0495192 -0.00129088 -0.0113053 -0.0384875 -0.0254859 0.00944998 0.034581 0.0382072 0.0318147 -0.0168278 0.0386187 -0.0463904 0.0148117 -0.0322749 -0.0249096 -0.0111627 0.0222608 0.0482307 -0.0163921 -0.0395807 -0.03598 -0.0465666 -0.0163139 -0.0370223 -0.0505637 -0.0372427 -0.0397713 -0.0223213 -0.0435806 -0.0443426 -0.0467043 -0.0419122
internal_weight=18567.6 12620.1 5947.49 9576.46 4338.35 3043.69 509.813 5437.67 5388.65 330.157 5238.11 141.599 368.214 4530.15 707.963 57.7624 4008.19 537.508 486.127 221.247 2672.17 34.2583 83.8361 34.3889 149.031 40.1892 72.2155 523.803 1336.02 30.162 193.705 1550.27 494.357 49.0191 2979.88 2637.91 1364.12 1273.79 54.1455 35.9011 2163.33 120.64 816.548 312.025 1305.86 2042.69 504.523 1055.91 996.05 59.8617 2989.54 108.91 1288.96 377.194 238.494 43.0779 25.6014 503.854 9.6764 40.1455 195.416 97.3131 98.1028 24.3425 32.2162 19.9485 72.9707 129.721 43.0921 4864.85 117.163 40.618 494.178 108.842 292.423 170.454 139.398 104.688 25.3654 51.3809 1237 12.1399 55.0107 34.6198 20.8418 31.5975 49.4473 17.4764 468.812 125.61 1231.23 6.71857 24.8804 3627.85 119.659 99.6108 20.0478 104.052 101.351 1224.51 13.778
internal_count=342756 83357 259399 57824 35221 25533 9292 250107 249692 8025 22603 1480 7812 19484 3119 998 27196 2301 2059 3823 16736 213 482 204 3294 858 529 19273 10460 752 815 6361 2025 415 13123 16523 8422 8101 496 406 9517 529 3606 1381 9708 8988 2225 4336 4091 245 25037 4202 9589 1542 3777 506 295 18766 295 866 3271 1476 1795 284 282 507 1192 4035 848 230419 483 306 18471 2436 1244 818 668 483 844 242 55577 299 947 765 395 223 278 211 17627 3940 55398 292 643 174842 3765 3140 625 4162 4069 55106 370
is_linear=0
shrinkage=0.05


Tree=37
num_leaves=90
num_cat=0
split_feature=24 103 44 112 44 2 21 34 48 11 92 21 21 48 46 100 48 103 109 53 24 107 2 2 52 114 65 49 112 21 74 19 113 108 13 113 3 114 102 3 90 114 61 63 107 107 46 2 53 48 113 44 3 52 38 19 86 65 108 84 48 48 53 108 0 54 15 63 113 109 44 103 115 63 100 112 113 113 54 9 112 63 44 113 44 48 53 53 53
split_gain=6302.44 2084.83 274.494 118.565 63.6522 48.1038 45.3272 42.0259 64.0901 30.0361 19.176 18.7687 17.4541 14.2321 12.1992 11.53 11.2907 9.66651 19.6916 8.9541 8.89575 10.195 9.27315 8.8854 8.80354 8.62471 7.2885 7.1488 8.18225 7.05211 7.05068 6.99236 9.77242 6.81633 6.80132 6.55433 8.2422 7.16894 6.53501 6.29942 6.19425 6.11588 8.24485 9.80054 6.01104 5.74224 5.56589 5.08922 4.92202 4.75013 4.55117 4.83581 4.30895 4.73422 4.30805 6.44103 4.29145 4.60137 4.21532 3.95778 5.78396 3.89201 3.81124 5.54665 3.6 3.56773 3.47016 3.36367 3.21748 3.17814 3.11336 3.08846 5.82188 3.00762 2.62575 2.52752 2.45489 2.2516 1.52799 1.31722 1.20268 0.992772 0.890813 0.505126 0.482466 0.378007 0.440331 0.449536 0.156862
threshold=7.5000000000000009 0.045877892524003989 0.10557275637984277 -6.9058229923248282 0.083722744137048735 1.8170579075813296 19.500000000000004 19.500000000000004 0.040057305246591575 2.5000000000000004 2.5000000000000004 19.500000000000004 50.500000000000007 0.020478053949773315 0.21960458159446719 1.0000000180025095e-35 0.058741372078657157 0.76749393343925487 0.0026426607510074977 0.30053764581680303 1.5000000000000002 0.99269267916679393 0.41292878985404974 0.80095681548118602 0.91734972596168529 3.3498877286911015 11.408493995666506 0.22742946445941928 -0.3086958229541778 29.500000000000004 17.500000000000004 6.5000000000000009 3.1393185853958134 8.7137970924377459 2.5000000000000004 3.0337890386581425 1.9506495594978335 3.3498877286911015 2.8451999425888066 1.1023023724555971 7.5000000000000009 3.5770244598388676 10.455558300018312 10.117557525634767 1.246237635612488 1.436125695705414 0.20599461346864703 2.1301832199096684 2.3397434949874882 0.046547738835215575 -8.7207984924316388 0.28415071964263922 1.488777816295624 0.64464110136032116 1.5000000000000002 6.5000000000000009 0.22176685184240344 10.462043762207033 8.5405387878417987 0.33084577322006231 0.031249999068677429 0.037094369530677802 0.70036494731903087 8.8224043846130389 2.8617925643920903 1.0693664550781252 11.500000000000002 9.754765987396242 -8.9603061676025373 0.87908682227134716 0.28415071964263922 1.5616230368614199 0.00057494515203870844 7.4796636104583749 2.0981202125549321 -14.308107852935789 -8.7345404624938947 -7.862313747406005 1.2758620381355288 70.500000000000014 3.5355842113494877 7.9133636951446542 0.40192307531833654 3.1393185853958134 0.047905908897519119 0.034636637195944793 1.0717142820358279 0.64334636926651012 0.45534290373325353
decision_type=2 2 2 2 2 2 2 2 2 2 2 2 2 2 2 2 2 2 2 2 2 2 2 2 2 2 2 2 2 2 2 2 2 2 2 2 2 2 2 2 2 2 2 2 2 2 2 2 2 2 2 2 2 2 2 2 2 2 2 2 2 2 2 2 2 2 2 2 2 2 2 2 2 2 2 2 2 2 2 2 2 2 2 2 2 2 2 2 2
left_child=1 4 5 11 46 13 40 16 10 23 24 14 45 26 17 50 20 18 -3 79 21 -5 -22 80 25 -9 56 -28 66 75 77 32 -19 54 76 36 -35 -37 -24 -12 70 42 43 -18 -23 -7 -1 -33 -42 65 -6 -52 53 84 64 -56 57 -2 -31 60 -55 -41 -47 -64 -16 -36 -29 -59 -51 -61 -4 78 -73 -10 -30 -21 -25 -14 -58 -13 81 -8 -83 -20 -15 86 87 -11 -87
right_child=2 3 6 7 15 12 9 8 73 85 39 19 30 52 33 -17 41 31 83 29 22 44 38 34 -26 -27 27 28 74 58 -32 47 -34 35 49 37 -38 -39 -40 61 48 -43 -44 -45 -46 62 -48 -49 -50 68 51 -53 -54 59 55 -57 71 67 -60 69 -62 -63 63 -65 -66 -67 -68 -69 -70 -71 -72 72 -74 -75 -76 -77 -78 -79 -80 -81 -82 82 -84 -85 -86 88 -88 -89 -90
leaf_value=0.057333303846738862 0.022514646577568201 -0.0030643428307055407 -0.034367362492667211 0.045236343048018199 0.011411061376080157 0.0214972681810147 -0.0047690103996032088 0.0059392673283748879 0 -0.0081288847244414177 0.03082665129895313 0.052687989863950319 0.029356657215088636 -0.013494797395097034 -0.017086403158846696 0.044946560419492382 0.0031689577498891872 0.013674553739818832 0.039093408535739158 0.048687488910700391 0.038473608783271177 -0.0088882771369180515 0.0084296374825511451 -0.018594003847962323 0.046060950150054736 -0.023751222409965762 0.028522402266753861 0.035361212683739589 -0.0072860186397413736 -0.0096919042659014843 0.0056614079294959084 0.011967053375447791 0.022868984332325874 0.00093937461276457517 0.0088309810436303822 -0.0095597601662303303 0.025728659369487629 0.012094080174957949 0.0026334102574321222 -0.029157869371919939 -0.0056116787741100271 -0.022132434657226148 0.029690744821752803 -0.0092313313646430264 0.013363052605959934 -0.028723508413065896 0.024831018851189754 0.022958863680236301 0.035924146465498137 -0.0021596201082640168 -0.035580872567622268 0.0058600242599279101 0.018324438185280203 -0.0082689218947291972 0.021926879851074034 0.0042459603698819402 -0.046881245813349466 -0.036655290909669958 0.019058040672865609 -0.038908052234323615 -0.031274691095632211 0.012197489677419487 -0.024034482871383087 0.016610214650668798 0.0015906007140577883 -0.031610594016366046 -0.0056141739528569956 0.00022938020567078843 -0.044191064360500798 -0.0096078278953027185 -0.00012139773759262583 0.01336912703733913 -0.030428805198097954 -0.045500732035031702 -0.048106356479557202 0.022145772325437102 0.022298723669456247 0.054709860640340106 -0.013015793290407252 0.030122449971376308 -0.0018468049418682829 -0.0447231667259664 -0.0063734716292908195 0.059669288540924986 -0.048669260823733608 -0.021608813174169832 -0.0064453708136395088 -0.040986639870199071 -0.050237871861603368
leaf_weight=2860.8363771978766 11.550035607069729 25.249316841363907 12.432183958590032 22.915839225053787 15.059134563431138 16.47725697234273 2.5139852669090024 260.40434293262661 3.719378385692834 2.8123344834894004 3.8128264769911757 41.940611883997917 30.702527184039354 3.3204678297042873 30.605023518204689 10.844350654631851 2515.089411970228 652.39365974068642 29.365663573145866 20.241582781076431 19.977009795606136 31.348134890198708 912.0265982914716 5.5209940224885941 11.054967269301413 25.412679262459278 22.716268204152584 9.2773258462548274 8.7207607366144675 19.811441708356142 19.695167515426874 1501.8305695950985 549.10449896752834 44.365749597549438 4.5849621538072816 47.177073076367378 149.22783625125885 173.47136352956295 1058.7670528311282 69.241774244233966 12.656140640377998 23.519004864618182 26.515319399535656 168.32118192128837 387.71005849540234 17.958775710314512 17.514293417334557 116.54115600883961 13.003672823309898 5.3705853689461938 18.28902478329838 9.7629281282424909 4.0426839068531981 71.092860193923116 64.327209532260895 253.37371357530355 15.213808469474317 8.4409510642290133 29.746236613020301 55.660418758168817 46.402411837130785 5.0239113420248023 12.991690646857025 18.424118109047413 127.28145682811737 256.02567153982818 8.5623055994510633 14.902919201180337 153.77981579117477 13.614525428041814 13.829644754528998 11.856743641197683 15.981173954904078 106.38817913644016 8.3871836848556978 27.466140294447541 6.0866136662662012 23.11019467189908 7.1954491399228564 20.136951714754105 2.2828359715640536 660.6641161236912 2.6694818604737511 23.558349147439003 27.54100157879293 4.8260383512824765 2.6619573310017577 21.323708536103368 4000.8094772472978
leaf_count=25045 119 105 98 102 146 127 102 2383 102 105 72 263 168 71 134 62 17790 2670 153 97 155 143 4753 131 54 316 151 143 103 106 100 6147 2268 190 164 194 632 717 5514 1952 108 178 191 1231 1804 140 102 487 106 240 196 94 47 1673 264 1070 242 111 171 1868 1532 153 123 142 521 9219 100 203 6789 444 117 183 248 4427 113 146 144 129 98 102 98 29218 121 133 931 226 104 860 201593
internal_value=-0.000556496 0.0192557 -0.0442008 0.0079784 0.0561438 -0.00891334 -0.047625 0.00333027 -0.0107137 -0.0480952 -0.000782899 0.0146268 0.0159162 -0.0184606 0.013904 0.00208607 0.00465353 0.0154831 0.0328829 0.0314563 0.00713267 0.0135601 0.00569155 -0.0405466 0.0050092 0.00315439 -0.00597142 0.00752502 -0.00646126 0.021252 0.0324202 0.01498 0.0179081 0.00873273 -0.0345024 0.0134263 0.0201499 0.00738595 0.00532518 -0.0226107 -0.000918748 0.00244076 0.00266984 0.00238268 0.011649 -0.00266984 0.057152 0.0127853 0.0158908 -0.0355448 -0.00961986 -0.0212544 -0.0263673 -0.0273629 0.00459423 0.00794349 -0.0151997 -0.00128618 0.00742187 -0.0238892 -0.0177183 -0.0260422 -0.0113275 -0.000223492 -0.00209378 -0.0308145 0.0162675 -0.0141132 -0.0428684 -0.0336167 -0.0176744 -0.0243512 -0.0117037 -0.0439767 -0.0301003 0.0347511 0.00218373 0.0416139 -0.0379243 0.0464088 -0.044348 -0.0444743 -0.0445986 0.0498283 -0.0459947 -0.0501351 -0.0359512 -0.0382478 -0.050214
internal_weight=18218.5 12530.8 5687.69 9598.46 2932.31 503.839 5183.85 5651.25 485.058 5131.93 374.951 3947.22 139.36 364.479 3787.87 53.9554 5166.19 2898.04 78.1733 159.343 2432.74 441.974 1990.77 1099.5 296.872 285.817 142.805 57.6638 34.9476 97.2654 73.5079 2819.87 1201.5 889.829 431.369 414.242 193.594 220.648 1970.79 78.0785 51.9216 2733.44 2709.93 2683.41 419.058 65.8518 2878.35 1618.37 25.6598 419.761 43.1111 28.052 221.674 217.632 475.587 317.701 85.1411 34.8939 49.5577 186.77 117.495 74.2657 49.3746 31.4158 157.886 260.611 17.8396 23.3439 159.15 69.2749 26.2618 50.2472 27.8379 110.108 17.1079 47.7077 11.6076 53.8127 22.4093 62.0776 668.13 665.848 663.334 52.924 30.8615 4032.43 26.798 24.136 4005.64
internal_count=342387 83535 258852 57890 25645 9309 249543 41320 9459 249114 4930 16570 929 8380 15685 498 31861 11963 391 885 12471 2049 10422 46226 2753 2699 1814 610 459 520 397 11572 4938 3722 16687 1733 822 911 10267 2177 429 19390 19212 19021 1947 532 25147 6634 214 16412 436 290 6566 6519 1989 1334 1204 433 277 5517 3205 2105 405 265 655 9383 243 314 7029 2312 215 771 431 4529 216 243 275 297 340 365 29539 29441 29339 286 1002 202888 1069 965 201819
is_linear=0
shrinkage=0.05


Tree=38
num_leaves=103
num_cat=0
split_feature=15 103 44 0 21 44 21 97 23 49 2 15 34 103 100 3 2 67 100 2 107 49 9 2 17 94 71 48 105 2 115 53 77 46 53 52 17 15 108 105 49 107 2 2 2 2 54 71 108 105 114 109 103 103 109 11 19 67 97 100 19 71 105 48 114 2 109 96 90 71 114 102 2 21 72 67 48 53 44 95 17 17 108 44 48 114 53 28 23 67 32 50 54 108 77 54 49 69 114 50 48 46
split_gain=5823.06 2051.43 252.072 118.048 79.6573 72.7405 47.94 41.0584 35.9983 27.6805 21.073 16.4449 15.0522 14.8907 21.3958 14.7117 11.615 12.5777 10.7612 10.0959 9.12828 9.82563 8.80953 8.75318 16.0278 8.64484 11.6983 10.8711 8.23504 8.20517 9.30763 9.7912 9.13855 9.11189 7.64202 7.61436 7.39776 6.92383 6.83843 6.66424 6.63172 6.60156 6.55218 8.50583 6.4819 10.1981 8.83439 6.32241 5.9971 5.83915 5.50712 5.41701 5.16837 5.16837 7.43457 5.07965 4.91863 4.92841 4.71972 5.85093 4.55431 4.47356 4.3334 4.20384 5.49078 4.13742 10.2347 4.96007 4.11619 4.02599 3.7156 3.57759 3.46198 3.44025 3.38548 2.91119 2.80035 2.54208 2.2645 2.06724 3.53537 8.20206 1.69446 2.09819 1.86872 1.67997 3.6444 1.66972 1.65428 1.67686 1.44429 2.36658 0.96805 0.884102 0.778812 1.62401 0.684809 1.3839 0.520883 0.327231 0.230065 0.0938014
threshold=7.5000000000000009 0.045877892524003989 0.10557275637984277 2.3502402305603032 21.500000000000004 0.083722744137048735 90.500000000000014 0.3717105239629746 2.5000000000000004 0.19999996572732928 0.89841955900192272 27.500000000000004 15.500000000000002 0.96326717734336864 0.5103253722190858 1.68536913394928 0.6828211545944215 11.34675979614258 1.0000000180025095e-35 0.80095681548118602 1.0456117391586306 0.18315234780311587 77.500000000000014 2.3156390190124516 1.5000000000000002 9.2533440589904803 8.3678164482116717 0.020478053949773315 1.1214001774787905 0.74897682666778576 0.69231763482093822 1.3989247083663943 10.500000000000002 0.30373959243297582 0.3364779949188233 0.69179204106330883 19.500000000000004 2.5000000000000004 7.6898744106292733 2.265022993087769 0.24999995529651645 1.737067759037018 0.56922376155853283 0.65325453877449047 0.56922376155853283 0.55028969049453746 1.2499997615814211 5.1563634872436532 10.017819881439211 1.1446306109428408 -4.3090789318084708 0.000350882561178878 1.8161026239395144 0.76749393343925487 0.020628834143280986 1.5000000000000002 41.500000000000007 10.487485885620119 0.41421568393707281 12.368260860443117 8.5000000000000018 9.3019866943359393 1.0596574544906618 0.070933967828750624 3.3409103155136113 1.1454987525939944 0.011972411070019008 0.18834459781646731 7.5000000000000009 6.7898321151733407 3.228181123733521 1.7325397133827212 1.8170579075813296 36.500000000000007 1.2424533367156985 8.7132163047790545 0.025105042383074764 0.45534290373325353 0.13660287111997607 7.2191221714019784 22.500000000000004 20.500000000000004 10.979044437408449 0.047905908897519119 0.030395417474210266 3.2525334358215336 0.68801230192184459 4.5000000000000009 4.5000000000000009 13.729286670684816 13.500000000000002 0.5310148596763612 1.9241464734077456 9.8567066192626971 9.5000000000000018 1.5402702093124392 0.2113248556852341 7.4874415397644052 3.357846856117249 0.25462181866168981 0.074023339897394194 0.28469687700271612
decision_type=2 2 2 2 2 2 2 2 2 2 2 2 2 2 2 2 2 2 2 2 2 2 2 2 2 2 2 2 2 2 2 2 2 2 2 2 2 2 2 2 2 2 2 2 2 2 2 2 2 2 2 2 2 2 2 2 2 2 2 2 2 2 2 2 2 2 2 2 2 2 2 2 2 2 2 2 2 2 2 2 2 2 2 2 2 2 2 2 2 2 2 2 2 2 2 2 2 2 2 2 2 2
left_child=1 5 6 4 20 37 10 16 15 13 74 71 -10 14 -5 19 55 73 63 90 21 -3 50 36 52 72 27 38 62 40 31 32 -31 -33 -19 39 49 -1 -27 -32 -11 -38 -42 -44 45 -30 -46 -9 -37 -15 -23 -13 -25 98 -55 69 57 -49 59 61 -24 -21 -22 -7 -65 66 -28 -67 -17 -6 -29 92 85 -18 79 -26 78 87 -14 80 81 -2 83 -81 -84 86 -12 -78 89 -79 91 -4 -8 -87 -60 -96 97 -92 -16 -98 -93 -82
right_child=2 3 8 9 7 18 11 47 12 29 25 51 76 23 53 68 17 34 -20 58 28 22 60 24 75 26 65 70 44 30 35 33 -34 -35 -36 48 41 -39 -40 -41 42 -43 43 -45 46 -47 -48 56 -50 -51 -52 -53 -54 54 -56 -57 -58 -59 94 -61 -62 -63 -64 64 -66 67 -68 -69 -70 -71 -72 -73 -74 -75 -76 -77 77 88 -80 82 101 -83 84 -85 -86 93 -88 -89 -90 -91 96 100 -94 -95 95 -97 99 -99 -100 -101 -102 -103
leaf_value=0.056909706027345908 -0.027735144745830172 0.022266731862884609 0.0061985237679180235 -0.0025994542247818916 0.013340512207804141 -0.034440169356293536 0.03873063780782849 0.023874651408375955 0.0012032962880962447 0.037296681409403482 0.013879634169214698 0.016705193881092453 0.012235835512324815 -0.0094049928278895079 0.034722803583743217 -0.019717649247641317 -0.015672562238231599 0.052073655190004654 0.041866662160465327 -0.030298258338179236 0.0091238719038292879 0.026283393226910798 -0.001831910047294931 0.014923873056059659 0.0162355848729746 -0.011297873005982086 -0.03660658913873447 0.011197341532610025 0.0024972932613800832 -0.024708061059058786 0.0050482566420956068 0.020838129690786869 0.0028463236796579723 0.0057795419650737241 0.0096035021069199762 0.022082935195235163 0.011154243954943237 0.026983401088033862 0.027146776492333449 0.019245983552524968 -0.0051496167600394143 -0.029799913225031845 0.032358357967108779 0.0092615241825970019 0.0080860596534367401 -0.018939809527475121 -0.01712481541063161 -0.00428505247439689 -0.0019751847825642587 0.013786936263200645 -0.0047436617694320247 -0.026801390595690741 -0.012416896033201714 0.049837649102080252 0.017244400915967434 -0.046212013911332978 0.0061776582379915648 -0.040655564418654866 -0.044996045147883287 0.027432796323923921 -0.024271103414649556 -0.0062480037075513866 0.046992943055587828 0.015661438465778565 -0.02396866676037725 -0.005924880663742603 0.037467713531415488 -0.03257850767714477 0.018337897606918781 -0.020440970428091971 -0.029339637863517204 0.06023398562119419 -0.0019743686112510782 0.014344062828258182 0.011798171560324163 0.037740417407014865 0.013171171094234586 -0.047292336708008524 -0.034940425530647613 -0.013386078194458901 -0.042665031896644133 0.048688052629951517 0.0073306701292016529 -0.043021361463416036 -0.030958259052895055 -0.04649444686027264 -0.029608146631285911 -0.030986967600693655 -0.0506271147694125 0 -0.034675075490059395 -0.041331893148137268 0.018090340782589791 -0.015486911919637343 -0.034719042848917192 0.0012049344554404444 -0.019924351034042928 0 0.056214881069097646 -0.045327668376536553 -0.013754803169402557 -0.013224256337712889
leaf_weight=2732.5647966563702 7.784450866281988 23.987583518028259 3.9820089284330598 40.793310508131981 9.8080235011875612 12.833907911553977 18.224395766854286 3.1452793180942527 14.115396521985529 32.328392654657364 5.4703990034759071 11.91491290740669 3.431704979389905 25.928834833204746 17.983498379588127 12.387550212442877 64.265275459736586 11.832637006416915 10.134357053786514 143.43853546306491 17.260041616857052 17.557535529136658 31.461827822029591 43.158804371953011 24.292037829756737 13.03928881883621 6.4119042027741697 6.657830864191058 2488.521374842152 29.418876197189093 405.71419775485992 150.33425480499864 1061.5205711722374 310.81646334379911 62.2960882242769 201.7541189044714 18.770460695028305 24.715304793789983 58.308796277269721 104.20531153678894 39.273475646972656 17.486786654219031 59.739437073469162 125.29686507582664 830.44591801986098 55.165198551490903 34.649687677621841 10.858109127730129 28.555925816297531 2656.3457598723471 55.032083809375763 13.671045025810598 26.491309225559235 27.6554259583354 54.713785588741302 15.55864850245416 5.5082196686416856 182.7979497667402 59.933704610913992 3.7644027937203637 92.120462076738477 24.604330370202661 14.819506227970122 18.400792099535465 14.028147796168922 35.559740781784058 9.7849149666726571 36.790718786418438 13.045061703771351 38.494447484612465 17.640595471486449 18.295942351222038 14.863824371248482 9.6158026717603189 3.0963485948741427 109.66061583161354 2.6484394110739222 993.91193933412433 3.7225031610578299 9.4267545286566001 7.2581484001129848 4.1387840937823057 4.5876527894288284 76.077271737158298 5.1722522471100092 17.454507518559698 14.593588655814527 2.8070687111467123 3085.0163298174739 2.0019621662795535 6.7477450259029848 7.0774901881813985 18.745955588296056 6.1748886387795201 97.21317982673645 2.593294443562626 5.9943277779966584 3.7525721695274115 37.93657360970974 416.71844412945211 4.6681754030287266 3.359392648562789
leaf_count=24955 182 134 143 174 167 148 103 63 124 142 104 157 92 112 95 99 890 74 65 5287 118 119 210 181 101 164 177 179 17476 168 1665 672 5019 1462 963 824 112 166 598 428 183 106 286 602 4781 333 209 380 117 11124 360 147 108 126 268 645 186 6870 2493 131 692 883 100 197 145 336 258 731 108 765 485 110 126 142 79 567 125 50314 124 195 201 120 119 2709 195 390 297 133 163838 77 289 300 101 140 4011 82 219 163 223 19040 173 106
internal_value=-0.000719606 0.0179245 -0.044342 0.00704341 0.000553894 0.0555207 -0.0082268 -0.0201857 -0.0476036 0.0117208 -0.0159913 0.0262297 -0.0495289 0.0148981 0.0289392 -0.0377048 -0.00468342 0.00298094 -0.00100329 -0.038922 0.00291025 -0.00691332 -0.0106739 0.0140198 0.0240997 -0.00735685 -0.00191022 0.0100788 0.00354444 0.00784471 0.00687933 0.00466065 0.00206122 0.0107619 0.0174133 0.0114991 0.0132483 0.0566599 0.0198956 0.00801715 0.0163388 -0.00873218 0.0130463 0.0169722 0.00329685 0.00201757 0.00703685 -0.0362176 0.0190634 0.0135539 0.00300619 -0.00636885 0.00434177 0.0382422 0.0290024 -0.0222607 -0.0373878 -0.0387162 -0.0318472 -0.0254465 -0.0187289 -0.0269223 0.0282334 -0.0118508 -0.00148882 -0.0149237 0.00696126 -0.0200003 0 -0.0131855 -0.0178395 0.0412672 -0.0238473 -0.0114255 -0.0329437 0.0341374 -0.0497066 -0.0497638 -0.012957 -0.0343371 -0.0179234 0.000524153 -0.0377794 -0.0401561 -0.0134934 -0.0307544 -0.0171469 -0.00989478 -0.0498109 -0.0472003 -0.0440012 -0.0235311 0.0296383 -0.0401975 -0.0383687 -0.0336829 -0.0446376 -0.0231963 0.050565 -0.0450627 -0.0339255 -0.0369653
internal_weight=17896.1 12538.1 5358.08 9725.38 4075.2 2812.68 444.504 414.18 4913.58 5650.18 363.652 80.8523 4107.66 3101.22 179.083 805.921 211.871 148.01 55.3972 780.488 3661.02 220.159 196.172 2922.13 203.603 242.751 184.194 95.6465 3440.86 2548.96 2292.32 1552.09 1090.94 461.151 74.1287 740.23 2718.53 2757.28 71.3481 509.92 256.638 36.2572 224.31 185.036 3408.78 2543.69 865.096 202.31 230.31 2682.27 72.5896 25.586 69.6501 138.289 82.3692 63.8611 199.164 193.656 331.547 171.807 123.582 168.043 32.0795 45.2628 32.4289 88.5473 16.1968 72.3505 25.4326 48.3025 24.2984 55.2663 58.5572 73.8811 120.901 133.953 4093.54 4086.39 7.15421 117.805 22.5408 11.9232 95.2639 85.504 9.75991 43.6934 20.064 5.45551 4080.93 995.914 448.941 15.7277 36.9704 23.6294 159.74 99.8065 433.213 10.5003 55.9201 422.713 11.7457 10.6175
internal_count=342975 86218 256757 60542 35677 25676 8509 11145 248248 24865 7891 618 214827 13297 886 33421 3646 2069 555 33214 24532 1515 1381 12411 957 3985 2928 1426 23017 11568 10355 7321 5187 2134 1037 3034 11454 25121 762 2093 1213 218 1071 888 22799 17809 4990 7499 941 11236 479 304 289 712 394 1577 7436 7250 12887 6301 902 6170 218 490 342 1502 435 1067 207 932 664 314 1057 1032 3906 668 214703 214487 216 3827 609 302 3218 2904 314 931 401 258 214229 50391 20327 616 204 530 6586 4093 19711 452 318 19259 473 307
is_linear=0
shrinkage=0.05


end of trees

feature_importances:
std_bal_7d=176
recency_pct_of_tenure=169
recency_days=131
n_trx_total=120
total_amt_90d=111
balance_first_90d=108
last_bal_to_mean=107
dec_latent_5=107
vel_ratio_14_60=106
momentum_ratio=101
balance_std_7d=94
mean_gap_days=84
vel_ratio_30_90=84
total_amt_mar_1_15=84
activity_drop_ratio=81
freq_recent_share_7d=80
span_days=79
total_amt_60d=79
freq_recent_share_30d=78
dec_prob_4=74
n_trx_mar_16_31=73
dec_latent_4=66
std_bal_14d=65
avg_trx_per_active_day_90d=62
dec_latent_9=59
n_trx_90d=57
mean_bal_7d=57
region_recency_deviation=55
total_amt_30d=52
late_march_share=51
total_amt_mar_16_31=47
last_balance=47
n_trx_14d=46
out_amt_std_30d=44
n_trx_60d=43
weekend_ratio_30d=43
dec_latent_3=42
active_days_90d=41
recency_billpay=41
n_weekend_90d=40
out_trx_cnt_7d=39
active_days_60d=38
cnt_m1=38
n_trx_30d=37
n_trx_7d=34
avg_amt_7d=33
total_amt_7d=30
cnt_m2=29
march_second_half_drop=29
max_bal_7d=29
recency_p2p=28
active_days_mar_16_31=26
out_trx_cnt_30d=24
uniq_cp_30d=24
min_bal_7d=23
freq_momentum_7d_vs_30d=22
active_days_30d=21
vel_ratio_7_30=21
freq_momentum_30d_vs_90d=21
active_days_mar=21
late_march_active_share=21
cnt_m3=20
weekend_ratio_14d=20
zero_days_14d=17
out_trx_cnt_90d=15
n_weekend_14d=15
active_days_14d=7
n_salary_30d=7
active_days_7d=6
active_days_mar_1_15=6
zero_days_7d=4
rec_le7=2
n_weekend_7d=1
std_bal_7d__isna=1

parameters:
[boosting: gbdt]
[objective: binary]
[metric: auc]
[tree_learner: serial]
[device_type: cpu]
[data_sample_strategy: bagging]
[data: ]
[valid: ]
[num_iterations: 10000]
[learning_rate: 0.05]
[num_leaves: 127]
[num_threads: 0]
[seed: 42]
[deterministic: 0]
[force_col_wise: 1]
[force_row_wise: 0]
[histogram_pool_size: -1]
[max_depth: 8]
[min_data_in_leaf: 100]
[min_sum_hessian_in_leaf: 0.001]
[bagging_fraction: 0.8]
[pos_bagging_fraction: 1]
[neg_bagging_fraction: 1]
[bagging_freq: 1]
[bagging_seed: 400]
[bagging_by_query: 0]
[feature_fraction: 0.8]
[feature_fraction_bynode: 1]
[feature_fraction_seed: 30056]
[extra_trees: 0]
[extra_seed: 12879]
[early_stopping_round: 0]
[early_stopping_min_delta: 0]
[first_metric_only: 0]
[max_delta_step: 0]
[lambda_l1: 0.2]
[lambda_l2: 1.5]
[linear_lambda: 0]
[min_gain_to_split: 0]
[drop_rate: 0.1]
[max_drop: 50]
[skip_drop: 0.5]
[xgboost_dart_mode: 0]
[uniform_drop: 0]
[drop_seed: 17869]
[top_rate: 0.2]
[other_rate: 0.1]
[min_data_per_group: 100]
[max_cat_threshold: 32]
[cat_l2: 10]
[cat_smooth: 10]
[max_cat_to_onehot: 4]
[top_k: 20]
[monotone_constraints: ]
[monotone_constraints_method: basic]
[monotone_penalty: 0]
[feature_contri: ]
[forcedsplits_filename: ]
[refit_decay_rate: 0.9]
[cegb_tradeoff: 1]
[cegb_penalty_split: 0]
[cegb_penalty_feature_lazy: ]
[cegb_penalty_feature_coupled: ]
[path_smooth: 0]
[interaction_constraints: ]
[verbosity: -1]
[saved_feature_importance_type: 0]
[use_quantized_grad: 0]
[num_grad_quant_bins: 4]
[quant_train_renew_leaf: 0]
[stochastic_rounding: 1]
[linear_tree: 0]
[max_bin: 255]
[max_bin_by_feature: ]
[min_data_in_bin: 3]
[bin_construct_sample_cnt: 200000]
[data_random_seed: 175]
[is_enable_sparse: 1]
[enable_bundle: 1]
[use_missing: 1]
[zero_as_missing: 0]
[feature_pre_filter: 1]
[pre_partition: 0]
[two_round: 0]
[header: 0]
[label_column: ]
[weight_column: ]
[group_column: ]
[ignore_column: ]
[categorical_feature: ]
[forcedbins_filename: ]
[precise_float_parser: 0]
[parser_config_file: ]
[objective_seed: 16083]
[num_class: 1]
[is_unbalance: 0]
[scale_pos_weight: 1]
[sigmoid: 1]
[boost_from_average: 1]
[reg_sqrt: 0]
[alpha: 0.9]
[fair_c: 1]
[poisson_max_delta_step: 0.7]
[tweedie_variance_power: 1.5]
[lambdarank_truncation_level: 30]
[lambdarank_norm: 1]
[label_gain: ]
[lambdarank_position_bias_regularization: 0]
[eval_at: ]
[multi_error_top_k: 1]
[auc_mu_weights: ]
[num_machines: 1]
[local_listen_port: 12400]
[time_out: 120]
[machine_list_filename: ]
[machines: ]
[gpu_platform_id: -1]
[gpu_device_id: -1]
[gpu_use_dp: 0]
[num_gpu: 1]

end of parameters

pandas_categorical:null
